--Fatma --> Bug : Interfaces de configuration facture/Avoir 
BEGIN TRANSACTION 
DELETE FROM [ERPSettings].[ComponentByRole] WHERE [IdComponent]=N'3db2cec3-fecf-4acd-8b04-697e9e7557ce'
DELETE FROM [ERPSettings].[ComponentByRole] WHERE [IdComponent]=N'7736b9d6-50a0-4e58-9861-d41fd0d1c2f2'
DELETE FROM [ERPSettings].[ComponentByRole] WHERE [IdComponent]=N'b8f77f9b-6717-4d5c-b424-1b2c571add6a'
DELETE FROM [ERPSettings].[ComponentByRole] WHERE [IdComponent]=N'd3b5b532-e4a7-40f5-8d4c-a751866f86e1'
DELETE FROM [ERPSettings].[ComponentByRole] WHERE [IdComponent]=N'd503d31b-f71d-47ec-908b-f434bc842f83'
DELETE FROM [ERPSettings].[ComponentByRole] WHERE [IdComponent]=N'f1f9a325-493b-42c0-b30b-544fec601c84'
UPDATE [ERPSettings].[Component] SET [IdComponentParent]=N'dbd44223-9a19-46a2-a0fe-d05dc600ec2a' WHERE [IdComponent]=N'31a3ab6c-8755-40ba-8731-42d29cffa20a'
UPDATE [ERPSettings].[Component] SET [IdComponentParent]=N'419da6d7-3b5b-426a-986b-fbb045c3ae03' WHERE [IdComponent]=N'73b163c9-1ceb-4588-b7be-ed2e090a6a78'
UPDATE [ERPSettings].[Component] SET [IdComponentParent]=N'6a80e739-3972-4e0b-85f6-91b1aba4dbce' WHERE [IdComponent]=N'9f55af8a-01ac-496c-a610-d0e6d4f7a08f'
UPDATE [ERPSettings].[Component] SET [IdComponentParent]=N'dbd44223-9a19-46a2-a0fe-d05dc600ec2a' WHERE [IdComponent]=N'9ff52717-0800-4ce3-96ee-c5b612f76314'
UPDATE [ERPSettings].[Component] SET [IdComponentParent]=N'b64b2762-f0b9-48ab-ac83-5fc98960c285' WHERE [IdComponent]=N'b2a8d23b-5e4d-4c9c-a4b5-7c7c577dbd99'
UPDATE [ERPSettings].[Component] SET [IdComponentParent]=N'6a80e739-3972-4e0b-85f6-91b1aba4dbce' WHERE [IdComponent]=N'ca7f56bf-d154-43cd-a8db-db37932d50a2'
UPDATE [ERPSettings].[Component] SET [IdComponentParent]=N'419da6d7-3b5b-426a-986b-fbb045c3ae03' WHERE [IdComponent]=N'e1327c0b-46c5-46f9-9f3d-f613bd70c4c2'
UPDATE [ERPSettings].[Component] SET [class]=N'row' WHERE [IdComponent]=N'9951824e-4239-462d-8396-e4548cf5b9fc'
COMMIT TRANSACTION

--houssem=> Bug Acces right
BEGIN TRANSACTION 
update ERPSettings.Component set class ='k-icon k-i-gear k-i-cog k-i-custom' where IdComponent = '412fe31a-4136-435e-8301-c9da7dce2c33'
COMMIT TRANSACTION

--houssem=> Sort server side 
BEGIN TRANSACTION 
update ERPSettings.GridDataSource set serverSorting=1 where serverFiltering = 1
COMMIT TRANSACTION

---- Nihel: design article
BEGIN TRANSACTION
ALTER TABLE [ERPSettings].[Component] DROP CONSTRAINT [FK_Component_Component1]
ALTER TABLE [ERPSettings].[Component] DROP CONSTRAINT [FK_Component_Functionality]
ALTER TABLE [ERPSettings].[Component] DROP CONSTRAINT [FK_Component_Component]
DELETE FROM [ERPSettings].[ComponentByRole] WHERE [IdComponent]=N'0848f4d4-d2e3-4dd3-b060-9b430d2d241c'
DELETE FROM [ERPSettings].[ComponentByRole] WHERE [IdComponent]=N'4ca3a2eb-e4a7-4d49-b96b-9663531fa8d7'
DELETE FROM [ERPSettings].[ComponentByRole] WHERE [IdComponent]=N'4d7437a0-3064-4def-a8c3-2cd16d379763'
DELETE FROM [ERPSettings].[ComponentByRole] WHERE [IdComponent]=N'b8b98229-66e8-464d-a2e4-6bf9e979024a'
DELETE FROM [ERPSettings].[ComponentByRole] WHERE [IdComponent]=N'e4b7248a-92ef-47a9-9ac6-d66e37eb54c8'
DELETE FROM [ERPSettings].[ComponentByRole] WHERE [IdComponent]=N'e93d5b23-0720-4225-b1b2-caaa0ae0756c'
DELETE FROM [ERPSettings].[Component] WHERE [IdComponent]=N'0848f4d4-d2e3-4dd3-b060-9b430d2d241c'
DELETE FROM [ERPSettings].[Component] WHERE [IdComponent]=N'4ca3a2eb-e4a7-4d49-b96b-9663531fa8d7'
DELETE FROM [ERPSettings].[Component] WHERE [IdComponent]=N'4d7437a0-3064-4def-a8c3-2cd16d379763'
DELETE FROM [ERPSettings].[Component] WHERE [IdComponent]=N'b8b98229-66e8-464d-a2e4-6bf9e979024a'
DELETE FROM [ERPSettings].[Component] WHERE [IdComponent]=N'e4b7248a-92ef-47a9-9ac6-d66e37eb54c8'
DELETE FROM [ERPSettings].[Component] WHERE [IdComponent]=N'e93d5b23-0720-4225-b1b2-caaa0ae0756c'
UPDATE [ERPSettings].[Component] SET [IdComponentParent]=N'a690441d-46d9-4835-a7e6-66b45c2a2c7e', [classDiv]=N'form-group col-lg-4 col-md-4 col-sm-12' WHERE [IdComponent]=N'0e7dcce5-1179-4a0d-9ab2-46cf7b6fe46f'
UPDATE [ERPSettings].[Component] SET [rank]=1, [IdComponentParent]=N'47c23e34-b7e1-4889-90fd-30b097ed0039', [class]=N'col-lg-4 col-md-4 col-sm-12' WHERE [IdComponent]=N'10e5d5ea-e382-494f-b459-db1f6cd6c3bc'
UPDATE [ERPSettings].[Component] SET [classDiv]=N'form-group col-lg-4 col-md-4 col-sm-12' WHERE [IdComponent]=N'16206a93-7296-4f65-a447-6a6ff2a8162f'
UPDATE [ERPSettings].[Component] SET [classDiv]=N'form-group col-lg-4 col-md-4 col-sm-12' WHERE [IdComponent]=N'17897ace-e300-48b3-8251-ea9c89d2fbef'
UPDATE [ERPSettings].[Component] SET [IdComponentParent]=N'a1ee8f0c-077b-45e3-a61a-53b423e1b991', [class]=N'row' WHERE [IdComponent]=N'2493eddd-0ffd-496f-a02c-393d38b15a4d'
UPDATE [ERPSettings].[Component] SET [rank]=1, [IdComponentParent]=N'31b7b3d9-2c51-414c-950c-c02bceaa633c', [class]=N'col-lg-4 col-md-4 col-sm-12' WHERE [IdComponent]=N'27c5cafc-4682-4554-9a0f-cf9f62fafc79'
UPDATE [ERPSettings].[Component] SET [IdComponentParent]=N'47c23e34-b7e1-4889-90fd-30b097ed0039', [class]=N'col-lg-4 col-md-4 col-sm-12' WHERE [IdComponent]=N'38d45fe8-5527-43fe-a271-b3730dda4573'
UPDATE [ERPSettings].[Component] SET [IdComponentParent]=N'7374e6e9-b935-4eeb-a8bf-9b653842eede', [class]=N'row' WHERE [IdComponent]=N'3c64091f-3e21-4f01-8d5a-780f7c715f34'
UPDATE [ERPSettings].[Component] SET [IdComponentParent]=N'7374e6e9-b935-4eeb-a8bf-9b653842eede', [class]=N'row' WHERE [IdComponent]=N'3e6aa8fa-98dd-4f5f-a68b-d0a5f46629fe'
UPDATE [ERPSettings].[Component] SET [class]=N'glyphicon glyphicon-cog' WHERE [IdComponent]=N'412fe31a-4136-435e-8301-c9da7dce2c33'
UPDATE [ERPSettings].[Component] SET [classDiv]=N'form-group col-lg-4 col-md-4 col-sm-12' WHERE [IdComponent]=N'42c08fbc-9240-4f18-a46b-68b41aea8638'
UPDATE [ERPSettings].[Component] SET [classDiv]=N'form-group col-lg-4 col-md-4 col-sm-12' WHERE [IdComponent]=N'7ed5a708-dfab-4d7e-af71-78ac5f1423e8'
UPDATE [ERPSettings].[Component] SET [classDiv]=N'form-group col-lg-4 col-md-4 col-sm-12' WHERE [IdComponent]=N'819b000d-7145-4656-8fee-765876d04345'
UPDATE [ERPSettings].[Component] SET [classDiv]=N'col-lg-12 col-md-12 col-sm-12' WHERE [IdComponent]=N'84caf570-ae84-4b75-afe7-12793753c5fb'
UPDATE [ERPSettings].[Component] SET [rank]=2, [IdComponentParent]=N'a690441d-46d9-4835-a7e6-66b45c2a2c7e', [classDiv]=N'form-group col-lg-4 col-md-4 col-sm-12' WHERE [IdComponent]=N'9299ec71-be2d-4d12-b7ec-31539a230104'
UPDATE [ERPSettings].[Component] SET [IdComponentParent]=N'a1ee8f0c-077b-45e3-a61a-53b423e1b991', [class]=N'row' WHERE [IdComponent]=N'a690441d-46d9-4835-a7e6-66b45c2a2c7e'
UPDATE [ERPSettings].[Component] SET [classDiv]=N'col-lg-12 col-md-12 col-sm-12' WHERE [IdComponent]=N'abfbaa05-cb04-48bb-b9d4-e74ca5e0c425'
UPDATE [ERPSettings].[Component] SET [rank]=2, [IdComponentParent]=N'3e6aa8fa-98dd-4f5f-a68b-d0a5f46629fe', [classDiv]=N'form-group col-lg-4 col-md-4 col-sm-12' WHERE [IdComponent]=N'b81c1b00-c94e-4562-88b9-c6cdc19144fe'
UPDATE [ERPSettings].[Component] SET [IdComponentParent]=N'3e6aa8fa-98dd-4f5f-a68b-d0a5f46629fe', [classDiv]=N'form-group col-lg-4 col-md-4 col-sm-12' WHERE [IdComponent]=N'bb6806b0-7c5f-4f5b-8b48-2df35c2a4ada'
UPDATE [ERPSettings].[Component] SET [IdComponentParent]=N'31b7b3d9-2c51-414c-950c-c02bceaa633c', [class]=N'col-lg-4 col-md-4 col-sm-12' WHERE [IdComponent]=N'c6fd399d-1f59-4034-a0c6-4d45a10168ad'
UPDATE [ERPSettings].[Component] SET [classDiv]=N'form-group col-lg-4 col-md-4 col-sm-12' WHERE [IdComponent]=N'de48bc52-8a77-4374-a0cb-5dad678e1a63'
INSERT INTO [ERPSettings].[Component] ([IdComponent], [rank], [ComponentName], [IdComponentType], [IdFunctionality], [IdComponentParent], [FR], [EN], [AR], [DE], [CH], [ES], [IdButton], [classDiv], [classLabel], [class], [IsEncapsulated], [IdComponentChangedBy], [EntityName], [style], [ng_hide], [IsToInitialize], [IdFunctionalityForm], [IsFireChange]) VALUES (N'31b7b3d9-2c51-414c-950c-c02bceaa633c', 3, N'DIV3', 9, N'a9f6e6f8-a198-4009-9d3f-bbf255f240e3', N'a1ee8f0c-077b-45e3-a61a-53b423e1b991', NULL, NULL, NULL, NULL, NULL, NULL, NULL, N'', N'', N'row', 0, NULL, N'Item', NULL, NULL, 1, N'a9f6e6f8-a198-4009-9d3f-bbf255f240e3', NULL)
INSERT INTO [ERPSettings].[Component] ([IdComponent], [rank], [ComponentName], [IdComponentType], [IdFunctionality], [IdComponentParent], [FR], [EN], [AR], [DE], [CH], [ES], [IdButton], [classDiv], [classLabel], [class], [IsEncapsulated], [IdComponentChangedBy], [EntityName], [style], [ng_hide], [IsToInitialize], [IdFunctionalityForm], [IsFireChange]) VALUES (N'47c23e34-b7e1-4889-90fd-30b097ed0039', 3, N'DIV3', 9, N'd006adea-6c46-421a-96d6-2c90fc2b5679', N'7374e6e9-b935-4eeb-a8bf-9b653842eede', NULL, NULL, NULL, NULL, NULL, NULL, NULL, N'', N'', N'row', 0, NULL, N'Item', NULL, NULL, 1, N'd006adea-6c46-421a-96d6-2c90fc2b5679', NULL)
INSERT INTO [ERPSettings].[ComponentByRole] ([IdRole], [IdComponent], [IsActive], [IsVisible], [ReadFunction], [WriteFunction], [TransactionUserId]) VALUES (1, N'31b7b3d9-2c51-414c-950c-c02bceaa633c', 1, 1, NULL, NULL, NULL)
INSERT INTO [ERPSettings].[ComponentByRole] ([IdRole], [IdComponent], [IsActive], [IsVisible], [ReadFunction], [WriteFunction], [TransactionUserId]) VALUES (1, N'47c23e34-b7e1-4889-90fd-30b097ed0039', 1, 1, NULL, NULL, NULL)
ALTER TABLE [ERPSettings].[Component]
    ADD CONSTRAINT [FK_Component_Component1] FOREIGN KEY ([IdComponentChangedBy]) REFERENCES [ERPSettings].[Component] ([IdComponent])
ALTER TABLE [ERPSettings].[Component]
    ADD CONSTRAINT [FK_Component_Functionality] FOREIGN KEY ([IdFunctionality]) REFERENCES [ERPSettings].[Functionality] ([IdFunctionality])
ALTER TABLE [ERPSettings].[Component]
    ADD CONSTRAINT [FK_Component_Component] FOREIGN KEY ([IdComponentParent]) REFERENCES [ERPSettings].[Component] ([IdComponent])
COMMIT TRANSACTION

----
BEGIN TRANSACTION
ALTER TABLE [ERPSettings].[ComponentByRole] DROP CONSTRAINT [FK_ComponentByRole_Component]
ALTER TABLE [ERPSettings].[ComponentByRole] DROP CONSTRAINT [FK_ComponentByRole_Role]
ALTER TABLE [ERPSettings].[GridColumnComponent] DROP CONSTRAINT [FK_GridColumnComponent_Component]
ALTER TABLE [ERPSettings].[DropDownListOptions] DROP CONSTRAINT [FK_DropDownListOptions_DropDownListComponent]
ALTER TABLE [ERPSettings].[DropDownListComponent] DROP CONSTRAINT [FK_DropDownListComponent_Component]
ALTER TABLE [ERPSettings].[Relation] DROP CONSTRAINT [FK_Relation_PredicateFormat]
ALTER TABLE [ERPSettings].[GridDataSource] DROP CONSTRAINT [FK_GridDataSource_GridOptions]
ALTER TABLE [ERPSettings].[GridDataSource] DROP CONSTRAINT [FK_GridDataSource_ServiceParameters]
ALTER TABLE [ERPSettings].[ComboBoxComponent] DROP CONSTRAINT [FK_ComboboxComponent_Component]
ALTER TABLE [ERPSettings].[DropDownListDataSource] DROP CONSTRAINT [FK_DropDownListDataSource_DropDownListOptions]
ALTER TABLE [ERPSettings].[DropDownListDataSource] DROP CONSTRAINT [FK_DropDownListDataSource_ServiceParameters]
ALTER TABLE [ERPSettings].[GridOptions] DROP CONSTRAINT [FK_GridOptions_GridComponent]
ALTER TABLE [ERPSettings].[ServiceParameters] DROP CONSTRAINT [FK_ServiceParameters_PredicateFormat]
ALTER TABLE [ERPSettings].[ComboBoxDataSource] DROP CONSTRAINT [FK_ComboBoxDataSource_ComboBoxOptions]
ALTER TABLE [ERPSettings].[ComboBoxDataSource] DROP CONSTRAINT [FK_ComboBoxDataSource_ServiceParameters]
ALTER TABLE [ERPSettings].[ComboBoxOptions] DROP CONSTRAINT [FK_ComboBoxOptions_ComboBoxComponent]
ALTER TABLE [ERPSettings].[GridComponent] DROP CONSTRAINT [FK_GridComponent_Component]
ALTER TABLE [ERPSettings].[Component] DROP CONSTRAINT [FK_Component_Component1]
ALTER TABLE [ERPSettings].[Component] DROP CONSTRAINT [FK_Component_Functionality]
ALTER TABLE [ERPSettings].[Component] DROP CONSTRAINT [FK_Component_Component]
ALTER TABLE [ERPSettings].[Filter] DROP CONSTRAINT [FK_Filter_PredicateFormat]
DELETE FROM [ERPSettings].[GridColumnComponent] WHERE [IdComponent]=N'1cb6e200-13d8-4ec9-9308-15cc1b9bed1a'
DELETE FROM [ERPSettings].[GridColumnComponent] WHERE [IdComponent]=N'208e0fe5-f3fa-4753-9e9f-6cc21a6242bd'
DELETE FROM [ERPSettings].[GridColumnComponent] WHERE [IdComponent]=N'46ec0186-b0b5-4974-a9ba-463b34d8a4e4'
DELETE FROM [ERPSettings].[GridColumnComponent] WHERE [IdComponent]=N'65481232-6cbd-4cd7-bcee-7bbaee25b110'
DELETE FROM [ERPSettings].[GridColumnComponent] WHERE [IdComponent]=N'677d5c69-c3b3-454f-bb9a-cd5f00a5acf4'
DELETE FROM [ERPSettings].[GridColumnComponent] WHERE [IdComponent]=N'689d3610-6340-4455-901d-0106a642a0c2'
DELETE FROM [ERPSettings].[GridColumnComponent] WHERE [IdComponent]=N'73513885-22a2-4ff0-9fb6-859c200d84ed'
DELETE FROM [ERPSettings].[GridColumnComponent] WHERE [IdComponent]=N'776e683e-6a40-4c4a-9c81-3b80650ccc65'
DELETE FROM [ERPSettings].[GridColumnComponent] WHERE [IdComponent]=N'7f885009-b603-4110-bcec-d987dc5fe55e'
DELETE FROM [ERPSettings].[GridColumnComponent] WHERE [IdComponent]=N'8aee9377-68ce-4a89-8c63-8bded962971d'
DELETE FROM [ERPSettings].[GridColumnComponent] WHERE [IdComponent]=N'8be79e4d-224a-47cb-8b86-95c0359a4933'
DELETE FROM [ERPSettings].[GridColumnComponent] WHERE [IdComponent]=N'8e3f0b6f-aeb2-4682-b0aa-66870e9879de'
DELETE FROM [ERPSettings].[GridColumnComponent] WHERE [IdComponent]=N'9ea7c53b-0fdd-4f22-b3c8-494989572f5d'
DELETE FROM [ERPSettings].[GridColumnComponent] WHERE [IdComponent]=N'a8810858-0443-48e0-bcf3-bb54c9d0a8a6'
DELETE FROM [ERPSettings].[GridColumnComponent] WHERE [IdComponent]=N'b901339b-8fbf-4502-9ec6-2439dbed07a4'
DELETE FROM [ERPSettings].[GridColumnComponent] WHERE [IdComponent]=N'bdf514ac-a3d1-4c04-a728-3d6f58648246'
DELETE FROM [ERPSettings].[GridColumnComponent] WHERE [IdComponent]=N'ca38ff3d-37bd-455a-81ad-c8169c4db8cb'
DELETE FROM [ERPSettings].[GridColumnComponent] WHERE [IdComponent]=N'cb53b508-bce7-487f-b2d8-24a90c051bdd'
DELETE FROM [ERPSettings].[GridColumnComponent] WHERE [IdComponent]=N'cb6d76a0-da46-44cb-94e2-1b80dc192dd8'
DELETE FROM [ERPSettings].[GridColumnComponent] WHERE [IdComponent]=N'cde94693-9f99-4887-a990-60edd44f76cd'
DELETE FROM [ERPSettings].[GridColumnComponent] WHERE [IdComponent]=N'ced628f3-07c8-4f51-8724-bf1f030be34c'
DELETE FROM [ERPSettings].[GridColumnComponent] WHERE [IdComponent]=N'cf37b2cf-a5d6-4f5c-8e75-382f21c5ca11'
DELETE FROM [ERPSettings].[GridColumnComponent] WHERE [IdComponent]=N'd86d7276-04eb-42e8-a1ca-366776f39951'
DELETE FROM [ERPSettings].[GridColumnComponent] WHERE [IdComponent]=N'e67e1e52-34e9-4edb-bb59-26b0ba2ea53a'
DELETE FROM [ERPSettings].[GridColumnComponent] WHERE [IdComponent]=N'e6cac450-74b2-47cc-b6d6-2d434043630c'
DELETE FROM [ERPSettings].[DropDownListOptions] WHERE [IdDropDownListOptions]=N'6dde2bb9-0575-49af-be5a-704d0c298f0a'
DELETE FROM [ERPSettings].[DropDownListOptions] WHERE [IdDropDownListOptions]=N'f1c713fb-3c12-49eb-a130-9e85ed63da6d'
DELETE FROM [ERPSettings].[DropDownListComponent] WHERE [IdComponent]=N'6dde2bb9-0575-49af-be5a-704d0c298f0a'
DELETE FROM [ERPSettings].[DropDownListComponent] WHERE [IdComponent]=N'f1c713fb-3c12-49eb-a130-9e85ed63da6d'
DELETE FROM [ERPSettings].[Relation] WHERE [IdRelation]=N'1fab998f-0734-414d-80be-12182d511aa8'
DELETE FROM [ERPSettings].[Relation] WHERE [IdRelation]=N'39c714b8-04a7-42d3-bd0e-a1a7afb3a0d8'
DELETE FROM [ERPSettings].[Relation] WHERE [IdRelation]=N'575371a8-32cc-4c90-a706-9e36d17cf436'
DELETE FROM [ERPSettings].[Relation] WHERE [IdRelation]=N'69749347-6b43-44c2-8d36-8f3ea2f58c6a'
DELETE FROM [ERPSettings].[Relation] WHERE [IdRelation]=N'79529162-9f31-4390-bc81-7754fb1b0c15'
DELETE FROM [ERPSettings].[Relation] WHERE [IdRelation]=N'a56e3d00-913a-4eb3-8056-b7f3d1658804'
DELETE FROM [ERPSettings].[Relation] WHERE [IdRelation]=N'af46bfa5-b660-4b0c-837c-9152c09bf9ce'
DELETE FROM [ERPSettings].[Relation] WHERE [IdRelation]=N'f536f489-7ca3-4de8-ae56-d6ee641936ef'
DELETE FROM [ERPSettings].[Relation] WHERE [IdRelation]=N'f5994824-c353-41c7-bcaf-0c7af91a624d'
DELETE FROM [ERPSettings].[GridDataSource] WHERE [IdGridOptions]=N'1bcd513b-a34e-473c-9f46-d9df9afbfb93'
DELETE FROM [ERPSettings].[GridDataSource] WHERE [IdGridOptions]=N'40eb77bf-eec0-4010-a907-98f965a31384'
DELETE FROM [ERPSettings].[GridDataSource] WHERE [IdGridOptions]=N'be5b44ac-07a1-46dd-aece-aa59c551eed5'
DELETE FROM [ERPSettings].[GridDataSource] WHERE [IdGridOptions]=N'fa9deca2-dbdb-4da2-8eae-d5b50ab0b76f'
DELETE FROM [ERPSettings].[ComboBoxComponent] WHERE [IdComponent]=N'01ac8ca6-58c8-4e42-b644-65fa7073ed78'
DELETE FROM [ERPSettings].[ComboBoxComponent] WHERE [IdComponent]=N'3736f22e-3ea7-4387-81da-c6df39323744'
DELETE FROM [ERPSettings].[ComboBoxComponent] WHERE [IdComponent]=N'4740360e-6bad-42a1-9f11-584ab82eeac6'
DELETE FROM [ERPSettings].[ComboBoxComponent] WHERE [IdComponent]=N'8633110e-e6f8-4ceb-82c5-17bd932df871'
DELETE FROM [ERPSettings].[ComboBoxComponent] WHERE [IdComponent]=N'a278330d-809c-4eaf-abd1-533d0ead5393'
DELETE FROM [ERPSettings].[ComboBoxComponent] WHERE [IdComponent]=N'ec20b32b-9631-42f4-a800-d6bb4690f127'
DELETE FROM [ERPSettings].[DropDownListDataSource] WHERE [IdDropDownListOptions]=N'6dde2bb9-0575-49af-be5a-704d0c298f0a'
DELETE FROM [ERPSettings].[DropDownListDataSource] WHERE [IdDropDownListOptions]=N'f1c713fb-3c12-49eb-a130-9e85ed63da6d'
DELETE FROM [ERPSettings].[GridOptions] WHERE [IdGridOptions]=N'1bcd513b-a34e-473c-9f46-d9df9afbfb93'
DELETE FROM [ERPSettings].[GridOptions] WHERE [IdGridOptions]=N'40eb77bf-eec0-4010-a907-98f965a31384'
DELETE FROM [ERPSettings].[GridOptions] WHERE [IdGridOptions]=N'be5b44ac-07a1-46dd-aece-aa59c551eed5'
DELETE FROM [ERPSettings].[GridOptions] WHERE [IdGridOptions]=N'fa9deca2-dbdb-4da2-8eae-d5b50ab0b76f'
DELETE FROM [ERPSettings].[ServiceParameters] WHERE [IdServiceParameters]=N'10e3202c-339a-4654-b015-3fc16780a700'
DELETE FROM [ERPSettings].[ServiceParameters] WHERE [IdServiceParameters]=N'45a8e157-76d9-4ad9-8910-198559a92c28'
DELETE FROM [ERPSettings].[ServiceParameters] WHERE [IdServiceParameters]=N'6c32643e-0ff3-44df-8c13-37a7738c5c99'
DELETE FROM [ERPSettings].[ServiceParameters] WHERE [IdServiceParameters]=N'6d05bce3-496f-4b08-b034-1294a34d7490'
DELETE FROM [ERPSettings].[ServiceParameters] WHERE [IdServiceParameters]=N'84cf1612-abf5-4ba2-85f8-ed048bacd937'
DELETE FROM [ERPSettings].[ServiceParameters] WHERE [IdServiceParameters]=N'9c8ccd18-6abb-423b-8769-eee6503b3895'
DELETE FROM [ERPSettings].[ServiceParameters] WHERE [IdServiceParameters]=N'9fae1824-f989-4afe-b8a4-80b83be1501f'
DELETE FROM [ERPSettings].[ServiceParameters] WHERE [IdServiceParameters]=N'b33ad1f7-b553-4de0-a61f-3f64f34aecfe'
DELETE FROM [ERPSettings].[ComboBoxDataSource] WHERE [IdComponent]=N'01ac8ca6-58c8-4e42-b644-65fa7073ed78'
DELETE FROM [ERPSettings].[ComboBoxDataSource] WHERE [IdComponent]=N'3736f22e-3ea7-4387-81da-c6df39323744'
DELETE FROM [ERPSettings].[ComboBoxDataSource] WHERE [IdComponent]=N'4740360e-6bad-42a1-9f11-584ab82eeac6'
DELETE FROM [ERPSettings].[ComboBoxDataSource] WHERE [IdComponent]=N'8633110e-e6f8-4ceb-82c5-17bd932df871'
DELETE FROM [ERPSettings].[ComboBoxDataSource] WHERE [IdComponent]=N'a278330d-809c-4eaf-abd1-533d0ead5393'
DELETE FROM [ERPSettings].[ComboBoxDataSource] WHERE [IdComponent]=N'ec20b32b-9631-42f4-a800-d6bb4690f127'
DELETE FROM [ERPSettings].[ComboBoxOptions] WHERE [IdComponent]=N'01ac8ca6-58c8-4e42-b644-65fa7073ed78'
DELETE FROM [ERPSettings].[ComboBoxOptions] WHERE [IdComponent]=N'3736f22e-3ea7-4387-81da-c6df39323744'
DELETE FROM [ERPSettings].[ComboBoxOptions] WHERE [IdComponent]=N'4740360e-6bad-42a1-9f11-584ab82eeac6'
DELETE FROM [ERPSettings].[ComboBoxOptions] WHERE [IdComponent]=N'8633110e-e6f8-4ceb-82c5-17bd932df871'
DELETE FROM [ERPSettings].[ComboBoxOptions] WHERE [IdComponent]=N'a278330d-809c-4eaf-abd1-533d0ead5393'
DELETE FROM [ERPSettings].[ComboBoxOptions] WHERE [IdComponent]=N'ec20b32b-9631-42f4-a800-d6bb4690f127'
DELETE FROM [ERPSettings].[GridComponent] WHERE [IdComponent]=N'1bcd513b-a34e-473c-9f46-d9df9afbfb93'
DELETE FROM [ERPSettings].[GridComponent] WHERE [IdComponent]=N'40eb77bf-eec0-4010-a907-98f965a31384'
DELETE FROM [ERPSettings].[GridComponent] WHERE [IdComponent]=N'be5b44ac-07a1-46dd-aece-aa59c551eed5'
DELETE FROM [ERPSettings].[GridComponent] WHERE [IdComponent]=N'fa9deca2-dbdb-4da2-8eae-d5b50ab0b76f'
DELETE FROM [ERPSettings].[ComponentByRole] WHERE [IdComponent]=N'01ac8ca6-58c8-4e42-b644-65fa7073ed78'
DELETE FROM [ERPSettings].[ComponentByRole] WHERE [IdComponent]=N'0a31f07f-00d6-4d42-85ae-d4349d72316b'
DELETE FROM [ERPSettings].[ComponentByRole] WHERE [IdComponent]=N'0a738ac7-e00b-4b3f-9ec1-27f63016c043'
DELETE FROM [ERPSettings].[ComponentByRole] WHERE [IdComponent]=N'0bacd12f-329a-40b4-8e1b-6f5e65028725'
DELETE FROM [ERPSettings].[ComponentByRole] WHERE [IdComponent]=N'128f8ba6-b649-41fc-84f0-af49c8d3f725'
DELETE FROM [ERPSettings].[ComponentByRole] WHERE [IdComponent]=N'1bcd513b-a34e-473c-9f46-d9df9afbfb93'
DELETE FROM [ERPSettings].[ComponentByRole] WHERE [IdComponent]=N'1caf3b45-84e8-4543-b2fc-fc0e66da49db'
DELETE FROM [ERPSettings].[ComponentByRole] WHERE [IdComponent]=N'1cb6e200-13d8-4ec9-9308-15cc1b9bed1a'
DELETE FROM [ERPSettings].[ComponentByRole] WHERE [IdComponent]=N'208e0fe5-f3fa-4753-9e9f-6cc21a6242bd'
DELETE FROM [ERPSettings].[ComponentByRole] WHERE [IdComponent]=N'24648e1c-6b2f-45f7-99a4-75c3e4e7213b'
DELETE FROM [ERPSettings].[ComponentByRole] WHERE [IdComponent]=N'3353c5cb-1e47-4c80-914f-12e332ed8d71'
DELETE FROM [ERPSettings].[ComponentByRole] WHERE [IdComponent]=N'35a135c3-6c98-4598-9226-52581f250900'
DELETE FROM [ERPSettings].[ComponentByRole] WHERE [IdComponent]=N'3736f22e-3ea7-4387-81da-c6df39323744'
DELETE FROM [ERPSettings].[ComponentByRole] WHERE [IdComponent]=N'3db2cec3-fecf-4acd-8b04-697e9e7557ce'
DELETE FROM [ERPSettings].[ComponentByRole] WHERE [IdComponent]=N'40eb77bf-eec0-4010-a907-98f965a31384'
DELETE FROM [ERPSettings].[ComponentByRole] WHERE [IdComponent]=N'46ec0186-b0b5-4974-a9ba-463b34d8a4e4'
DELETE FROM [ERPSettings].[ComponentByRole] WHERE [IdComponent]=N'4740360e-6bad-42a1-9f11-584ab82eeac6'
DELETE FROM [ERPSettings].[ComponentByRole] WHERE [IdComponent]=N'65481232-6cbd-4cd7-bcee-7bbaee25b110'
DELETE FROM [ERPSettings].[ComponentByRole] WHERE [IdComponent]=N'677d5c69-c3b3-454f-bb9a-cd5f00a5acf4'
DELETE FROM [ERPSettings].[ComponentByRole] WHERE [IdComponent]=N'689d3610-6340-4455-901d-0106a642a0c2'
DELETE FROM [ERPSettings].[ComponentByRole] WHERE [IdComponent]=N'6dde2bb9-0575-49af-be5a-704d0c298f0a'
DELETE FROM [ERPSettings].[ComponentByRole] WHERE [IdComponent]=N'73513885-22a2-4ff0-9fb6-859c200d84ed'
DELETE FROM [ERPSettings].[ComponentByRole] WHERE [IdComponent]=N'737208bd-12d0-4288-8fa8-3d647f15837e'
DELETE FROM [ERPSettings].[ComponentByRole] WHERE [IdComponent]=N'7736b9d6-50a0-4e58-9861-d41fd0d1c2f2'
DELETE FROM [ERPSettings].[ComponentByRole] WHERE [IdComponent]=N'776e683e-6a40-4c4a-9c81-3b80650ccc65'
DELETE FROM [ERPSettings].[ComponentByRole] WHERE [IdComponent]=N'7c3a1d97-22a8-4c4d-a0cf-35181138452a'
DELETE FROM [ERPSettings].[ComponentByRole] WHERE [IdComponent]=N'7f885009-b603-4110-bcec-d987dc5fe55e'
DELETE FROM [ERPSettings].[ComponentByRole] WHERE [IdComponent]=N'8633110e-e6f8-4ceb-82c5-17bd932df871'
DELETE FROM [ERPSettings].[ComponentByRole] WHERE [IdComponent]=N'8aee9377-68ce-4a89-8c63-8bded962971d'
DELETE FROM [ERPSettings].[ComponentByRole] WHERE [IdComponent]=N'8be79e4d-224a-47cb-8b86-95c0359a4933'
DELETE FROM [ERPSettings].[ComponentByRole] WHERE [IdComponent]=N'8e3f0b6f-aeb2-4682-b0aa-66870e9879de'
DELETE FROM [ERPSettings].[ComponentByRole] WHERE [IdComponent]=N'9126902a-30b9-4c64-8df8-5b71d1c0ea82'
DELETE FROM [ERPSettings].[ComponentByRole] WHERE [IdComponent]=N'9a64b7e6-0790-412a-ac95-bc15548f70ca'
DELETE FROM [ERPSettings].[ComponentByRole] WHERE [IdComponent]=N'9ea7c53b-0fdd-4f22-b3c8-494989572f5d'
DELETE FROM [ERPSettings].[ComponentByRole] WHERE [IdComponent]=N'a278330d-809c-4eaf-abd1-533d0ead5393'
DELETE FROM [ERPSettings].[ComponentByRole] WHERE [IdComponent]=N'a8810858-0443-48e0-bcf3-bb54c9d0a8a6'
DELETE FROM [ERPSettings].[ComponentByRole] WHERE [IdComponent]=N'aa4a4eb9-e2ff-4a50-b082-0538842d0d3c'
DELETE FROM [ERPSettings].[ComponentByRole] WHERE [IdComponent]=N'b0834805-b47f-4ae3-8e0e-e233eef4bcb7'
DELETE FROM [ERPSettings].[ComponentByRole] WHERE [IdComponent]=N'b8f77f9b-6717-4d5c-b424-1b2c571add6a'
DELETE FROM [ERPSettings].[ComponentByRole] WHERE [IdComponent]=N'b901339b-8fbf-4502-9ec6-2439dbed07a4'
DELETE FROM [ERPSettings].[ComponentByRole] WHERE [IdComponent]=N'b90d8a7c-2f40-44b7-afd1-ff5a9ddb5439'
DELETE FROM [ERPSettings].[ComponentByRole] WHERE [IdComponent]=N'bdf514ac-a3d1-4c04-a728-3d6f58648246'
DELETE FROM [ERPSettings].[ComponentByRole] WHERE [IdComponent]=N'be5b44ac-07a1-46dd-aece-aa59c551eed5'
DELETE FROM [ERPSettings].[ComponentByRole] WHERE [IdComponent]=N'ca38ff3d-37bd-455a-81ad-c8169c4db8cb'
DELETE FROM [ERPSettings].[ComponentByRole] WHERE [IdComponent]=N'cb53b508-bce7-487f-b2d8-24a90c051bdd'
DELETE FROM [ERPSettings].[ComponentByRole] WHERE [IdComponent]=N'cb6d76a0-da46-44cb-94e2-1b80dc192dd8'
DELETE FROM [ERPSettings].[ComponentByRole] WHERE [IdComponent]=N'cde94693-9f99-4887-a990-60edd44f76cd'
DELETE FROM [ERPSettings].[ComponentByRole] WHERE [IdComponent]=N'ced628f3-07c8-4f51-8724-bf1f030be34c'
DELETE FROM [ERPSettings].[ComponentByRole] WHERE [IdComponent]=N'cf37b2cf-a5d6-4f5c-8e75-382f21c5ca11'
DELETE FROM [ERPSettings].[ComponentByRole] WHERE [IdComponent]=N'd3b5b532-e4a7-40f5-8d4c-a751866f86e1'
DELETE FROM [ERPSettings].[ComponentByRole] WHERE [IdComponent]=N'd3e91ffc-2f46-412a-8775-2b9114da84a1'
DELETE FROM [ERPSettings].[ComponentByRole] WHERE [IdComponent]=N'd503d31b-f71d-47ec-908b-f434bc842f83'
DELETE FROM [ERPSettings].[ComponentByRole] WHERE [IdComponent]=N'd86d7276-04eb-42e8-a1ca-366776f39951'
DELETE FROM [ERPSettings].[ComponentByRole] WHERE [IdComponent]=N'dbb30612-c798-4e0b-b66a-c5788bc3f72f'
DELETE FROM [ERPSettings].[ComponentByRole] WHERE [IdComponent]=N'e67e1e52-34e9-4edb-bb59-26b0ba2ea53a'
DELETE FROM [ERPSettings].[ComponentByRole] WHERE [IdComponent]=N'e6cac450-74b2-47cc-b6d6-2d434043630c'
DELETE FROM [ERPSettings].[ComponentByRole] WHERE [IdComponent]=N'ec20b32b-9631-42f4-a800-d6bb4690f127'
DELETE FROM [ERPSettings].[ComponentByRole] WHERE [IdComponent]=N'f1c713fb-3c12-49eb-a130-9e85ed63da6d'
DELETE FROM [ERPSettings].[ComponentByRole] WHERE [IdComponent]=N'f1f9a325-493b-42c0-b30b-544fec601c84'
DELETE FROM [ERPSettings].[ComponentByRole] WHERE [IdComponent]=N'f93d1e54-45b9-41e0-96ba-93fee953552d'
DELETE FROM [ERPSettings].[ComponentByRole] WHERE [IdComponent]=N'fa9deca2-dbdb-4da2-8eae-d5b50ab0b76f'
DELETE FROM [ERPSettings].[Component] WHERE [IdComponent]=N'01ac8ca6-58c8-4e42-b644-65fa7073ed78'
DELETE FROM [ERPSettings].[Component] WHERE [IdComponent]=N'0a31f07f-00d6-4d42-85ae-d4349d72316b'
DELETE FROM [ERPSettings].[Component] WHERE [IdComponent]=N'0a738ac7-e00b-4b3f-9ec1-27f63016c043'
DELETE FROM [ERPSettings].[Component] WHERE [IdComponent]=N'0bacd12f-329a-40b4-8e1b-6f5e65028725'
DELETE FROM [ERPSettings].[Component] WHERE [IdComponent]=N'128f8ba6-b649-41fc-84f0-af49c8d3f725'
DELETE FROM [ERPSettings].[Component] WHERE [IdComponent]=N'1bcd513b-a34e-473c-9f46-d9df9afbfb93'
DELETE FROM [ERPSettings].[Component] WHERE [IdComponent]=N'1caf3b45-84e8-4543-b2fc-fc0e66da49db'
DELETE FROM [ERPSettings].[Component] WHERE [IdComponent]=N'1cb6e200-13d8-4ec9-9308-15cc1b9bed1a'
DELETE FROM [ERPSettings].[Component] WHERE [IdComponent]=N'208e0fe5-f3fa-4753-9e9f-6cc21a6242bd'
DELETE FROM [ERPSettings].[Component] WHERE [IdComponent]=N'24648e1c-6b2f-45f7-99a4-75c3e4e7213b'
DELETE FROM [ERPSettings].[Component] WHERE [IdComponent]=N'3353c5cb-1e47-4c80-914f-12e332ed8d71'
DELETE FROM [ERPSettings].[Component] WHERE [IdComponent]=N'35a135c3-6c98-4598-9226-52581f250900'
DELETE FROM [ERPSettings].[Component] WHERE [IdComponent]=N'3736f22e-3ea7-4387-81da-c6df39323744'
DELETE FROM [ERPSettings].[Component] WHERE [IdComponent]=N'3db2cec3-fecf-4acd-8b04-697e9e7557ce'
DELETE FROM [ERPSettings].[Component] WHERE [IdComponent]=N'40eb77bf-eec0-4010-a907-98f965a31384'
DELETE FROM [ERPSettings].[Component] WHERE [IdComponent]=N'46ec0186-b0b5-4974-a9ba-463b34d8a4e4'
DELETE FROM [ERPSettings].[Component] WHERE [IdComponent]=N'4740360e-6bad-42a1-9f11-584ab82eeac6'
DELETE FROM [ERPSettings].[Component] WHERE [IdComponent]=N'65481232-6cbd-4cd7-bcee-7bbaee25b110'
DELETE FROM [ERPSettings].[Component] WHERE [IdComponent]=N'677d5c69-c3b3-454f-bb9a-cd5f00a5acf4'
DELETE FROM [ERPSettings].[Component] WHERE [IdComponent]=N'689d3610-6340-4455-901d-0106a642a0c2'
DELETE FROM [ERPSettings].[Component] WHERE [IdComponent]=N'6dde2bb9-0575-49af-be5a-704d0c298f0a'
DELETE FROM [ERPSettings].[Component] WHERE [IdComponent]=N'73513885-22a2-4ff0-9fb6-859c200d84ed'
DELETE FROM [ERPSettings].[Component] WHERE [IdComponent]=N'737208bd-12d0-4288-8fa8-3d647f15837e'
DELETE FROM [ERPSettings].[Component] WHERE [IdComponent]=N'7736b9d6-50a0-4e58-9861-d41fd0d1c2f2'
DELETE FROM [ERPSettings].[Component] WHERE [IdComponent]=N'776e683e-6a40-4c4a-9c81-3b80650ccc65'
DELETE FROM [ERPSettings].[Component] WHERE [IdComponent]=N'7c3a1d97-22a8-4c4d-a0cf-35181138452a'
DELETE FROM [ERPSettings].[Component] WHERE [IdComponent]=N'7f885009-b603-4110-bcec-d987dc5fe55e'
DELETE FROM [ERPSettings].[Component] WHERE [IdComponent]=N'8633110e-e6f8-4ceb-82c5-17bd932df871'
DELETE FROM [ERPSettings].[Component] WHERE [IdComponent]=N'8aee9377-68ce-4a89-8c63-8bded962971d'
DELETE FROM [ERPSettings].[Component] WHERE [IdComponent]=N'8be79e4d-224a-47cb-8b86-95c0359a4933'
DELETE FROM [ERPSettings].[Component] WHERE [IdComponent]=N'8e3f0b6f-aeb2-4682-b0aa-66870e9879de'
DELETE FROM [ERPSettings].[Component] WHERE [IdComponent]=N'9126902a-30b9-4c64-8df8-5b71d1c0ea82'
DELETE FROM [ERPSettings].[Component] WHERE [IdComponent]=N'9a64b7e6-0790-412a-ac95-bc15548f70ca'
DELETE FROM [ERPSettings].[Component] WHERE [IdComponent]=N'9ea7c53b-0fdd-4f22-b3c8-494989572f5d'
DELETE FROM [ERPSettings].[Component] WHERE [IdComponent]=N'a278330d-809c-4eaf-abd1-533d0ead5393'
DELETE FROM [ERPSettings].[Component] WHERE [IdComponent]=N'a8810858-0443-48e0-bcf3-bb54c9d0a8a6'
DELETE FROM [ERPSettings].[Component] WHERE [IdComponent]=N'aa4a4eb9-e2ff-4a50-b082-0538842d0d3c'
DELETE FROM [ERPSettings].[Component] WHERE [IdComponent]=N'b0834805-b47f-4ae3-8e0e-e233eef4bcb7'
DELETE FROM [ERPSettings].[Component] WHERE [IdComponent]=N'b8f77f9b-6717-4d5c-b424-1b2c571add6a'
DELETE FROM [ERPSettings].[Component] WHERE [IdComponent]=N'b901339b-8fbf-4502-9ec6-2439dbed07a4'
DELETE FROM [ERPSettings].[Component] WHERE [IdComponent]=N'b90d8a7c-2f40-44b7-afd1-ff5a9ddb5439'
DELETE FROM [ERPSettings].[Component] WHERE [IdComponent]=N'bdf514ac-a3d1-4c04-a728-3d6f58648246'
DELETE FROM [ERPSettings].[Component] WHERE [IdComponent]=N'be5b44ac-07a1-46dd-aece-aa59c551eed5'
DELETE FROM [ERPSettings].[Component] WHERE [IdComponent]=N'ca38ff3d-37bd-455a-81ad-c8169c4db8cb'
DELETE FROM [ERPSettings].[Component] WHERE [IdComponent]=N'cb53b508-bce7-487f-b2d8-24a90c051bdd'
DELETE FROM [ERPSettings].[Component] WHERE [IdComponent]=N'cb6d76a0-da46-44cb-94e2-1b80dc192dd8'
DELETE FROM [ERPSettings].[Component] WHERE [IdComponent]=N'cde94693-9f99-4887-a990-60edd44f76cd'
DELETE FROM [ERPSettings].[Component] WHERE [IdComponent]=N'ced628f3-07c8-4f51-8724-bf1f030be34c'
DELETE FROM [ERPSettings].[Component] WHERE [IdComponent]=N'cf37b2cf-a5d6-4f5c-8e75-382f21c5ca11'
DELETE FROM [ERPSettings].[Component] WHERE [IdComponent]=N'd3b5b532-e4a7-40f5-8d4c-a751866f86e1'
DELETE FROM [ERPSettings].[Component] WHERE [IdComponent]=N'd3e91ffc-2f46-412a-8775-2b9114da84a1'
DELETE FROM [ERPSettings].[Component] WHERE [IdComponent]=N'd503d31b-f71d-47ec-908b-f434bc842f83'
DELETE FROM [ERPSettings].[Component] WHERE [IdComponent]=N'd86d7276-04eb-42e8-a1ca-366776f39951'
DELETE FROM [ERPSettings].[Component] WHERE [IdComponent]=N'dbb30612-c798-4e0b-b66a-c5788bc3f72f'
DELETE FROM [ERPSettings].[Component] WHERE [IdComponent]=N'e67e1e52-34e9-4edb-bb59-26b0ba2ea53a'
DELETE FROM [ERPSettings].[Component] WHERE [IdComponent]=N'e6cac450-74b2-47cc-b6d6-2d434043630c'
DELETE FROM [ERPSettings].[Component] WHERE [IdComponent]=N'ec20b32b-9631-42f4-a800-d6bb4690f127'
DELETE FROM [ERPSettings].[Component] WHERE [IdComponent]=N'f1c713fb-3c12-49eb-a130-9e85ed63da6d'
DELETE FROM [ERPSettings].[Component] WHERE [IdComponent]=N'f1f9a325-493b-42c0-b30b-544fec601c84'
DELETE FROM [ERPSettings].[Component] WHERE [IdComponent]=N'f93d1e54-45b9-41e0-96ba-93fee953552d'
DELETE FROM [ERPSettings].[Component] WHERE [IdComponent]=N'fa9deca2-dbdb-4da2-8eae-d5b50ab0b76f'
DELETE FROM [ERPSettings].[Filter] WHERE [IdFilter]=N'0eee978c-9ccf-407b-a9c3-4eb84ab7b933'
DELETE FROM [ERPSettings].[Filter] WHERE [IdFilter]=N'50758095-3b08-4e15-a39a-5f923704bc5c'
DELETE FROM [ERPSettings].[Filter] WHERE [IdFilter]=N'a1442a06-d565-4a82-9d74-bbf30eb62daa'
DELETE FROM [ERPSettings].[Filter] WHERE [IdFilter]=N'a663723c-344a-4aa0-b009-017a110a6fc7'
DELETE FROM [ERPSettings].[PredicateFormat] WHERE [IdPredicateFormat]=N'0742cb76-8de7-4eee-804a-6479500ee862'
DELETE FROM [ERPSettings].[PredicateFormat] WHERE [IdPredicateFormat]=N'1078588c-3933-41be-a069-c111bc5fabe9'
DELETE FROM [ERPSettings].[PredicateFormat] WHERE [IdPredicateFormat]=N'46c53d17-8668-4d1c-8ce2-30c59dff1519'
DELETE FROM [ERPSettings].[PredicateFormat] WHERE [IdPredicateFormat]=N'9bcab27c-72a1-4474-8015-9f485a5f0d11'
DELETE FROM [ERPSettings].[PredicateFormat] WHERE [IdPredicateFormat]=N'b4c1431b-cce8-4947-814f-dc008f3b70d2'
DELETE FROM [ERPSettings].[PredicateFormat] WHERE [IdPredicateFormat]=N'c7da44ca-4a4d-4f76-a456-b81429b1d58a'
DELETE FROM [ERPSettings].[PredicateFormat] WHERE [IdPredicateFormat]=N'c8ae055b-0926-4030-945e-ebf26a29f0e3'
DELETE FROM [ERPSettings].[PredicateFormat] WHERE [IdPredicateFormat]=N'f0122e9d-031e-45c1-a8c1-bafa6e692d54'
UPDATE [ERPSettings].[GridColumnComponent] SET [field]=N'IdSettlementTypeNavigation.Label' WHERE [IdComponent]=N'0b6b03b9-4043-49e0-b1af-1876f1d9667a'
UPDATE [ERPSettings].[GridColumnComponent] SET [field]=N'IdPaymentMethodNavigation.Code' WHERE [IdComponent]=N'2c888397-739d-468a-8040-7f73b04f6bd6'
UPDATE [ERPSettings].[GridColumnComponent] SET [field]=N'IdSettlementTypeNavigation.Label' WHERE [IdComponent]=N'32d05d2b-7f23-4f94-9448-6a95c9f71e34'
UPDATE [ERPSettings].[GridColumnComponent] SET [field]=N'IdPaymentMethodNavigation.Code' WHERE [IdComponent]=N'54455f88-3b65-4f12-9f27-e4be69c274c8'
UPDATE [ERPSettings].[GridColumnComponent] SET [field]=N'IdPaymentMethodNavigation.Code' WHERE [IdComponent]=N'7d5e9884-f89c-4497-9177-ac52b4c3e2be'
UPDATE [ERPSettings].[GridColumnComponent] SET [field]=N'IdSettlementTypeNavigation.Label' WHERE [IdComponent]=N'82a65449-be19-4554-b84e-5d9ce1681dc4'
UPDATE [ERPSettings].[GridColumnComponent] SET [field]=N'IdPaymentMethodNavigation.Code' WHERE [IdComponent]=N'85887bf8-4b88-4ebf-a084-284cdc59e549'
UPDATE [ERPSettings].[GridColumnComponent] SET [field]=N'IdSettlementTypeNavigation.Label' WHERE [IdComponent]=N'94815076-8e9d-4dd3-a20c-e8ae2d77f262'
UPDATE [ERPSettings].[GridColumnComponent] SET [field]=N'IdPaymentMethodNavigation.Code' WHERE [IdComponent]=N'd00c8bd8-7896-44bc-8c5b-4efa52fed525'
UPDATE [ERPSettings].[GridColumnComponent] SET [field]=N'IdSettlementTypeNavigation.Label' WHERE [IdComponent]=N'e548ea99-c12c-4b8d-8fe4-67bd9eccce15'
UPDATE [ERPSettings].[GridColumnComponent] SET [field]=N'IdSettlementTypeNavigation.Label' WHERE [IdComponent]=N'e6f554bf-19cd-46c2-aca9-1c21fd9ff852'
UPDATE [ERPSettings].[GridColumnComponent] SET [field]=N'IdSettlementTypeNavigation.Label' WHERE [IdComponent]=N'ef36672d-1dd2-48ab-a83e-11d747d075ef'
UPDATE [ERPSettings].[GridColumnComponent] SET [field]=N'IdPaymentMethodNavigation.Code' WHERE [IdComponent]=N'f2bbef73-f595-400b-83e3-c992454e3108'
UPDATE [ERPSettings].[GridColumnComponent] SET [field]=N'IdPaymentMethodNavigation.Code' WHERE [IdComponent]=N'f3018c0b-46f4-4a6c-8dfd-365ca603c710'
UPDATE [ERPSettings].[DropDownListOptions] SET [height]=300, [headerTemplate]=N'<div class="dropdown-header k-widget k-header"><span>{{''fa9f8292-deb7-42d9-94df-47e285998637 '' | translate }}</span><span>{{''d6aca4f2-3c8c-4263-a3ce-cee9c2ed0509 '' | translate }}</span></div>', [template]=N'<table class="customDropDown sz-40-60"><tr><td>#:data.Code#</td><td>#if(data.Label != null){# #:data.Label ## }#</td></tr></table>', [valueTemplate]=N'<span>#if(data.Code != null){# #: data.Code.length>9 ? data.Code.substring(0,7)+".." : data.Code # #}#</span>', [footerTemplate]=N'Total #: instance.dataSource.total() #' WHERE [IdDropDownListOptions]=N'1f902de7-e04f-4b35-96de-5b807160fe4a'
UPDATE [ERPSettings].[DropDownListOptions] SET [headerTemplate]=N'<div class="dropdown-header k-widget k-header"><span>{{''fa9f8292-deb7-42d9-94df-47e285998637 '' | translate }}</span><span>{{''d6aca4f2-3c8c-4263-a3ce-cee9c2ed0509 '' | translate }}</span></div>', [template]=N'<table class="customDropDown sz-40-60"><tr><td>#:data.Code#</td><td>#if(data.Label != null){# #:data.Label ## }#</td></tr></table>', [valueTemplate]=N'<span>#if(data.Code != null){# #: data.Code.length>9 ? data.Code.substring(0,7)+".." : data.Code # #}#</span>', [footerTemplate]=N'Total #: instance.dataSource.total() #' WHERE [IdDropDownListOptions]=N'437f960b-b63f-42f8-846c-db7dc2fc9f25'
UPDATE [ERPSettings].[DropDownListComponent] SET [k_on_change]=N'bController.baseService.actionService.onChangeDataSource(''1f902de7-e04f-4b35-96de-5b807160fe4a'')' WHERE [IdComponent]=N'1f902de7-e04f-4b35-96de-5b807160fe4a'
UPDATE [ERPSettings].[DropDownListComponent] SET [k_on_change]=N'bController.baseService.actionService.onChangeDataSource(''437f960b-b63f-42f8-846c-db7dc2fc9f25'')' WHERE [IdComponent]=N'437f960b-b63f-42f8-846c-db7dc2fc9f25'
UPDATE [ERPSettings].[DropDownListComponent] SET [k_on_change]=N'bController.baseService.actionService.onChangeDataSource(''6cd1b582-509b-4eaa-881f-32aef16acce2'')' WHERE [IdComponent]=N'6cd1b582-509b-4eaa-881f-32aef16acce2'
UPDATE [ERPSettings].[GridDataSource] SET [IdServiceParameters]=N'b80adc16-04e6-43ac-ae22-7e44e521749f' WHERE [IdGridOptions]=N'37732de2-5916-4f63-a1f4-be5a68b3cd6a'
UPDATE [ERPSettings].[GridDataSource] SET [IdServiceParameters]=N'4f0118f9-5044-4b2c-a01f-2086dcf372c7' WHERE [IdGridOptions]=N'8cc630e0-1efa-4607-bd4f-1afd008c5b04'
UPDATE [ERPSettings].[GridDataSource] SET [IdServiceParameters]=N'bd97e7c2-339e-4a54-bb3a-518c1064a845' WHERE [IdGridOptions]=N'b13ac43f-54eb-47e6-9030-eb0d0d4eef8e'
UPDATE [ERPSettings].[GridDataSource] SET [IdServiceParameters]=N'97ea6228-2748-4a6c-93f9-43e69e04c0b7' WHERE [IdGridOptions]=N'cfbe2208-8d6b-45d2-bbc7-9898ceb9bc74'
UPDATE [ERPSettings].[GridDataSource] SET [IdServiceParameters]=N'c2a9fd68-1d7e-43a7-a221-97907a3a4557' WHERE [IdGridOptions]=N'd32c349d-6609-4b52-b82b-7e29604f9451'
UPDATE [ERPSettings].[GridDataSource] SET [IdServiceParameters]=N'1bfa9f20-ece8-44be-8025-4df7b8d44a6b' WHERE [IdGridOptions]=N'd7c572ae-b47f-458c-b8bb-a405c06c2dc5'
UPDATE [ERPSettings].[GridDataSource] SET [IdServiceParameters]=N'38e80f2c-d6f4-40a7-9c23-177e09d0bf91' WHERE [IdGridOptions]=N'fb97d12e-a60d-4ca0-80d2-f68c69927d29'
UPDATE [ERPSettings].[Component] SET [class]=N'container-fluid' WHERE [IdComponent]=N'1038223b-329f-4552-9c80-54d46a540f6a'
UPDATE [ERPSettings].[Component] SET [class]=N'col-lg-12 col-md-12 col-sm-12' WHERE [IdComponent]=N'29291ad5-8764-4b8f-80de-285e5564fb00'
UPDATE [ERPSettings].[Component] SET [classDiv]=N'col-lg-12 col-md-12 col-sm-12', [class]=N'col-lg-12 col-md-12 col-sm-12' WHERE [IdComponent]=N'29c3e765-0751-4e81-8669-aa119f7252d2'
UPDATE [ERPSettings].[Component] SET [IdComponentChangedBy]=N'39fa4547-7997-4068-a425-baeb2960cd46' WHERE [IdComponent]=N'37732de2-5916-4f63-a1f4-be5a68b3cd6a'
UPDATE [ERPSettings].[Component] SET [classDiv]=N'col-lg-12 col-md-12 col-sm-12', [class]=N'col-lg-12 col-md-12 col-sm-12' WHERE [IdComponent]=N'37d8d9c5-b5d7-4ec7-9fb0-03a729b0ce1f'
UPDATE [ERPSettings].[Component] SET [IdComponentParent]=N'20fd2268-22c2-4370-abf2-252f574344a3' WHERE [IdComponent]=N'38b7788d-ff1b-4670-8cbd-cec93a606c57'
UPDATE [ERPSettings].[Component] SET [classDiv]=N'col-lg-12 col-md-12 col-sm-12', [class]=N'col-lg-12 col-md-12 col-sm-12' WHERE [IdComponent]=N'417965d7-2559-484c-9df0-1b493a59e96b'
UPDATE [ERPSettings].[Component] SET [classDiv]=N'col-lg-12 col-md-12 col-sm-12', [class]=N'col-lg-12 col-md-12 col-sm-12' WHERE [IdComponent]=N'56448d93-b833-45c2-86e6-157d7c321eaa'
UPDATE [ERPSettings].[Component] SET [classDiv]=N'', [class]=N'' WHERE [IdComponent]=N'57c951ee-319b-48cd-a0bb-230ded281cc1'
UPDATE [ERPSettings].[Component] SET [rank]=2, [IdComponentParent]=N'29c3e765-0751-4e81-8669-aa119f7252d2' WHERE [IdComponent]=N'58a88dce-9ef9-4d66-9109-6c107ecef012'
UPDATE [ERPSettings].[Component] SET [class]=N'col-lg-12 col-md-12 col-sm-12' WHERE [IdComponent]=N'71102ced-99c0-4c56-83cc-a2abb3d0e5cb'
UPDATE [ERPSettings].[Component] SET [rank]=28 WHERE [IdComponent]=N'7e8d21e7-2ec6-47d8-b0ec-9a6761b2a763'
UPDATE [ERPSettings].[Component] SET [rank]=26 WHERE [IdComponent]=N'87ee01f1-ff94-46aa-a9e8-3b064a8c7e33'
UPDATE [ERPSettings].[Component] SET [IdComponentChangedBy]=N'6cd1b582-509b-4eaa-881f-32aef16acce2' WHERE [IdComponent]=N'8cc630e0-1efa-4607-bd4f-1afd008c5b04'
UPDATE [ERPSettings].[Component] SET [class]=N'' WHERE [IdComponent]=N'9951824e-4239-462d-8396-e4548cf5b9fc'
UPDATE [ERPSettings].[Component] SET [class]=N'' WHERE [IdComponent]=N'9a585ccf-2b2c-445a-99a3-3eff1cb02e14'
UPDATE [ERPSettings].[Component] SET [rank]=27 WHERE [IdComponent]=N'9adbced1-d644-4ef9-92a9-5232da156afe'
UPDATE [ERPSettings].[Component] SET [classDiv]=N'', [class]=N'' WHERE [IdComponent]=N'ad0ce9a9-1346-41c5-94f5-feeeae01442e'
UPDATE [ERPSettings].[Component] SET [classDiv]=N'', [class]=N'' WHERE [IdComponent]=N'afa08e80-4895-4af0-bf31-7c75c61e4c08'
UPDATE [ERPSettings].[Component] SET [IdComponentChangedBy]=N'67d5f2a0-e867-4b0a-ad75-4830efb2865d' WHERE [IdComponent]=N'b13ac43f-54eb-47e6-9030-eb0d0d4eef8e'
UPDATE [ERPSettings].[Component] SET [IdComponentParent]=N'f56a5da2-cd07-4cba-aad0-3ed240e51ba5' WHERE [IdComponent]=N'b4998f77-55f5-496c-9ad8-5c4d0e05ac12'
UPDATE [ERPSettings].[Component] SET [IdComponentChangedBy]=N'1f902de7-e04f-4b35-96de-5b807160fe4a' WHERE [IdComponent]=N'cfbe2208-8d6b-45d2-bbc7-9898ceb9bc74'
UPDATE [ERPSettings].[Component] SET [IdComponentChangedBy]=N'8c081440-781b-48eb-afb3-bd9b7df95e7d' WHERE [IdComponent]=N'd32c349d-6609-4b52-b82b-7e29604f9451'
UPDATE [ERPSettings].[Component] SET [classDiv]=N'', [class]=N'' WHERE [IdComponent]=N'd4bf949f-df6b-41e7-aa0a-585aba309435'
UPDATE [ERPSettings].[Component] SET [IdComponentChangedBy]=N'4ebef8ef-745a-41fb-aa84-1687b6660892' WHERE [IdComponent]=N'd7c572ae-b47f-458c-b8bb-a405c06c2dc5'
UPDATE [ERPSettings].[Component] SET [IdComponentParent]=N'f56a5da2-cd07-4cba-aad0-3ed240e51ba5' WHERE [IdComponent]=N'db618c34-0093-49b6-bc67-b9d9c909747a'
UPDATE [ERPSettings].[Component] SET [IdComponentChangedBy]=N'437f960b-b63f-42f8-846c-db7dc2fc9f25' WHERE [IdComponent]=N'fb97d12e-a60d-4ca0-80d2-f68c69927d29'
UPDATE [ERPSettings].[Component] SET [classDiv]=N'col-lg-12 col-md-12 col-sm-12', [class]=N'col-lg-12 col-md-12 col-sm-12' WHERE [IdComponent]=N'fea96c8c-1f02-4902-bfd1-4e7b84599ec8'
INSERT INTO [ERPSettings].[PredicateFormat] ([IdPredicateFormat], [PredicateName], [Operator], [TransactionUserId], [IsDeleted], [Deleted_Token]) VALUES (N'0d71e5bb-8638-4683-bb75-9cc943d12037', NULL, NULL, NULL, 0, NULL)
INSERT INTO [ERPSettings].[PredicateFormat] ([IdPredicateFormat], [PredicateName], [Operator], [TransactionUserId], [IsDeleted], [Deleted_Token]) VALUES (N'10b548b4-5601-4ce4-8f7c-49eced1d055a', NULL, NULL, NULL, 0, NULL)
INSERT INTO [ERPSettings].[PredicateFormat] ([IdPredicateFormat], [PredicateName], [Operator], [TransactionUserId], [IsDeleted], [Deleted_Token]) VALUES (N'2a6fa059-0bd4-4705-9e72-ae7a53410ad3', NULL, NULL, NULL, 0, NULL)
INSERT INTO [ERPSettings].[PredicateFormat] ([IdPredicateFormat], [PredicateName], [Operator], [TransactionUserId], [IsDeleted], [Deleted_Token]) VALUES (N'2db443e5-c23d-4fa0-a9ed-f65f7f5e0589', NULL, NULL, NULL, 0, NULL)
INSERT INTO [ERPSettings].[PredicateFormat] ([IdPredicateFormat], [PredicateName], [Operator], [TransactionUserId], [IsDeleted], [Deleted_Token]) VALUES (N'32ec0e56-0234-407c-bf4a-7285c0be6e10', NULL, NULL, NULL, 0, NULL)
INSERT INTO [ERPSettings].[PredicateFormat] ([IdPredicateFormat], [PredicateName], [Operator], [TransactionUserId], [IsDeleted], [Deleted_Token]) VALUES (N'42dddef0-294c-46f0-8c89-38afaf5e4a1f', NULL, NULL, NULL, 0, NULL)
INSERT INTO [ERPSettings].[PredicateFormat] ([IdPredicateFormat], [PredicateName], [Operator], [TransactionUserId], [IsDeleted], [Deleted_Token]) VALUES (N'4df8eb43-0814-432d-9944-c5ddfd47bc5c', NULL, NULL, NULL, 0, NULL)
INSERT INTO [ERPSettings].[PredicateFormat] ([IdPredicateFormat], [PredicateName], [Operator], [TransactionUserId], [IsDeleted], [Deleted_Token]) VALUES (N'6315ae39-8f11-4e65-8998-466fd12fdaaa', NULL, NULL, NULL, 0, NULL)
INSERT INTO [ERPSettings].[PredicateFormat] ([IdPredicateFormat], [PredicateName], [Operator], [TransactionUserId], [IsDeleted], [Deleted_Token]) VALUES (N'7980336d-1013-4c85-b4fe-5e1910f03395', NULL, NULL, NULL, 0, NULL)
INSERT INTO [ERPSettings].[PredicateFormat] ([IdPredicateFormat], [PredicateName], [Operator], [TransactionUserId], [IsDeleted], [Deleted_Token]) VALUES (N'7dfafd79-8baf-47fb-b189-c7c5031d22fd', NULL, NULL, NULL, 0, NULL)
INSERT INTO [ERPSettings].[PredicateFormat] ([IdPredicateFormat], [PredicateName], [Operator], [TransactionUserId], [IsDeleted], [Deleted_Token]) VALUES (N'7e20505b-de2f-4f56-ac29-3f1fa7d1a803', NULL, NULL, NULL, 0, NULL)
INSERT INTO [ERPSettings].[PredicateFormat] ([IdPredicateFormat], [PredicateName], [Operator], [TransactionUserId], [IsDeleted], [Deleted_Token]) VALUES (N'81d74063-b574-45f4-bc66-7838b0132474', NULL, NULL, NULL, 0, NULL)
INSERT INTO [ERPSettings].[PredicateFormat] ([IdPredicateFormat], [PredicateName], [Operator], [TransactionUserId], [IsDeleted], [Deleted_Token]) VALUES (N'8273f0f9-d822-456d-b60f-ba61e1f4ca37', NULL, NULL, NULL, 0, NULL)
INSERT INTO [ERPSettings].[PredicateFormat] ([IdPredicateFormat], [PredicateName], [Operator], [TransactionUserId], [IsDeleted], [Deleted_Token]) VALUES (N'85d21f6b-2f67-49bd-aefe-01251b725b26', NULL, NULL, NULL, 0, NULL)
INSERT INTO [ERPSettings].[PredicateFormat] ([IdPredicateFormat], [PredicateName], [Operator], [TransactionUserId], [IsDeleted], [Deleted_Token]) VALUES (N'9e3ea59f-9868-424a-acca-32e24117fc4e', NULL, NULL, NULL, 0, NULL)
INSERT INTO [ERPSettings].[PredicateFormat] ([IdPredicateFormat], [PredicateName], [Operator], [TransactionUserId], [IsDeleted], [Deleted_Token]) VALUES (N'a639fd17-5a44-415a-a510-17e9db91f7bb', NULL, NULL, NULL, 0, NULL)
INSERT INTO [ERPSettings].[PredicateFormat] ([IdPredicateFormat], [PredicateName], [Operator], [TransactionUserId], [IsDeleted], [Deleted_Token]) VALUES (N'b8a4d770-1f23-4858-8ada-413daab7f48f', NULL, NULL, NULL, 0, NULL)
INSERT INTO [ERPSettings].[PredicateFormat] ([IdPredicateFormat], [PredicateName], [Operator], [TransactionUserId], [IsDeleted], [Deleted_Token]) VALUES (N'bacd99de-88b0-41b9-b376-d493359d8427', NULL, NULL, NULL, 0, NULL)
INSERT INTO [ERPSettings].[PredicateFormat] ([IdPredicateFormat], [PredicateName], [Operator], [TransactionUserId], [IsDeleted], [Deleted_Token]) VALUES (N'c3dbdba8-58f9-453d-a1d6-7f3a4db291ec', NULL, NULL, NULL, 0, NULL)
INSERT INTO [ERPSettings].[PredicateFormat] ([IdPredicateFormat], [PredicateName], [Operator], [TransactionUserId], [IsDeleted], [Deleted_Token]) VALUES (N'd29cbccc-1b02-483f-afc3-282e234392ea', NULL, NULL, NULL, 0, NULL)
INSERT INTO [ERPSettings].[PredicateFormat] ([IdPredicateFormat], [PredicateName], [Operator], [TransactionUserId], [IsDeleted], [Deleted_Token]) VALUES (N'f2313c53-d093-4090-b3b8-930e18bf229c', NULL, NULL, NULL, 0, NULL)
INSERT INTO [ERPSettings].[Filter] ([IdFilter], [IdPredicateFormat], [Prop], [Operation], [Value], [IsDynamicValue], [TransactionUserId], [IsDeleted], [IsSearchPredicate], [Deleted_Token], [Type]) VALUES (N'0690c05b-be6d-4732-837e-fce8fca038e2', N'42dddef0-294c-46f0-8c89-38afaf5e4a1f', N'IdSettlementMode', 1, NULL, 1, NULL, 0, NULL, NULL, NULL)
INSERT INTO [ERPSettings].[Filter] ([IdFilter], [IdPredicateFormat], [Prop], [Operation], [Value], [IsDynamicValue], [TransactionUserId], [IsDeleted], [IsSearchPredicate], [Deleted_Token], [Type]) VALUES (N'0a19dc7a-4952-4d54-a36a-855bbee8e7f6', N'b8a4d770-1f23-4858-8ada-413daab7f48f', N'IdSettlementMode', 1, NULL, 1, NULL, 0, NULL, NULL, NULL)
INSERT INTO [ERPSettings].[Filter] ([IdFilter], [IdPredicateFormat], [Prop], [Operation], [Value], [IsDynamicValue], [TransactionUserId], [IsDeleted], [IsSearchPredicate], [Deleted_Token], [Type]) VALUES (N'14fe3825-6173-4ae7-be5c-99cfbcc5519f', N'2a6fa059-0bd4-4705-9e72-ae7a53410ad3', N'Code', 2, NULL, 0, NULL, 0, 1, NULL, NULL)
INSERT INTO [ERPSettings].[Filter] ([IdFilter], [IdPredicateFormat], [Prop], [Operation], [Value], [IsDynamicValue], [TransactionUserId], [IsDeleted], [IsSearchPredicate], [Deleted_Token], [Type]) VALUES (N'256d72b8-448f-462a-aa42-29328bae7fc6', N'8273f0f9-d822-456d-b60f-ba61e1f4ca37', N'IdSettlementMode', 1, NULL, 1, NULL, 0, NULL, NULL, NULL)
INSERT INTO [ERPSettings].[Filter] ([IdFilter], [IdPredicateFormat], [Prop], [Operation], [Value], [IsDynamicValue], [TransactionUserId], [IsDeleted], [IsSearchPredicate], [Deleted_Token], [Type]) VALUES (N'2b526ab4-2f5d-45f1-b45c-0da8f4653c23', N'81d74063-b574-45f4-bc66-7838b0132474', N'Label', 2, NULL, 0, NULL, 0, 1, NULL, NULL)
INSERT INTO [ERPSettings].[Filter] ([IdFilter], [IdPredicateFormat], [Prop], [Operation], [Value], [IsDynamicValue], [TransactionUserId], [IsDeleted], [IsSearchPredicate], [Deleted_Token], [Type]) VALUES (N'3a6b73df-4e8e-42ad-bba6-9896169ab0cf', N'f2313c53-d093-4090-b3b8-930e18bf229c', N'Code', 2, NULL, 0, NULL, 0, 1, NULL, NULL)
INSERT INTO [ERPSettings].[Filter] ([IdFilter], [IdPredicateFormat], [Prop], [Operation], [Value], [IsDynamicValue], [TransactionUserId], [IsDeleted], [IsSearchPredicate], [Deleted_Token], [Type]) VALUES (N'4029111b-c0ba-4c1e-9085-2eea8ecc4acb', N'c3dbdba8-58f9-453d-a1d6-7f3a4db291ec', N'Code', 2, NULL, 0, NULL, 0, 1, NULL, NULL)
INSERT INTO [ERPSettings].[Filter] ([IdFilter], [IdPredicateFormat], [Prop], [Operation], [Value], [IsDynamicValue], [TransactionUserId], [IsDeleted], [IsSearchPredicate], [Deleted_Token], [Type]) VALUES (N'45048abf-85d5-4116-b825-450eb8f50a0a', N'2db443e5-c23d-4fa0-a9ed-f65f7f5e0589', N'Label', 2, NULL, 0, NULL, 0, 1, NULL, NULL)
INSERT INTO [ERPSettings].[Filter] ([IdFilter], [IdPredicateFormat], [Prop], [Operation], [Value], [IsDynamicValue], [TransactionUserId], [IsDeleted], [IsSearchPredicate], [Deleted_Token], [Type]) VALUES (N'64e2c0fb-969e-4462-ab75-2bdd60e4b0cd', N'a639fd17-5a44-415a-a510-17e9db91f7bb', N'Code', 2, NULL, 0, NULL, 0, 1, NULL, NULL)
INSERT INTO [ERPSettings].[Filter] ([IdFilter], [IdPredicateFormat], [Prop], [Operation], [Value], [IsDynamicValue], [TransactionUserId], [IsDeleted], [IsSearchPredicate], [Deleted_Token], [Type]) VALUES (N'6b294de7-7bbd-4ec8-ac64-bfd6a810a4d6', N'2db443e5-c23d-4fa0-a9ed-f65f7f5e0589', N'Code', 2, NULL, 0, NULL, 0, 1, NULL, NULL)
INSERT INTO [ERPSettings].[Filter] ([IdFilter], [IdPredicateFormat], [Prop], [Operation], [Value], [IsDynamicValue], [TransactionUserId], [IsDeleted], [IsSearchPredicate], [Deleted_Token], [Type]) VALUES (N'7b8e16b1-b09f-48c9-a3c6-5e02bbb9ccd5', N'32ec0e56-0234-407c-bf4a-7285c0be6e10', N'Code', 2, NULL, 0, NULL, 0, 1, NULL, NULL)
INSERT INTO [ERPSettings].[Filter] ([IdFilter], [IdPredicateFormat], [Prop], [Operation], [Value], [IsDynamicValue], [TransactionUserId], [IsDeleted], [IsSearchPredicate], [Deleted_Token], [Type]) VALUES (N'895f24ed-5f54-41f3-b0d9-ee0d185e496d', N'81d74063-b574-45f4-bc66-7838b0132474', N'Code', 2, NULL, 0, NULL, 0, 1, NULL, NULL)
INSERT INTO [ERPSettings].[Filter] ([IdFilter], [IdPredicateFormat], [Prop], [Operation], [Value], [IsDynamicValue], [TransactionUserId], [IsDeleted], [IsSearchPredicate], [Deleted_Token], [Type]) VALUES (N'90fe9333-18fc-426a-a4f3-76b9dc8bd4ec', N'f2313c53-d093-4090-b3b8-930e18bf229c', N'Label', 2, NULL, 0, NULL, 0, 1, NULL, NULL)
INSERT INTO [ERPSettings].[Filter] ([IdFilter], [IdPredicateFormat], [Prop], [Operation], [Value], [IsDynamicValue], [TransactionUserId], [IsDeleted], [IsSearchPredicate], [Deleted_Token], [Type]) VALUES (N'94dfff21-c9bb-4a35-8f75-6d53e85f5bad', N'10b548b4-5601-4ce4-8f7c-49eced1d055a', N'IdSettlementMode', 1, NULL, 1, NULL, 0, NULL, NULL, NULL)
INSERT INTO [ERPSettings].[Filter] ([IdFilter], [IdPredicateFormat], [Prop], [Operation], [Value], [IsDynamicValue], [TransactionUserId], [IsDeleted], [IsSearchPredicate], [Deleted_Token], [Type]) VALUES (N'9f716e10-c535-466c-a15f-9fd1b4e52da8', N'0d71e5bb-8638-4683-bb75-9cc943d12037', N'Code', 2, NULL, 0, NULL, 0, 1, NULL, NULL)
INSERT INTO [ERPSettings].[Filter] ([IdFilter], [IdPredicateFormat], [Prop], [Operation], [Value], [IsDynamicValue], [TransactionUserId], [IsDeleted], [IsSearchPredicate], [Deleted_Token], [Type]) VALUES (N'a69a5f0e-1615-43e6-a945-3f1901a94811', N'd29cbccc-1b02-483f-afc3-282e234392ea', N'IdSettlementMode', 1, NULL, 1, NULL, 0, NULL, NULL, NULL)
INSERT INTO [ERPSettings].[Filter] ([IdFilter], [IdPredicateFormat], [Prop], [Operation], [Value], [IsDynamicValue], [TransactionUserId], [IsDeleted], [IsSearchPredicate], [Deleted_Token], [Type]) VALUES (N'a8257dcb-38cb-4ab8-9858-8702740d3f17', N'0d71e5bb-8638-4683-bb75-9cc943d12037', N'Label', 2, NULL, 0, NULL, 0, 1, NULL, NULL)
INSERT INTO [ERPSettings].[Filter] ([IdFilter], [IdPredicateFormat], [Prop], [Operation], [Value], [IsDynamicValue], [TransactionUserId], [IsDeleted], [IsSearchPredicate], [Deleted_Token], [Type]) VALUES (N'acf631ba-3e95-491c-a8fb-26773bad3e52', N'7dfafd79-8baf-47fb-b189-c7c5031d22fd', N'IdSettlementMode', 1, NULL, 1, NULL, 0, NULL, NULL, NULL)
INSERT INTO [ERPSettings].[Filter] ([IdFilter], [IdPredicateFormat], [Prop], [Operation], [Value], [IsDynamicValue], [TransactionUserId], [IsDeleted], [IsSearchPredicate], [Deleted_Token], [Type]) VALUES (N'adfee050-13ed-4f3f-a0d9-696b8c96fdd6', N'4df8eb43-0814-432d-9944-c5ddfd47bc5c', N'IdSettlementMode', 1, NULL, 1, NULL, 0, NULL, NULL, NULL)
INSERT INTO [ERPSettings].[Filter] ([IdFilter], [IdPredicateFormat], [Prop], [Operation], [Value], [IsDynamicValue], [TransactionUserId], [IsDeleted], [IsSearchPredicate], [Deleted_Token], [Type]) VALUES (N'bc760855-22aa-44da-8921-abeb033f274d', N'7980336d-1013-4c85-b4fe-5e1910f03395', N'IdSettlementMode', 1, NULL, 1, NULL, 0, NULL, NULL, NULL)
INSERT INTO [ERPSettings].[Filter] ([IdFilter], [IdPredicateFormat], [Prop], [Operation], [Value], [IsDynamicValue], [TransactionUserId], [IsDeleted], [IsSearchPredicate], [Deleted_Token], [Type]) VALUES (N'bdf99311-bbbf-4295-a967-c5ac5214cafd', N'a639fd17-5a44-415a-a510-17e9db91f7bb', N'Label', 2, NULL, 0, NULL, 0, 1, NULL, NULL)
INSERT INTO [ERPSettings].[Filter] ([IdFilter], [IdPredicateFormat], [Prop], [Operation], [Value], [IsDynamicValue], [TransactionUserId], [IsDeleted], [IsSearchPredicate], [Deleted_Token], [Type]) VALUES (N'c33ca124-b0a2-466c-981b-1e3e5e60934e', N'2a6fa059-0bd4-4705-9e72-ae7a53410ad3', N'Label', 2, NULL, 0, NULL, 0, 1, NULL, NULL)
INSERT INTO [ERPSettings].[Filter] ([IdFilter], [IdPredicateFormat], [Prop], [Operation], [Value], [IsDynamicValue], [TransactionUserId], [IsDeleted], [IsSearchPredicate], [Deleted_Token], [Type]) VALUES (N'd59ecbf0-56a3-4e64-ae1c-fcb3d37bff18', N'9e3ea59f-9868-424a-acca-32e24117fc4e', N'IdSettlementMode', 1, NULL, 1, NULL, 0, NULL, NULL, NULL)
INSERT INTO [ERPSettings].[Filter] ([IdFilter], [IdPredicateFormat], [Prop], [Operation], [Value], [IsDynamicValue], [TransactionUserId], [IsDeleted], [IsSearchPredicate], [Deleted_Token], [Type]) VALUES (N'd7507ffc-376a-4268-8a13-8b5cbef2addd', N'c3dbdba8-58f9-453d-a1d6-7f3a4db291ec', N'Label', 2, NULL, 0, NULL, 0, 1, NULL, NULL)
INSERT INTO [ERPSettings].[Filter] ([IdFilter], [IdPredicateFormat], [Prop], [Operation], [Value], [IsDynamicValue], [TransactionUserId], [IsDeleted], [IsSearchPredicate], [Deleted_Token], [Type]) VALUES (N'e33a067b-feba-4a0f-a446-03b2f56d3086', N'bacd99de-88b0-41b9-b376-d493359d8427', N'Code', 2, NULL, 0, NULL, 0, 1, NULL, NULL)
INSERT INTO [ERPSettings].[Filter] ([IdFilter], [IdPredicateFormat], [Prop], [Operation], [Value], [IsDynamicValue], [TransactionUserId], [IsDeleted], [IsSearchPredicate], [Deleted_Token], [Type]) VALUES (N'e7ddf49e-3bd7-407e-a4fc-90e7ab8cf8a5', N'85d21f6b-2f67-49bd-aefe-01251b725b26', N'IdSettlementMode', 1, NULL, 1, NULL, 0, NULL, NULL, NULL)
INSERT INTO [ERPSettings].[Filter] ([IdFilter], [IdPredicateFormat], [Prop], [Operation], [Value], [IsDynamicValue], [TransactionUserId], [IsDeleted], [IsSearchPredicate], [Deleted_Token], [Type]) VALUES (N'eadac8c8-76f5-479c-a92b-dbb80e14102d', N'bacd99de-88b0-41b9-b376-d493359d8427', N'Label', 2, NULL, 0, NULL, 0, 1, NULL, NULL)
INSERT INTO [ERPSettings].[Filter] ([IdFilter], [IdPredicateFormat], [Prop], [Operation], [Value], [IsDynamicValue], [TransactionUserId], [IsDeleted], [IsSearchPredicate], [Deleted_Token], [Type]) VALUES (N'ec639086-15b4-490d-93db-5afa66df417a', N'32ec0e56-0234-407c-bf4a-7285c0be6e10', N'Label', 2, NULL, 0, NULL, 0, 1, NULL, NULL)
INSERT INTO [ERPSettings].[Filter] ([IdFilter], [IdPredicateFormat], [Prop], [Operation], [Value], [IsDynamicValue], [TransactionUserId], [IsDeleted], [IsSearchPredicate], [Deleted_Token], [Type]) VALUES (N'f750edcf-e207-4f86-916a-5c28a6cabd54', N'6315ae39-8f11-4e65-8998-466fd12fdaaa', N'IdSettlementMode', 1, NULL, 1, NULL, 0, NULL, NULL, NULL)
INSERT INTO [ERPSettings].[Filter] ([IdFilter], [IdPredicateFormat], [Prop], [Operation], [Value], [IsDynamicValue], [TransactionUserId], [IsDeleted], [IsSearchPredicate], [Deleted_Token], [Type]) VALUES (N'f998ce13-cd53-425d-b53f-3ce3c5c0a4ca', N'7e20505b-de2f-4f56-ac29-3f1fa7d1a803', N'IdSettlementMode', 1, NULL, 1, NULL, 0, NULL, NULL, NULL)
INSERT INTO [ERPSettings].[Component] ([IdComponent], [rank], [ComponentName], [IdComponentType], [IdFunctionality], [IdComponentParent], [FR], [EN], [AR], [DE], [CH], [ES], [IdButton], [classDiv], [classLabel], [class], [IsEncapsulated], [IdComponentChangedBy], [EntityName], [style], [ng_hide], [IsToInitialize], [IdFunctionalityForm], [IsFireChange]) VALUES (N'0017ff63-eb49-410b-9dda-02f22ec1909b', 2, N'Code', 4, N'33dc2049-6b77-4753-b6aa-6c3a9ba81a30', N'77ff8f2b-248a-4152-8cef-b0b3ce631c45', N'Mthode de paiement', N'Method of payment', N'Methode de paiement_AR', N'Methode de paiement_DE', N'Methode de paiement_CH', N'Methode de paiement_ES', NULL, N'col-lg-12 col-md-12 col-sm-12', N'col-lg-4 col-md-4 col-sm-4', N'', 0, NULL, N'DetailsSettlementMode', NULL, NULL, 1, N'33dc2049-6b77-4753-b6aa-6c3a9ba81a30', NULL)
INSERT INTO [ERPSettings].[Component] ([IdComponent], [rank], [ComponentName], [IdComponentType], [IdFunctionality], [IdComponentParent], [FR], [EN], [AR], [DE], [CH], [ES], [IdButton], [classDiv], [classLabel], [class], [IsEncapsulated], [IdComponentChangedBy], [EntityName], [style], [ng_hide], [IsToInitialize], [IdFunctionalityForm], [IsFireChange]) VALUES (N'0166d7b7-664f-4905-b990-a7b5297b5cdc', 4, N'NumberDays', 4, N'b7e30a6e-02bb-4b23-8762-a0121459bf94', N'516f041e-a4d7-499e-b0db-82fdb207c695', N'Nombre de jours', N'Number of days', N'Nombre de jours_AR', N'Nombre de jours_DE', N'Nombre de jours_CH', N'Nombre de jours_ES', NULL, N'col-lg-12 col-md-12 col-sm-12', N'col-lg-4 col-md-4 col-sm-4', N'', 0, NULL, N'DetailsSettlementMode', NULL, NULL, 1, N'b7e30a6e-02bb-4b23-8762-a0121459bf94', NULL)
INSERT INTO [ERPSettings].[Component] ([IdComponent], [rank], [ComponentName], [IdComponentType], [IdFunctionality], [IdComponentParent], [FR], [EN], [AR], [DE], [CH], [ES], [IdButton], [classDiv], [classLabel], [class], [IsEncapsulated], [IdComponentChangedBy], [EntityName], [style], [ng_hide], [IsToInitialize], [IdFunctionalityForm], [IsFireChange]) VALUES (N'081df65a-301c-4ca0-b3c4-39ed8e899538', 6, N'', 4, N'88888a3e-9ecb-43d6-9fce-099336b2a534', N'956850c8-29f8-43e9-b786-b234669e3a4c', N'', N'', N'', N'', N'', N'', NULL, N'col-lg-12 col-md-12 col-sm-12', N'col-lg-4 col-md-4 col-sm-4', N'', 0, NULL, N'SettlementMode', NULL, NULL, 1, N'88888a3e-9ecb-43d6-9fce-099336b2a534', NULL)
INSERT INTO [ERPSettings].[Component] ([IdComponent], [rank], [ComponentName], [IdComponentType], [IdFunctionality], [IdComponentParent], [FR], [EN], [AR], [DE], [CH], [ES], [IdButton], [classDiv], [classLabel], [class], [IsEncapsulated], [IdComponentChangedBy], [EntityName], [style], [ng_hide], [IsToInitialize], [IdFunctionalityForm], [IsFireChange]) VALUES (N'0c2cc462-0f5c-4a86-94de-18c10bfbbd41', 3, N'Label', 4, N'a359eaa9-7f55-4f64-aaa7-bcb07115cfc3', N'c5283a69-dadd-438e-8690-09a944e78a84', N'Type de rglement', N'Settlement Type', N'Type de reglement_AR', N'Type de reglement_DE', N'Type de reglement_CH', N'Type de reglement_ES', NULL, N'col-lg-12 col-md-12 col-sm-12', N'col-lg-4 col-md-4 col-sm-4', N'', 0, NULL, N'DetailsSettlementMode', NULL, NULL, 1, N'a359eaa9-7f55-4f64-aaa7-bcb07115cfc3', NULL)
INSERT INTO [ERPSettings].[Component] ([IdComponent], [rank], [ComponentName], [IdComponentType], [IdFunctionality], [IdComponentParent], [FR], [EN], [AR], [DE], [CH], [ES], [IdButton], [classDiv], [classLabel], [class], [IsEncapsulated], [IdComponentChangedBy], [EntityName], [style], [ng_hide], [IsToInitialize], [IdFunctionalityForm], [IsFireChange]) VALUES (N'1c73fc85-3b50-4a40-b9db-8916fcb85a0a', 2, N'Echances', 17, N'88888a3e-9ecb-43d6-9fce-099336b2a534', N'0302f83e-d28b-4f45-98ae-dbf84e83487f', N'Echances', N'Commitment', NULL, NULL, NULL, NULL, NULL, N'', N'', N'', 0, NULL, N'Document', NULL, NULL, 1, N'88888a3e-9ecb-43d6-9fce-099336b2a534', NULL)
INSERT INTO [ERPSettings].[Component] ([IdComponent], [rank], [ComponentName], [IdComponentType], [IdFunctionality], [IdComponentParent], [FR], [EN], [AR], [DE], [CH], [ES], [IdButton], [classDiv], [classLabel], [class], [IsEncapsulated], [IdComponentChangedBy], [EntityName], [style], [ng_hide], [IsToInitialize], [IdFunctionalityForm], [IsFireChange]) VALUES (N'1d2ec8b6-e7be-4e32-b307-4f936ba1cf34', 2, N'DIV2', 9, N'33dc2049-6b77-4753-b6aa-6c3a9ba81a30', N'5b303095-2bc6-4292-91cd-ce6d6eab43c6', NULL, NULL, NULL, NULL, NULL, NULL, NULL, N'', N'', N'col-lg-12 col-md-12 col-sm-12', 0, NULL, N'Document', NULL, NULL, 1, N'33dc2049-6b77-4753-b6aa-6c3a9ba81a30', NULL)
INSERT INTO [ERPSettings].[Component] ([IdComponent], [rank], [ComponentName], [IdComponentType], [IdFunctionality], [IdComponentParent], [FR], [EN], [AR], [DE], [CH], [ES], [IdButton], [classDiv], [classLabel], [class], [IsEncapsulated], [IdComponentChangedBy], [EntityName], [style], [ng_hide], [IsToInitialize], [IdFunctionalityForm], [IsFireChange]) VALUES (N'20325ce1-b71b-4067-b191-3db15fe71c55', 6, N'', 4, N'33dc2049-6b77-4753-b6aa-6c3a9ba81a30', N'77ff8f2b-248a-4152-8cef-b0b3ce631c45', N'', N'', N'', N'', N'', N'', NULL, N'col-lg-12 col-md-12 col-sm-12', N'col-lg-4 col-md-4 col-sm-4', N'', 0, NULL, N'SettlementMode', NULL, NULL, 1, N'33dc2049-6b77-4753-b6aa-6c3a9ba81a30', NULL)
INSERT INTO [ERPSettings].[Component] ([IdComponent], [rank], [ComponentName], [IdComponentType], [IdFunctionality], [IdComponentParent], [FR], [EN], [AR], [DE], [CH], [ES], [IdButton], [classDiv], [classLabel], [class], [IsEncapsulated], [IdComponentChangedBy], [EntityName], [style], [ng_hide], [IsToInitialize], [IdFunctionalityForm], [IsFireChange]) VALUES (N'24dcde32-b51e-4b61-9272-a795b6c54ca4', 1, N'IdSettlementMode', 8, N'b7e30a6e-02bb-4b23-8762-a0121459bf94', N'2a4b572b-51d5-4b96-8cd4-1bc645f016d9', N'Mode de rglement', N'Settlement Mode', N'Mode de rglement', N'Mode de rglement', N'Mode de rglement', NULL, N'72aa3245-97d7-45d0-a1b1-096756b5f570', N'form-group col-lg-6 col-md-6 col-sm-6', N'col-lg-4 col-md-4 col-sm-4', N'', 0, NULL, N'Document', NULL, NULL, 1, N'b7e30a6e-02bb-4b23-8762-a0121459bf94', 1)
INSERT INTO [ERPSettings].[Component] ([IdComponent], [rank], [ComponentName], [IdComponentType], [IdFunctionality], [IdComponentParent], [FR], [EN], [AR], [DE], [CH], [ES], [IdButton], [classDiv], [classLabel], [class], [IsEncapsulated], [IdComponentChangedBy], [EntityName], [style], [ng_hide], [IsToInitialize], [IdFunctionalityForm], [IsFireChange]) VALUES (N'2a4b572b-51d5-4b96-8cd4-1bc645f016d9', 1, N'DIV1', 9, N'b7e30a6e-02bb-4b23-8762-a0121459bf94', N'4eedbf69-92e9-45bb-824c-fae6e561c64a', NULL, NULL, NULL, NULL, NULL, NULL, NULL, N'', N'', N'col-lg-12 col-md-12 col-sm-12', 0, NULL, N'Document', NULL, NULL, 1, N'b7e30a6e-02bb-4b23-8762-a0121459bf94', NULL)
INSERT INTO [ERPSettings].[Component] ([IdComponent], [rank], [ComponentName], [IdComponentType], [IdFunctionality], [IdComponentParent], [FR], [EN], [AR], [DE], [CH], [ES], [IdButton], [classDiv], [classLabel], [class], [IsEncapsulated], [IdComponentChangedBy], [EntityName], [style], [ng_hide], [IsToInitialize], [IdFunctionalityForm], [IsFireChange]) VALUES (N'39fa4547-7997-4068-a425-baeb2960cd46', 1, N'IdSettlementMode', 8, N'0cca5b44-467a-4807-a0e0-d583c693d776', N'ae1cbf15-9cc6-41db-8c36-2ce37454d708', N'Mode de rglement', N'Settlement Mode', N'Mode de rglement', N'Mode de rglement', N'Mode de rglement', N'Devise_ES', N'80b34e65-3e40-458e-bcb9-f09744647314', N'form-group col-lg-6 col-md-6 col-sm-6', N'col-lg-5 col-md-5 col-sm-5', N'', 0, NULL, N'Document', NULL, NULL, 1, N'0cca5b44-467a-4807-a0e0-d583c693d776', 1)
INSERT INTO [ERPSettings].[Component] ([IdComponent], [rank], [ComponentName], [IdComponentType], [IdFunctionality], [IdComponentParent], [FR], [EN], [AR], [DE], [CH], [ES], [IdButton], [classDiv], [classLabel], [class], [IsEncapsulated], [IdComponentChangedBy], [EntityName], [style], [ng_hide], [IsToInitialize], [IdFunctionalityForm], [IsFireChange]) VALUES (N'4568151b-a5ab-4ab7-b3cb-af1ffd43556f', 4, N'NumberDays', 4, N'a359eaa9-7f55-4f64-aaa7-bcb07115cfc3', N'c5283a69-dadd-438e-8690-09a944e78a84', N'Nombre de jours', N'Number of days', N'Nombre de jours_AR', N'Nombre de jours_DE', N'Nombre de jours_CH', N'Nombre de jours_ES', NULL, N'col-lg-12 col-md-12 col-sm-12', N'col-lg-4 col-md-4 col-sm-4', N'', 0, NULL, N'DetailsSettlementMode', NULL, NULL, 1, N'a359eaa9-7f55-4f64-aaa7-bcb07115cfc3', NULL)
INSERT INTO [ERPSettings].[Component] ([IdComponent], [rank], [ComponentName], [IdComponentType], [IdFunctionality], [IdComponentParent], [FR], [EN], [AR], [DE], [CH], [ES], [IdButton], [classDiv], [classLabel], [class], [IsEncapsulated], [IdComponentChangedBy], [EntityName], [style], [ng_hide], [IsToInitialize], [IdFunctionalityForm], [IsFireChange]) VALUES (N'481218d2-1e74-4ac9-9b38-a524d43a4400', 4, N'NumberDays', 4, N'33dc2049-6b77-4753-b6aa-6c3a9ba81a30', N'77ff8f2b-248a-4152-8cef-b0b3ce631c45', N'Nombre de jours', N'Number of days', N'Nombre de jours_AR', N'Nombre de jours_DE', N'Nombre de jours_CH', N'Nombre de jours_ES', NULL, N'col-lg-12 col-md-12 col-sm-12', N'col-lg-4 col-md-4 col-sm-4', N'', 0, NULL, N'DetailsSettlementMode', NULL, NULL, 1, N'33dc2049-6b77-4753-b6aa-6c3a9ba81a30', NULL)
INSERT INTO [ERPSettings].[Component] ([IdComponent], [rank], [ComponentName], [IdComponentType], [IdFunctionality], [IdComponentParent], [FR], [EN], [AR], [DE], [CH], [ES], [IdButton], [classDiv], [classLabel], [class], [IsEncapsulated], [IdComponentChangedBy], [EntityName], [style], [ng_hide], [IsToInitialize], [IdFunctionalityForm], [IsFireChange]) VALUES (N'4ebef8ef-745a-41fb-aa84-1687b6660892', 1, N'IdSettlementMode', 8, N'85e9bab0-c315-45b8-8922-51faeb4a7a9c', N'29291ad5-8764-4b8f-80de-285e5564fb00', N'Mode de rglement', N'Settlement Mode', N'Mode de rglement', N'Mode de rglement', N'Mode de rglement', NULL, N'de6c7aba-4848-41c9-8926-0bbdbd8a255c', N'form-group col-lg-6 col-md-6 col-sm-6', N'col-lg-4 col-md-4 col-sm-4', N'', 0, NULL, N'Document', NULL, NULL, 1, N'85e9bab0-c315-45b8-8922-51faeb4a7a9c', 1)
INSERT INTO [ERPSettings].[Component] ([IdComponent], [rank], [ComponentName], [IdComponentType], [IdFunctionality], [IdComponentParent], [FR], [EN], [AR], [DE], [CH], [ES], [IdButton], [classDiv], [classLabel], [class], [IsEncapsulated], [IdComponentChangedBy], [EntityName], [style], [ng_hide], [IsToInitialize], [IdFunctionalityForm], [IsFireChange]) VALUES (N'4eedbf69-92e9-45bb-824c-fae6e561c64a', 2, N'Echances', 17, N'b7e30a6e-02bb-4b23-8762-a0121459bf94', N'0515b965-45e4-426c-a431-7e02bce00984', N'Echances', N'Commitment', NULL, NULL, NULL, NULL, NULL, N'', N'', N'', 0, NULL, N'Document', NULL, NULL, 1, N'b7e30a6e-02bb-4b23-8762-a0121459bf94', NULL)
INSERT INTO [ERPSettings].[Component] ([IdComponent], [rank], [ComponentName], [IdComponentType], [IdFunctionality], [IdComponentParent], [FR], [EN], [AR], [DE], [CH], [ES], [IdButton], [classDiv], [classLabel], [class], [IsEncapsulated], [IdComponentChangedBy], [EntityName], [style], [ng_hide], [IsToInitialize], [IdFunctionalityForm], [IsFireChange]) VALUES (N'516f041e-a4d7-499e-b0db-82fdb207c695', 1, N'DetailsSettlementMode', 3, N'b7e30a6e-02bb-4b23-8762-a0121459bf94', N'8990b354-9590-4bdc-97d4-50544e244a30', N'Dtails mode de rglement', N'Details of settlement mode', N'DetailsSettlementMode_AR', N'DetailsSettlementMode_DE', N'DetailsSettlementMode_CH', N'DetailsSettlementMode_ES', N'a05e911d-0c78-4e30-a62a-d4e81e0a9f3e', N'col-lg-12 col-md-12 col-sm-12', N'col-lg-4 col-md-4 col-sm-4', N'', 0, N'24dcde32-b51e-4b61-9272-a795b6c54ca4', N'SettlementMode', NULL, NULL, 1, N'b7e30a6e-02bb-4b23-8762-a0121459bf94', NULL)
INSERT INTO [ERPSettings].[Component] ([IdComponent], [rank], [ComponentName], [IdComponentType], [IdFunctionality], [IdComponentParent], [FR], [EN], [AR], [DE], [CH], [ES], [IdButton], [classDiv], [classLabel], [class], [IsEncapsulated], [IdComponentChangedBy], [EntityName], [style], [ng_hide], [IsToInitialize], [IdFunctionalityForm], [IsFireChange]) VALUES (N'52155116-cb44-4a18-a7e0-2d66ff9506bd', 1, N'Percentage', 4, N'88888a3e-9ecb-43d6-9fce-099336b2a534', N'956850c8-29f8-43e9-b786-b234669e3a4c', N'Pourcentage', N'Percentage', N'Pourcentage_AR', N'Pourcentage_DE', N'Pourcentage_CH', N'Pourcentage_ES', NULL, N'col-lg-12 col-md-12 col-sm-12', N'col-lg-4 col-md-4 col-sm-4', N'', 0, NULL, N'DetailsSettlementMode', NULL, NULL, 1, N'88888a3e-9ecb-43d6-9fce-099336b2a534', NULL)
INSERT INTO [ERPSettings].[Component] ([IdComponent], [rank], [ComponentName], [IdComponentType], [IdFunctionality], [IdComponentParent], [FR], [EN], [AR], [DE], [CH], [ES], [IdButton], [classDiv], [classLabel], [class], [IsEncapsulated], [IdComponentChangedBy], [EntityName], [style], [ng_hide], [IsToInitialize], [IdFunctionalityForm], [IsFireChange]) VALUES (N'5b303095-2bc6-4292-91cd-ce6d6eab43c6', 2, N'Echances', 17, N'33dc2049-6b77-4753-b6aa-6c3a9ba81a30', N'5c07deec-94eb-4de0-ad19-2bfa7e8ad670', N'Echances', N'Commitment', NULL, NULL, NULL, NULL, NULL, N'', N'', N'', 0, NULL, N'Document', NULL, NULL, 1, N'33dc2049-6b77-4753-b6aa-6c3a9ba81a30', NULL)
INSERT INTO [ERPSettings].[Component] ([IdComponent], [rank], [ComponentName], [IdComponentType], [IdFunctionality], [IdComponentParent], [FR], [EN], [AR], [DE], [CH], [ES], [IdButton], [classDiv], [classLabel], [class], [IsEncapsulated], [IdComponentChangedBy], [EntityName], [style], [ng_hide], [IsToInitialize], [IdFunctionalityForm], [IsFireChange]) VALUES (N'5c53836b-3188-4c17-ad5d-753f18b1beb3', 1, N'IdSettlementMode', 8, N'33dc2049-6b77-4753-b6aa-6c3a9ba81a30', N'cf9dc6a7-aea3-40ca-ab8e-c502bdcf3ff4', N'Mode de rglement', N'Settlement Mode', N'Mode de rglement', N'Mode de rglement', N'Mode de rglement', NULL, N'72aa3245-97d7-45d0-a1b1-096756b5f570', N'form-group col-lg-6 col-md-6 col-sm-6', N'col-lg-4 col-md-4 col-sm-4', N'', 0, NULL, N'Document', NULL, NULL, 1, N'33dc2049-6b77-4753-b6aa-6c3a9ba81a30', 1)
INSERT INTO [ERPSettings].[Component] ([IdComponent], [rank], [ComponentName], [IdComponentType], [IdFunctionality], [IdComponentParent], [FR], [EN], [AR], [DE], [CH], [ES], [IdButton], [classDiv], [classLabel], [class], [IsEncapsulated], [IdComponentChangedBy], [EntityName], [style], [ng_hide], [IsToInitialize], [IdFunctionalityForm], [IsFireChange]) VALUES (N'5e3e67ea-330d-4b53-974c-cabb273f4991', 4, N'NumberDays', 4, N'7ae52d61-2e8f-40c1-9b16-55a1b016a286', N'acb79bc7-c616-4c5e-8514-5e4f49626251', N'Nombre de jours', N'Number of days', N'Nombre de jours_AR', N'Nombre de jours_DE', N'Nombre de jours_CH', N'Nombre de jours_ES', NULL, N'col-lg-12 col-md-12 col-sm-12', N'col-lg-4 col-md-4 col-sm-4', N'', 0, NULL, N'DetailsSettlementMode', NULL, NULL, 1, N'7ae52d61-2e8f-40c1-9b16-55a1b016a286', NULL)
INSERT INTO [ERPSettings].[Component] ([IdComponent], [rank], [ComponentName], [IdComponentType], [IdFunctionality], [IdComponentParent], [FR], [EN], [AR], [DE], [CH], [ES], [IdButton], [classDiv], [classLabel], [class], [IsEncapsulated], [IdComponentChangedBy], [EntityName], [style], [ng_hide], [IsToInitialize], [IdFunctionalityForm], [IsFireChange]) VALUES (N'61d6e3f8-fd8b-4cf4-ac78-6a4cccf3f54c', 5, N'SettlementDay', 4, N'7ae52d61-2e8f-40c1-9b16-55a1b016a286', N'acb79bc7-c616-4c5e-8514-5e4f49626251', N'Jours de rglement', N'Day of settlement', N'Jours de reglement_AR', N'Jours de reglement_DE', N'Jours de reglement_CH', N'Jours de reglement_ES', NULL, N'col-lg-12 col-md-12 col-sm-12', N'col-lg-4 col-md-4 col-sm-4', N'', 0, NULL, N'DetailsSettlementMode', NULL, NULL, 1, N'7ae52d61-2e8f-40c1-9b16-55a1b016a286', NULL)
INSERT INTO [ERPSettings].[Component] ([IdComponent], [rank], [ComponentName], [IdComponentType], [IdFunctionality], [IdComponentParent], [FR], [EN], [AR], [DE], [CH], [ES], [IdButton], [classDiv], [classLabel], [class], [IsEncapsulated], [IdComponentChangedBy], [EntityName], [style], [ng_hide], [IsToInitialize], [IdFunctionalityForm], [IsFireChange]) VALUES (N'640a37ab-5079-43d2-b108-c98e3dcac0bd', 2, N'Code', 4, N'a359eaa9-7f55-4f64-aaa7-bcb07115cfc3', N'c5283a69-dadd-438e-8690-09a944e78a84', N'Mthode de paiement', N'Method of payment', N'Methode de paiement_AR', N'Methode de paiement_DE', N'Methode de paiement_CH', N'Methode de paiement_ES', NULL, N'col-lg-12 col-md-12 col-sm-12', N'col-lg-4 col-md-4 col-sm-4', N'', 0, NULL, N'DetailsSettlementMode', NULL, NULL, 1, N'a359eaa9-7f55-4f64-aaa7-bcb07115cfc3', NULL)
INSERT INTO [ERPSettings].[Component] ([IdComponent], [rank], [ComponentName], [IdComponentType], [IdFunctionality], [IdComponentParent], [FR], [EN], [AR], [DE], [CH], [ES], [IdButton], [classDiv], [classLabel], [class], [IsEncapsulated], [IdComponentChangedBy], [EntityName], [style], [ng_hide], [IsToInitialize], [IdFunctionalityForm], [IsFireChange]) VALUES (N'67d5f2a0-e867-4b0a-ad75-4830efb2865d', 1, N'IdSettlementMode', 8, N'02268ec7-c879-47b8-b174-de3c359eff7a', N'71102ced-99c0-4c56-83cc-a2abb3d0e5cb', N'Mode de rglement', N'Settlement Mode', N'Mode de rglement', N'Mode de rglement', N'Mode de rglement', NULL, N'd7e6a0eb-b4f9-4a1b-8658-3300b55d983f', N'form-group col-lg-6 col-md-6 col-sm-6', N'col-lg-4 col-md-4 col-sm-4', N'', 0, NULL, N'Document', NULL, NULL, 1, N'02268ec7-c879-47b8-b174-de3c359eff7a', NULL)
INSERT INTO [ERPSettings].[Component] ([IdComponent], [rank], [ComponentName], [IdComponentType], [IdFunctionality], [IdComponentParent], [FR], [EN], [AR], [DE], [CH], [ES], [IdButton], [classDiv], [classLabel], [class], [IsEncapsulated], [IdComponentChangedBy], [EntityName], [style], [ng_hide], [IsToInitialize], [IdFunctionalityForm], [IsFireChange]) VALUES (N'6d240536-33c1-447e-ae23-6111f0c3af53', 3, N'Label', 4, N'88888a3e-9ecb-43d6-9fce-099336b2a534', N'956850c8-29f8-43e9-b786-b234669e3a4c', N'Type de rglement', N'Settlement Type', N'Type de reglement_AR', N'Type de reglement_DE', N'Type de reglement_CH', N'Type de reglement_ES', NULL, N'col-lg-12 col-md-12 col-sm-12', N'col-lg-4 col-md-4 col-sm-4', N'', 0, NULL, N'DetailsSettlementMode', NULL, NULL, 1, N'88888a3e-9ecb-43d6-9fce-099336b2a534', NULL)
INSERT INTO [ERPSettings].[Component] ([IdComponent], [rank], [ComponentName], [IdComponentType], [IdFunctionality], [IdComponentParent], [FR], [EN], [AR], [DE], [CH], [ES], [IdButton], [classDiv], [classLabel], [class], [IsEncapsulated], [IdComponentChangedBy], [EntityName], [style], [ng_hide], [IsToInitialize], [IdFunctionalityForm], [IsFireChange]) VALUES (N'6d6c893c-f66e-4c1f-b03f-b026d3f8a199', 2, N'Echances', 17, N'a359eaa9-7f55-4f64-aaa7-bcb07115cfc3', N'ab118b57-e4bb-4fbf-8a8d-a2ccee22dbc2', N'Echances', N'Commitment', NULL, NULL, NULL, NULL, NULL, N'col-lg-12 col-md-12 col-sm-12', N'', N'col-lg-12 col-md-12 col-sm-12', 0, NULL, N'Document', NULL, NULL, 1, N'a359eaa9-7f55-4f64-aaa7-bcb07115cfc3', NULL)
INSERT INTO [ERPSettings].[Component] ([IdComponent], [rank], [ComponentName], [IdComponentType], [IdFunctionality], [IdComponentParent], [FR], [EN], [AR], [DE], [CH], [ES], [IdButton], [classDiv], [classLabel], [class], [IsEncapsulated], [IdComponentChangedBy], [EntityName], [style], [ng_hide], [IsToInitialize], [IdFunctionalityForm], [IsFireChange]) VALUES (N'6fe9714e-a8ae-4c9c-bcf9-dd1ab72eb9a2', 1, N'IdSettlementMode', 8, N'a359eaa9-7f55-4f64-aaa7-bcb07115cfc3', N'e5882284-f513-4ba0-a217-fd8d903a8734', N'Mode de rglement', N'Settlement Mode', N'Mode de rglement', N'Mode de rglement', N'Mode de rglement', N'Devise_ES', N'80b34e65-3e40-458e-bcb9-f09744647314', N'form-group col-lg-6 col-md-6 col-sm-6', N'col-lg-5 col-md-5 col-sm-5', N'', 0, NULL, N'Document', NULL, NULL, 1, N'a359eaa9-7f55-4f64-aaa7-bcb07115cfc3', 1)
INSERT INTO [ERPSettings].[Component] ([IdComponent], [rank], [ComponentName], [IdComponentType], [IdFunctionality], [IdComponentParent], [FR], [EN], [AR], [DE], [CH], [ES], [IdButton], [classDiv], [classLabel], [class], [IsEncapsulated], [IdComponentChangedBy], [EntityName], [style], [ng_hide], [IsToInitialize], [IdFunctionalityForm], [IsFireChange]) VALUES (N'71e145c3-55dc-42ed-b931-7549e4691dd7', 5, N'SettlementDay', 4, N'b7e30a6e-02bb-4b23-8762-a0121459bf94', N'516f041e-a4d7-499e-b0db-82fdb207c695', N'Jours de rglement', N'Day of settlement', N'Jours de reglement_AR', N'Jours de reglement_DE', N'Jours de reglement_CH', N'Jours de reglement_ES', NULL, N'col-lg-12 col-md-12 col-sm-12', N'col-lg-4 col-md-4 col-sm-4', N'', 0, NULL, N'DetailsSettlementMode', NULL, NULL, 1, N'b7e30a6e-02bb-4b23-8762-a0121459bf94', NULL)
INSERT INTO [ERPSettings].[Component] ([IdComponent], [rank], [ComponentName], [IdComponentType], [IdFunctionality], [IdComponentParent], [FR], [EN], [AR], [DE], [CH], [ES], [IdButton], [classDiv], [classLabel], [class], [IsEncapsulated], [IdComponentChangedBy], [EntityName], [style], [ng_hide], [IsToInitialize], [IdFunctionalityForm], [IsFireChange]) VALUES (N'773e251d-913a-4b13-8206-2f22f16bcb48', 1, N'DIV1', 9, N'88888a3e-9ecb-43d6-9fce-099336b2a534', N'1c73fc85-3b50-4a40-b9db-8916fcb85a0a', NULL, NULL, NULL, NULL, NULL, NULL, NULL, N'', N'', N'col-lg-12 col-md-12 col-sm-12', 0, NULL, N'Document', NULL, NULL, 1, N'88888a3e-9ecb-43d6-9fce-099336b2a534', NULL)
INSERT INTO [ERPSettings].[Component] ([IdComponent], [rank], [ComponentName], [IdComponentType], [IdFunctionality], [IdComponentParent], [FR], [EN], [AR], [DE], [CH], [ES], [IdButton], [classDiv], [classLabel], [class], [IsEncapsulated], [IdComponentChangedBy], [EntityName], [style], [ng_hide], [IsToInitialize], [IdFunctionalityForm], [IsFireChange]) VALUES (N'77ebed44-b08d-48b2-bd80-151b9fce3626', 2, N'DIV2', 9, N'a359eaa9-7f55-4f64-aaa7-bcb07115cfc3', N'6d6c893c-f66e-4c1f-b03f-b026d3f8a199', NULL, NULL, NULL, NULL, NULL, NULL, NULL, N'', N'', N'col-lg-12 col-md-12 col-sm-12', 0, NULL, N'Document', NULL, NULL, 1, N'a359eaa9-7f55-4f64-aaa7-bcb07115cfc3', NULL)
INSERT INTO [ERPSettings].[Component] ([IdComponent], [rank], [ComponentName], [IdComponentType], [IdFunctionality], [IdComponentParent], [FR], [EN], [AR], [DE], [CH], [ES], [IdButton], [classDiv], [classLabel], [class], [IsEncapsulated], [IdComponentChangedBy], [EntityName], [style], [ng_hide], [IsToInitialize], [IdFunctionalityForm], [IsFireChange]) VALUES (N'77ff8f2b-248a-4152-8cef-b0b3ce631c45', 1, N'DetailsSettlementMode', 3, N'33dc2049-6b77-4753-b6aa-6c3a9ba81a30', N'1d2ec8b6-e7be-4e32-b307-4f936ba1cf34', N'Dtails mode de rglement', N'Details of settlement mode', N'DetailsSettlementMode_AR', N'DetailsSettlementMode_DE', N'DetailsSettlementMode_CH', N'DetailsSettlementMode_ES', N'a05e911d-0c78-4e30-a62a-d4e81e0a9f3e', N'col-lg-12 col-md-12 col-sm-12', N'col-lg-4 col-md-4 col-sm-4', N'', 0, N'5c53836b-3188-4c17-ad5d-753f18b1beb3', N'SettlementMode', NULL, NULL, 1, N'33dc2049-6b77-4753-b6aa-6c3a9ba81a30', NULL)
INSERT INTO [ERPSettings].[Component] ([IdComponent], [rank], [ComponentName], [IdComponentType], [IdFunctionality], [IdComponentParent], [FR], [EN], [AR], [DE], [CH], [ES], [IdButton], [classDiv], [classLabel], [class], [IsEncapsulated], [IdComponentChangedBy], [EntityName], [style], [ng_hide], [IsToInitialize], [IdFunctionalityForm], [IsFireChange]) VALUES (N'7a4eb6d2-7c89-406a-956c-430ce5cfe503', 1, N'Percentage', 4, N'7ae52d61-2e8f-40c1-9b16-55a1b016a286', N'acb79bc7-c616-4c5e-8514-5e4f49626251', N'Pourcentage', N'Percentage', N'Pourcentage_AR', N'Pourcentage_DE', N'Pourcentage_CH', N'Pourcentage_ES', NULL, N'col-lg-12 col-md-12 col-sm-12', N'col-lg-4 col-md-4 col-sm-4', N'', 0, NULL, N'DetailsSettlementMode', NULL, NULL, 1, N'7ae52d61-2e8f-40c1-9b16-55a1b016a286', NULL)
INSERT INTO [ERPSettings].[Component] ([IdComponent], [rank], [ComponentName], [IdComponentType], [IdFunctionality], [IdComponentParent], [FR], [EN], [AR], [DE], [CH], [ES], [IdButton], [classDiv], [classLabel], [class], [IsEncapsulated], [IdComponentChangedBy], [EntityName], [style], [ng_hide], [IsToInitialize], [IdFunctionalityForm], [IsFireChange]) VALUES (N'8252ddcd-c616-4135-ac8b-713d0c2529df', 2, N'Code', 4, N'7ae52d61-2e8f-40c1-9b16-55a1b016a286', N'acb79bc7-c616-4c5e-8514-5e4f49626251', N'Mthode de paiement', N'Method of payment', N'Methode de paiement_AR', N'Methode de paiement_DE', N'Methode de paiement_CH', N'Methode de paiement_ES', NULL, N'col-lg-12 col-md-12 col-sm-12', N'col-lg-4 col-md-4 col-sm-4', N'', 0, NULL, N'DetailsSettlementMode', NULL, NULL, 1, N'7ae52d61-2e8f-40c1-9b16-55a1b016a286', NULL)
INSERT INTO [ERPSettings].[Component] ([IdComponent], [rank], [ComponentName], [IdComponentType], [IdFunctionality], [IdComponentParent], [FR], [EN], [AR], [DE], [CH], [ES], [IdButton], [classDiv], [classLabel], [class], [IsEncapsulated], [IdComponentChangedBy], [EntityName], [style], [ng_hide], [IsToInitialize], [IdFunctionalityForm], [IsFireChange]) VALUES (N'82edab99-a06d-40c8-9a51-25c8356a0f92', 5, N'SettlementDay', 4, N'33dc2049-6b77-4753-b6aa-6c3a9ba81a30', N'77ff8f2b-248a-4152-8cef-b0b3ce631c45', N'Jours de rglement', N'Day of settlement', N'Jours de reglement_AR', N'Jours de reglement_DE', N'Jours de reglement_CH', N'Jours de reglement_ES', NULL, N'col-lg-12 col-md-12 col-sm-12', N'col-lg-4 col-md-4 col-sm-4', N'', 0, NULL, N'DetailsSettlementMode', NULL, NULL, 1, N'33dc2049-6b77-4753-b6aa-6c3a9ba81a30', NULL)
INSERT INTO [ERPSettings].[Component] ([IdComponent], [rank], [ComponentName], [IdComponentType], [IdFunctionality], [IdComponentParent], [FR], [EN], [AR], [DE], [CH], [ES], [IdButton], [classDiv], [classLabel], [class], [IsEncapsulated], [IdComponentChangedBy], [EntityName], [style], [ng_hide], [IsToInitialize], [IdFunctionalityForm], [IsFireChange]) VALUES (N'84fe2dab-a331-490b-a972-9c9b80a725a4', 2, N'Code', 4, N'88888a3e-9ecb-43d6-9fce-099336b2a534', N'956850c8-29f8-43e9-b786-b234669e3a4c', N'Mthode de paiement', N'Method of payment', N'Methode de paiement_AR', N'Methode de paiement_DE', N'Methode de paiement_CH', N'Methode de paiement_ES', NULL, N'col-lg-12 col-md-12 col-sm-12', N'col-lg-4 col-md-4 col-sm-4', N'', 0, NULL, N'DetailsSettlementMode', NULL, NULL, 1, N'88888a3e-9ecb-43d6-9fce-099336b2a534', NULL)
INSERT INTO [ERPSettings].[Component] ([IdComponent], [rank], [ComponentName], [IdComponentType], [IdFunctionality], [IdComponentParent], [FR], [EN], [AR], [DE], [CH], [ES], [IdButton], [classDiv], [classLabel], [class], [IsEncapsulated], [IdComponentChangedBy], [EntityName], [style], [ng_hide], [IsToInitialize], [IdFunctionalityForm], [IsFireChange]) VALUES (N'8990b354-9590-4bdc-97d4-50544e244a30', 2, N'DIV2', 9, N'b7e30a6e-02bb-4b23-8762-a0121459bf94', N'4eedbf69-92e9-45bb-824c-fae6e561c64a', NULL, NULL, NULL, NULL, NULL, NULL, NULL, N'', N'', N'col-lg-12 col-md-12 col-sm-12', 0, NULL, N'Document', NULL, NULL, 1, N'b7e30a6e-02bb-4b23-8762-a0121459bf94', NULL)
INSERT INTO [ERPSettings].[Component] ([IdComponent], [rank], [ComponentName], [IdComponentType], [IdFunctionality], [IdComponentParent], [FR], [EN], [AR], [DE], [CH], [ES], [IdButton], [classDiv], [classLabel], [class], [IsEncapsulated], [IdComponentChangedBy], [EntityName], [style], [ng_hide], [IsToInitialize], [IdFunctionalityForm], [IsFireChange]) VALUES (N'8c081440-781b-48eb-afb3-bd9b7df95e7d', 1, N'IdSettlementMode', 8, N'86ef34f3-b62f-4d0a-a673-bfecd5a8730e', N'df3ee55d-3acd-4017-8c30-37a0a3059046', N'Mode de rglement', N'Settlement Mode', N'Mode de rglement', N'Mode de rglement', N'Mode de rglement', NULL, N'a05e911d-0c78-4e30-a62a-d4e81e0a9f3e', N'form-group col-lg-6 col-md-6 col-sm-6', N'col-lg-4 col-md-4 col-sm-4', N'', 0, NULL, N'Document', NULL, NULL, 1, N'86ef34f3-b62f-4d0a-a673-bfecd5a8730e', NULL)
INSERT INTO [ERPSettings].[Component] ([IdComponent], [rank], [ComponentName], [IdComponentType], [IdFunctionality], [IdComponentParent], [FR], [EN], [AR], [DE], [CH], [ES], [IdButton], [classDiv], [classLabel], [class], [IsEncapsulated], [IdComponentChangedBy], [EntityName], [style], [ng_hide], [IsToInitialize], [IdFunctionalityForm], [IsFireChange]) VALUES (N'8dabe604-79c0-45ce-90f5-2aef837fb401', 1, N'Percentage', 4, N'b7e30a6e-02bb-4b23-8762-a0121459bf94', N'516f041e-a4d7-499e-b0db-82fdb207c695', N'Pourcentage', N'Percentage', N'Pourcentage_AR', N'Pourcentage_DE', N'Pourcentage_CH', N'Pourcentage_ES', NULL, N'col-lg-12 col-md-12 col-sm-12', N'col-lg-4 col-md-4 col-sm-4', N'', 0, NULL, N'DetailsSettlementMode', NULL, NULL, 1, N'b7e30a6e-02bb-4b23-8762-a0121459bf94', NULL)
INSERT INTO [ERPSettings].[Component] ([IdComponent], [rank], [ComponentName], [IdComponentType], [IdFunctionality], [IdComponentParent], [FR], [EN], [AR], [DE], [CH], [ES], [IdButton], [classDiv], [classLabel], [class], [IsEncapsulated], [IdComponentChangedBy], [EntityName], [style], [ng_hide], [IsToInitialize], [IdFunctionalityForm], [IsFireChange]) VALUES (N'8f1facd9-de96-4260-9b1c-62ad818c0700', 4, N'NumberDays', 4, N'88888a3e-9ecb-43d6-9fce-099336b2a534', N'956850c8-29f8-43e9-b786-b234669e3a4c', N'Nombre de jours', N'Number of days', N'Nombre de jours_AR', N'Nombre de jours_DE', N'Nombre de jours_CH', N'Nombre de jours_ES', NULL, N'col-lg-12 col-md-12 col-sm-12', N'col-lg-4 col-md-4 col-sm-4', N'', 0, NULL, N'DetailsSettlementMode', NULL, NULL, 1, N'88888a3e-9ecb-43d6-9fce-099336b2a534', NULL)
INSERT INTO [ERPSettings].[Component] ([IdComponent], [rank], [ComponentName], [IdComponentType], [IdFunctionality], [IdComponentParent], [FR], [EN], [AR], [DE], [CH], [ES], [IdButton], [classDiv], [classLabel], [class], [IsEncapsulated], [IdComponentChangedBy], [EntityName], [style], [ng_hide], [IsToInitialize], [IdFunctionalityForm], [IsFireChange]) VALUES (N'956850c8-29f8-43e9-b786-b234669e3a4c', 1, N'DetailsSettlementMode', 3, N'88888a3e-9ecb-43d6-9fce-099336b2a534', N'9c5f5090-1998-4a9a-91d0-b8ab78d143e6', N'Dtails mode de rglement', N'Details of settlement mode', N'DetailsSettlementMode_AR', N'DetailsSettlementMode_DE', N'DetailsSettlementMode_CH', N'DetailsSettlementMode_ES', N'a05e911d-0c78-4e30-a62a-d4e81e0a9f3e', N'col-lg-12 col-md-12 col-sm-12', N'col-lg-4 col-md-4 col-sm-4', N'', 0, N'e91b50d6-3871-42d0-b2d5-c9403844e36e', N'SettlementMode', NULL, NULL, 1, N'88888a3e-9ecb-43d6-9fce-099336b2a534', NULL)
INSERT INTO [ERPSettings].[Component] ([IdComponent], [rank], [ComponentName], [IdComponentType], [IdFunctionality], [IdComponentParent], [FR], [EN], [AR], [DE], [CH], [ES], [IdButton], [classDiv], [classLabel], [class], [IsEncapsulated], [IdComponentChangedBy], [EntityName], [style], [ng_hide], [IsToInitialize], [IdFunctionalityForm], [IsFireChange]) VALUES (N'9a3a0b23-db98-40b3-a1d3-ce4dbf0777fc', 1, N'Percentage', 4, N'33dc2049-6b77-4753-b6aa-6c3a9ba81a30', N'77ff8f2b-248a-4152-8cef-b0b3ce631c45', N'Pourcentage', N'Percentage', N'Pourcentage_AR', N'Pourcentage_DE', N'Pourcentage_CH', N'Pourcentage_ES', NULL, N'col-lg-12 col-md-12 col-sm-12', N'col-lg-4 col-md-4 col-sm-4', N'', 0, NULL, N'DetailsSettlementMode', NULL, NULL, 1, N'33dc2049-6b77-4753-b6aa-6c3a9ba81a30', NULL)
INSERT INTO [ERPSettings].[Component] ([IdComponent], [rank], [ComponentName], [IdComponentType], [IdFunctionality], [IdComponentParent], [FR], [EN], [AR], [DE], [CH], [ES], [IdButton], [classDiv], [classLabel], [class], [IsEncapsulated], [IdComponentChangedBy], [EntityName], [style], [ng_hide], [IsToInitialize], [IdFunctionalityForm], [IsFireChange]) VALUES (N'9c5f5090-1998-4a9a-91d0-b8ab78d143e6', 2, N'DIV2', 9, N'88888a3e-9ecb-43d6-9fce-099336b2a534', N'1c73fc85-3b50-4a40-b9db-8916fcb85a0a', NULL, NULL, NULL, NULL, NULL, NULL, NULL, N'', N'', N'col-lg-12 col-md-12 col-sm-12', 0, NULL, N'Document', NULL, NULL, 1, N'88888a3e-9ecb-43d6-9fce-099336b2a534', NULL)
INSERT INTO [ERPSettings].[Component] ([IdComponent], [rank], [ComponentName], [IdComponentType], [IdFunctionality], [IdComponentParent], [FR], [EN], [AR], [DE], [CH], [ES], [IdButton], [classDiv], [classLabel], [class], [IsEncapsulated], [IdComponentChangedBy], [EntityName], [style], [ng_hide], [IsToInitialize], [IdFunctionalityForm], [IsFireChange]) VALUES (N'9dfa8d9c-2094-45f9-a37b-584cb6d218da', 2, N'Code', 4, N'b7e30a6e-02bb-4b23-8762-a0121459bf94', N'516f041e-a4d7-499e-b0db-82fdb207c695', N'Mthode de paiement', N'Method of payment', N'Methode de paiement_AR', N'Methode de paiement_DE', N'Methode de paiement_CH', N'Methode de paiement_ES', NULL, N'col-lg-12 col-md-12 col-sm-12', N'col-lg-4 col-md-4 col-sm-4', N'', 0, NULL, N'DetailsSettlementMode', NULL, NULL, 1, N'b7e30a6e-02bb-4b23-8762-a0121459bf94', NULL)
INSERT INTO [ERPSettings].[Component] ([IdComponent], [rank], [ComponentName], [IdComponentType], [IdFunctionality], [IdComponentParent], [FR], [EN], [AR], [DE], [CH], [ES], [IdButton], [classDiv], [classLabel], [class], [IsEncapsulated], [IdComponentChangedBy], [EntityName], [style], [ng_hide], [IsToInitialize], [IdFunctionalityForm], [IsFireChange]) VALUES (N'9f19232a-e9ee-4d99-a064-6796a6a5ef53', 3, N'Label', 4, N'7ae52d61-2e8f-40c1-9b16-55a1b016a286', N'acb79bc7-c616-4c5e-8514-5e4f49626251', N'Type de rglement', N'Settlement Type', N'Type de reglement_AR', N'Type de reglement_DE', N'Type de reglement_CH', N'Type de reglement_ES', NULL, N'col-lg-12 col-md-12 col-sm-12', N'col-lg-4 col-md-4 col-sm-4', N'', 0, NULL, N'DetailsSettlementMode', NULL, NULL, 1, N'7ae52d61-2e8f-40c1-9b16-55a1b016a286', NULL)
INSERT INTO [ERPSettings].[Component] ([IdComponent], [rank], [ComponentName], [IdComponentType], [IdFunctionality], [IdComponentParent], [FR], [EN], [AR], [DE], [CH], [ES], [IdButton], [classDiv], [classLabel], [class], [IsEncapsulated], [IdComponentChangedBy], [EntityName], [style], [ng_hide], [IsToInitialize], [IdFunctionalityForm], [IsFireChange]) VALUES (N'a7ef8673-801d-4d44-9f88-a3be080e5188', 1, N'Percentage', 4, N'a359eaa9-7f55-4f64-aaa7-bcb07115cfc3', N'c5283a69-dadd-438e-8690-09a944e78a84', N'Pourcentage', N'Percentage', N'Pourcentage_AR', N'Pourcentage_DE', N'Pourcentage_CH', N'Pourcentage_ES', NULL, N'col-lg-12 col-md-12 col-sm-12', N'col-lg-4 col-md-4 col-sm-4', N'', 0, NULL, N'DetailsSettlementMode', NULL, NULL, 1, N'a359eaa9-7f55-4f64-aaa7-bcb07115cfc3', NULL)
INSERT INTO [ERPSettings].[Component] ([IdComponent], [rank], [ComponentName], [IdComponentType], [IdFunctionality], [IdComponentParent], [FR], [EN], [AR], [DE], [CH], [ES], [IdButton], [classDiv], [classLabel], [class], [IsEncapsulated], [IdComponentChangedBy], [EntityName], [style], [ng_hide], [IsToInitialize], [IdFunctionalityForm], [IsFireChange]) VALUES (N'acb79bc7-c616-4c5e-8514-5e4f49626251', 1, N'DetailsSettlementMode', 3, N'7ae52d61-2e8f-40c1-9b16-55a1b016a286', N'eeaeabb6-e63a-4c87-b00b-7fa3f7356032', N'Dtails mode de rglement', N'Details of settlement mode', N'DetailsSettlementMode_AR', N'DetailsSettlementMode_DE', N'DetailsSettlementMode_CH', N'DetailsSettlementMode_ES', N'a05e911d-0c78-4e30-a62a-d4e81e0a9f3e', N'col-lg-12 col-md-12 col-sm-12', N'col-lg-4 col-md-4 col-sm-4', N'', 0, N'aed30844-a93d-48e1-b17f-be734003e43b', N'SettlementMode', NULL, NULL, 1, N'7ae52d61-2e8f-40c1-9b16-55a1b016a286', NULL)
INSERT INTO [ERPSettings].[Component] ([IdComponent], [rank], [ComponentName], [IdComponentType], [IdFunctionality], [IdComponentParent], [FR], [EN], [AR], [DE], [CH], [ES], [IdButton], [classDiv], [classLabel], [class], [IsEncapsulated], [IdComponentChangedBy], [EntityName], [style], [ng_hide], [IsToInitialize], [IdFunctionalityForm], [IsFireChange]) VALUES (N'aed30844-a93d-48e1-b17f-be734003e43b', 1, N'IdSettlementMode', 8, N'7ae52d61-2e8f-40c1-9b16-55a1b016a286', N'e354fe80-52ef-4c8a-a63c-9fe50c806cf8', N'Mode de rglement', N'Settlement Mode', N'Mode de rglement', N'Mode de rglement', N'Mode de rglement', NULL, N'de6c7aba-4848-41c9-8926-0bbdbd8a255c', N'form-group col-lg-6 col-md-6 col-sm-6', N'col-lg-4 col-md-4 col-sm-4', N'', 0, NULL, N'Document', NULL, NULL, 1, N'7ae52d61-2e8f-40c1-9b16-55a1b016a286', 1)
INSERT INTO [ERPSettings].[Component] ([IdComponent], [rank], [ComponentName], [IdComponentType], [IdFunctionality], [IdComponentParent], [FR], [EN], [AR], [DE], [CH], [ES], [IdButton], [classDiv], [classLabel], [class], [IsEncapsulated], [IdComponentChangedBy], [EntityName], [style], [ng_hide], [IsToInitialize], [IdFunctionalityForm], [IsFireChange]) VALUES (N'b80cde46-3aa8-4657-a867-8c904bff0ddd', 3, N'Label', 4, N'b7e30a6e-02bb-4b23-8762-a0121459bf94', N'516f041e-a4d7-499e-b0db-82fdb207c695', N'Type de rglement', N'Settlement Type', N'Type de reglement_AR', N'Type de reglement_DE', N'Type de reglement_CH', N'Type de reglement_ES', NULL, N'col-lg-12 col-md-12 col-sm-12', N'col-lg-4 col-md-4 col-sm-4', N'', 0, NULL, N'DetailsSettlementMode', NULL, NULL, 1, N'b7e30a6e-02bb-4b23-8762-a0121459bf94', NULL)
INSERT INTO [ERPSettings].[Component] ([IdComponent], [rank], [ComponentName], [IdComponentType], [IdFunctionality], [IdComponentParent], [FR], [EN], [AR], [DE], [CH], [ES], [IdButton], [classDiv], [classLabel], [class], [IsEncapsulated], [IdComponentChangedBy], [EntityName], [style], [ng_hide], [IsToInitialize], [IdFunctionalityForm], [IsFireChange]) VALUES (N'bcc480f5-dff7-4179-b9c6-ef075cdfa3c2', 5, N'SettlementDay', 4, N'88888a3e-9ecb-43d6-9fce-099336b2a534', N'956850c8-29f8-43e9-b786-b234669e3a4c', N'Jours de rglement', N'Day of settlement', N'Jours de reglement_AR', N'Jours de reglement_DE', N'Jours de reglement_CH', N'Jours de reglement_ES', NULL, N'col-lg-12 col-md-12 col-sm-12', N'col-lg-4 col-md-4 col-sm-4', N'', 0, NULL, N'DetailsSettlementMode', NULL, NULL, 1, N'88888a3e-9ecb-43d6-9fce-099336b2a534', NULL)
INSERT INTO [ERPSettings].[Component] ([IdComponent], [rank], [ComponentName], [IdComponentType], [IdFunctionality], [IdComponentParent], [FR], [EN], [AR], [DE], [CH], [ES], [IdButton], [classDiv], [classLabel], [class], [IsEncapsulated], [IdComponentChangedBy], [EntityName], [style], [ng_hide], [IsToInitialize], [IdFunctionalityForm], [IsFireChange]) VALUES (N'c4852c57-5b58-486b-8131-1f78e3a3eb6a', 3, N'Label', 4, N'33dc2049-6b77-4753-b6aa-6c3a9ba81a30', N'77ff8f2b-248a-4152-8cef-b0b3ce631c45', N'Type de rglement', N'Settlement Type', N'Type de reglement_AR', N'Type de reglement_DE', N'Type de reglement_CH', N'Type de reglement_ES', NULL, N'col-lg-12 col-md-12 col-sm-12', N'col-lg-4 col-md-4 col-sm-4', N'', 0, NULL, N'DetailsSettlementMode', NULL, NULL, 1, N'33dc2049-6b77-4753-b6aa-6c3a9ba81a30', NULL)
INSERT INTO [ERPSettings].[Component] ([IdComponent], [rank], [ComponentName], [IdComponentType], [IdFunctionality], [IdComponentParent], [FR], [EN], [AR], [DE], [CH], [ES], [IdButton], [classDiv], [classLabel], [class], [IsEncapsulated], [IdComponentChangedBy], [EntityName], [style], [ng_hide], [IsToInitialize], [IdFunctionalityForm], [IsFireChange]) VALUES (N'c5283a69-dadd-438e-8690-09a944e78a84', 1, N'DetailsSettlementMode', 3, N'a359eaa9-7f55-4f64-aaa7-bcb07115cfc3', N'77ebed44-b08d-48b2-bd80-151b9fce3626', N'Dtails mode de rglement', N'Details of settlement mode', N'DetailsSettlementMode_AR', N'DetailsSettlementMode_DE', N'DetailsSettlementMode_CH', N'DetailsSettlementMode_ES', N'80b34e65-3e40-458e-bcb9-f09744647314', N'col-lg-12 col-md-12 col-sm-12', N'col-lg-4 col-md-4 col-sm-4', N'', 0, N'6fe9714e-a8ae-4c9c-bcf9-dd1ab72eb9a2', N'SettlementMode', NULL, NULL, 1, N'a359eaa9-7f55-4f64-aaa7-bcb07115cfc3', NULL)
INSERT INTO [ERPSettings].[Component] ([IdComponent], [rank], [ComponentName], [IdComponentType], [IdFunctionality], [IdComponentParent], [FR], [EN], [AR], [DE], [CH], [ES], [IdButton], [classDiv], [classLabel], [class], [IsEncapsulated], [IdComponentChangedBy], [EntityName], [style], [ng_hide], [IsToInitialize], [IdFunctionalityForm], [IsFireChange]) VALUES (N'cb4602c9-2aa3-4c30-9862-890fde5cb3e2', 2, N'Echances', 17, N'7ae52d61-2e8f-40c1-9b16-55a1b016a286', N'659f8c47-3dff-48ef-8e76-c897a924f0de', N'Echances', N'Commitment', NULL, NULL, NULL, NULL, NULL, N'', N'', N'', 0, NULL, N'Document', NULL, NULL, 1, N'7ae52d61-2e8f-40c1-9b16-55a1b016a286', NULL)
INSERT INTO [ERPSettings].[Component] ([IdComponent], [rank], [ComponentName], [IdComponentType], [IdFunctionality], [IdComponentParent], [FR], [EN], [AR], [DE], [CH], [ES], [IdButton], [classDiv], [classLabel], [class], [IsEncapsulated], [IdComponentChangedBy], [EntityName], [style], [ng_hide], [IsToInitialize], [IdFunctionalityForm], [IsFireChange]) VALUES (N'cf9dc6a7-aea3-40ca-ab8e-c502bdcf3ff4', 1, N'DIV1', 9, N'33dc2049-6b77-4753-b6aa-6c3a9ba81a30', N'5b303095-2bc6-4292-91cd-ce6d6eab43c6', NULL, NULL, NULL, NULL, NULL, NULL, NULL, N'', N'', N'col-lg-12 col-md-12 col-sm-12', 0, NULL, N'Document', NULL, NULL, 1, N'33dc2049-6b77-4753-b6aa-6c3a9ba81a30', NULL)
INSERT INTO [ERPSettings].[Component] ([IdComponent], [rank], [ComponentName], [IdComponentType], [IdFunctionality], [IdComponentParent], [FR], [EN], [AR], [DE], [CH], [ES], [IdButton], [classDiv], [classLabel], [class], [IsEncapsulated], [IdComponentChangedBy], [EntityName], [style], [ng_hide], [IsToInitialize], [IdFunctionalityForm], [IsFireChange]) VALUES (N'd4335f7b-a322-47bd-bae8-583bbb162a0e', 6, N'', 4, N'b7e30a6e-02bb-4b23-8762-a0121459bf94', N'516f041e-a4d7-499e-b0db-82fdb207c695', N'', N'', N'', N'', N'', N'', NULL, N'col-lg-12 col-md-12 col-sm-12', N'col-lg-4 col-md-4 col-sm-4', N'', 0, NULL, N'SettlementMode', NULL, NULL, 1, N'b7e30a6e-02bb-4b23-8762-a0121459bf94', NULL)
INSERT INTO [ERPSettings].[Component] ([IdComponent], [rank], [ComponentName], [IdComponentType], [IdFunctionality], [IdComponentParent], [FR], [EN], [AR], [DE], [CH], [ES], [IdButton], [classDiv], [classLabel], [class], [IsEncapsulated], [IdComponentChangedBy], [EntityName], [style], [ng_hide], [IsToInitialize], [IdFunctionalityForm], [IsFireChange]) VALUES (N'e354fe80-52ef-4c8a-a63c-9fe50c806cf8', 1, N'DIV1', 9, N'7ae52d61-2e8f-40c1-9b16-55a1b016a286', N'cb4602c9-2aa3-4c30-9862-890fde5cb3e2', NULL, NULL, NULL, NULL, NULL, NULL, NULL, N'', N'', N'col-lg-12 col-md-12 col-sm-12', 0, NULL, N'Document', NULL, NULL, 1, N'7ae52d61-2e8f-40c1-9b16-55a1b016a286', NULL)
INSERT INTO [ERPSettings].[Component] ([IdComponent], [rank], [ComponentName], [IdComponentType], [IdFunctionality], [IdComponentParent], [FR], [EN], [AR], [DE], [CH], [ES], [IdButton], [classDiv], [classLabel], [class], [IsEncapsulated], [IdComponentChangedBy], [EntityName], [style], [ng_hide], [IsToInitialize], [IdFunctionalityForm], [IsFireChange]) VALUES (N'e4174540-0bbe-4f05-856f-1efb652feb8c', 6, N'', 4, N'7ae52d61-2e8f-40c1-9b16-55a1b016a286', N'acb79bc7-c616-4c5e-8514-5e4f49626251', N'', N'', N'', N'', N'', N'', NULL, N'col-lg-12 col-md-12 col-sm-12', N'col-lg-4 col-md-4 col-sm-4', N'', 0, NULL, N'SettlementMode', NULL, NULL, 1, N'7ae52d61-2e8f-40c1-9b16-55a1b016a286', NULL)
INSERT INTO [ERPSettings].[Component] ([IdComponent], [rank], [ComponentName], [IdComponentType], [IdFunctionality], [IdComponentParent], [FR], [EN], [AR], [DE], [CH], [ES], [IdButton], [classDiv], [classLabel], [class], [IsEncapsulated], [IdComponentChangedBy], [EntityName], [style], [ng_hide], [IsToInitialize], [IdFunctionalityForm], [IsFireChange]) VALUES (N'e5882284-f513-4ba0-a217-fd8d903a8734', 1, N'DIV1', 9, N'a359eaa9-7f55-4f64-aaa7-bcb07115cfc3', N'6d6c893c-f66e-4c1f-b03f-b026d3f8a199', NULL, NULL, NULL, NULL, NULL, NULL, NULL, N'', N'', N'col-lg-12 col-md-12 col-sm-12', 0, NULL, N'Document', NULL, NULL, 1, N'a359eaa9-7f55-4f64-aaa7-bcb07115cfc3', NULL)
INSERT INTO [ERPSettings].[Component] ([IdComponent], [rank], [ComponentName], [IdComponentType], [IdFunctionality], [IdComponentParent], [FR], [EN], [AR], [DE], [CH], [ES], [IdButton], [classDiv], [classLabel], [class], [IsEncapsulated], [IdComponentChangedBy], [EntityName], [style], [ng_hide], [IsToInitialize], [IdFunctionalityForm], [IsFireChange]) VALUES (N'e91b50d6-3871-42d0-b2d5-c9403844e36e', 1, N'IdSettlementMode', 8, N'88888a3e-9ecb-43d6-9fce-099336b2a534', N'773e251d-913a-4b13-8206-2f22f16bcb48', N'Mode de rglement', N'Settlement Mode', N'Mode de rglement', N'Mode de rglement', N'Mode de rglement', NULL, N'f8264a79-1e83-4be2-9e17-a6e0e966d320', N'form-group col-lg-6 col-md-6 col-sm-6', N'col-lg-4 col-md-4 col-sm-4', N'', 0, NULL, N'Document', NULL, NULL, 1, N'88888a3e-9ecb-43d6-9fce-099336b2a534', 1)
INSERT INTO [ERPSettings].[Component] ([IdComponent], [rank], [ComponentName], [IdComponentType], [IdFunctionality], [IdComponentParent], [FR], [EN], [AR], [DE], [CH], [ES], [IdButton], [classDiv], [classLabel], [class], [IsEncapsulated], [IdComponentChangedBy], [EntityName], [style], [ng_hide], [IsToInitialize], [IdFunctionalityForm], [IsFireChange]) VALUES (N'ee098c58-e04b-45a7-8f10-dab5e12e9aaa', 5, N'SettlementDay', 4, N'a359eaa9-7f55-4f64-aaa7-bcb07115cfc3', N'c5283a69-dadd-438e-8690-09a944e78a84', N'Jours de rglement', N'Day of settlement', N'Jours de reglement_AR', N'Jours de reglement_DE', N'Jours de reglement_CH', N'Jours de reglement_ES', NULL, N'col-lg-12 col-md-12 col-sm-12', N'col-lg-4 col-md-4 col-sm-4', N'', 0, NULL, N'DetailsSettlementMode', NULL, NULL, 1, N'a359eaa9-7f55-4f64-aaa7-bcb07115cfc3', NULL)
INSERT INTO [ERPSettings].[Component] ([IdComponent], [rank], [ComponentName], [IdComponentType], [IdFunctionality], [IdComponentParent], [FR], [EN], [AR], [DE], [CH], [ES], [IdButton], [classDiv], [classLabel], [class], [IsEncapsulated], [IdComponentChangedBy], [EntityName], [style], [ng_hide], [IsToInitialize], [IdFunctionalityForm], [IsFireChange]) VALUES (N'eeaeabb6-e63a-4c87-b00b-7fa3f7356032', 2, N'DIV2', 9, N'7ae52d61-2e8f-40c1-9b16-55a1b016a286', N'cb4602c9-2aa3-4c30-9862-890fde5cb3e2', NULL, NULL, NULL, NULL, NULL, NULL, NULL, N'', N'', N'col-lg-12 col-md-12 col-sm-12', 0, NULL, N'Document', NULL, NULL, 1, N'7ae52d61-2e8f-40c1-9b16-55a1b016a286', NULL)
INSERT INTO [ERPSettings].[GridComponent] ([IdComponent], [TreeType], [k_on_change]) VALUES (N'516f041e-a4d7-499e-b0db-82fdb207c695', 0, NULL)
INSERT INTO [ERPSettings].[GridComponent] ([IdComponent], [TreeType], [k_on_change]) VALUES (N'77ff8f2b-248a-4152-8cef-b0b3ce631c45', 0, NULL)
INSERT INTO [ERPSettings].[GridComponent] ([IdComponent], [TreeType], [k_on_change]) VALUES (N'956850c8-29f8-43e9-b786-b234669e3a4c', 0, NULL)
INSERT INTO [ERPSettings].[GridComponent] ([IdComponent], [TreeType], [k_on_change]) VALUES (N'acb79bc7-c616-4c5e-8514-5e4f49626251', 0, NULL)
INSERT INTO [ERPSettings].[GridComponent] ([IdComponent], [TreeType], [k_on_change]) VALUES (N'c5283a69-dadd-438e-8690-09a944e78a84', 0, NULL)
INSERT INTO [ERPSettings].[ServiceParameters] ([IdServiceParameters], [Method], [URL], [TModel], [Module], [IdPredicateFormat], [TransactionUserId], [IsDeleted], [Deleted_Token]) VALUES (N'13de6bd9-c8aa-46ed-a210-041800d7c3e4', N'POST', N'/api/base/getPredicate', N'DetailsSettlementMode', N'Sales', N'85d21f6b-2f67-49bd-aefe-01251b725b26', NULL, 0, NULL)
INSERT INTO [ERPSettings].[ServiceParameters] ([IdServiceParameters], [Method], [URL], [TModel], [Module], [IdPredicateFormat], [TransactionUserId], [IsDeleted], [Deleted_Token]) VALUES (N'1bfa9f20-ece8-44be-8025-4df7b8d44a6b', N'POST', N'/api/base/getPredicate', N'DetailsSettlementMode', N'Sales', N'7dfafd79-8baf-47fb-b189-c7c5031d22fd', NULL, 0, NULL)
INSERT INTO [ERPSettings].[ServiceParameters] ([IdServiceParameters], [Method], [URL], [TModel], [Module], [IdPredicateFormat], [TransactionUserId], [IsDeleted], [Deleted_Token]) VALUES (N'229785c2-be39-4816-9f1d-6a5466af0854', N'POST', N'/api/base/getDataSourcePredicate', N'SettlementMode', N'Sales', N'bacd99de-88b0-41b9-b376-d493359d8427', NULL, 0, NULL)
INSERT INTO [ERPSettings].[ServiceParameters] ([IdServiceParameters], [Method], [URL], [TModel], [Module], [IdPredicateFormat], [TransactionUserId], [IsDeleted], [Deleted_Token]) VALUES (N'24448e04-7296-4c18-aff8-43f667bd5f22', N'POST', N'/api/base/getPredicate', N'DetailsSettlementMode', N'Sales', N'9e3ea59f-9868-424a-acca-32e24117fc4e', NULL, 0, NULL)
INSERT INTO [ERPSettings].[ServiceParameters] ([IdServiceParameters], [Method], [URL], [TModel], [Module], [IdPredicateFormat], [TransactionUserId], [IsDeleted], [Deleted_Token]) VALUES (N'28653486-3f9e-4b1b-9ce6-25e2c6cc7d9f', N'POST', N'/api/base/getDataSourcePredicate', N'SettlementMode', N'Sales', N'81d74063-b574-45f4-bc66-7838b0132474', NULL, 0, NULL)
INSERT INTO [ERPSettings].[ServiceParameters] ([IdServiceParameters], [Method], [URL], [TModel], [Module], [IdPredicateFormat], [TransactionUserId], [IsDeleted], [Deleted_Token]) VALUES (N'2943e5f2-0ec8-42f0-828e-0caa39d81284', N'POST', N'/api/base/getDataSourcePredicate', N'SettlementMode', N'Sales', N'32ec0e56-0234-407c-bf4a-7285c0be6e10', NULL, 0, NULL)
INSERT INTO [ERPSettings].[ServiceParameters] ([IdServiceParameters], [Method], [URL], [TModel], [Module], [IdPredicateFormat], [TransactionUserId], [IsDeleted], [Deleted_Token]) VALUES (N'350eb5dc-56d9-45a9-8548-4492143efdda', N'POST', N'/api/base/getDataSourcePredicate', N'SettlementMode', N'Sales', N'a639fd17-5a44-415a-a510-17e9db91f7bb', NULL, 0, NULL)
INSERT INTO [ERPSettings].[ServiceParameters] ([IdServiceParameters], [Method], [URL], [TModel], [Module], [IdPredicateFormat], [TransactionUserId], [IsDeleted], [Deleted_Token]) VALUES (N'38e80f2c-d6f4-40a7-9c23-177e09d0bf91', N'POST', N'/api/base/getPredicate', N'DetailsSettlementMode', N'Sales', N'42dddef0-294c-46f0-8c89-38afaf5e4a1f', NULL, 0, NULL)
INSERT INTO [ERPSettings].[ServiceParameters] ([IdServiceParameters], [Method], [URL], [TModel], [Module], [IdPredicateFormat], [TransactionUserId], [IsDeleted], [Deleted_Token]) VALUES (N'4f0118f9-5044-4b2c-a01f-2086dcf372c7', N'POST', N'/api/base/getPredicate', N'DetailsSettlementMode', N'Sales', N'd29cbccc-1b02-483f-afc3-282e234392ea', NULL, 0, NULL)
INSERT INTO [ERPSettings].[ServiceParameters] ([IdServiceParameters], [Method], [URL], [TModel], [Module], [IdPredicateFormat], [TransactionUserId], [IsDeleted], [Deleted_Token]) VALUES (N'507e313c-4fd6-48bf-bd74-134fb6d684c4', N'POST', N'/api/base/getDataSourcePredicate', N'SettlementMode', N'Sales', N'f2313c53-d093-4090-b3b8-930e18bf229c', NULL, 0, NULL)
INSERT INTO [ERPSettings].[ServiceParameters] ([IdServiceParameters], [Method], [URL], [TModel], [Module], [IdPredicateFormat], [TransactionUserId], [IsDeleted], [Deleted_Token]) VALUES (N'6ad8af71-5e7c-4b8e-824b-a8edcf43a9ae', N'POST', N'/api/base/getDataSourcePredicate', N'SettlementMode', N'Sales', N'2a6fa059-0bd4-4705-9e72-ae7a53410ad3', NULL, 0, NULL)
INSERT INTO [ERPSettings].[ServiceParameters] ([IdServiceParameters], [Method], [URL], [TModel], [Module], [IdPredicateFormat], [TransactionUserId], [IsDeleted], [Deleted_Token]) VALUES (N'6d2fd13d-69ac-43bf-a7c2-958fea5d675a', N'POST', N'/api/base/getDataSourcePredicate', N'SettlementMode', N'Sales', N'0d71e5bb-8638-4683-bb75-9cc943d12037', NULL, 0, NULL)
INSERT INTO [ERPSettings].[ServiceParameters] ([IdServiceParameters], [Method], [URL], [TModel], [Module], [IdPredicateFormat], [TransactionUserId], [IsDeleted], [Deleted_Token]) VALUES (N'853059c6-b3d5-4a12-b7d1-8418c3995035', N'POST', N'/api/base/getDataSourcePredicate', N'SettlementMode', N'Sales', N'2db443e5-c23d-4fa0-a9ed-f65f7f5e0589', NULL, 0, NULL)
INSERT INTO [ERPSettings].[ServiceParameters] ([IdServiceParameters], [Method], [URL], [TModel], [Module], [IdPredicateFormat], [TransactionUserId], [IsDeleted], [Deleted_Token]) VALUES (N'97ea6228-2748-4a6c-93f9-43e69e04c0b7', N'POST', N'/api/base/getPredicate', N'DetailsSettlementMode', N'Sales', N'7e20505b-de2f-4f56-ac29-3f1fa7d1a803', NULL, 0, NULL)
INSERT INTO [ERPSettings].[ServiceParameters] ([IdServiceParameters], [Method], [URL], [TModel], [Module], [IdPredicateFormat], [TransactionUserId], [IsDeleted], [Deleted_Token]) VALUES (N'b80adc16-04e6-43ac-ae22-7e44e521749f', N'POST', N'/api/base/getPredicate', N'DetailsSettlementMode', N'Sales', N'4df8eb43-0814-432d-9944-c5ddfd47bc5c', NULL, 0, NULL)
INSERT INTO [ERPSettings].[ServiceParameters] ([IdServiceParameters], [Method], [URL], [TModel], [Module], [IdPredicateFormat], [TransactionUserId], [IsDeleted], [Deleted_Token]) VALUES (N'bd97e7c2-339e-4a54-bb3a-518c1064a845', N'POST', N'/api/base/getPredicate', N'DetailsSettlementMode', N'Sales', N'10b548b4-5601-4ce4-8f7c-49eced1d055a', NULL, 0, NULL)
INSERT INTO [ERPSettings].[ServiceParameters] ([IdServiceParameters], [Method], [URL], [TModel], [Module], [IdPredicateFormat], [TransactionUserId], [IsDeleted], [Deleted_Token]) VALUES (N'c2a9fd68-1d7e-43a7-a221-97907a3a4557', N'POST', N'/api/base/getPredicate', N'DetailsSettlementMode', N'Sales', N'8273f0f9-d822-456d-b60f-ba61e1f4ca37', NULL, 0, NULL)
INSERT INTO [ERPSettings].[ServiceParameters] ([IdServiceParameters], [Method], [URL], [TModel], [Module], [IdPredicateFormat], [TransactionUserId], [IsDeleted], [Deleted_Token]) VALUES (N'd6333f09-f32f-4ab8-b99e-d99c118e78d9', N'POST', N'/api/base/getPredicate', N'DetailsSettlementMode', N'Sales', N'b8a4d770-1f23-4858-8ada-413daab7f48f', NULL, 0, NULL)
INSERT INTO [ERPSettings].[ServiceParameters] ([IdServiceParameters], [Method], [URL], [TModel], [Module], [IdPredicateFormat], [TransactionUserId], [IsDeleted], [Deleted_Token]) VALUES (N'e4407f18-ef8e-493d-aa6e-b5f3111607af', N'POST', N'/api/base/getDataSourcePredicate', N'SettlementMode', N'Sales', N'c3dbdba8-58f9-453d-a1d6-7f3a4db291ec', NULL, 0, NULL)
INSERT INTO [ERPSettings].[ServiceParameters] ([IdServiceParameters], [Method], [URL], [TModel], [Module], [IdPredicateFormat], [TransactionUserId], [IsDeleted], [Deleted_Token]) VALUES (N'e56d9758-5b53-4482-b4e8-f1cb62ff3411', N'POST', N'/api/base/getPredicate', N'DetailsSettlementMode', N'Sales', N'6315ae39-8f11-4e65-8998-466fd12fdaaa', NULL, 0, NULL)
INSERT INTO [ERPSettings].[ServiceParameters] ([IdServiceParameters], [Method], [URL], [TModel], [Module], [IdPredicateFormat], [TransactionUserId], [IsDeleted], [Deleted_Token]) VALUES (N'efb55773-c87f-4d08-8b44-2320299d7b4f', N'POST', N'/api/base/getPredicate', N'DetailsSettlementMode', N'Sales', N'7980336d-1013-4c85-b4fe-5e1910f03395', NULL, 0, NULL)
INSERT INTO [ERPSettings].[GridOptions] ([IdGridOptions], [name], [allowCopy], [altRowTemplate], [autoBind], [dataBound], [columnResizeHandleWidth], [columnMenu], [detailTemplate], [editable], [filterable], [groupable], [height], [mobile], [navigatable], [noRecords], [pageable], [reorderable], [resizable], [rowTemplate], [scrollable], [selectable], [sortable], [excel], [pdf], [checkboxes], [dataTextField], [select], [check], [expand], [loadOnDemand]) VALUES (N'516f041e-a4d7-499e-b0db-82fdb207c695', NULL, 0, N'True', 1, NULL, NULL, 0, NULL, 0, 1, 1, 500, 0, 1, 0, 1, 0, 1, NULL, 1, N'0', 1, 0, 0, NULL, NULL, NULL, NULL, NULL, NULL)
INSERT INTO [ERPSettings].[GridOptions] ([IdGridOptions], [name], [allowCopy], [altRowTemplate], [autoBind], [dataBound], [columnResizeHandleWidth], [columnMenu], [detailTemplate], [editable], [filterable], [groupable], [height], [mobile], [navigatable], [noRecords], [pageable], [reorderable], [resizable], [rowTemplate], [scrollable], [selectable], [sortable], [excel], [pdf], [checkboxes], [dataTextField], [select], [check], [expand], [loadOnDemand]) VALUES (N'77ff8f2b-248a-4152-8cef-b0b3ce631c45', NULL, 0, N'True', 1, NULL, NULL, 0, NULL, 0, 1, 1, 500, 0, 1, 0, 1, 0, 1, NULL, 1, N'0', 1, 0, 0, NULL, NULL, NULL, NULL, NULL, NULL)
INSERT INTO [ERPSettings].[GridOptions] ([IdGridOptions], [name], [allowCopy], [altRowTemplate], [autoBind], [dataBound], [columnResizeHandleWidth], [columnMenu], [detailTemplate], [editable], [filterable], [groupable], [height], [mobile], [navigatable], [noRecords], [pageable], [reorderable], [resizable], [rowTemplate], [scrollable], [selectable], [sortable], [excel], [pdf], [checkboxes], [dataTextField], [select], [check], [expand], [loadOnDemand]) VALUES (N'956850c8-29f8-43e9-b786-b234669e3a4c', NULL, 0, N'True', 1, NULL, NULL, 0, NULL, 0, 1, 1, 500, 0, 1, 0, 1, 0, 1, NULL, 1, N'0', 1, 0, 0, NULL, NULL, NULL, NULL, NULL, NULL)
INSERT INTO [ERPSettings].[GridOptions] ([IdGridOptions], [name], [allowCopy], [altRowTemplate], [autoBind], [dataBound], [columnResizeHandleWidth], [columnMenu], [detailTemplate], [editable], [filterable], [groupable], [height], [mobile], [navigatable], [noRecords], [pageable], [reorderable], [resizable], [rowTemplate], [scrollable], [selectable], [sortable], [excel], [pdf], [checkboxes], [dataTextField], [select], [check], [expand], [loadOnDemand]) VALUES (N'acb79bc7-c616-4c5e-8514-5e4f49626251', NULL, 0, N'True', 1, NULL, NULL, 0, NULL, 0, 1, 1, 500, 0, 1, 0, 1, 0, 1, NULL, 1, N'0', 1, 0, 0, NULL, NULL, NULL, NULL, NULL, NULL)
INSERT INTO [ERPSettings].[GridOptions] ([IdGridOptions], [name], [allowCopy], [altRowTemplate], [autoBind], [dataBound], [columnResizeHandleWidth], [columnMenu], [detailTemplate], [editable], [filterable], [groupable], [height], [mobile], [navigatable], [noRecords], [pageable], [reorderable], [resizable], [rowTemplate], [scrollable], [selectable], [sortable], [excel], [pdf], [checkboxes], [dataTextField], [select], [check], [expand], [loadOnDemand]) VALUES (N'c5283a69-dadd-438e-8690-09a944e78a84', NULL, 0, N'True', 1, NULL, NULL, 0, NULL, 0, 1, 1, 500, 0, 1, 0, 1, 0, 1, NULL, 1, N'0', 1, 0, 0, NULL, NULL, NULL, NULL, NULL, NULL)
INSERT INTO [ERPSettings].[DropDownListDataSource] ([IdDropDownListOptions], [IdServiceParameters], [error], [autoSync], [pageSize], [serverPaging], [serverSorting], [serverFiltering], [serverGrouping], [serverAggregates]) VALUES (N'24dcde32-b51e-4b61-9272-a795b6c54ca4', N'e4407f18-ef8e-493d-aa6e-b5f3111607af', NULL, 0, 32, 1, 0, 1, 0, 0)
INSERT INTO [ERPSettings].[DropDownListDataSource] ([IdDropDownListOptions], [IdServiceParameters], [error], [autoSync], [pageSize], [serverPaging], [serverSorting], [serverFiltering], [serverGrouping], [serverAggregates]) VALUES (N'39fa4547-7997-4068-a425-baeb2960cd46', N'350eb5dc-56d9-45a9-8548-4492143efdda', NULL, 0, 32, 1, 0, 1, 0, 0)
INSERT INTO [ERPSettings].[DropDownListDataSource] ([IdDropDownListOptions], [IdServiceParameters], [error], [autoSync], [pageSize], [serverPaging], [serverSorting], [serverFiltering], [serverGrouping], [serverAggregates]) VALUES (N'4ebef8ef-745a-41fb-aa84-1687b6660892', N'6ad8af71-5e7c-4b8e-824b-a8edcf43a9ae', NULL, 0, 32, 1, 0, 1, 0, 0)
INSERT INTO [ERPSettings].[DropDownListDataSource] ([IdDropDownListOptions], [IdServiceParameters], [error], [autoSync], [pageSize], [serverPaging], [serverSorting], [serverFiltering], [serverGrouping], [serverAggregates]) VALUES (N'5c53836b-3188-4c17-ad5d-753f18b1beb3', N'28653486-3f9e-4b1b-9ce6-25e2c6cc7d9f', NULL, 0, 32, 1, 0, 1, 0, 0)
INSERT INTO [ERPSettings].[DropDownListDataSource] ([IdDropDownListOptions], [IdServiceParameters], [error], [autoSync], [pageSize], [serverPaging], [serverSorting], [serverFiltering], [serverGrouping], [serverAggregates]) VALUES (N'67d5f2a0-e867-4b0a-ad75-4830efb2865d', N'2943e5f2-0ec8-42f0-828e-0caa39d81284', NULL, 0, 32, 1, 0, 1, 0, 0)
INSERT INTO [ERPSettings].[DropDownListDataSource] ([IdDropDownListOptions], [IdServiceParameters], [error], [autoSync], [pageSize], [serverPaging], [serverSorting], [serverFiltering], [serverGrouping], [serverAggregates]) VALUES (N'6fe9714e-a8ae-4c9c-bcf9-dd1ab72eb9a2', N'229785c2-be39-4816-9f1d-6a5466af0854', NULL, 0, 32, 1, 0, 1, 0, 0)
INSERT INTO [ERPSettings].[DropDownListDataSource] ([IdDropDownListOptions], [IdServiceParameters], [error], [autoSync], [pageSize], [serverPaging], [serverSorting], [serverFiltering], [serverGrouping], [serverAggregates]) VALUES (N'8c081440-781b-48eb-afb3-bd9b7df95e7d', N'853059c6-b3d5-4a12-b7d1-8418c3995035', NULL, 0, 32, 1, 0, 1, 0, 0)
INSERT INTO [ERPSettings].[DropDownListDataSource] ([IdDropDownListOptions], [IdServiceParameters], [error], [autoSync], [pageSize], [serverPaging], [serverSorting], [serverFiltering], [serverGrouping], [serverAggregates]) VALUES (N'aed30844-a93d-48e1-b17f-be734003e43b', N'6d2fd13d-69ac-43bf-a7c2-958fea5d675a', NULL, 0, 32, 1, 0, 1, 0, 0)
INSERT INTO [ERPSettings].[DropDownListDataSource] ([IdDropDownListOptions], [IdServiceParameters], [error], [autoSync], [pageSize], [serverPaging], [serverSorting], [serverFiltering], [serverGrouping], [serverAggregates]) VALUES (N'e91b50d6-3871-42d0-b2d5-c9403844e36e', N'507e313c-4fd6-48bf-bd74-134fb6d684c4', NULL, 0, 32, 1, 0, 1, 0, 0)
INSERT INTO [ERPSettings].[GridDataSource] ([IdGridOptions], [IdServiceParameters], [error], [autoSync], [pageSize], [serverPaging], [serverSorting], [serverFiltering], [serverGrouping], [serverAggregates], [batch], [Id], [ParentId], [children], [hasChildrens], [expanded]) VALUES (N'516f041e-a4d7-499e-b0db-82fdb207c695', N'24448e04-7296-4c18-aff8-43f667bd5f22', NULL, 0, 5, 0, 0, 0, 0, 0, 0, NULL, NULL, NULL, NULL, NULL)
INSERT INTO [ERPSettings].[GridDataSource] ([IdGridOptions], [IdServiceParameters], [error], [autoSync], [pageSize], [serverPaging], [serverSorting], [serverFiltering], [serverGrouping], [serverAggregates], [batch], [Id], [ParentId], [children], [hasChildrens], [expanded]) VALUES (N'77ff8f2b-248a-4152-8cef-b0b3ce631c45', N'13de6bd9-c8aa-46ed-a210-041800d7c3e4', NULL, 0, 5, 0, 0, 0, 0, 0, 0, NULL, NULL, NULL, NULL, NULL)
INSERT INTO [ERPSettings].[GridDataSource] ([IdGridOptions], [IdServiceParameters], [error], [autoSync], [pageSize], [serverPaging], [serverSorting], [serverFiltering], [serverGrouping], [serverAggregates], [batch], [Id], [ParentId], [children], [hasChildrens], [expanded]) VALUES (N'956850c8-29f8-43e9-b786-b234669e3a4c', N'e56d9758-5b53-4482-b4e8-f1cb62ff3411', NULL, 0, 5, 0, 0, 0, 0, 0, 0, NULL, NULL, NULL, NULL, NULL)
INSERT INTO [ERPSettings].[GridDataSource] ([IdGridOptions], [IdServiceParameters], [error], [autoSync], [pageSize], [serverPaging], [serverSorting], [serverFiltering], [serverGrouping], [serverAggregates], [batch], [Id], [ParentId], [children], [hasChildrens], [expanded]) VALUES (N'acb79bc7-c616-4c5e-8514-5e4f49626251', N'efb55773-c87f-4d08-8b44-2320299d7b4f', NULL, 0, 5, 0, 0, 0, 0, 0, 0, NULL, NULL, NULL, NULL, NULL)
INSERT INTO [ERPSettings].[GridDataSource] ([IdGridOptions], [IdServiceParameters], [error], [autoSync], [pageSize], [serverPaging], [serverSorting], [serverFiltering], [serverGrouping], [serverAggregates], [batch], [Id], [ParentId], [children], [hasChildrens], [expanded]) VALUES (N'c5283a69-dadd-438e-8690-09a944e78a84', N'd6333f09-f32f-4ab8-b99e-d99c118e78d9', NULL, 0, 5, 0, 0, 0, 0, 0, 0, NULL, NULL, NULL, NULL, NULL)
INSERT INTO [ERPSettings].[Relation] ([IdRelation], [IdPredicateFormat], [Prop], [TransactionUserId], [IsDeleted], [Deleted_Token]) VALUES (N'03f5568b-c340-4235-bf6c-bfc5a61e021e', N'9e3ea59f-9868-424a-acca-32e24117fc4e', N'IdPaymentMethodNavigation', NULL, 0, NULL)
INSERT INTO [ERPSettings].[Relation] ([IdRelation], [IdPredicateFormat], [Prop], [TransactionUserId], [IsDeleted], [Deleted_Token]) VALUES (N'10d2c79f-1a0b-4099-b172-02197b66be6b', N'd29cbccc-1b02-483f-afc3-282e234392ea', N'IdSettlementTypeNavigation', NULL, 0, NULL)
INSERT INTO [ERPSettings].[Relation] ([IdRelation], [IdPredicateFormat], [Prop], [TransactionUserId], [IsDeleted], [Deleted_Token]) VALUES (N'13acc8b6-6c1b-44aa-8e62-1f2c1bb4ebe6', N'6315ae39-8f11-4e65-8998-466fd12fdaaa', N'IdSettlementTypeNavigation', NULL, 0, NULL)
INSERT INTO [ERPSettings].[Relation] ([IdRelation], [IdPredicateFormat], [Prop], [TransactionUserId], [IsDeleted], [Deleted_Token]) VALUES (N'1a60e94e-40ce-4745-a0d4-76e995b453a5', N'85d21f6b-2f67-49bd-aefe-01251b725b26', N'IdSettlementTypeNavigation', NULL, 0, NULL)
INSERT INTO [ERPSettings].[Relation] ([IdRelation], [IdPredicateFormat], [Prop], [TransactionUserId], [IsDeleted], [Deleted_Token]) VALUES (N'21cc117d-fadf-4d3b-a7f0-1fb70e04b035', N'7e20505b-de2f-4f56-ac29-3f1fa7d1a803', N'IdPaymentMethodNavigation', NULL, 0, NULL)
INSERT INTO [ERPSettings].[Relation] ([IdRelation], [IdPredicateFormat], [Prop], [TransactionUserId], [IsDeleted], [Deleted_Token]) VALUES (N'2724f1c3-8e86-4b63-b820-2c1131f488be', N'9e3ea59f-9868-424a-acca-32e24117fc4e', N'IdSettlementTypeNavigation', NULL, 0, NULL)
INSERT INTO [ERPSettings].[Relation] ([IdRelation], [IdPredicateFormat], [Prop], [TransactionUserId], [IsDeleted], [Deleted_Token]) VALUES (N'2a2ea114-e901-4865-ba3f-1fa43a2c4b80', N'b8a4d770-1f23-4858-8ada-413daab7f48f', N'IdSettlementTypeNavigation', NULL, 0, NULL)
INSERT INTO [ERPSettings].[Relation] ([IdRelation], [IdPredicateFormat], [Prop], [TransactionUserId], [IsDeleted], [Deleted_Token]) VALUES (N'36831971-4609-4f2a-91ef-af7660e0aaa9', N'7980336d-1013-4c85-b4fe-5e1910f03395', N'IdPaymentMethodNavigation', NULL, 0, NULL)
INSERT INTO [ERPSettings].[Relation] ([IdRelation], [IdPredicateFormat], [Prop], [TransactionUserId], [IsDeleted], [Deleted_Token]) VALUES (N'43ca8b37-ae80-428e-acb7-0148cd031f2d', N'42dddef0-294c-46f0-8c89-38afaf5e4a1f', N'IdPaymentMethodNavigation', NULL, 0, NULL)
INSERT INTO [ERPSettings].[Relation] ([IdRelation], [IdPredicateFormat], [Prop], [TransactionUserId], [IsDeleted], [Deleted_Token]) VALUES (N'43d96e0b-b7c7-455f-9ad7-d49646c74576', N'7dfafd79-8baf-47fb-b189-c7c5031d22fd', N'IdPaymentMethodNavigation', NULL, 0, NULL)
INSERT INTO [ERPSettings].[Relation] ([IdRelation], [IdPredicateFormat], [Prop], [TransactionUserId], [IsDeleted], [Deleted_Token]) VALUES (N'4588d046-abe4-4501-838f-57fa14bab907', N'4df8eb43-0814-432d-9944-c5ddfd47bc5c', N'IdPaymentMethodNavigation', NULL, 0, NULL)
INSERT INTO [ERPSettings].[Relation] ([IdRelation], [IdPredicateFormat], [Prop], [TransactionUserId], [IsDeleted], [Deleted_Token]) VALUES (N'553ab946-c168-4fca-acc7-7bcccf7b6464', N'4df8eb43-0814-432d-9944-c5ddfd47bc5c', N'IdSettlementTypeNavigation', NULL, 0, NULL)
INSERT INTO [ERPSettings].[Relation] ([IdRelation], [IdPredicateFormat], [Prop], [TransactionUserId], [IsDeleted], [Deleted_Token]) VALUES (N'5e265ce6-8fd0-4556-8846-c997c4b6012b', N'8273f0f9-d822-456d-b60f-ba61e1f4ca37', N'IdPaymentMethodNavigation', NULL, 0, NULL)
INSERT INTO [ERPSettings].[Relation] ([IdRelation], [IdPredicateFormat], [Prop], [TransactionUserId], [IsDeleted], [Deleted_Token]) VALUES (N'6d1383c8-4867-46c6-bb99-8a3dd2b4c02d', N'7e20505b-de2f-4f56-ac29-3f1fa7d1a803', N'IdSettlementTypeNavigation', NULL, 0, NULL)
INSERT INTO [ERPSettings].[Relation] ([IdRelation], [IdPredicateFormat], [Prop], [TransactionUserId], [IsDeleted], [Deleted_Token]) VALUES (N'8045f4eb-3e97-4998-91d0-9fd889e4b8e7', N'85d21f6b-2f67-49bd-aefe-01251b725b26', N'IdPaymentMethodNavigation', NULL, 0, NULL)
INSERT INTO [ERPSettings].[Relation] ([IdRelation], [IdPredicateFormat], [Prop], [TransactionUserId], [IsDeleted], [Deleted_Token]) VALUES (N'94056a29-8548-47e8-8a27-c2856f8f5c3f', N'10b548b4-5601-4ce4-8f7c-49eced1d055a', N'IdSettlementTypeNavigation', NULL, 0, NULL)
INSERT INTO [ERPSettings].[Relation] ([IdRelation], [IdPredicateFormat], [Prop], [TransactionUserId], [IsDeleted], [Deleted_Token]) VALUES (N'94a47e92-a29c-4963-a352-f42cde9fe42c', N'b8a4d770-1f23-4858-8ada-413daab7f48f', N'IdPaymentMethodNavigation', NULL, 0, NULL)
INSERT INTO [ERPSettings].[Relation] ([IdRelation], [IdPredicateFormat], [Prop], [TransactionUserId], [IsDeleted], [Deleted_Token]) VALUES (N'97b27548-10a9-4aba-9208-46fddf8e9fe5', N'7980336d-1013-4c85-b4fe-5e1910f03395', N'IdSettlementTypeNavigation', NULL, 0, NULL)
INSERT INTO [ERPSettings].[Relation] ([IdRelation], [IdPredicateFormat], [Prop], [TransactionUserId], [IsDeleted], [Deleted_Token]) VALUES (N'9e7bc5ff-b8f0-4be3-ac90-9f8be26b9076', N'6315ae39-8f11-4e65-8998-466fd12fdaaa', N'IdPaymentMethodNavigation', NULL, 0, NULL)
INSERT INTO [ERPSettings].[Relation] ([IdRelation], [IdPredicateFormat], [Prop], [TransactionUserId], [IsDeleted], [Deleted_Token]) VALUES (N'a4baa5eb-e0a3-41f5-8c3f-3f935f0b3ec2', N'8273f0f9-d822-456d-b60f-ba61e1f4ca37', N'IdSettlementTypeNavigation', NULL, 0, NULL)
INSERT INTO [ERPSettings].[Relation] ([IdRelation], [IdPredicateFormat], [Prop], [TransactionUserId], [IsDeleted], [Deleted_Token]) VALUES (N'a7056f17-0915-4fce-b7e2-79823e377c17', N'a639fd17-5a44-415a-a510-17e9db91f7bb', N'DetailsSettlementMode', NULL, 0, NULL)
INSERT INTO [ERPSettings].[Relation] ([IdRelation], [IdPredicateFormat], [Prop], [TransactionUserId], [IsDeleted], [Deleted_Token]) VALUES (N'b9cb0290-2af8-412f-8447-89ee4e57524a', N'10b548b4-5601-4ce4-8f7c-49eced1d055a', N'IdPaymentMethodNavigation', NULL, 0, NULL)
INSERT INTO [ERPSettings].[Relation] ([IdRelation], [IdPredicateFormat], [Prop], [TransactionUserId], [IsDeleted], [Deleted_Token]) VALUES (N'b9cfa1b9-2ba8-4a76-9304-8980a9de710d', N'42dddef0-294c-46f0-8c89-38afaf5e4a1f', N'IdSettlementTypeNavigation', NULL, 0, NULL)
INSERT INTO [ERPSettings].[Relation] ([IdRelation], [IdPredicateFormat], [Prop], [TransactionUserId], [IsDeleted], [Deleted_Token]) VALUES (N'bf506154-07bc-4292-81fc-cabd50daddac', N'bacd99de-88b0-41b9-b376-d493359d8427', N'DetailsSettlementMode', NULL, 0, NULL)
INSERT INTO [ERPSettings].[Relation] ([IdRelation], [IdPredicateFormat], [Prop], [TransactionUserId], [IsDeleted], [Deleted_Token]) VALUES (N'd9c05d2d-b728-4937-bf77-4de24a2721c0', N'd29cbccc-1b02-483f-afc3-282e234392ea', N'IdPaymentMethodNavigation', NULL, 0, NULL)
INSERT INTO [ERPSettings].[Relation] ([IdRelation], [IdPredicateFormat], [Prop], [TransactionUserId], [IsDeleted], [Deleted_Token]) VALUES (N'f6df2067-b09a-49c2-bf2f-d116a62df510', N'7dfafd79-8baf-47fb-b189-c7c5031d22fd', N'IdSettlementTypeNavigation', NULL, 0, NULL)
INSERT INTO [ERPSettings].[DropDownListComponent] ([IdComponent], [ng_model], [required], [ng_blur], [ng_bind], [k_on_change], [DropdownType], [DropdownIndex], [ng_disabled], [urlValueMapper], [globalization]) VALUES (N'24dcde32-b51e-4b61-9272-a795b6c54ca4', N'', NULL, NULL, NULL, N'bController.baseService.actionService.onChangeDataSource(''24dcde32-b51e-4b61-9272-a795b6c54ca4'')', 1, NULL, NULL, NULL, 0)
INSERT INTO [ERPSettings].[DropDownListComponent] ([IdComponent], [ng_model], [required], [ng_blur], [ng_bind], [k_on_change], [DropdownType], [DropdownIndex], [ng_disabled], [urlValueMapper], [globalization]) VALUES (N'39fa4547-7997-4068-a425-baeb2960cd46', N'', 1, NULL, NULL, N'bController.baseService.actionService.onChangeDataSource(''39fa4547-7997-4068-a425-baeb2960cd46'')', 1, NULL, NULL, NULL, 0)
INSERT INTO [ERPSettings].[DropDownListComponent] ([IdComponent], [ng_model], [required], [ng_blur], [ng_bind], [k_on_change], [DropdownType], [DropdownIndex], [ng_disabled], [urlValueMapper], [globalization]) VALUES (N'4ebef8ef-745a-41fb-aa84-1687b6660892', N'', NULL, NULL, NULL, N'bController.baseService.actionService.onChangeDataSource(''4ebef8ef-745a-41fb-aa84-1687b6660892'')', 1, NULL, NULL, NULL, 0)
INSERT INTO [ERPSettings].[DropDownListComponent] ([IdComponent], [ng_model], [required], [ng_blur], [ng_bind], [k_on_change], [DropdownType], [DropdownIndex], [ng_disabled], [urlValueMapper], [globalization]) VALUES (N'5c53836b-3188-4c17-ad5d-753f18b1beb3', N'', NULL, NULL, NULL, N'bController.baseService.actionService.onChangeDataSource(''5c53836b-3188-4c17-ad5d-753f18b1beb3'')', 1, NULL, NULL, NULL, 0)
INSERT INTO [ERPSettings].[DropDownListComponent] ([IdComponent], [ng_model], [required], [ng_blur], [ng_bind], [k_on_change], [DropdownType], [DropdownIndex], [ng_disabled], [urlValueMapper], [globalization]) VALUES (N'67d5f2a0-e867-4b0a-ad75-4830efb2865d', N'', NULL, NULL, NULL, N'bController.baseService.actionService.onChangeDataSource(''67d5f2a0-e867-4b0a-ad75-4830efb2865d'')', 1, NULL, NULL, NULL, 0)
INSERT INTO [ERPSettings].[DropDownListComponent] ([IdComponent], [ng_model], [required], [ng_blur], [ng_bind], [k_on_change], [DropdownType], [DropdownIndex], [ng_disabled], [urlValueMapper], [globalization]) VALUES (N'6fe9714e-a8ae-4c9c-bcf9-dd1ab72eb9a2', N'', 1, NULL, NULL, N'bController.baseService.actionService.onChangeDataSource(''6fe9714e-a8ae-4c9c-bcf9-dd1ab72eb9a2'')', 1, NULL, NULL, NULL, 0)
INSERT INTO [ERPSettings].[DropDownListComponent] ([IdComponent], [ng_model], [required], [ng_blur], [ng_bind], [k_on_change], [DropdownType], [DropdownIndex], [ng_disabled], [urlValueMapper], [globalization]) VALUES (N'8c081440-781b-48eb-afb3-bd9b7df95e7d', N'', NULL, NULL, NULL, N'bController.baseService.actionService.onChangeDataSource(''8c081440-781b-48eb-afb3-bd9b7df95e7d'')', 1, NULL, NULL, NULL, 0)
INSERT INTO [ERPSettings].[DropDownListComponent] ([IdComponent], [ng_model], [required], [ng_blur], [ng_bind], [k_on_change], [DropdownType], [DropdownIndex], [ng_disabled], [urlValueMapper], [globalization]) VALUES (N'aed30844-a93d-48e1-b17f-be734003e43b', N'', NULL, NULL, NULL, N'bController.baseService.actionService.onChangeDataSource(''aed30844-a93d-48e1-b17f-be734003e43b'')', 1, NULL, NULL, NULL, 0)
INSERT INTO [ERPSettings].[DropDownListComponent] ([IdComponent], [ng_model], [required], [ng_blur], [ng_bind], [k_on_change], [DropdownType], [DropdownIndex], [ng_disabled], [urlValueMapper], [globalization]) VALUES (N'e91b50d6-3871-42d0-b2d5-c9403844e36e', N'', NULL, NULL, NULL, N'bController.baseService.actionService.onChangeDataSource(''e91b50d6-3871-42d0-b2d5-c9403844e36e'')', 1, NULL, NULL, NULL, 0)
INSERT INTO [ERPSettings].[DropDownListOptions] ([IdDropDownListOptions], [name], [autoBind], [dataTextField], [dataValueField], [delay], [enable], [filter], [fixedGroupTemplate], [groupTemplate], [height], [headerTemplate], [template], [valueTemplate], [footerTemplate], [close], [dataBound], [filtering], [open], [select], [cascadeFrom], [cascadeFromField]) VALUES (N'24dcde32-b51e-4b61-9272-a795b6c54ca4', NULL, 1, N'Code', N'Id', NULL, 1, N'contains', NULL, NULL, 300, N'<div class="dropdown-header k-widget k-header"><span>{{''fa9f8292-deb7-42d9-94df-47e285998637 '' | translate }}</span><span>{{''d6aca4f2-3c8c-4263-a3ce-cee9c2ed0509 '' | translate }}</span></div>', N'<table class="customDropDown sz-40-60"><tr><td>#:data.Code#</td><td>#if(data.Label != null){# #:data.Label ## }#</td></tr></table>', N'<span>#if(data.Code != null){# #: data.Code.length>9 ? data.Code.substring(0,7)+".." : data.Code # #}#</span>', N'Total #: instance.dataSource.total() #', NULL, NULL, NULL, NULL, NULL, NULL, NULL)
INSERT INTO [ERPSettings].[DropDownListOptions] ([IdDropDownListOptions], [name], [autoBind], [dataTextField], [dataValueField], [delay], [enable], [filter], [fixedGroupTemplate], [groupTemplate], [height], [headerTemplate], [template], [valueTemplate], [footerTemplate], [close], [dataBound], [filtering], [open], [select], [cascadeFrom], [cascadeFromField]) VALUES (N'39fa4547-7997-4068-a425-baeb2960cd46', NULL, 1, N'Code', N'Id', NULL, 1, N'contains', NULL, NULL, 300, N'<div class="dropdown-header k-widget k-header"><span>{{''fa9f8292-deb7-42d9-94df-47e285998637 '' | translate }}</span><span>{{''d6aca4f2-3c8c-4263-a3ce-cee9c2ed0509 '' | translate }}</span></div>', N'<table class="customDropDown sz-40-60"><tr><td>#:data.Code#</td><td>#if(data.Label != null){# #:data.Label ## }#</td></tr></table>', N'<span>#if(data.Code != null){# #: data.Code.length>9 ? data.Code.substring(0,7)+".." : data.Code # #}#</span>', N'Total #: instance.dataSource.total() #', NULL, N'', NULL, NULL, NULL, NULL, NULL)
INSERT INTO [ERPSettings].[DropDownListOptions] ([IdDropDownListOptions], [name], [autoBind], [dataTextField], [dataValueField], [delay], [enable], [filter], [fixedGroupTemplate], [groupTemplate], [height], [headerTemplate], [template], [valueTemplate], [footerTemplate], [close], [dataBound], [filtering], [open], [select], [cascadeFrom], [cascadeFromField]) VALUES (N'4ebef8ef-745a-41fb-aa84-1687b6660892', NULL, 1, N'Code', N'Id', NULL, 1, N'contains', NULL, NULL, 300, N'<div class="dropdown-header k-widget k-header"><span>{{''fa9f8292-deb7-42d9-94df-47e285998637 '' | translate }}</span><span>{{''d6aca4f2-3c8c-4263-a3ce-cee9c2ed0509 '' | translate }}</span></div>', N'<table class="customDropDown sz-40-60"><tr><td>#:data.Code#</td><td>#if(data.Label != null){# #:data.Label ## }#</td></tr></table>', N'<span>#if(data.Code != null){# #: data.Code.length>9 ? data.Code.substring(0,7)+".." : data.Code # #}#</span>', N'Total #: instance.dataSource.total() #', NULL, NULL, NULL, NULL, NULL, NULL, NULL)
INSERT INTO [ERPSettings].[DropDownListOptions] ([IdDropDownListOptions], [name], [autoBind], [dataTextField], [dataValueField], [delay], [enable], [filter], [fixedGroupTemplate], [groupTemplate], [height], [headerTemplate], [template], [valueTemplate], [footerTemplate], [close], [dataBound], [filtering], [open], [select], [cascadeFrom], [cascadeFromField]) VALUES (N'5c53836b-3188-4c17-ad5d-753f18b1beb3', NULL, 1, N'Code', N'Id', NULL, 1, N'contains', NULL, NULL, 300, N'<div class="dropdown-header k-widget k-header"><span>{{''fa9f8292-deb7-42d9-94df-47e285998637 '' | translate }}</span><span>{{''d6aca4f2-3c8c-4263-a3ce-cee9c2ed0509 '' | translate }}</span></div>', N'<table class="customDropDown sz-40-60"><tr><td>#:data.Code#</td><td>#if(data.Label != null){# #:data.Label ## }#</td></tr></table>', N'<span>#if(data.Code != null){# #: data.Code.length>9 ? data.Code.substring(0,7)+".." : data.Code # #}#</span>', N'Total #: instance.dataSource.total() #', NULL, NULL, NULL, NULL, NULL, NULL, NULL)
INSERT INTO [ERPSettings].[DropDownListOptions] ([IdDropDownListOptions], [name], [autoBind], [dataTextField], [dataValueField], [delay], [enable], [filter], [fixedGroupTemplate], [groupTemplate], [height], [headerTemplate], [template], [valueTemplate], [footerTemplate], [close], [dataBound], [filtering], [open], [select], [cascadeFrom], [cascadeFromField]) VALUES (N'67d5f2a0-e867-4b0a-ad75-4830efb2865d', NULL, 1, N'Code', N'Id', NULL, 1, N'contains', NULL, NULL, 300, N'<div class="dropdown-header k-widget k-header"><span>{{''fa9f8292-deb7-42d9-94df-47e285998637 '' | translate }}</span><span>{{''d6aca4f2-3c8c-4263-a3ce-cee9c2ed0509 '' | translate }}</span></div>', N'<table class="customDropDown sz-40-60"><tr><td>#:data.Code#</td><td>#if(data.Label != null){# #:data.Label ## }#</td></tr></table>', N'<span>#if(data.Code != null){# #: data.Code.length>9 ? data.Code.substring(0,7)+".." : data.Code # #}#</span>', N'Total #: instance.dataSource.total() #', NULL, NULL, NULL, NULL, NULL, NULL, NULL)
INSERT INTO [ERPSettings].[DropDownListOptions] ([IdDropDownListOptions], [name], [autoBind], [dataTextField], [dataValueField], [delay], [enable], [filter], [fixedGroupTemplate], [groupTemplate], [height], [headerTemplate], [template], [valueTemplate], [footerTemplate], [close], [dataBound], [filtering], [open], [select], [cascadeFrom], [cascadeFromField]) VALUES (N'6fe9714e-a8ae-4c9c-bcf9-dd1ab72eb9a2', NULL, 1, N'Code', N'Id', NULL, 1, N'contains', NULL, NULL, 300, N'<div class="dropdown-header k-widget k-header"><span>{{''fa9f8292-deb7-42d9-94df-47e285998637 '' | translate }}</span><span>{{''d6aca4f2-3c8c-4263-a3ce-cee9c2ed0509 '' | translate }}</span></div>', N'<table class="customDropDown sz-40-60"><tr><td>#:data.Code#</td><td>#if(data.Label != null){# #:data.Label ## }#</td></tr></table>', N'<span>#if(data.Code != null){# #: data.Code.length>9 ? data.Code.substring(0,7)+".." : data.Code # #}#</span>', N'Total #: instance.dataSource.total() #', NULL, N'', NULL, NULL, NULL, NULL, NULL)
INSERT INTO [ERPSettings].[DropDownListOptions] ([IdDropDownListOptions], [name], [autoBind], [dataTextField], [dataValueField], [delay], [enable], [filter], [fixedGroupTemplate], [groupTemplate], [height], [headerTemplate], [template], [valueTemplate], [footerTemplate], [close], [dataBound], [filtering], [open], [select], [cascadeFrom], [cascadeFromField]) VALUES (N'8c081440-781b-48eb-afb3-bd9b7df95e7d', NULL, 1, N'Code', N'Id', NULL, 1, N'contains', NULL, NULL, 300, N'<div class="dropdown-header k-widget k-header"><span>{{''fa9f8292-deb7-42d9-94df-47e285998637 '' | translate }}</span><span>{{''d6aca4f2-3c8c-4263-a3ce-cee9c2ed0509 '' | translate }}</span></div>', N'<table class="customDropDown sz-40-60"><tr><td>#:data.Code#</td><td>#if(data.Label != null){# #:data.Label ## }#</td></tr></table>', N'<span>#if(data.Code != null){# #: data.Code.length>9 ? data.Code.substring(0,7)+".." : data.Code # #}#</span>', N'Total #: instance.dataSource.total() #', NULL, NULL, NULL, NULL, NULL, NULL, NULL)
INSERT INTO [ERPSettings].[DropDownListOptions] ([IdDropDownListOptions], [name], [autoBind], [dataTextField], [dataValueField], [delay], [enable], [filter], [fixedGroupTemplate], [groupTemplate], [height], [headerTemplate], [template], [valueTemplate], [footerTemplate], [close], [dataBound], [filtering], [open], [select], [cascadeFrom], [cascadeFromField]) VALUES (N'aed30844-a93d-48e1-b17f-be734003e43b', NULL, 1, N'Code', N'Id', NULL, 1, N'contains', NULL, NULL, 300, N'<div class="dropdown-header k-widget k-header"><span>{{''fa9f8292-deb7-42d9-94df-47e285998637 '' | translate }}</span><span>{{''d6aca4f2-3c8c-4263-a3ce-cee9c2ed0509 '' | translate }}</span></div>', N'<table class="customDropDown sz-40-60"><tr><td>#:data.Code#</td><td>#if(data.Label != null){# #:data.Label ## }#</td></tr></table>', N'<span>#if(data.Code != null){# #: data.Code.length>9 ? data.Code.substring(0,7)+".." : data.Code # #}#</span>', N'Total #: instance.dataSource.total() #', NULL, NULL, NULL, NULL, NULL, NULL, NULL)
INSERT INTO [ERPSettings].[DropDownListOptions] ([IdDropDownListOptions], [name], [autoBind], [dataTextField], [dataValueField], [delay], [enable], [filter], [fixedGroupTemplate], [groupTemplate], [height], [headerTemplate], [template], [valueTemplate], [footerTemplate], [close], [dataBound], [filtering], [open], [select], [cascadeFrom], [cascadeFromField]) VALUES (N'e91b50d6-3871-42d0-b2d5-c9403844e36e', NULL, 1, N'Code', N'Id', NULL, 1, N'contains', NULL, NULL, 300, N'<div class="dropdown-header k-widget k-header"><span>{{''fa9f8292-deb7-42d9-94df-47e285998637 '' | translate }}</span><span>{{''d6aca4f2-3c8c-4263-a3ce-cee9c2ed0509 '' | translate }}</span></div>', N'<table class="customDropDown sz-40-60"><tr><td>#:data.Code#</td><td>#if(data.Label != null){# #:data.Label ## }#</td></tr></table>', N'<span>#if(data.Code != null){# #: data.Code.length>9 ? data.Code.substring(0,7)+".." : data.Code # #}#</span>', N'Total #: instance.dataSource.total() #', NULL, NULL, NULL, NULL, NULL, NULL, NULL)
INSERT INTO [ERPSettings].[GridColumnComponent] ([IdComponent], [field], [title], [width], [format], [groupHeaderTemplate], [hidden], [template], [nullable], [type], [editable], [defaultValue], [menu], [headerTemplate], [filterable], [sortable]) VALUES (N'0017ff63-eb49-410b-9dda-02f22ec1909b', N'IdPaymentMethodNavigation.Code', N'{{''0017ff63-eb49-410b-9dda-02f22ec1909b'' | translate }}', NULL, NULL, N'#= value #', 0, N'', 0, NULL, 0, NULL, NULL, NULL, NULL, NULL)
INSERT INTO [ERPSettings].[GridColumnComponent] ([IdComponent], [field], [title], [width], [format], [groupHeaderTemplate], [hidden], [template], [nullable], [type], [editable], [defaultValue], [menu], [headerTemplate], [filterable], [sortable]) VALUES (N'0166d7b7-664f-4905-b990-a7b5297b5cdc', N'NumberDays', N'{{''0166d7b7-664f-4905-b990-a7b5297b5cdc'' | translate }}', NULL, NULL, N'#= value #', 0, N'', 0, NULL, 0, NULL, NULL, NULL, NULL, NULL)
INSERT INTO [ERPSettings].[GridColumnComponent] ([IdComponent], [field], [title], [width], [format], [groupHeaderTemplate], [hidden], [template], [nullable], [type], [editable], [defaultValue], [menu], [headerTemplate], [filterable], [sortable]) VALUES (N'081df65a-301c-4ca0-b3c4-39ed8e899538', NULL, N'{{''081df65a-301c-4ca0-b3c4-39ed8e899538'' | translate }}', NULL, NULL, N'#= value #', 0, NULL, 0, NULL, 0, NULL, NULL, NULL, NULL, NULL)
INSERT INTO [ERPSettings].[GridColumnComponent] ([IdComponent], [field], [title], [width], [format], [groupHeaderTemplate], [hidden], [template], [nullable], [type], [editable], [defaultValue], [menu], [headerTemplate], [filterable], [sortable]) VALUES (N'0c2cc462-0f5c-4a86-94de-18c10bfbbd41', N'IdSettlementTypeNavigation.Label', N'{{''0c2cc462-0f5c-4a86-94de-18c10bfbbd41'' | translate }}', NULL, NULL, N'#= value #', 0, N'', 0, NULL, 0, NULL, NULL, NULL, NULL, NULL)
INSERT INTO [ERPSettings].[GridColumnComponent] ([IdComponent], [field], [title], [width], [format], [groupHeaderTemplate], [hidden], [template], [nullable], [type], [editable], [defaultValue], [menu], [headerTemplate], [filterable], [sortable]) VALUES (N'20325ce1-b71b-4067-b191-3db15fe71c55', NULL, N'{{''20325ce1-b71b-4067-b191-3db15fe71c55'' | translate }}', NULL, NULL, N'#= value #', 0, NULL, 0, NULL, 0, NULL, NULL, NULL, NULL, NULL)
INSERT INTO [ERPSettings].[GridColumnComponent] ([IdComponent], [field], [title], [width], [format], [groupHeaderTemplate], [hidden], [template], [nullable], [type], [editable], [defaultValue], [menu], [headerTemplate], [filterable], [sortable]) VALUES (N'4568151b-a5ab-4ab7-b3cb-af1ffd43556f', N'NumberDays', N'{{''4568151b-a5ab-4ab7-b3cb-af1ffd43556f'' | translate }}', NULL, NULL, N'#= value #', 0, N'', 0, NULL, 0, NULL, NULL, NULL, NULL, NULL)
INSERT INTO [ERPSettings].[GridColumnComponent] ([IdComponent], [field], [title], [width], [format], [groupHeaderTemplate], [hidden], [template], [nullable], [type], [editable], [defaultValue], [menu], [headerTemplate], [filterable], [sortable]) VALUES (N'481218d2-1e74-4ac9-9b38-a524d43a4400', N'NumberDays', N'{{''481218d2-1e74-4ac9-9b38-a524d43a4400'' | translate }}', NULL, NULL, N'#= value #', 0, N'', 0, NULL, 0, NULL, NULL, NULL, NULL, NULL)
INSERT INTO [ERPSettings].[GridColumnComponent] ([IdComponent], [field], [title], [width], [format], [groupHeaderTemplate], [hidden], [template], [nullable], [type], [editable], [defaultValue], [menu], [headerTemplate], [filterable], [sortable]) VALUES (N'52155116-cb44-4a18-a7e0-2d66ff9506bd', N'Percentage', N'{{''52155116-cb44-4a18-a7e0-2d66ff9506bd'' | translate }}', NULL, NULL, N'#= value #', 0, N'', 0, NULL, 0, NULL, NULL, NULL, NULL, NULL)
INSERT INTO [ERPSettings].[GridColumnComponent] ([IdComponent], [field], [title], [width], [format], [groupHeaderTemplate], [hidden], [template], [nullable], [type], [editable], [defaultValue], [menu], [headerTemplate], [filterable], [sortable]) VALUES (N'5e3e67ea-330d-4b53-974c-cabb273f4991', N'NumberDays', N'{{''5e3e67ea-330d-4b53-974c-cabb273f4991'' | translate }}', NULL, NULL, N'#= value #', 0, N'', 0, NULL, 0, NULL, NULL, NULL, NULL, NULL)
INSERT INTO [ERPSettings].[GridColumnComponent] ([IdComponent], [field], [title], [width], [format], [groupHeaderTemplate], [hidden], [template], [nullable], [type], [editable], [defaultValue], [menu], [headerTemplate], [filterable], [sortable]) VALUES (N'61d6e3f8-fd8b-4cf4-ac78-6a4cccf3f54c', N'SettlementDay', N'{{''61d6e3f8-fd8b-4cf4-ac78-6a4cccf3f54c'' | translate }}', NULL, NULL, N'#= value #', 0, N'', 0, NULL, 0, NULL, NULL, NULL, NULL, NULL)
INSERT INTO [ERPSettings].[GridColumnComponent] ([IdComponent], [field], [title], [width], [format], [groupHeaderTemplate], [hidden], [template], [nullable], [type], [editable], [defaultValue], [menu], [headerTemplate], [filterable], [sortable]) VALUES (N'640a37ab-5079-43d2-b108-c98e3dcac0bd', N'IdPaymentMethodNavigation.Code', N'{{''640a37ab-5079-43d2-b108-c98e3dcac0bd'' | translate }}', NULL, NULL, N'#= value #', 0, N'', 0, NULL, 0, NULL, NULL, NULL, NULL, NULL)
INSERT INTO [ERPSettings].[GridColumnComponent] ([IdComponent], [field], [title], [width], [format], [groupHeaderTemplate], [hidden], [template], [nullable], [type], [editable], [defaultValue], [menu], [headerTemplate], [filterable], [sortable]) VALUES (N'6d240536-33c1-447e-ae23-6111f0c3af53', N'IdSettlementTypeNavigation.Label', N'{{''6d240536-33c1-447e-ae23-6111f0c3af53'' | translate }}', NULL, NULL, N'#= value #', 0, N'', 0, NULL, 0, NULL, NULL, NULL, NULL, NULL)
INSERT INTO [ERPSettings].[GridColumnComponent] ([IdComponent], [field], [title], [width], [format], [groupHeaderTemplate], [hidden], [template], [nullable], [type], [editable], [defaultValue], [menu], [headerTemplate], [filterable], [sortable]) VALUES (N'71e145c3-55dc-42ed-b931-7549e4691dd7', N'SettlementDay', N'{{''71e145c3-55dc-42ed-b931-7549e4691dd7'' | translate }}', NULL, NULL, N'#= value #', 0, N'', 0, NULL, 0, NULL, NULL, NULL, NULL, NULL)
INSERT INTO [ERPSettings].[GridColumnComponent] ([IdComponent], [field], [title], [width], [format], [groupHeaderTemplate], [hidden], [template], [nullable], [type], [editable], [defaultValue], [menu], [headerTemplate], [filterable], [sortable]) VALUES (N'7a4eb6d2-7c89-406a-956c-430ce5cfe503', N'Percentage', N'{{''7a4eb6d2-7c89-406a-956c-430ce5cfe503'' | translate }}', NULL, NULL, N'#= value #', 0, N'', 0, NULL, 0, NULL, NULL, NULL, NULL, NULL)
INSERT INTO [ERPSettings].[GridColumnComponent] ([IdComponent], [field], [title], [width], [format], [groupHeaderTemplate], [hidden], [template], [nullable], [type], [editable], [defaultValue], [menu], [headerTemplate], [filterable], [sortable]) VALUES (N'8252ddcd-c616-4135-ac8b-713d0c2529df', N'IdPaymentMethodNavigation.Code', N'{{''8252ddcd-c616-4135-ac8b-713d0c2529df'' | translate }}', NULL, NULL, N'#= value #', 0, N'', 0, NULL, 0, NULL, NULL, NULL, NULL, NULL)
INSERT INTO [ERPSettings].[GridColumnComponent] ([IdComponent], [field], [title], [width], [format], [groupHeaderTemplate], [hidden], [template], [nullable], [type], [editable], [defaultValue], [menu], [headerTemplate], [filterable], [sortable]) VALUES (N'82edab99-a06d-40c8-9a51-25c8356a0f92', N'SettlementDay', N'{{''82edab99-a06d-40c8-9a51-25c8356a0f92'' | translate }}', NULL, NULL, N'#= value #', 0, N'', 0, NULL, 0, NULL, NULL, NULL, NULL, NULL)
INSERT INTO [ERPSettings].[GridColumnComponent] ([IdComponent], [field], [title], [width], [format], [groupHeaderTemplate], [hidden], [template], [nullable], [type], [editable], [defaultValue], [menu], [headerTemplate], [filterable], [sortable]) VALUES (N'84fe2dab-a331-490b-a972-9c9b80a725a4', N'IdPaymentMethodNavigation.Code', N'{{''84fe2dab-a331-490b-a972-9c9b80a725a4'' | translate }}', NULL, NULL, N'#= value #', 0, N'', 0, NULL, 0, NULL, NULL, NULL, NULL, NULL)
INSERT INTO [ERPSettings].[GridColumnComponent] ([IdComponent], [field], [title], [width], [format], [groupHeaderTemplate], [hidden], [template], [nullable], [type], [editable], [defaultValue], [menu], [headerTemplate], [filterable], [sortable]) VALUES (N'8dabe604-79c0-45ce-90f5-2aef837fb401', N'Percentage', N'{{''8dabe604-79c0-45ce-90f5-2aef837fb401'' | translate }}', NULL, NULL, N'#= value #', 0, N'', 0, NULL, 0, NULL, NULL, NULL, NULL, NULL)
INSERT INTO [ERPSettings].[GridColumnComponent] ([IdComponent], [field], [title], [width], [format], [groupHeaderTemplate], [hidden], [template], [nullable], [type], [editable], [defaultValue], [menu], [headerTemplate], [filterable], [sortable]) VALUES (N'8f1facd9-de96-4260-9b1c-62ad818c0700', N'NumberDays', N'{{''8f1facd9-de96-4260-9b1c-62ad818c0700'' | translate }}', NULL, NULL, N'#= value #', 0, N'', 0, NULL, 0, NULL, NULL, NULL, NULL, NULL)
INSERT INTO [ERPSettings].[GridColumnComponent] ([IdComponent], [field], [title], [width], [format], [groupHeaderTemplate], [hidden], [template], [nullable], [type], [editable], [defaultValue], [menu], [headerTemplate], [filterable], [sortable]) VALUES (N'9a3a0b23-db98-40b3-a1d3-ce4dbf0777fc', N'Percentage', N'{{''9a3a0b23-db98-40b3-a1d3-ce4dbf0777fc'' | translate }}', NULL, NULL, N'#= value #', 0, N'', 0, NULL, 0, NULL, NULL, NULL, NULL, NULL)
INSERT INTO [ERPSettings].[GridColumnComponent] ([IdComponent], [field], [title], [width], [format], [groupHeaderTemplate], [hidden], [template], [nullable], [type], [editable], [defaultValue], [menu], [headerTemplate], [filterable], [sortable]) VALUES (N'9dfa8d9c-2094-45f9-a37b-584cb6d218da', N'IdPaymentMethodNavigation.Code', N'{{''9dfa8d9c-2094-45f9-a37b-584cb6d218da'' | translate }}', NULL, NULL, N'#= value #', 0, N'', 0, NULL, 0, NULL, NULL, NULL, NULL, NULL)
INSERT INTO [ERPSettings].[GridColumnComponent] ([IdComponent], [field], [title], [width], [format], [groupHeaderTemplate], [hidden], [template], [nullable], [type], [editable], [defaultValue], [menu], [headerTemplate], [filterable], [sortable]) VALUES (N'9f19232a-e9ee-4d99-a064-6796a6a5ef53', N'IdSettlementTypeNavigation.Label', N'{{''9f19232a-e9ee-4d99-a064-6796a6a5ef53'' | translate }}', NULL, NULL, N'#= value #', 0, N'', 0, NULL, 0, NULL, NULL, NULL, NULL, NULL)
INSERT INTO [ERPSettings].[GridColumnComponent] ([IdComponent], [field], [title], [width], [format], [groupHeaderTemplate], [hidden], [template], [nullable], [type], [editable], [defaultValue], [menu], [headerTemplate], [filterable], [sortable]) VALUES (N'a7ef8673-801d-4d44-9f88-a3be080e5188', N'Percentage', N'{{''a7ef8673-801d-4d44-9f88-a3be080e5188'' | translate }}', NULL, NULL, N'#= value #', 0, N'', 0, NULL, 0, NULL, NULL, NULL, NULL, NULL)
INSERT INTO [ERPSettings].[GridColumnComponent] ([IdComponent], [field], [title], [width], [format], [groupHeaderTemplate], [hidden], [template], [nullable], [type], [editable], [defaultValue], [menu], [headerTemplate], [filterable], [sortable]) VALUES (N'b80cde46-3aa8-4657-a867-8c904bff0ddd', N'IdSettlementTypeNavigation.Label', N'{{''b80cde46-3aa8-4657-a867-8c904bff0ddd'' | translate }}', NULL, NULL, N'#= value #', 0, N'', 0, NULL, 0, NULL, NULL, NULL, NULL, NULL)
INSERT INTO [ERPSettings].[GridColumnComponent] ([IdComponent], [field], [title], [width], [format], [groupHeaderTemplate], [hidden], [template], [nullable], [type], [editable], [defaultValue], [menu], [headerTemplate], [filterable], [sortable]) VALUES (N'bcc480f5-dff7-4179-b9c6-ef075cdfa3c2', N'SettlementDay', N'{{''bcc480f5-dff7-4179-b9c6-ef075cdfa3c2'' | translate }}', NULL, NULL, N'#= value #', 0, N'', 0, NULL, 0, NULL, NULL, NULL, NULL, NULL)
INSERT INTO [ERPSettings].[GridColumnComponent] ([IdComponent], [field], [title], [width], [format], [groupHeaderTemplate], [hidden], [template], [nullable], [type], [editable], [defaultValue], [menu], [headerTemplate], [filterable], [sortable]) VALUES (N'c4852c57-5b58-486b-8131-1f78e3a3eb6a', N'IdSettlementTypeNavigation.Label', N'{{''c4852c57-5b58-486b-8131-1f78e3a3eb6a'' | translate }}', NULL, NULL, N'#= value #', 0, N'', 0, NULL, 0, NULL, NULL, NULL, NULL, NULL)
INSERT INTO [ERPSettings].[GridColumnComponent] ([IdComponent], [field], [title], [width], [format], [groupHeaderTemplate], [hidden], [template], [nullable], [type], [editable], [defaultValue], [menu], [headerTemplate], [filterable], [sortable]) VALUES (N'd4335f7b-a322-47bd-bae8-583bbb162a0e', NULL, N'{{''d4335f7b-a322-47bd-bae8-583bbb162a0e'' | translate }}', NULL, NULL, N'#= value #', 0, NULL, 0, NULL, 0, NULL, NULL, NULL, NULL, NULL)
INSERT INTO [ERPSettings].[GridColumnComponent] ([IdComponent], [field], [title], [width], [format], [groupHeaderTemplate], [hidden], [template], [nullable], [type], [editable], [defaultValue], [menu], [headerTemplate], [filterable], [sortable]) VALUES (N'e4174540-0bbe-4f05-856f-1efb652feb8c', NULL, N'{{''e4174540-0bbe-4f05-856f-1efb652feb8c'' | translate }}', NULL, NULL, N'#= value #', 0, NULL, 0, NULL, 0, NULL, NULL, NULL, NULL, NULL)
INSERT INTO [ERPSettings].[GridColumnComponent] ([IdComponent], [field], [title], [width], [format], [groupHeaderTemplate], [hidden], [template], [nullable], [type], [editable], [defaultValue], [menu], [headerTemplate], [filterable], [sortable]) VALUES (N'ee098c58-e04b-45a7-8f10-dab5e12e9aaa', N'SettlementDay', N'{{''ee098c58-e04b-45a7-8f10-dab5e12e9aaa'' | translate }}', NULL, NULL, N'#= value #', 0, N'', 0, NULL, 0, NULL, NULL, NULL, NULL, NULL)

INSERT INTO [ERPSettings].[ComponentByRole] ([IdRole], [IdComponent], [IsActive], [IsVisible], [ReadFunction], [WriteFunction], [TransactionUserId]) VALUES ( 1, N'8c081440-781b-48eb-afb3-bd9b7df95e7d', 1, 1, NULL, NULL, NULL)
INSERT INTO [ERPSettings].[ComponentByRole] ([IdRole], [IdComponent], [IsActive], [IsVisible], [ReadFunction], [WriteFunction], [TransactionUserId]) VALUES ( 1, N'39fa4547-7997-4068-a425-baeb2960cd46', 1, 1, NULL, NULL, NULL)
INSERT INTO [ERPSettings].[ComponentByRole] ([IdRole], [IdComponent], [IsActive], [IsVisible], [ReadFunction], [WriteFunction], [TransactionUserId]) VALUES ( 1, N'6d6c893c-f66e-4c1f-b03f-b026d3f8a199', 1, 1, NULL, NULL, NULL)
INSERT INTO [ERPSettings].[ComponentByRole] ([IdRole], [IdComponent], [IsActive], [IsVisible], [ReadFunction], [WriteFunction], [TransactionUserId]) VALUES ( 1, N'e5882284-f513-4ba0-a217-fd8d903a8734', 1, 1, NULL, NULL, NULL)
INSERT INTO [ERPSettings].[ComponentByRole] ([IdRole], [IdComponent], [IsActive], [IsVisible], [ReadFunction], [WriteFunction], [TransactionUserId]) VALUES ( 1, N'6fe9714e-a8ae-4c9c-bcf9-dd1ab72eb9a2', 1, 1, NULL, NULL, NULL)
INSERT INTO [ERPSettings].[ComponentByRole] ([IdRole], [IdComponent], [IsActive], [IsVisible], [ReadFunction], [WriteFunction], [TransactionUserId]) VALUES ( 1, N'77ebed44-b08d-48b2-bd80-151b9fce3626', 1, 1, NULL, NULL, NULL)
INSERT INTO [ERPSettings].[ComponentByRole] ([IdRole], [IdComponent], [IsActive], [IsVisible], [ReadFunction], [WriteFunction], [TransactionUserId]) VALUES ( 1, N'c5283a69-dadd-438e-8690-09a944e78a84', 1, 1, NULL, NULL, NULL)
INSERT INTO [ERPSettings].[ComponentByRole] ([IdRole], [IdComponent], [IsActive], [IsVisible], [ReadFunction], [WriteFunction], [TransactionUserId]) VALUES ( 1, N'a7ef8673-801d-4d44-9f88-a3be080e5188', 1, 1, NULL, NULL, NULL)
INSERT INTO [ERPSettings].[ComponentByRole] ([IdRole], [IdComponent], [IsActive], [IsVisible], [ReadFunction], [WriteFunction], [TransactionUserId]) VALUES ( 1, N'4568151b-a5ab-4ab7-b3cb-af1ffd43556f', 1, 1, NULL, NULL, NULL)
INSERT INTO [ERPSettings].[ComponentByRole] ([IdRole], [IdComponent], [IsActive], [IsVisible], [ReadFunction], [WriteFunction], [TransactionUserId]) VALUES ( 1, N'0c2cc462-0f5c-4a86-94de-18c10bfbbd41', 1, 1, NULL, NULL, NULL)
INSERT INTO [ERPSettings].[ComponentByRole] ([IdRole], [IdComponent], [IsActive], [IsVisible], [ReadFunction], [WriteFunction], [TransactionUserId]) VALUES ( 1, N'ee098c58-e04b-45a7-8f10-dab5e12e9aaa', 1, 1, NULL, NULL, NULL)
INSERT INTO [ERPSettings].[ComponentByRole] ([IdRole], [IdComponent], [IsActive], [IsVisible], [ReadFunction], [WriteFunction], [TransactionUserId]) VALUES ( 1, N'640a37ab-5079-43d2-b108-c98e3dcac0bd', 1, 1, NULL, NULL, NULL)
INSERT INTO [ERPSettings].[ComponentByRole] ([IdRole], [IdComponent], [IsActive], [IsVisible], [ReadFunction], [WriteFunction], [TransactionUserId]) VALUES ( 1, N'67d5f2a0-e867-4b0a-ad75-4830efb2865d', 1, 1, NULL, NULL, NULL)
INSERT INTO [ERPSettings].[ComponentByRole] ([IdRole], [IdComponent], [IsActive], [IsVisible], [ReadFunction], [WriteFunction], [TransactionUserId]) VALUES ( 1, N'4ebef8ef-745a-41fb-aa84-1687b6660892', 1, 1, NULL, NULL, NULL)
INSERT INTO [ERPSettings].[ComponentByRole] ([IdRole], [IdComponent], [IsActive], [IsVisible], [ReadFunction], [WriteFunction], [TransactionUserId]) VALUES ( 1, N'cb4602c9-2aa3-4c30-9862-890fde5cb3e2', 1, 1, NULL, NULL, NULL)
INSERT INTO [ERPSettings].[ComponentByRole] ([IdRole], [IdComponent], [IsActive], [IsVisible], [ReadFunction], [WriteFunction], [TransactionUserId]) VALUES ( 1, N'e354fe80-52ef-4c8a-a63c-9fe50c806cf8', 1, 1, NULL, NULL, NULL)
INSERT INTO [ERPSettings].[ComponentByRole] ([IdRole], [IdComponent], [IsActive], [IsVisible], [ReadFunction], [WriteFunction], [TransactionUserId]) VALUES ( 1, N'aed30844-a93d-48e1-b17f-be734003e43b', 1, 1, NULL, NULL, NULL)
INSERT INTO [ERPSettings].[ComponentByRole] ([IdRole], [IdComponent], [IsActive], [IsVisible], [ReadFunction], [WriteFunction], [TransactionUserId]) VALUES ( 1, N'eeaeabb6-e63a-4c87-b00b-7fa3f7356032', 1, 1, NULL, NULL, NULL)
INSERT INTO [ERPSettings].[ComponentByRole] ([IdRole], [IdComponent], [IsActive], [IsVisible], [ReadFunction], [WriteFunction], [TransactionUserId]) VALUES ( 1, N'acb79bc7-c616-4c5e-8514-5e4f49626251', 1, 1, NULL, NULL, NULL)
INSERT INTO [ERPSettings].[ComponentByRole] ([IdRole], [IdComponent], [IsActive], [IsVisible], [ReadFunction], [WriteFunction], [TransactionUserId]) VALUES ( 1, N'9f19232a-e9ee-4d99-a064-6796a6a5ef53', 1, 1, NULL, NULL, NULL)
INSERT INTO [ERPSettings].[ComponentByRole] ([IdRole], [IdComponent], [IsActive], [IsVisible], [ReadFunction], [WriteFunction], [TransactionUserId]) VALUES ( 1, N'5e3e67ea-330d-4b53-974c-cabb273f4991', 1, 1, NULL, NULL, NULL)
INSERT INTO [ERPSettings].[ComponentByRole] ([IdRole], [IdComponent], [IsActive], [IsVisible], [ReadFunction], [WriteFunction], [TransactionUserId]) VALUES ( 1, N'8252ddcd-c616-4135-ac8b-713d0c2529df', 1, 1, NULL, NULL, NULL)
INSERT INTO [ERPSettings].[ComponentByRole] ([IdRole], [IdComponent], [IsActive], [IsVisible], [ReadFunction], [WriteFunction], [TransactionUserId]) VALUES ( 1, N'7a4eb6d2-7c89-406a-956c-430ce5cfe503', 1, 1, NULL, NULL, NULL)
INSERT INTO [ERPSettings].[ComponentByRole] ([IdRole], [IdComponent], [IsActive], [IsVisible], [ReadFunction], [WriteFunction], [TransactionUserId]) VALUES ( 1, N'61d6e3f8-fd8b-4cf4-ac78-6a4cccf3f54c', 1, 1, NULL, NULL, NULL)
INSERT INTO [ERPSettings].[ComponentByRole] ([IdRole], [IdComponent], [IsActive], [IsVisible], [ReadFunction], [WriteFunction], [TransactionUserId]) VALUES ( 1, N'e4174540-0bbe-4f05-856f-1efb652feb8c', 1, 1, NULL, NULL, NULL)
INSERT INTO [ERPSettings].[ComponentByRole] ([IdRole], [IdComponent], [IsActive], [IsVisible], [ReadFunction], [WriteFunction], [TransactionUserId]) VALUES ( 1, N'1c73fc85-3b50-4a40-b9db-8916fcb85a0a', 1, 1, NULL, NULL, NULL)
INSERT INTO [ERPSettings].[ComponentByRole] ([IdRole], [IdComponent], [IsActive], [IsVisible], [ReadFunction], [WriteFunction], [TransactionUserId]) VALUES ( 1, N'773e251d-913a-4b13-8206-2f22f16bcb48', 1, 1, NULL, NULL, NULL)
INSERT INTO [ERPSettings].[ComponentByRole] ([IdRole], [IdComponent], [IsActive], [IsVisible], [ReadFunction], [WriteFunction], [TransactionUserId]) VALUES ( 1, N'e91b50d6-3871-42d0-b2d5-c9403844e36e', 1, 1, NULL, NULL, NULL)
INSERT INTO [ERPSettings].[ComponentByRole] ([IdRole], [IdComponent], [IsActive], [IsVisible], [ReadFunction], [WriteFunction], [TransactionUserId]) VALUES ( 1, N'9c5f5090-1998-4a9a-91d0-b8ab78d143e6', 1, 1, NULL, NULL, NULL)
INSERT INTO [ERPSettings].[ComponentByRole] ([IdRole], [IdComponent], [IsActive], [IsVisible], [ReadFunction], [WriteFunction], [TransactionUserId]) VALUES ( 1, N'956850c8-29f8-43e9-b786-b234669e3a4c', 1, 1, NULL, NULL, NULL)
INSERT INTO [ERPSettings].[ComponentByRole] ([IdRole], [IdComponent], [IsActive], [IsVisible], [ReadFunction], [WriteFunction], [TransactionUserId]) VALUES ( 1, N'6d240536-33c1-447e-ae23-6111f0c3af53', 1, 1, NULL, NULL, NULL)
INSERT INTO [ERPSettings].[ComponentByRole] ([IdRole], [IdComponent], [IsActive], [IsVisible], [ReadFunction], [WriteFunction], [TransactionUserId]) VALUES ( 1, N'8f1facd9-de96-4260-9b1c-62ad818c0700', 1, 1, NULL, NULL, NULL)
INSERT INTO [ERPSettings].[ComponentByRole] ([IdRole], [IdComponent], [IsActive], [IsVisible], [ReadFunction], [WriteFunction], [TransactionUserId]) VALUES ( 1, N'84fe2dab-a331-490b-a972-9c9b80a725a4', 1, 1, NULL, NULL, NULL)
INSERT INTO [ERPSettings].[ComponentByRole] ([IdRole], [IdComponent], [IsActive], [IsVisible], [ReadFunction], [WriteFunction], [TransactionUserId]) VALUES ( 1, N'52155116-cb44-4a18-a7e0-2d66ff9506bd', 1, 1, NULL, NULL, NULL)
INSERT INTO [ERPSettings].[ComponentByRole] ([IdRole], [IdComponent], [IsActive], [IsVisible], [ReadFunction], [WriteFunction], [TransactionUserId]) VALUES ( 1, N'bcc480f5-dff7-4179-b9c6-ef075cdfa3c2', 1, 1, NULL, NULL, NULL)
INSERT INTO [ERPSettings].[ComponentByRole] ([IdRole], [IdComponent], [IsActive], [IsVisible], [ReadFunction], [WriteFunction], [TransactionUserId]) VALUES ( 1, N'081df65a-301c-4ca0-b3c4-39ed8e899538', 1, 1, NULL, NULL, NULL)
INSERT INTO [ERPSettings].[ComponentByRole] ([IdRole], [IdComponent], [IsActive], [IsVisible], [ReadFunction], [WriteFunction], [TransactionUserId]) VALUES ( 1, N'5b303095-2bc6-4292-91cd-ce6d6eab43c6', 1, 1, NULL, NULL, NULL)
INSERT INTO [ERPSettings].[ComponentByRole] ([IdRole], [IdComponent], [IsActive], [IsVisible], [ReadFunction], [WriteFunction], [TransactionUserId]) VALUES ( 1, N'cf9dc6a7-aea3-40ca-ab8e-c502bdcf3ff4', 1, 1, NULL, NULL, NULL)
INSERT INTO [ERPSettings].[ComponentByRole] ([IdRole], [IdComponent], [IsActive], [IsVisible], [ReadFunction], [WriteFunction], [TransactionUserId]) VALUES ( 1, N'5c53836b-3188-4c17-ad5d-753f18b1beb3', 1, 1, NULL, NULL, NULL)
INSERT INTO [ERPSettings].[ComponentByRole] ([IdRole], [IdComponent], [IsActive], [IsVisible], [ReadFunction], [WriteFunction], [TransactionUserId]) VALUES ( 1, N'1d2ec8b6-e7be-4e32-b307-4f936ba1cf34', 1, 1, NULL, NULL, NULL)
INSERT INTO [ERPSettings].[ComponentByRole] ([IdRole], [IdComponent], [IsActive], [IsVisible], [ReadFunction], [WriteFunction], [TransactionUserId]) VALUES ( 1, N'77ff8f2b-248a-4152-8cef-b0b3ce631c45', 1, 1, NULL, NULL, NULL)
INSERT INTO [ERPSettings].[ComponentByRole] ([IdRole], [IdComponent], [IsActive], [IsVisible], [ReadFunction], [WriteFunction], [TransactionUserId]) VALUES ( 1, N'9a3a0b23-db98-40b3-a1d3-ce4dbf0777fc', 1, 1, NULL, NULL, NULL)
INSERT INTO [ERPSettings].[ComponentByRole] ([IdRole], [IdComponent], [IsActive], [IsVisible], [ReadFunction], [WriteFunction], [TransactionUserId]) VALUES ( 1, N'20325ce1-b71b-4067-b191-3db15fe71c55', 1, 1, NULL, NULL, NULL)
INSERT INTO [ERPSettings].[ComponentByRole] ([IdRole], [IdComponent], [IsActive], [IsVisible], [ReadFunction], [WriteFunction], [TransactionUserId]) VALUES ( 1, N'c4852c57-5b58-486b-8131-1f78e3a3eb6a', 1, 1, NULL, NULL, NULL)
INSERT INTO [ERPSettings].[ComponentByRole] ([IdRole], [IdComponent], [IsActive], [IsVisible], [ReadFunction], [WriteFunction], [TransactionUserId]) VALUES ( 1, N'481218d2-1e74-4ac9-9b38-a524d43a4400', 1, 1, NULL, NULL, NULL)
INSERT INTO [ERPSettings].[ComponentByRole] ([IdRole], [IdComponent], [IsActive], [IsVisible], [ReadFunction], [WriteFunction], [TransactionUserId]) VALUES ( 1, N'0017ff63-eb49-410b-9dda-02f22ec1909b', 1, 1, NULL, NULL, NULL)
INSERT INTO [ERPSettings].[ComponentByRole] ([IdRole], [IdComponent], [IsActive], [IsVisible], [ReadFunction], [WriteFunction], [TransactionUserId]) VALUES ( 1, N'82edab99-a06d-40c8-9a51-25c8356a0f92', 1, 1, NULL, NULL, NULL)
INSERT INTO [ERPSettings].[ComponentByRole] ([IdRole], [IdComponent], [IsActive], [IsVisible], [ReadFunction], [WriteFunction], [TransactionUserId]) VALUES ( 1, N'4eedbf69-92e9-45bb-824c-fae6e561c64a', 1, 1, NULL, NULL, NULL)
INSERT INTO [ERPSettings].[ComponentByRole] ([IdRole], [IdComponent], [IsActive], [IsVisible], [ReadFunction], [WriteFunction], [TransactionUserId]) VALUES ( 1, N'8990b354-9590-4bdc-97d4-50544e244a30', 1, 1, NULL, NULL, NULL)
INSERT INTO [ERPSettings].[ComponentByRole] ([IdRole], [IdComponent], [IsActive], [IsVisible], [ReadFunction], [WriteFunction], [TransactionUserId]) VALUES ( 1, N'516f041e-a4d7-499e-b0db-82fdb207c695', 1, 1, NULL, NULL, NULL)
INSERT INTO [ERPSettings].[ComponentByRole] ([IdRole], [IdComponent], [IsActive], [IsVisible], [ReadFunction], [WriteFunction], [TransactionUserId]) VALUES ( 1, N'9dfa8d9c-2094-45f9-a37b-584cb6d218da', 1, 1, NULL, NULL, NULL)
INSERT INTO [ERPSettings].[ComponentByRole] ([IdRole], [IdComponent], [IsActive], [IsVisible], [ReadFunction], [WriteFunction], [TransactionUserId]) VALUES ( 1, N'b80cde46-3aa8-4657-a867-8c904bff0ddd', 1, 1, NULL, NULL, NULL)
INSERT INTO [ERPSettings].[ComponentByRole] ([IdRole], [IdComponent], [IsActive], [IsVisible], [ReadFunction], [WriteFunction], [TransactionUserId]) VALUES ( 1, N'71e145c3-55dc-42ed-b931-7549e4691dd7', 1, 1, NULL, NULL, NULL)
INSERT INTO [ERPSettings].[ComponentByRole] ([IdRole], [IdComponent], [IsActive], [IsVisible], [ReadFunction], [WriteFunction], [TransactionUserId]) VALUES ( 1, N'd4335f7b-a322-47bd-bae8-583bbb162a0e', 1, 1, NULL, NULL, NULL)
INSERT INTO [ERPSettings].[ComponentByRole] ([IdRole], [IdComponent], [IsActive], [IsVisible], [ReadFunction], [WriteFunction], [TransactionUserId]) VALUES ( 1, N'0166d7b7-664f-4905-b990-a7b5297b5cdc', 1, 1, NULL, NULL, NULL)
INSERT INTO [ERPSettings].[ComponentByRole] ([IdRole], [IdComponent], [IsActive], [IsVisible], [ReadFunction], [WriteFunction], [TransactionUserId]) VALUES ( 1, N'8dabe604-79c0-45ce-90f5-2aef837fb401', 1, 1, NULL, NULL, NULL)
INSERT INTO [ERPSettings].[ComponentByRole] ([IdRole], [IdComponent], [IsActive], [IsVisible], [ReadFunction], [WriteFunction], [TransactionUserId]) VALUES ( 1, N'2a4b572b-51d5-4b96-8cd4-1bc645f016d9', 1, 1, NULL, NULL, NULL)
INSERT INTO [ERPSettings].[ComponentByRole] ([IdRole], [IdComponent], [IsActive], [IsVisible], [ReadFunction], [WriteFunction], [TransactionUserId]) VALUES ( 1, N'24dcde32-b51e-4b61-9272-a795b6c54ca4', 1, 1, NULL, NULL, NULL)


ALTER TABLE [ERPSettings].[ComponentByRole]
    ADD CONSTRAINT [FK_ComponentByRole_Component] FOREIGN KEY ([IdComponent]) REFERENCES [ERPSettings].[Component] ([IdComponent])
ALTER TABLE [ERPSettings].[ComponentByRole]
    ADD CONSTRAINT [FK_ComponentByRole_Role] FOREIGN KEY ([IdRole]) REFERENCES [ERPSettings].[Role] ([Id]) ON DELETE CASCADE
ALTER TABLE [ERPSettings].[GridColumnComponent]
    ADD CONSTRAINT [FK_GridColumnComponent_Component] FOREIGN KEY ([IdComponent]) REFERENCES [ERPSettings].[Component] ([IdComponent])
ALTER TABLE [ERPSettings].[DropDownListOptions]
    ADD CONSTRAINT [FK_DropDownListOptions_DropDownListComponent] FOREIGN KEY ([IdDropDownListOptions]) REFERENCES [ERPSettings].[DropDownListComponent] ([IdComponent])
ALTER TABLE [ERPSettings].[DropDownListComponent]
    ADD CONSTRAINT [FK_DropDownListComponent_Component] FOREIGN KEY ([IdComponent]) REFERENCES [ERPSettings].[Component] ([IdComponent])
ALTER TABLE [ERPSettings].[Relation]
    ADD CONSTRAINT [FK_Relation_PredicateFormat] FOREIGN KEY ([IdPredicateFormat]) REFERENCES [ERPSettings].[PredicateFormat] ([IdPredicateFormat])
ALTER TABLE [ERPSettings].[GridDataSource]
    ADD CONSTRAINT [FK_GridDataSource_GridOptions] FOREIGN KEY ([IdGridOptions]) REFERENCES [ERPSettings].[GridOptions] ([IdGridOptions])
ALTER TABLE [ERPSettings].[GridDataSource]
    ADD CONSTRAINT [FK_GridDataSource_ServiceParameters] FOREIGN KEY ([IdServiceParameters]) REFERENCES [ERPSettings].[ServiceParameters] ([IdServiceParameters])
ALTER TABLE [ERPSettings].[ComboBoxComponent]
    ADD CONSTRAINT [FK_ComboboxComponent_Component] FOREIGN KEY ([IdComponent]) REFERENCES [ERPSettings].[Component] ([IdComponent])
ALTER TABLE [ERPSettings].[DropDownListDataSource]
    ADD CONSTRAINT [FK_DropDownListDataSource_DropDownListOptions] FOREIGN KEY ([IdDropDownListOptions]) REFERENCES [ERPSettings].[DropDownListOptions] ([IdDropDownListOptions])
ALTER TABLE [ERPSettings].[DropDownListDataSource]
    ADD CONSTRAINT [FK_DropDownListDataSource_ServiceParameters] FOREIGN KEY ([IdServiceParameters]) REFERENCES [ERPSettings].[ServiceParameters] ([IdServiceParameters])
ALTER TABLE [ERPSettings].[GridOptions]
    ADD CONSTRAINT [FK_GridOptions_GridComponent] FOREIGN KEY ([IdGridOptions]) REFERENCES [ERPSettings].[GridComponent] ([IdComponent])
ALTER TABLE [ERPSettings].[ServiceParameters]
    ADD CONSTRAINT [FK_ServiceParameters_PredicateFormat] FOREIGN KEY ([IdPredicateFormat]) REFERENCES [ERPSettings].[PredicateFormat] ([IdPredicateFormat])
ALTER TABLE [ERPSettings].[ComboBoxDataSource]
    ADD CONSTRAINT [FK_ComboBoxDataSource_ComboBoxOptions] FOREIGN KEY ([IdComponent]) REFERENCES [ERPSettings].[ComboBoxOptions] ([IdComponent])
ALTER TABLE [ERPSettings].[ComboBoxDataSource]
    ADD CONSTRAINT [FK_ComboBoxDataSource_ServiceParameters] FOREIGN KEY ([IdServiceParameters]) REFERENCES [ERPSettings].[ServiceParameters] ([IdServiceParameters])
ALTER TABLE [ERPSettings].[ComboBoxOptions]
    ADD CONSTRAINT [FK_ComboBoxOptions_ComboBoxComponent] FOREIGN KEY ([IdComponent]) REFERENCES [ERPSettings].[ComboBoxComponent] ([IdComponent])
ALTER TABLE [ERPSettings].[GridComponent]
    ADD CONSTRAINT [FK_GridComponent_Component] FOREIGN KEY ([IdComponent]) REFERENCES [ERPSettings].[Component] ([IdComponent])
ALTER TABLE [ERPSettings].[Component]
    ADD CONSTRAINT [FK_Component_Component1] FOREIGN KEY ([IdComponentChangedBy]) REFERENCES [ERPSettings].[Component] ([IdComponent])
ALTER TABLE [ERPSettings].[Component]
    ADD CONSTRAINT [FK_Component_Functionality] FOREIGN KEY ([IdFunctionality]) REFERENCES [ERPSettings].[Functionality] ([IdFunctionality])
ALTER TABLE [ERPSettings].[Component]
    ADD CONSTRAINT [FK_Component_Component] FOREIGN KEY ([IdComponentParent]) REFERENCES [ERPSettings].[Component] ([IdComponent])
ALTER TABLE [ERPSettings].[Filter]
    ADD CONSTRAINT [FK_Filter_PredicateFormat] FOREIGN KEY ([IdPredicateFormat]) REFERENCES [ERPSettings].[PredicateFormat] ([IdPredicateFormat])
COMMIT TRANSACTION

----
BEGIN TRANSACTION
ALTER TABLE [ERPSettings].[ButtonComponent] DROP CONSTRAINT [FK_ButtonComponent_Component]
ALTER TABLE [ERPSettings].[ButtonComponent] DROP CONSTRAINT [FK_ButtonComponent_ServiceParameters]
ALTER TABLE [ERPSettings].[ServiceParameters] DROP CONSTRAINT [FK_ServiceParameters_PredicateFormat]
ALTER TABLE [ERPSettings].[Component] DROP CONSTRAINT [FK_Component_Component1]
ALTER TABLE [ERPSettings].[Component] DROP CONSTRAINT [FK_Component_Functionality]
ALTER TABLE [ERPSettings].[Component] DROP CONSTRAINT [FK_Component_Component]
ALTER TABLE [ERPSettings].[ComponentByRole] DROP CONSTRAINT [FK_ComponentByRole_Component]
ALTER TABLE [ERPSettings].[ComponentByRole] DROP CONSTRAINT [FK_ComponentByRole_Role]
DELETE FROM [ERPSettings].[ButtonComponent] WHERE [IdComponent]=N'480fb66c-6e0b-492a-afee-f2a72040b11f'
DELETE FROM [ERPSettings].[ServiceParameters] WHERE [IdServiceParameters]=N'fdd3b134-3b54-4b67-8787-dd2edad9d7e9'
DELETE FROM [ERPSettings].[ComponentByRole] WHERE [IdComponent]=N'28093a30-824a-461a-b96b-664d37680ef1'
DELETE FROM [ERPSettings].[ComponentByRole] WHERE [IdComponent]=N'34979c9b-38d1-40de-a789-0abbe024ae44'
DELETE FROM [ERPSettings].[ComponentByRole] WHERE [IdComponent]=N'480fb66c-6e0b-492a-afee-f2a72040b11f'
DELETE FROM [ERPSettings].[ComponentByRole] WHERE [IdComponent]=N'fe0ace8c-a8a2-4c09-8ca3-29abe0f5db0a'
DELETE FROM [ERPSettings].[Component] WHERE [IdComponent]=N'28093a30-824a-461a-b96b-664d37680ef1'
DELETE FROM [ERPSettings].[Component] WHERE [IdComponent]=N'34979c9b-38d1-40de-a789-0abbe024ae44'
DELETE FROM [ERPSettings].[Component] WHERE [IdComponent]=N'480fb66c-6e0b-492a-afee-f2a72040b11f'
DELETE FROM [ERPSettings].[Component] WHERE [IdComponent]=N'fe0ace8c-a8a2-4c09-8ca3-29abe0f5db0a'
UPDATE [ERPSettings].[Component] SET [FR]=N'Mettre  jour' WHERE [IdComponent]=N'3515778b-d04b-4a7e-864e-fac0161ec53c'
INSERT INTO [ERPSettings].[Component] ([IdComponent], [rank], [ComponentName], [IdComponentType], [IdFunctionality], [IdComponentParent], [FR], [EN], [AR], [DE], [CH], [ES], [IdButton], [classDiv], [classLabel], [class], [IsEncapsulated], [IdComponentChangedBy], [EntityName], [style], [ng_hide], [IsToInitialize], [IdFunctionalityForm], [IsFireChange]) VALUES (N'2505e000-2265-406b-9bb5-d2c95fc03644', 1, N'DIV2', 9, N'da8aecae-09e6-4f74-bfab-314673238ac1', N'8bea8245-00c0-42b8-98c0-ba819df754ab', N'DIV2', N'DIV2', N'DIV2_AR', N'DIV2_DE', N'DIV2_CH', N'DIV2_ES', NULL, N'', N'', N'', 0, NULL, N'Item', NULL, NULL, 1, N'da8aecae-09e6-4f74-bfab-314673238ac1', NULL)
INSERT INTO [ERPSettings].[Component] ([IdComponent], [rank], [ComponentName], [IdComponentType], [IdFunctionality], [IdComponentParent], [FR], [EN], [AR], [DE], [CH], [ES], [IdButton], [classDiv], [classLabel], [class], [IsEncapsulated], [IdComponentChangedBy], [EntityName], [style], [ng_hide], [IsToInitialize], [IdFunctionalityForm], [IsFireChange]) VALUES (N'6a523c0b-48ad-4c5d-a5c7-777ddaed585b', 5, N'DIV2', 9, N'da8aecae-09e6-4f74-bfab-314673238ac1', N'29eefe19-b9f6-47f3-8d2d-772551bf9a43', N'DIV2', N'DIV2', N'DIV2_AR', N'DIV2_DE', N'DIV2_CH', N'DIV2_ES', NULL, N'', N'', N'row text-center', 0, NULL, N'Item', N'float:right;', NULL, 1, N'da8aecae-09e6-4f74-bfab-314673238ac1', NULL)
INSERT INTO [ERPSettings].[Component] ([IdComponent], [rank], [ComponentName], [IdComponentType], [IdFunctionality], [IdComponentParent], [FR], [EN], [AR], [DE], [CH], [ES], [IdButton], [classDiv], [classLabel], [class], [IsEncapsulated], [IdComponentChangedBy], [EntityName], [style], [ng_hide], [IsToInitialize], [IdFunctionalityForm], [IsFireChange]) VALUES (N'8bdf8d42-7aa3-45bb-b328-93d8cf4e4cfe', 1, N'DIV3', 9, N'da8aecae-09e6-4f74-bfab-314673238ac1', N'6a523c0b-48ad-4c5d-a5c7-777ddaed585b', N'DIV3', N'DIV3', N'DIV3_AR', N'DIV3_DE', N'DIV3_CH', N'DIV3_ES', NULL, N'', N'', N'', 0, NULL, N'Item', NULL, NULL, 1, N'da8aecae-09e6-4f74-bfab-314673238ac1', NULL)
INSERT INTO [ERPSettings].[Component] ([IdComponent], [rank], [ComponentName], [IdComponentType], [IdFunctionality], [IdComponentParent], [FR], [EN], [AR], [DE], [CH], [ES], [IdButton], [classDiv], [classLabel], [class], [IsEncapsulated], [IdComponentChangedBy], [EntityName], [style], [ng_hide], [IsToInitialize], [IdFunctionalityForm], [IsFireChange]) VALUES (N'8bea8245-00c0-42b8-98c0-ba819df754ab', 2, N'DIV4', 9, N'da8aecae-09e6-4f74-bfab-314673238ac1', N'6a523c0b-48ad-4c5d-a5c7-777ddaed585b', N'DIV4', N'DIV4', N'DIV4_AR', N'DIV4_DE', N'DIV4_CH', N'DIV4_ES', NULL, N'', N'', N'btn-group', 0, NULL, N'Item', N'float: right;display:inline-flex', NULL, 1, N'da8aecae-09e6-4f74-bfab-314673238ac1', NULL)
INSERT INTO [ERPSettings].[Component] ([IdComponent], [rank], [ComponentName], [IdComponentType], [IdFunctionality], [IdComponentParent], [FR], [EN], [AR], [DE], [CH], [ES], [IdButton], [classDiv], [classLabel], [class], [IsEncapsulated], [IdComponentChangedBy], [EntityName], [style], [ng_hide], [IsToInitialize], [IdFunctionalityForm], [IsFireChange]) VALUES (N'efe48036-e6b0-442c-b7ce-282bd77e8d71', 1, N'BUTTON1', 7, N'da8aecae-09e6-4f74-bfab-314673238ac1', N'2505e000-2265-406b-9bb5-d2c95fc03644', N'Mettre  jour', N'Update', N'Update_AR', N'Update_DE', N'Update_CH', N'Update_ES', NULL, N'form-group col-lg-12 col-md-12 col-sm-12', N'col-lg-4 col-md-4 col-sm-4', N'k-button', 0, NULL, N'ZipCode', NULL, NULL, 1, N'da8aecae-09e6-4f74-bfab-314673238ac1', NULL)
INSERT INTO [ERPSettings].[ComponentByRole] ([IdRole], [IdComponent], [IsActive], [IsVisible], [ReadFunction], [WriteFunction], [TransactionUserId]) VALUES ( 1, N'2505e000-2265-406b-9bb5-d2c95fc03644', 1, 1, NULL, NULL, NULL)
INSERT INTO [ERPSettings].[ComponentByRole] ([IdRole], [IdComponent], [IsActive], [IsVisible], [ReadFunction], [WriteFunction], [TransactionUserId]) VALUES ( 1, N'6a523c0b-48ad-4c5d-a5c7-777ddaed585b', 1, 1, NULL, NULL, NULL)
INSERT INTO [ERPSettings].[ComponentByRole] ([IdRole], [IdComponent], [IsActive], [IsVisible], [ReadFunction], [WriteFunction], [TransactionUserId]) VALUES ( 1, N'8bdf8d42-7aa3-45bb-b328-93d8cf4e4cfe', 1, 1, NULL, NULL, NULL)
INSERT INTO [ERPSettings].[ComponentByRole] ([IdRole], [IdComponent], [IsActive], [IsVisible], [ReadFunction], [WriteFunction], [TransactionUserId]) VALUES ( 1, N'8bea8245-00c0-42b8-98c0-ba819df754ab', 1, 1, NULL, NULL, NULL)
INSERT INTO [ERPSettings].[ComponentByRole] ([IdRole], [IdComponent], [IsActive], [IsVisible], [ReadFunction], [WriteFunction], [TransactionUserId]) VALUES ( 1, N'efe48036-e6b0-442c-b7ce-282bd77e8d71', 1, 1, NULL, NULL, NULL)

INSERT INTO [ERPSettings].[ServiceParameters] ([IdServiceParameters], [Method], [URL], [TModel], [Module], [IdPredicateFormat], [TransactionUserId], [IsDeleted], [Deleted_Token]) VALUES (N'e65a8401-8c65-4aee-b17d-55eb3e7aadce', N'PUT', N'/api/base/update', N'Company', N'Shared', NULL, NULL, 0, NULL)
INSERT INTO [ERPSettings].[ButtonComponent] ([IdComponent], [ng_model], [ng_click], [type], [ButtonType], [IdServiceParameter], [ngDisabled]) VALUES (N'efe48036-e6b0-442c-b7ce-282bd77e8d71', N'', N'bController.baseService.actionService.save(''efe48036-e6b0-442c-b7ce-282bd77e8d71'')', N'submit', 0, N'e65a8401-8c65-4aee-b17d-55eb3e7aadce', NULL)
ALTER TABLE [ERPSettings].[ButtonComponent]
    ADD CONSTRAINT [FK_ButtonComponent_Component] FOREIGN KEY ([IdComponent]) REFERENCES [ERPSettings].[Component] ([IdComponent])
ALTER TABLE [ERPSettings].[ButtonComponent]
    ADD CONSTRAINT [FK_ButtonComponent_ServiceParameters] FOREIGN KEY ([IdServiceParameter]) REFERENCES [ERPSettings].[ServiceParameters] ([IdServiceParameters])
ALTER TABLE [ERPSettings].[ServiceParameters]
    ADD CONSTRAINT [FK_ServiceParameters_PredicateFormat] FOREIGN KEY ([IdPredicateFormat]) REFERENCES [ERPSettings].[PredicateFormat] ([IdPredicateFormat])
ALTER TABLE [ERPSettings].[Component]
    ADD CONSTRAINT [FK_Component_Component1] FOREIGN KEY ([IdComponentChangedBy]) REFERENCES [ERPSettings].[Component] ([IdComponent])
ALTER TABLE [ERPSettings].[Component]
    ADD CONSTRAINT [FK_Component_Functionality] FOREIGN KEY ([IdFunctionality]) REFERENCES [ERPSettings].[Functionality] ([IdFunctionality])
ALTER TABLE [ERPSettings].[Component]
    ADD CONSTRAINT [FK_Component_Component] FOREIGN KEY ([IdComponentParent]) REFERENCES [ERPSettings].[Component] ([IdComponent])
	
ALTER TABLE [ERPSettings].[ComponentByRole]
    ADD CONSTRAINT [FK_ComponentByRole_Component] FOREIGN KEY ([IdComponent]) REFERENCES [ERPSettings].[Component] ([IdComponent])
ALTER TABLE [ERPSettings].[ComponentByRole]
    ADD CONSTRAINT [FK_ComponentByRole_Role] FOREIGN KEY ([IdRole]) REFERENCES [ERPSettings].[Role] ([Id]) ON DELETE CASCADE

COMMIT TRANSACTION

---- Nihel: Interface axe analytique: updates
BEGIN TRANSACTION
ALTER TABLE [ERPSettings].[DropDownListComponent] DROP CONSTRAINT [FK_DropDownListComponent_Component]
ALTER TABLE [ERPSettings].[Component] DROP CONSTRAINT [FK_Component_Component1]
ALTER TABLE [ERPSettings].[Component] DROP CONSTRAINT [FK_Component_Functionality]
ALTER TABLE [ERPSettings].[Component] DROP CONSTRAINT [FK_Component_Component]
DELETE FROM [ERPSettings].[ComponentByRole] WHERE [IdComponent]=N'549c954f-5aef-4e63-a7f2-f819ff4ee997'
DELETE FROM [ERPSettings].[ComponentByRole] WHERE [IdComponent]=N'9cc1ad8c-da95-4384-9af7-2be266050008'
DELETE FROM [ERPSettings].[Component] WHERE [IdComponent]=N'549c954f-5aef-4e63-a7f2-f819ff4ee997'
DELETE FROM [ERPSettings].[Component] WHERE [IdComponent]=N'9cc1ad8c-da95-4384-9af7-2be266050008'
UPDATE [ERPSettings].[DropDownListComponent] SET [globalization]=1 WHERE [IdComponent]=N'03f831be-8b3b-4443-895b-9995ef425344'
UPDATE [ERPSettings].[DropDownListComponent] SET [globalization]=1 WHERE [IdComponent]=N'4e6c5cca-76d1-4434-afa4-67204f81b443'
UPDATE [ERPSettings].[Component] SET [rank]=1, [IdComponentParent]=N'b906fbf4-c4ae-4393-bbba-847f4f3f1888' WHERE [IdComponent]=N'02df6ea7-4b9e-42e5-8e17-65900484b5df'
UPDATE [ERPSettings].[Component] SET [class]=N'col-lg-12 col-md-12 col-sm-12' WHERE [IdComponent]=N'0781ecf7-b931-49f3-9fae-64853969f789'
UPDATE [ERPSettings].[Component] SET [rank]=2, [IdComponentParent]=N'b906fbf4-c4ae-4393-bbba-847f4f3f1888' WHERE [IdComponent]=N'1112ffb6-8a10-4b27-a554-dfcf1b6bb260'
UPDATE [ERPSettings].[Component] SET [rank]=3 WHERE [IdComponent]=N'4837ffaa-26c9-4798-bf03-7962f2434607'
UPDATE [ERPSettings].[Component] SET [IdComponentParent]=N'8b3bbd65-51d8-4029-925c-0032b819acad', [class]=N'col-lg-12 col-md-12 col-sm-12' WHERE [IdComponent]=N'53737a85-00d5-4a7a-a8ff-841274e0bda4'
UPDATE [ERPSettings].[Component] SET [rank]=3 WHERE [IdComponent]=N'792a0356-55cc-47bb-9569-6a71eb63f5d2'
UPDATE [ERPSettings].[Component] SET [IdComponentParent]=N'53737a85-00d5-4a7a-a8ff-841274e0bda4', [style]=N'' WHERE [IdComponent]=N'96480d7c-5baf-44e8-8133-c4f19a422e35'
UPDATE [ERPSettings].[Component] SET [rank]=3, [IdComponentParent]=N'b906fbf4-c4ae-4393-bbba-847f4f3f1888' WHERE [IdComponent]=N'b22a80a0-73a1-4e59-9db5-97044fc7d0a7'
UPDATE [ERPSettings].[Component] SET [rank]=2 WHERE [IdComponent]=N'b7b133ec-a4cf-4619-9d72-4c7a2d2a2656'
UPDATE [ERPSettings].[Component] SET [classDiv]=N'form-group col-lg-6 col-md-6 col-sm-12' WHERE [IdComponent]=N'c0f45a72-0492-42ce-a30b-b5ea8b2d9256'
UPDATE [ERPSettings].[Component] SET [classDiv]=N'form-group col-lg-6 col-md-6 col-sm-12' WHERE [IdComponent]=N'c9faaa18-e03c-4936-a4a7-981de77a22fe'
UPDATE [ERPSettings].[Component] SET [IdComponentParent]=N'dcfe9d5e-ba58-4b3e-8304-a9ebff8629bd' WHERE [IdComponent]=N'ccc8e2da-c106-4293-a297-9e3c32d2a266'
UPDATE [ERPSettings].[Component] SET [IdComponentParent]=N'cfac746d-ea3c-463c-ad4c-d8595e7716a6', [class]=N'col-lg-12 col-md-12 col-sm-12', [style]=N'' WHERE [IdComponent]=N'dcfe9d5e-ba58-4b3e-8304-a9ebff8629bd'
UPDATE [ERPSettings].[Component] SET [class]=N'col-lg-12 col-md-12 col-sm-12' WHERE [IdComponent]=N'f5636527-9650-4e87-bb3f-12c66b3870c9'
INSERT INTO [ERPSettings].[Component] ([IdComponent], [rank], [ComponentName], [IdComponentType], [IdFunctionality], [IdComponentParent], [FR], [EN], [AR], [DE], [CH], [ES], [IdButton], [classDiv], [classLabel], [class], [IsEncapsulated], [IdComponentChangedBy], [EntityName], [style], [ng_hide], [IsToInitialize], [IdFunctionalityForm], [IsFireChange]) VALUES (N'b906fbf4-c4ae-4393-bbba-847f4f3f1888', 2, N'DIV5', 9, N'e7b3084b-711a-43e3-8ab6-a37af089281e', N'0781ecf7-b931-49f3-9fae-64853969f789', NULL, NULL, NULL, NULL, NULL, NULL, NULL, N'', N'', N'col-lg-12 col-md-12 col-sm-12', 0, NULL, N'AxisEntity', NULL, N'true', 1, N'e7b3084b-711a-43e3-8ab6-a37af089281e', NULL)
INSERT INTO [ERPSettings].[ComponentByRole] ([IdRole], [IdComponent], [IsActive], [IsVisible], [ReadFunction], [WriteFunction], [TransactionUserId]) VALUES ( 1, N'b906fbf4-c4ae-4393-bbba-847f4f3f1888', 1, 1, NULL, NULL, NULL)
ALTER TABLE [ERPSettings].[DropDownListComponent]
    ADD CONSTRAINT [FK_DropDownListComponent_Component] FOREIGN KEY ([IdComponent]) REFERENCES [ERPSettings].[Component] ([IdComponent])
ALTER TABLE [ERPSettings].[Component]
    ADD CONSTRAINT [FK_Component_Component1] FOREIGN KEY ([IdComponentChangedBy]) REFERENCES [ERPSettings].[Component] ([IdComponent])
ALTER TABLE [ERPSettings].[Component]
    ADD CONSTRAINT [FK_Component_Functionality] FOREIGN KEY ([IdFunctionality]) REFERENCES [ERPSettings].[Functionality] ([IdFunctionality])
ALTER TABLE [ERPSettings].[Component]
    ADD CONSTRAINT [FK_Component_Component] FOREIGN KEY ([IdComponentParent]) REFERENCES [ERPSettings].[Component] ([IdComponent])
COMMIT TRANSACTION

---- Nihel: 514 error in show interface
BEGIN TRANSACTION
ALTER TABLE [ERPSettings].[Component] DROP CONSTRAINT [FK_Component_Component1]
ALTER TABLE [ERPSettings].[Component] DROP CONSTRAINT [FK_Component_Functionality]
ALTER TABLE [ERPSettings].[Component] DROP CONSTRAINT [FK_Component_Component]
ALTER TABLE [ERPSettings].[Filter] DROP CONSTRAINT [FK_Filter_PredicateFormat]
DELETE FROM [ERPSettings].[Filter] WHERE [IdFilter]=N'06c13b76-f534-4331-8a3c-d232cd285d74'
DELETE FROM [ERPSettings].[Filter] WHERE [IdFilter]=N'1bfa01b9-f5a2-4fa3-bdf4-a45a656877f3'
DELETE FROM [ERPSettings].[Filter] WHERE [IdFilter]=N'1f9bcc6a-058a-45be-9627-a6c71b760f85'
DELETE FROM [ERPSettings].[Filter] WHERE [IdFilter]=N'21d6d276-f206-4e80-a5cf-b84d1655d23c'
DELETE FROM [ERPSettings].[Filter] WHERE [IdFilter]=N'3294d25b-b569-4a76-91d0-7cade5787568'
DELETE FROM [ERPSettings].[Filter] WHERE [IdFilter]=N'4988a83f-b2e2-4da1-aa85-6b93d8e8f155'
DELETE FROM [ERPSettings].[Filter] WHERE [IdFilter]=N'4ee59d50-93db-4cdc-b246-74ef56401cda'
DELETE FROM [ERPSettings].[Filter] WHERE [IdFilter]=N'5bcfeee9-8b87-4062-b8cb-852064a7ce68'
DELETE FROM [ERPSettings].[Filter] WHERE [IdFilter]=N'a88cfe9a-870b-4ba4-8cc6-4a2b9162573e'
DELETE FROM [ERPSettings].[Filter] WHERE [IdFilter]=N'cbd5a031-3f93-45b0-804e-ac004770fec3'
UPDATE [ERPSettings].[Component] SET [IsFireChange]=0 WHERE [IdComponent]=N'0e4a9192-b0c6-46e3-aa02-05b9977f8da3'
UPDATE [ERPSettings].[Component] SET [IdComponentChangedBy]=NULL WHERE [IdComponent]=N'15469e86-db85-4576-977d-342c639c3b0f'
UPDATE [ERPSettings].[Component] SET [IsFireChange]=0 WHERE [IdComponent]=N'18ef7c8b-9915-4b9d-ad26-c32f39a96091'
UPDATE [ERPSettings].[Component] SET [IsFireChange]=0 WHERE [IdComponent]=N'35b37246-1985-4a73-87ef-5e6eb3e7d1b7'
UPDATE [ERPSettings].[Component] SET [IdComponentChangedBy]=NULL WHERE [IdComponent]=N'551aaf3f-2d23-44fb-b4e1-fd4b7641911c'
UPDATE [ERPSettings].[Component] SET [IdComponentChangedBy]=NULL WHERE [IdComponent]=N'5da33a95-e130-47e3-8da4-2bd8d7334bc4'
UPDATE [ERPSettings].[Component] SET [IsFireChange]=0 WHERE [IdComponent]=N'79a90d0a-583d-4932-a188-9d06fa9f8ce0'
UPDATE [ERPSettings].[Component] SET [IdComponentChangedBy]=NULL WHERE [IdComponent]=N'b208b035-eb2a-4d56-a3bb-368472ba035a'
UPDATE [ERPSettings].[Component] SET [IdComponentChangedBy]=NULL WHERE [IdComponent]=N'b8597d58-3cb3-4e41-9696-202ea0669f47'
UPDATE [ERPSettings].[Component] SET [IdComponentChangedBy]=NULL WHERE [IdComponent]=N'bf40bf71-8b2a-4af0-a3a6-8b541024ecdb'
UPDATE [ERPSettings].[Component] SET [IdComponentChangedBy]=NULL WHERE [IdComponent]=N'c3973e90-23e4-43fa-ad68-9bad36e10094'
UPDATE [ERPSettings].[Component] SET [IdComponentChangedBy]=NULL WHERE [IdComponent]=N'e71b1905-85ba-425a-b335-53f19d1146b7'
UPDATE [ERPSettings].[Component] SET [IdComponentChangedBy]=NULL WHERE [IdComponent]=N'e72bd18b-4d48-40a1-a2e4-457247c734e8'
UPDATE [ERPSettings].[Component] SET [IdComponentChangedBy]=NULL WHERE [IdComponent]=N'efe91cc0-bfe6-4443-80dd-b2862851dca8'
ALTER TABLE [ERPSettings].[Component]
    ADD CONSTRAINT [FK_Component_Component1] FOREIGN KEY ([IdComponentChangedBy]) REFERENCES [ERPSettings].[Component] ([IdComponent])
ALTER TABLE [ERPSettings].[Component]
    ADD CONSTRAINT [FK_Component_Functionality] FOREIGN KEY ([IdFunctionality]) REFERENCES [ERPSettings].[Functionality] ([IdFunctionality])
ALTER TABLE [ERPSettings].[Component]
    ADD CONSTRAINT [FK_Component_Component] FOREIGN KEY ([IdComponentParent]) REFERENCES [ERPSettings].[Component] ([IdComponent])
ALTER TABLE [ERPSettings].[Filter]
    ADD CONSTRAINT [FK_Filter_PredicateFormat] FOREIGN KEY ([IdPredicateFormat]) REFERENCES [ERPSettings].[PredicateFormat] ([IdPredicateFormat])
COMMIT TRANSACTION

---- Nihel: can't delete current user
BEGIN TRANSACTION
ALTER TABLE [ERPSettings].[ServiceParameters] DROP CONSTRAINT [FK_ServiceParameters_PredicateFormat]
UPDATE [ERPSettings].[ServiceParameters] SET [URL]=N'api/user/getDataSourcePredicateUser' WHERE [IdServiceParameters]=N'73eb40d0-a801-438b-bfd4-5bb2026bebe7'
ALTER TABLE [ERPSettings].[ServiceParameters]
    ADD CONSTRAINT [FK_ServiceParameters_PredicateFormat] FOREIGN KEY ([IdPredicateFormat]) REFERENCES [ERPSettings].[PredicateFormat] ([IdPredicateFormat])
COMMIT TRANSACTION

---- Nihel: design sale documents
BEGIN TRANSACTION
ALTER TABLE [ERPSettings].[ButtonComponent] DROP CONSTRAINT [FK_ButtonComponent_Component]
ALTER TABLE [ERPSettings].[ButtonComponent] DROP CONSTRAINT [FK_ButtonComponent_ServiceParameters]
ALTER TABLE [ERPSettings].[DropDownListComponent] DROP CONSTRAINT [FK_DropDownListComponent_Component]
ALTER TABLE [ERPSettings].[Component] DROP CONSTRAINT [FK_Component_Component1]
ALTER TABLE [ERPSettings].[Component] DROP CONSTRAINT [FK_Component_Functionality]
ALTER TABLE [ERPSettings].[Component] DROP CONSTRAINT [FK_Component_Component]
DELETE FROM [ERPSettings].[ComponentByRole] WHERE [IdComponent]=N'20fd2268-22c2-4370-abf2-252f574344a3'
DELETE FROM [ERPSettings].[ComponentByRole] WHERE [IdComponent]=N'c3f5cb4e-ee06-4fde-a527-594df4330909'
DELETE FROM [ERPSettings].[ComponentByRole] WHERE [IdComponent]=N'd623a782-21a3-48db-9812-64f32ed18e3b'

DELETE FROM [ERPSettings].[Component] WHERE [IdComponent]=N'20fd2268-22c2-4370-abf2-252f574344a3'
DELETE FROM [ERPSettings].[Component] WHERE [IdComponent]=N'c3f5cb4e-ee06-4fde-a527-594df4330909'
DELETE FROM [ERPSettings].[Component] WHERE [IdComponent]=N'd623a782-21a3-48db-9812-64f32ed18e3b'
UPDATE [ERPSettings].[ButtonComponent] SET [ngDisabled]=N'bController.baseService.initService.disabledValidateButton' WHERE [IdComponent]=N'3ba4551a-8284-46a2-8860-0a451c7ac46d'
UPDATE [ERPSettings].[ButtonComponent] SET [ngDisabled]=N'bController.baseService.initService.disabledValidateButton' WHERE [IdComponent]=N'5677fdae-47a5-4ef3-92ff-5e3a68d886b8'
UPDATE [ERPSettings].[DropDownListComponent] SET [required]=1 WHERE [IdComponent]=N'8c081440-781b-48eb-afb3-bd9b7df95e7d'
UPDATE [ERPSettings].[Component] SET [IdComponentParent]=N'e7aeeca9-ca07-487e-9c84-e420f7d31804' WHERE [IdComponent]=N'38b7788d-ff1b-4670-8cbd-cec93a606c57'
UPDATE [ERPSettings].[Component] SET [rank]=2, [IdComponentParent]=N'a57b63d4-bb53-40d5-996d-33b57645e09e', [classDiv]=N'col-lg-12 col-md-12 col-sm-12' WHERE [IdComponent]=N'45584546-b1e0-4f33-b7d0-c0c5ce379c4e'
UPDATE [ERPSettings].[Component] SET [classDiv]=N'col-lg-12 col-md-12 col-sm-12' WHERE [IdComponent]=N'4f44d904-1564-42d8-91db-277f04286774'
UPDATE [ERPSettings].[Component] SET [style]=N'' WHERE [IdComponent]=N'672d9a59-cfe9-46dd-ac54-2e72a490f053'
UPDATE [ERPSettings].[Component] SET [rank]=2, [IdComponentParent]=N'ea3c0d1b-04a9-431b-9fbb-cd10bdbde2ef', [classDiv]=N'col-lg-12 col-md-12 col-sm-12' WHERE [IdComponent]=N'f3327697-0c38-441f-9a1c-0afe6fe1711e'
UPDATE [ERPSettings].[Component] SET [classDiv]=N'col-lg-12 col-md-12 col-sm-12' WHERE [IdComponent]=N'f511dadd-1dad-4c24-a043-ba1178cdcfb1'
INSERT INTO [ERPSettings].[Component] ([IdComponent], [rank], [ComponentName], [IdComponentType], [IdFunctionality], [IdComponentParent], [FR], [EN], [AR], [DE], [CH], [ES], [IdButton], [classDiv], [classLabel], [class], [IsEncapsulated], [IdComponentChangedBy], [EntityName], [style], [ng_hide], [IsToInitialize], [IdFunctionalityForm], [IsFireChange]) VALUES (N'e7aeeca9-ca07-487e-9c84-e420f7d31804', 2, N'Customer', 17, N'86ef34f3-b62f-4d0a-a673-bfecd5a8730e', N'745bae8b-31e8-4e52-b425-08434310b441', N'Client', N'Customer', N'Customer', N'Customer', N'Customer', N'Customer', NULL, N'', N'', N'', 0, NULL, N'Document', NULL, NULL, 1, N'86ef34f3-b62f-4d0a-a673-bfecd5a8730e', NULL)
INSERT INTO [ERPSettings].[ComponentByRole] ([IdRole], [IdComponent], [IsActive], [IsVisible], [ReadFunction], [WriteFunction], [TransactionUserId]) VALUES ( 1, N'e7aeeca9-ca07-487e-9c84-e420f7d31804', 1, 1, NULL, NULL, NULL)

ALTER TABLE [ERPSettings].[ButtonComponent]
    ADD CONSTRAINT [FK_ButtonComponent_Component] FOREIGN KEY ([IdComponent]) REFERENCES [ERPSettings].[Component] ([IdComponent])
ALTER TABLE [ERPSettings].[ButtonComponent]
    ADD CONSTRAINT [FK_ButtonComponent_ServiceParameters] FOREIGN KEY ([IdServiceParameter]) REFERENCES [ERPSettings].[ServiceParameters] ([IdServiceParameters])
ALTER TABLE [ERPSettings].[DropDownListComponent]
    ADD CONSTRAINT [FK_DropDownListComponent_Component] FOREIGN KEY ([IdComponent]) REFERENCES [ERPSettings].[Component] ([IdComponent])
ALTER TABLE [ERPSettings].[Component]
    ADD CONSTRAINT [FK_Component_Component1] FOREIGN KEY ([IdComponentChangedBy]) REFERENCES [ERPSettings].[Component] ([IdComponent])
ALTER TABLE [ERPSettings].[Component]
    ADD CONSTRAINT [FK_Component_Functionality] FOREIGN KEY ([IdFunctionality]) REFERENCES [ERPSettings].[Functionality] ([IdFunctionality])
ALTER TABLE [ERPSettings].[Component]
    ADD CONSTRAINT [FK_Component_Component] FOREIGN KEY ([IdComponentParent]) REFERENCES [ERPSettings].[Component] ([IdComponent])
COMMIT TRANSACTION

---- Houssem: Update Label
BEGIN TRANSACTION
 update ERPSettings.Notification 
  set Fr = 'Vrifier le format de l''anne d''obtention de diplme'
  where IdNotification =854
COMMIT TRANSACTION

---Fix bug Role : Fatma
BEGIN TRANSACTION
UPDATE [ERPSettings].[ButtonComponent] SET [ngDisabled]=N'bController.baseService.initService.disabledUpdateButton' WHERE [IdComponent]=N'1261a3d5-7162-48c2-928d-3a084f08396e'
UPDATE [ERPSettings].[ButtonComponent] SET [ngDisabled]=N'bController.baseService.initService.disabledUpdateButton' WHERE [IdComponent]=N'6c704f34-775b-4d82-bb94-a37063514b2f'
UPDATE [ERPSettings].[ButtonComponent] SET [ngDisabled]=N'bController.baseService.initService.disabledAddButton' WHERE [IdComponent]=N'8b85b6c6-7bc4-4807-b4c8-5a2df2828ce6'
UPDATE [ERPSettings].[ButtonComponent] SET [ngDisabled]=N'bController.baseService.initService.disabledAddButton' WHERE [IdComponent]=N'974837d7-6f49-449f-bbab-593dc594fdf5'
UPDATE [ERPSettings].[Component] SET [style]=N'color:red;' WHERE [IdComponent]=N'06a34679-b7eb-4452-9637-d938b9cbfbae'
COMMIT TRANSACTION 

---- Houssem: Update style
BEGIN TRANSACTION
update  ERPSettings.Component
set style = ''
where style like 'margin-left: 17px;'
COMMIT TRANSACTION

--- Houssem: Contract List
BEGIN TRANSACTION
ALTER TABLE [ERPSettings].[FunctionnalityModule] DROP CONSTRAINT [FK_FunctionnalityModule_Functionality]
ALTER TABLE [ERPSettings].[FunctionnalityModule] DROP CONSTRAINT [FK_FunctionnalityModule_Module]
ALTER TABLE [ERPSettings].[ColumnMenuComponent] DROP CONSTRAINT [FK_ComponentColumnMenu]
ALTER TABLE [ERPSettings].[ButtonComponent] DROP CONSTRAINT [FK_ButtonComponent_Component]
ALTER TABLE [ERPSettings].[ButtonComponent] DROP CONSTRAINT [FK_ButtonComponent_ServiceParameters]
ALTER TABLE [ERPSettings].[ToolBarItem] DROP CONSTRAINT [FK_ToolBarItemToolBarOptions]
ALTER TABLE [ERPSettings].[ToolBarOptions] DROP CONSTRAINT [FK_ToolBarOptionsToolbarComponent]
ALTER TABLE [ERPSettings].[CheckBoxComponentDetails] DROP CONSTRAINT [FK_CheckBoxDetailsComponent_Component]
ALTER TABLE [ERPSettings].[ToolBarComponent] DROP CONSTRAINT [FK_ComponentToolbarComponent]
ALTER TABLE [ERPSettings].[RadioButtonComponentDetails] DROP CONSTRAINT [FK_RadioButtonComponentDetails_Component]
ALTER TABLE [ERPSettings].[PopupComponent] DROP CONSTRAINT [FK_PopupComponent_Component]
ALTER TABLE [ERPSettings].[ComponentByRole] DROP CONSTRAINT [FK_ComponentByRole_Component]
ALTER TABLE [ERPSettings].[ComponentByRole] DROP CONSTRAINT [FK_ComponentByRole_Role]
ALTER TABLE [ERPSettings].[EntityCodification] DROP CONSTRAINT [FK_EntityCodification_Codification]
ALTER TABLE [ERPSettings].[EntityCodification] DROP CONSTRAINT [FK_EntityCodification_Entity]
ALTER TABLE [ERPSettings].[GridColumnComponent] DROP CONSTRAINT [FK_GridColumnComponent_Component]
ALTER TABLE [ERPSettings].[DropDownListOptions] DROP CONSTRAINT [FK_DropDownListOptions_DropDownListComponent]
ALTER TABLE [ERPSettings].[Entity] DROP CONSTRAINT [FK_Entity_Entity]
ALTER TABLE [ERPSettings].[ModuleByUser] DROP CONSTRAINT [FK_ModuleByUser_Module]
ALTER TABLE [ERPSettings].[ModuleByUser] DROP CONSTRAINT [FK_ModuleByUser_User]
ALTER TABLE [ERPSettings].[FieldSetComponent] DROP CONSTRAINT [FK_FieldSetComponent_Component]
ALTER TABLE [ERPSettings].[DropDownListComponent] DROP CONSTRAINT [FK_DropDownListComponent_Component]
ALTER TABLE [ERPSettings].[RoleInfo] DROP CONSTRAINT [FK_Information_RoleInfo]
ALTER TABLE [ERPSettings].[RoleInfo] DROP CONSTRAINT [FK_Role_RoleInfo]
ALTER TABLE [ERPSettings].[Relation] DROP CONSTRAINT [FK_Relation_PredicateFormat]
ALTER TABLE [ERPSettings].[GridDataSource] DROP CONSTRAINT [FK_GridDataSource_GridOptions]
ALTER TABLE [ERPSettings].[GridDataSource] DROP CONSTRAINT [FK_GridDataSource_ServiceParameters]
ALTER TABLE [ERPSettings].[ComboBoxComponent] DROP CONSTRAINT [FK_ComboboxComponent_Component]
ALTER TABLE [ERPSettings].[FunctionnalityByUser] DROP CONSTRAINT [FK_FunctionnalityByUser_Functionality]
ALTER TABLE [ERPSettings].[FunctionnalityByUser] DROP CONSTRAINT [FK_FunctionnalityByUser_User]
ALTER TABLE [ERPSettings].[OrderBy] DROP CONSTRAINT [FK_OrderBy_PredicateFormat]
ALTER TABLE [ERPSettings].[RadioButtonComponent] DROP CONSTRAINT [FK_RadioButtonComponent_Component]
ALTER TABLE [ERPSettings].[DialogComponent] DROP CONSTRAINT [FK_DialogComponent_Component]
ALTER TABLE [ERPSettings].[InputDatePickerOptions] DROP CONSTRAINT [FK_InputDatePickerOptions_InputComponent]
ALTER TABLE [ERPSettings].[BarCodeComponent] DROP CONSTRAINT [FK_BarCodeComponent_Component]
ALTER TABLE [ERPSettings].[BarCodeComponent] DROP CONSTRAINT [FK_BarCodeComponent_InputComponent]
ALTER TABLE [ERPSettings].[InputComponent] DROP CONSTRAINT [FK_InputComponent_Component]
ALTER TABLE [ERPSettings].[QrCodeComponent] DROP CONSTRAINT [FK_QrCodeComponent_Component]
ALTER TABLE [ERPSettings].[QrCodeComponent] DROP CONSTRAINT [FK_QrCodeComponent_InputComponent]
ALTER TABLE [ERPSettings].[UserInfo] DROP CONSTRAINT [FK_Info_UserInfo]
ALTER TABLE [ERPSettings].[UserInfo] DROP CONSTRAINT [FK_User_UserInfo]
ALTER TABLE [ERPSettings].[Information] DROP CONSTRAINT [FK_Information_Functionality]
ALTER TABLE [ERPSettings].[ReportParameters] DROP CONSTRAINT [FK_ReportViewerParameters_ReportViewerComponent]
ALTER TABLE [ERPSettings].[ReportComponent] DROP CONSTRAINT [FK_ReportViewerComponent_Component]
ALTER TABLE [ERPSettings].[DropDownListDataSource] DROP CONSTRAINT [FK_DropDownListDataSource_DropDownListOptions]
ALTER TABLE [ERPSettings].[DropDownListDataSource] DROP CONSTRAINT [FK_DropDownListDataSource_ServiceParameters]
ALTER TABLE [ERPSettings].[GridOptions] DROP CONSTRAINT [FK_GridOptions_GridComponent]
ALTER TABLE [ERPSettings].[ComboBoxDataSourceItems] DROP CONSTRAINT [FK_ComboBoxDataSourceItems_ComboBoxDataSource]
ALTER TABLE [ERPSettings].[CheckBoxComponent] DROP CONSTRAINT [FK_CheckBoxComponent_Component]
ALTER TABLE [ERPSettings].[ComponentByUser] DROP CONSTRAINT [FK_ComponentByUser_User]
ALTER TABLE [ERPSettings].[ComponentByUser] DROP CONSTRAINT [FK_ComponentByUser_Component]
ALTER TABLE [ERPSettings].[LabelComponent] DROP CONSTRAINT [FK_LabelComponent_Component]
ALTER TABLE [ERPSettings].[FormComponent] DROP CONSTRAINT [FK_FormComponent_Component]
ALTER TABLE [ERPSettings].[FormComponent] DROP CONSTRAINT [FK_FormComponent_ServiceParameters]
ALTER TABLE [ERPSettings].[FunctionalityByRole] DROP CONSTRAINT [FK_FunctionalityRole_Role]
ALTER TABLE [ERPSettings].[FunctionalityByRole] DROP CONSTRAINT [FK_FunctionalityRole_Functionality]
ALTER TABLE [ERPSettings].[Functionality] DROP CONSTRAINT [FK_Functionality_RequestType]
ALTER TABLE [ERPSettings].[GridButtonComponent] DROP CONSTRAINT [FK_GridButtonComponent_ServiceParameters]
ALTER TABLE [ERPSettings].[GridButtonComponent] DROP CONSTRAINT [FK_GridButtonComponent_Component]
ALTER TABLE [ERPSettings].[ServiceParameters] DROP CONSTRAINT [FK_ServiceParameters_PredicateFormat]
ALTER TABLE [ERPSettings].[ComboBoxDataSource] DROP CONSTRAINT [FK_ComboBoxDataSource_ComboBoxOptions]
ALTER TABLE [ERPSettings].[ComboBoxDataSource] DROP CONSTRAINT [FK_ComboBoxDataSource_ServiceParameters]
ALTER TABLE [ERPSettings].[ComboBoxOptions] DROP CONSTRAINT [FK_ComboBoxOptions_ComboBoxComponent]
ALTER TABLE [ERPSettings].[GridComponent] DROP CONSTRAINT [FK_GridComponent_Component]
ALTER TABLE [ERPSettings].[ModuleByRole] DROP CONSTRAINT [FK_ModuleByRole_Module]
ALTER TABLE [ERPSettings].[ModuleByRole] DROP CONSTRAINT [FK_ModuleByRole_Role]
ALTER TABLE [ERPSettings].[Module] DROP CONSTRAINT [FK_Module_Module]
ALTER TABLE [ERPSettings].[ImageComponent] DROP CONSTRAINT [FK_ImageComponent_Component]
ALTER TABLE [ERPSettings].[Component] DROP CONSTRAINT [FK_Component_Component1]
ALTER TABLE [ERPSettings].[Component] DROP CONSTRAINT [FK_Component_Functionality]
ALTER TABLE [ERPSettings].[Component] DROP CONSTRAINT [FK_Component_Component]
ALTER TABLE [ERPSettings].[Filter] DROP CONSTRAINT [FK_Filter_PredicateFormat]

UPDATE [ERPSettings].[Component] SET [FR]=N'Adresse 4', [EN]=N'Adress 4' WHERE [IdComponent]=N'25e7aeed-2885-4132-9895-b560b226249c'
UPDATE [ERPSettings].[Component] SET [FR]=N'Adresse 3', [EN]=N'Adress 3' WHERE [IdComponent]=N'29e8523c-6351-417d-9c0e-3c8241bf1643'
UPDATE [ERPSettings].[Component] SET [FR]=N'Adresse 2', [EN]=N'Adress 2' WHERE [IdComponent]=N'3113edf7-e13f-4982-b59f-8fbab01a9351'
UPDATE [ERPSettings].[Component] SET [FR]=N'Adresse 2', [EN]=N'Adress 2' WHERE [IdComponent]=N'5c9161d6-1d99-4767-92d7-43585983a70a'
UPDATE [ERPSettings].[Component] SET [FR]=N'Adresse 4', [EN]=N'Adress 4' WHERE [IdComponent]=N'69b875f0-21d0-437f-a70e-11d10de530b0'
UPDATE [ERPSettings].[Component] SET [FR]=N'Adresse 3', [EN]=N'Adress 3' WHERE [IdComponent]=N'7fe88e63-53f2-476b-ba7a-e0b2d9a87ee1'
UPDATE [ERPSettings].[Component] SET [FR]=N'Adresse 1', [EN]=N'Address 1' WHERE [IdComponent]=N'da5c418d-d840-4627-ab25-977c683104fc'
UPDATE [ERPSettings].[Component] SET [FR]=N'Adresse 1', [EN]=N'Address ' WHERE [IdComponent]=N'de695100-a9e3-4189-b1f5-1af0a2a518c6'

INSERT INTO [ERPSettings].[PredicateFormat] ([IdPredicateFormat], [PredicateName], [Operator], [TransactionUserId], [IsDeleted], [Deleted_Token]) VALUES (N'e3845068-9193-4473-987e-92bc4c1ae8ec', NULL, NULL, NULL, 0, NULL)
INSERT INTO [ERPSettings].[Component] ([IdComponent], [rank], [ComponentName], [IdComponentType], [IdFunctionality], [IdComponentParent], [FR], [EN], [AR], [DE], [CH], [ES], [IdButton], [classDiv], [classLabel], [class], [IsEncapsulated], [IdComponentChangedBy], [EntityName], [style], [ng_hide], [IsToInitialize], [IdFunctionalityForm], [IsFireChange]) VALUES (N'285d9dd6-8ddc-4bd3-a301-3c5f6255d583', 2, N'GRIDCOLUMN2', 4, N'99916b67-3c87-4342-8eb1-8640d0d9efd1', N'eb34c0e0-6dcb-4409-b278-9e5e8d8ac9ee', N'Employ', N'Employee', N'Nom_AR', N'Nom_DE', N'Nom_CH', N'Nom_ES', NULL, N'col-lg-12 col-md-12 col-sm-12', N'col-lg-4 col-md-4 col-sm-4', N'', 0, NULL, N'Contract', NULL, NULL, 1, N'99916b67-3c87-4342-8eb1-8640d0d9efd1', NULL)
INSERT INTO [ERPSettings].[Component] ([IdComponent], [rank], [ComponentName], [IdComponentType], [IdFunctionality], [IdComponentParent], [FR], [EN], [AR], [DE], [CH], [ES], [IdButton], [classDiv], [classLabel], [class], [IsEncapsulated], [IdComponentChangedBy], [EntityName], [style], [ng_hide], [IsToInitialize], [IdFunctionalityForm], [IsFireChange]) VALUES (N'32b11c53-1b17-4bc0-ba6e-8c21c93102b2', 4, N'GRIDCOLUMN6', 4, N'99916b67-3c87-4342-8eb1-8640d0d9efd1', N'eb34c0e0-6dcb-4409-b278-9e5e8d8ac9ee', N'Date de dbut', N'Start date', NULL, NULL, NULL, NULL, NULL, N'col-lg-12 col-md-12 col-sm-12', N'col-lg-4 col-md-4 col-sm-4', N'', 0, NULL, N'Contract', NULL, NULL, 1, N'99916b67-3c87-4342-8eb1-8640d0d9efd1', NULL)
INSERT INTO [ERPSettings].[Component] ([IdComponent], [rank], [ComponentName], [IdComponentType], [IdFunctionality], [IdComponentParent], [FR], [EN], [AR], [DE], [CH], [ES], [IdButton], [classDiv], [classLabel], [class], [IsEncapsulated], [IdComponentChangedBy], [EntityName], [style], [ng_hide], [IsToInitialize], [IdFunctionalityForm], [IsFireChange]) VALUES (N'405e2312-22c2-4ba2-abc5-7137b4ac2b4a', 3, N'GRIDCOLUMN3', 4, N'99916b67-3c87-4342-8eb1-8640d0d9efd1', N'eb34c0e0-6dcb-4409-b278-9e5e8d8ac9ee', N'Type de contrat', N'Contract Type', N'', N'', N'', N'', NULL, N'col-lg-12 col-md-12 col-sm-12', N'col-lg-4 col-md-4 col-sm-4', N'', 0, NULL, N'Contract', NULL, NULL, 1, N'99916b67-3c87-4342-8eb1-8640d0d9efd1', NULL)
INSERT INTO [ERPSettings].[Component] ([IdComponent], [rank], [ComponentName], [IdComponentType], [IdFunctionality], [IdComponentParent], [FR], [EN], [AR], [DE], [CH], [ES], [IdButton], [classDiv], [classLabel], [class], [IsEncapsulated], [IdComponentChangedBy], [EntityName], [style], [ng_hide], [IsToInitialize], [IdFunctionalityForm], [IsFireChange]) VALUES (N'4dbbb3cc-16ef-4c0b-ad36-a17c09a40d15', 2, N'GRIDBUTTON2', 16, N'99916b67-3c87-4342-8eb1-8640d0d9efd1', N'ed56200f-cfc0-4fc6-8cc8-7fb275e000e2', N'Supprimer', N'Delete', N'Supprimer_AR', N'Supprimer_DE', N'Supprimer_CH', N'Supprimer_ES', NULL, N'col-lg-12 col-md-12 col-sm-12', N'col-lg-4 col-md-4 col-sm-4', N'k-icon k-i-delete k-i-trash', 1, NULL, N'Contract', N'color: indianred;', NULL, 1, N'99916b67-3c87-4342-8eb1-8640d0d9efd1', NULL)
INSERT INTO [ERPSettings].[Component] ([IdComponent], [rank], [ComponentName], [IdComponentType], [IdFunctionality], [IdComponentParent], [FR], [EN], [AR], [DE], [CH], [ES], [IdButton], [classDiv], [classLabel], [class], [IsEncapsulated], [IdComponentChangedBy], [EntityName], [style], [ng_hide], [IsToInitialize], [IdFunctionalityForm], [IsFireChange]) VALUES (N'583ad06d-02d0-4e46-9105-326d6b445d98', 1, N'DIVCONTAINER1', 17, N'99916b67-3c87-4342-8eb1-8640d0d9efd1', N'f044f09f-d63d-4c75-9194-e8426ed6e07a', N'Liste des Contrats', N'List of contracts', N'', N'', N'', N'', NULL, N'col-lg-12 col-md-12 col-sm-12', N'', N'', 0, NULL, N'Contract', NULL, NULL, 1, N'99916b67-3c87-4342-8eb1-8640d0d9efd1', NULL)
INSERT INTO [ERPSettings].[Component] ([IdComponent], [rank], [ComponentName], [IdComponentType], [IdFunctionality], [IdComponentParent], [FR], [EN], [AR], [DE], [CH], [ES], [IdButton], [classDiv], [classLabel], [class], [IsEncapsulated], [IdComponentChangedBy], [EntityName], [style], [ng_hide], [IsToInitialize], [IdFunctionalityForm], [IsFireChange]) VALUES (N'5bfc712d-e0fa-4e86-a86b-849d88f8cd56', 1, N'DIV1', 9, N'99916b67-3c87-4342-8eb1-8640d0d9efd1', N'583ad06d-02d0-4e46-9105-326d6b445d98', N'DIV1', N'DIV1', N'DIV1_AR', N'DIV1_DE', N'DIV1_CH', N'DIV1_ES', NULL, N'', N'', N'', 0, NULL, N'Contract', N'', NULL, 1, N'99916b67-3c87-4342-8eb1-8640d0d9efd1', NULL)
INSERT INTO [ERPSettings].[Component] ([IdComponent], [rank], [ComponentName], [IdComponentType], [IdFunctionality], [IdComponentParent], [FR], [EN], [AR], [DE], [CH], [ES], [IdButton], [classDiv], [classLabel], [class], [IsEncapsulated], [IdComponentChangedBy], [EntityName], [style], [ng_hide], [IsToInitialize], [IdFunctionalityForm], [IsFireChange]) VALUES (N'9930291e-3019-4ea1-8740-c619f74ab65f', 2, N'DIV2', 9, N'99916b67-3c87-4342-8eb1-8640d0d9efd1', N'583ad06d-02d0-4e46-9105-326d6b445d98', N'DIV2', N'DIV2', N'DIV2_AR', N'DIV2_DE', N'DIV2_CH', N'DIV2_ES', NULL, N'', N'', N'', 0, NULL, N'Contract', NULL, NULL, 1, N'99916b67-3c87-4342-8eb1-8640d0d9efd1', NULL)
INSERT INTO [ERPSettings].[Component] ([IdComponent], [rank], [ComponentName], [IdComponentType], [IdFunctionality], [IdComponentParent], [FR], [EN], [AR], [DE], [CH], [ES], [IdButton], [classDiv], [classLabel], [class], [IsEncapsulated], [IdComponentChangedBy], [EntityName], [style], [ng_hide], [IsToInitialize], [IdFunctionalityForm], [IsFireChange]) VALUES (N'aab9e5ff-cacb-43d3-a629-c7909264e2c1', 1, N'GRIDCOLUMN1', 4, N'99916b67-3c87-4342-8eb1-8640d0d9efd1', N'eb34c0e0-6dcb-4409-b278-9e5e8d8ac9ee', N'Rfrence', N'Reference', N'Code_AR', N'Code_DE', N'Code_CH', N'Code_ES', NULL, N'col-lg-12 col-md-12 col-sm-12', N'col-lg-4 col-md-4 col-sm-4', N'', 0, NULL, N'Contract', NULL, NULL, 1, N'99916b67-3c87-4342-8eb1-8640d0d9efd1', NULL)
INSERT INTO [ERPSettings].[Component] ([IdComponent], [rank], [ComponentName], [IdComponentType], [IdFunctionality], [IdComponentParent], [FR], [EN], [AR], [DE], [CH], [ES], [IdButton], [classDiv], [classLabel], [class], [IsEncapsulated], [IdComponentChangedBy], [EntityName], [style], [ng_hide], [IsToInitialize], [IdFunctionalityForm], [IsFireChange]) VALUES (N'b4cd4221-9cc0-4f28-8067-90d992f2775c', 1, N'GRIDBUTTON1', 16, N'99916b67-3c87-4342-8eb1-8640d0d9efd1', N'ed56200f-cfc0-4fc6-8cc8-7fb275e000e2', N'Modifier', N'Update', N'Modifier_AR', N'Modifier_DE', N'Modifier_CH', N'Modifier_ES', NULL, N'col-lg-12 col-md-12 col-sm-12', N'col-lg-4 col-md-4 col-sm-4', N'k-icon k-i-edit k-i-pencil', 1, NULL, N'Contract', N'color:cornflowerblue;', NULL, 1, N'99916b67-3c87-4342-8eb1-8640d0d9efd1', NULL)
INSERT INTO [ERPSettings].[Component] ([IdComponent], [rank], [ComponentName], [IdComponentType], [IdFunctionality], [IdComponentParent], [FR], [EN], [AR], [DE], [CH], [ES], [IdButton], [classDiv], [classLabel], [class], [IsEncapsulated], [IdComponentChangedBy], [EntityName], [style], [ng_hide], [IsToInitialize], [IdFunctionalityForm], [IsFireChange]) VALUES (N'cb37122d-5cef-4b60-bd6e-4239fe1f9f29', 5, N'EndDate', 4, N'99916b67-3c87-4342-8eb1-8640d0d9efd1', N'eb34c0e0-6dcb-4409-b278-9e5e8d8ac9ee', N'Date de fin', N'End date', NULL, NULL, NULL, NULL, NULL, N'col-lg-12 col-md-12 col-sm-12', N'col-lg-4 col-md-4 col-sm-4', N'', 0, NULL, N'Contract', NULL, NULL, 1, N'99916b67-3c87-4342-8eb1-8640d0d9efd1', NULL)
INSERT INTO [ERPSettings].[Component] ([IdComponent], [rank], [ComponentName], [IdComponentType], [IdFunctionality], [IdComponentParent], [FR], [EN], [AR], [DE], [CH], [ES], [IdButton], [classDiv], [classLabel], [class], [IsEncapsulated], [IdComponentChangedBy], [EntityName], [style], [ng_hide], [IsToInitialize], [IdFunctionalityForm], [IsFireChange]) VALUES (N'dd2d37aa-5514-47eb-8517-f2004dfba332', 1, N'BUTTON1', 7, N'99916b67-3c87-4342-8eb1-8640d0d9efd1', N'5bfc712d-e0fa-4e86-a86b-849d88f8cd56', N'Ajouter contrat', N'Add contract', N'', N'', N'', N'', NULL, N'form-group col-lg-12 col-md-12 col-sm-12', N'col-lg-4 col-md-4 col-sm-4', N'k-button', 0, NULL, N'Contract', NULL, NULL, 1, N'99916b67-3c87-4342-8eb1-8640d0d9efd1', NULL)
INSERT INTO [ERPSettings].[Component] ([IdComponent], [rank], [ComponentName], [IdComponentType], [IdFunctionality], [IdComponentParent], [FR], [EN], [AR], [DE], [CH], [ES], [IdButton], [classDiv], [classLabel], [class], [IsEncapsulated], [IdComponentChangedBy], [EntityName], [style], [ng_hide], [IsToInitialize], [IdFunctionalityForm], [IsFireChange]) VALUES (N'eb34c0e0-6dcb-4409-b278-9e5e8d8ac9ee', 1, N'GRID2', 3, N'99916b67-3c87-4342-8eb1-8640d0d9efd1', N'9930291e-3019-4ea1-8740-c619f74ab65f', N'Contrat', N'Conract', N'', N'', N'', N'', N'ef1604be-8b71-44ce-b914-a9903e9a151a', N'col-lg-12 col-md-12 col-sm-12', N'col-lg-4 col-md-4 col-sm-4', N'', 0, NULL, N'Contract', NULL, NULL, 1, N'99916b67-3c87-4342-8eb1-8640d0d9efd1', NULL)
INSERT INTO [ERPSettings].[Component] ([IdComponent], [rank], [ComponentName], [IdComponentType], [IdFunctionality], [IdComponentParent], [FR], [EN], [AR], [DE], [CH], [ES], [IdButton], [classDiv], [classLabel], [class], [IsEncapsulated], [IdComponentChangedBy], [EntityName], [style], [ng_hide], [IsToInitialize], [IdFunctionalityForm], [IsFireChange]) VALUES (N'ed56200f-cfc0-4fc6-8cc8-7fb275e000e2', 6, N'GRIDCOLUMN7', 4, N'99916b67-3c87-4342-8eb1-8640d0d9efd1', N'eb34c0e0-6dcb-4409-b278-9e5e8d8ac9ee', N'GRIDCOLUMN7', N'GRIDCOLUMN7', N'GRIDCOLUMN7_AR', N'GRIDCOLUMN7_DE', N'GRIDCOLUMN7_CH', N'GRIDCOLUMN7_ES', NULL, N'col-lg-12 col-md-12 col-sm-12', N'col-lg-4 col-md-4 col-sm-4', N'', 0, NULL, N'Contract', NULL, NULL, 1, N'99916b67-3c87-4342-8eb1-8640d0d9efd1', NULL)
INSERT INTO [ERPSettings].[Component] ([IdComponent], [rank], [ComponentName], [IdComponentType], [IdFunctionality], [IdComponentParent], [FR], [EN], [AR], [DE], [CH], [ES], [IdButton], [classDiv], [classLabel], [class], [IsEncapsulated], [IdComponentChangedBy], [EntityName], [style], [ng_hide], [IsToInitialize], [IdFunctionalityForm], [IsFireChange]) VALUES (N'f044f09f-d63d-4c75-9194-e8426ed6e07a', 1, N'FORM1', 6, N'99916b67-3c87-4342-8eb1-8640d0d9efd1', NULL, N'FORM1', N'FORM1', N'FORM1_AR', N'FORM1_DE', N'FORM1_CH', N'FORM1_ES', NULL, N'col-lg-12 col-md-12 col-sm-12', N'col-lg-4 col-md-4 col-sm-4', N'', 0, NULL, N'Contract', NULL, NULL, 1, N'99916b67-3c87-4342-8eb1-8640d0d9efd1', NULL)
INSERT INTO [ERPSettings].[GridComponent] ([IdComponent], [TreeType], [k_on_change]) VALUES (N'eb34c0e0-6dcb-4409-b278-9e5e8d8ac9ee', 0, NULL)
INSERT INTO [ERPSettings].[ServiceParameters] ([IdServiceParameters], [Method], [URL], [TModel], [Module], [IdPredicateFormat], [TransactionUserId], [IsDeleted], [Deleted_Token]) VALUES (N'24d0f2a9-1990-436d-9e06-593631170f6f', N'POST', N'/api/base/getDataSourcePredicate', N'Contract', N'PayRoll', N'e3845068-9193-4473-987e-92bc4c1ae8ec', NULL, 0, NULL)
INSERT INTO [ERPSettings].[ServiceParameters] ([IdServiceParameters], [Method], [URL], [TModel], [Module], [IdPredicateFormat], [TransactionUserId], [IsDeleted], [Deleted_Token]) VALUES (N'e0fb8a99-a098-40aa-84d7-6b2760ca6c0a', N'DELETE', N'/api/base/delete/:id', N'Contract', N'PayRoll', NULL, NULL, 0, NULL)
INSERT INTO [ERPSettings].[GridButtonComponent] ([IdComponent], [ng_click], [type], [k_content], [IdServiceParameter]) VALUES (N'4dbbb3cc-16ef-4c0b-ad36-a17c09a40d15', N'bController.baseService.actionService.delete(dataItem,''4dbbb3cc-16ef-4c0b-ad36-a17c09a40d15'',''eb34c0e0-6dcb-4409-b278-9e5e8d8ac9ee'')', N'submit', N'{{''4dbbb3cc-16ef-4c0b-ad36-a17c09a40d15'' | translate }}', N'e0fb8a99-a098-40aa-84d7-6b2760ca6c0a')
INSERT INTO [ERPSettings].[GridButtonComponent] ([IdComponent], [ng_click], [type], [k_content], [IdServiceParameter]) VALUES (N'b4cd4221-9cc0-4f28-8067-90d992f2775c', N'bController.baseService.actionService.redirectToEditForm(dataItem,''b4cd4221-9cc0-4f28-8067-90d992f2775c'')', N'submit', N'{{''b4cd4221-9cc0-4f28-8067-90d992f2775c'' | translate }}', NULL)
INSERT INTO [ERPSettings].[FormComponent] ([IdComponent], [k_rules], [ng_controller], [ng_submit], [data_ng_init], [IdServiceParameter], [NameSpace]) VALUES (N'f044f09f-d63d-4c75-9194-e8426ed6e07a', NULL, N'BaseController as bController', NULL, N'bController.baseService.initService.initView()', NULL, NULL)
INSERT INTO [ERPSettings].[GridOptions] ([IdGridOptions], [name], [allowCopy], [altRowTemplate], [autoBind], [dataBound], [columnResizeHandleWidth], [columnMenu], [detailTemplate], [editable], [filterable], [groupable], [height], [mobile], [navigatable], [noRecords], [pageable], [reorderable], [resizable], [rowTemplate], [scrollable], [selectable], [sortable], [excel], [pdf], [checkboxes], [dataTextField], [select], [check], [expand], [loadOnDemand]) VALUES (N'eb34c0e0-6dcb-4409-b278-9e5e8d8ac9ee', NULL, 0, N'True', 1, NULL, NULL, 0, NULL, 0, 1, 1, NULL, 0, 1, 0, 1, 0, 1, NULL, 1, N'1', 1, 1, 1, NULL, NULL, NULL, NULL, NULL, NULL)
INSERT INTO [ERPSettings].[GridDataSource] ([IdGridOptions], [IdServiceParameters], [error], [autoSync], [pageSize], [serverPaging], [serverSorting], [serverFiltering], [serverGrouping], [serverAggregates], [batch], [Id], [ParentId], [children], [hasChildrens], [expanded]) VALUES (N'eb34c0e0-6dcb-4409-b278-9e5e8d8ac9ee', N'24d0f2a9-1990-436d-9e06-593631170f6f', NULL, 0, 10, 1, 1, 1, 0, 0, 1, NULL, NULL, NULL, NULL, NULL)
INSERT INTO [ERPSettings].[Relation] ([IdRelation], [IdPredicateFormat], [Prop], [TransactionUserId], [IsDeleted], [Deleted_Token]) VALUES (N'0be1c290-fdca-4615-b4db-36262f170fae', N'e3845068-9193-4473-987e-92bc4c1ae8ec', N'IdContractTypeNavigation', NULL, 0, NULL)
INSERT INTO [ERPSettings].[Relation] ([IdRelation], [IdPredicateFormat], [Prop], [TransactionUserId], [IsDeleted], [Deleted_Token]) VALUES (N'292498f3-50a2-436c-b38a-db3d19b9ce85', N'e3845068-9193-4473-987e-92bc4c1ae8ec', N'IdEmployeeNavigation', NULL, 0, NULL)
INSERT INTO [ERPSettings].[GridColumnComponent] ([IdComponent], [field], [title], [width], [format], [groupHeaderTemplate], [hidden], [template], [nullable], [type], [editable], [defaultValue], [menu], [headerTemplate], [filterable], [sortable]) VALUES (N'285d9dd6-8ddc-4bd3-a301-3c5f6255d583', N'IdEmployeeNavigation.Name', N'{{''285d9dd6-8ddc-4bd3-a301-3c5f6255d583'' | translate }}', NULL, NULL, N'#= value #', 0, NULL, 0, NULL, 0, NULL, 1, NULL, NULL, NULL)
INSERT INTO [ERPSettings].[GridColumnComponent] ([IdComponent], [field], [title], [width], [format], [groupHeaderTemplate], [hidden], [template], [nullable], [type], [editable], [defaultValue], [menu], [headerTemplate], [filterable], [sortable]) VALUES (N'32b11c53-1b17-4bc0-ba6e-8c21c93102b2', N'StartDate', N'{{''32b11c53-1b17-4bc0-ba6e-8c21c93102b2'' | translate}}', NULL, N'{0:d}', N'#= value #', 0, NULL, 0, N'date', 0, NULL, NULL, NULL, NULL, NULL)
INSERT INTO [ERPSettings].[GridColumnComponent] ([IdComponent], [field], [title], [width], [format], [groupHeaderTemplate], [hidden], [template], [nullable], [type], [editable], [defaultValue], [menu], [headerTemplate], [filterable], [sortable]) VALUES (N'405e2312-22c2-4ba2-abc5-7137b4ac2b4a', N'IdContractTypeNavigation.Label', N'{{''405e2312-22c2-4ba2-abc5-7137b4ac2b4a'' | translate }}', NULL, NULL, N'#= value #', 0, NULL, 0, NULL, 0, NULL, 1, NULL, NULL, NULL)
INSERT INTO [ERPSettings].[GridColumnComponent] ([IdComponent], [field], [title], [width], [format], [groupHeaderTemplate], [hidden], [template], [nullable], [type], [editable], [defaultValue], [menu], [headerTemplate], [filterable], [sortable]) VALUES (N'aab9e5ff-cacb-43d3-a629-c7909264e2c1', N'ContractReference', N'{{''aab9e5ff-cacb-43d3-a629-c7909264e2c1'' | translate }}', NULL, NULL, N'#= value #', 0, NULL, 0, NULL, 0, NULL, 1, NULL, NULL, NULL)
INSERT INTO [ERPSettings].[GridColumnComponent] ([IdComponent], [field], [title], [width], [format], [groupHeaderTemplate], [hidden], [template], [nullable], [type], [editable], [defaultValue], [menu], [headerTemplate], [filterable], [sortable]) VALUES (N'cb37122d-5cef-4b60-bd6e-4239fe1f9f29', N'EndDate', N'{{''cb37122d-5cef-4b60-bd6e-4239fe1f9f29'' | translate}}', NULL, N'{0:d}', N'#= value #', 0, NULL, 0, N'date', 0, NULL, NULL, NULL, NULL, NULL)
INSERT INTO [ERPSettings].[GridColumnComponent] ([IdComponent], [field], [title], [width], [format], [groupHeaderTemplate], [hidden], [template], [nullable], [type], [editable], [defaultValue], [menu], [headerTemplate], [filterable], [sortable]) VALUES (N'ed56200f-cfc0-4fc6-8cc8-7fb275e000e2', NULL, N'{{''ed56200f-cfc0-4fc6-8cc8-7fb275e000e2'' | translate }}', NULL, NULL, N'#= value #', 0, NULL, 0, NULL, 0, NULL, 1, NULL, NULL, NULL)

INSERT INTO [ERPSettings].[ComponentByRole] ( [IdRole], [IdComponent], [IsActive], [IsVisible], [ReadFunction], [WriteFunction], [TransactionUserId]) VALUES ( 1, N'f044f09f-d63d-4c75-9194-e8426ed6e07a', 1, 1, NULL, NULL, NULL)
INSERT INTO [ERPSettings].[ComponentByRole] ( [IdRole], [IdComponent], [IsActive], [IsVisible], [ReadFunction], [WriteFunction], [TransactionUserId]) VALUES ( 1, N'583ad06d-02d0-4e46-9105-326d6b445d98', 1, 1, NULL, NULL, NULL)
INSERT INTO [ERPSettings].[ComponentByRole] ( [IdRole], [IdComponent], [IsActive], [IsVisible], [ReadFunction], [WriteFunction], [TransactionUserId]) VALUES (1, N'9930291e-3019-4ea1-8740-c619f74ab65f', 1, 1, NULL, NULL, NULL)
INSERT INTO [ERPSettings].[ComponentByRole] ( [IdRole], [IdComponent], [IsActive], [IsVisible], [ReadFunction], [WriteFunction], [TransactionUserId]) VALUES ( 1, N'eb34c0e0-6dcb-4409-b278-9e5e8d8ac9ee', 1, 1, NULL, NULL, NULL)
INSERT INTO [ERPSettings].[ComponentByRole] ( [IdRole], [IdComponent], [IsActive], [IsVisible], [ReadFunction], [WriteFunction], [TransactionUserId]) VALUES ( 1, N'285d9dd6-8ddc-4bd3-a301-3c5f6255d583', 1, 1, NULL, NULL, NULL)
INSERT INTO [ERPSettings].[ComponentByRole] ( [IdRole], [IdComponent], [IsActive], [IsVisible], [ReadFunction], [WriteFunction], [TransactionUserId]) VALUES ( 1, N'ed56200f-cfc0-4fc6-8cc8-7fb275e000e2', 1, 1, NULL, NULL, NULL)
INSERT INTO [ERPSettings].[ComponentByRole] ( [IdRole], [IdComponent], [IsActive], [IsVisible], [ReadFunction], [WriteFunction], [TransactionUserId]) VALUES ( 1, N'4dbbb3cc-16ef-4c0b-ad36-a17c09a40d15', 1, 1, NULL, NULL, NULL)
INSERT INTO [ERPSettings].[ComponentByRole] ( [IdRole], [IdComponent], [IsActive], [IsVisible], [ReadFunction], [WriteFunction], [TransactionUserId]) VALUES ( 1, N'b4cd4221-9cc0-4f28-8067-90d992f2775c', 1, 1, NULL, NULL, NULL)
INSERT INTO [ERPSettings].[ComponentByRole] ( [IdRole], [IdComponent], [IsActive], [IsVisible], [ReadFunction], [WriteFunction], [TransactionUserId]) VALUES ( 1, N'aab9e5ff-cacb-43d3-a629-c7909264e2c1', 1, 1, NULL, NULL, NULL)
INSERT INTO [ERPSettings].[ComponentByRole] ( [IdRole], [IdComponent], [IsActive], [IsVisible], [ReadFunction], [WriteFunction], [TransactionUserId]) VALUES ( 1, N'405e2312-22c2-4ba2-abc5-7137b4ac2b4a', 1, 1, NULL, NULL, NULL)
INSERT INTO [ERPSettings].[ComponentByRole] ( [IdRole], [IdComponent], [IsActive], [IsVisible], [ReadFunction], [WriteFunction], [TransactionUserId]) VALUES ( 1, N'5bfc712d-e0fa-4e86-a86b-849d88f8cd56', 1, 1, NULL, NULL, NULL)
INSERT INTO [ERPSettings].[ComponentByRole] ( [IdRole], [IdComponent], [IsActive], [IsVisible], [ReadFunction], [WriteFunction], [TransactionUserId]) VALUES ( 1, N'dd2d37aa-5514-47eb-8517-f2004dfba332', 1, 1, NULL, NULL, NULL)
INSERT INTO [ERPSettings].[ComponentByRole] ( [IdRole], [IdComponent], [IsActive], [IsVisible], [ReadFunction], [WriteFunction], [TransactionUserId]) VALUES ( 1, N'cb37122d-5cef-4b60-bd6e-4239fe1f9f29', 1, 1, NULL, NULL, NULL)
INSERT INTO [ERPSettings].[ComponentByRole] ( [IdRole], [IdComponent], [IsActive], [IsVisible], [ReadFunction], [WriteFunction], [TransactionUserId]) VALUES ( 1, N'32b11c53-1b17-4bc0-ba6e-8c21c93102b2', 1, 1, NULL, NULL, NULL)

INSERT INTO [ERPSettings].[ButtonComponent] ([IdComponent], [ng_model], [ng_click], [type], [ButtonType], [IdServiceParameter], [ngDisabled]) VALUES (N'dd2d37aa-5514-47eb-8517-f2004dfba332', N'', N'bController.baseService.actionService.redirectionService.redirectTo(''/payroll/contract/add'')', N'submit', 0, NULL, NULL)
ALTER TABLE [ERPSettings].[FunctionnalityModule]
    ADD CONSTRAINT [FK_FunctionnalityModule_Functionality] FOREIGN KEY ([IdFunctionnality]) REFERENCES [ERPSettings].[Functionality] ([IdFunctionality])
ALTER TABLE [ERPSettings].[FunctionnalityModule]
    ADD CONSTRAINT [FK_FunctionnalityModule_Module] FOREIGN KEY ([IdModule]) REFERENCES [ERPSettings].[Module] ([IdModule])
ALTER TABLE [ERPSettings].[ColumnMenuComponent]
    ADD CONSTRAINT [FK_ComponentColumnMenu] FOREIGN KEY ([IdComponent]) REFERENCES [ERPSettings].[Component] ([IdComponent])
ALTER TABLE [ERPSettings].[ButtonComponent]
    ADD CONSTRAINT [FK_ButtonComponent_Component] FOREIGN KEY ([IdComponent]) REFERENCES [ERPSettings].[Component] ([IdComponent])
ALTER TABLE [ERPSettings].[ButtonComponent]
    ADD CONSTRAINT [FK_ButtonComponent_ServiceParameters] FOREIGN KEY ([IdServiceParameter]) REFERENCES [ERPSettings].[ServiceParameters] ([IdServiceParameters])
ALTER TABLE [ERPSettings].[ToolBarItem]
    ADD CONSTRAINT [FK_ToolBarItemToolBarOptions] FOREIGN KEY ([IdToolBarOptions]) REFERENCES [ERPSettings].[ToolBarOptions] ([IdToolBarOptions])
ALTER TABLE [ERPSettings].[ToolBarOptions]
    ADD CONSTRAINT [FK_ToolBarOptionsToolbarComponent] FOREIGN KEY ([IdToolBarOptions]) REFERENCES [ERPSettings].[ToolBarComponent] ([IdComponent])
ALTER TABLE [ERPSettings].[CheckBoxComponentDetails]
    ADD CONSTRAINT [FK_CheckBoxDetailsComponent_Component] FOREIGN KEY ([IdComponent]) REFERENCES [ERPSettings].[Component] ([IdComponent])
ALTER TABLE [ERPSettings].[ToolBarComponent]
    ADD CONSTRAINT [FK_ComponentToolbarComponent] FOREIGN KEY ([IdComponent]) REFERENCES [ERPSettings].[Component] ([IdComponent])
ALTER TABLE [ERPSettings].[RadioButtonComponentDetails]
    ADD CONSTRAINT [FK_RadioButtonComponentDetails_Component] FOREIGN KEY ([IdComponent]) REFERENCES [ERPSettings].[Component] ([IdComponent])
ALTER TABLE [ERPSettings].[PopupComponent]
    ADD CONSTRAINT [FK_PopupComponent_Component] FOREIGN KEY ([IdComponent]) REFERENCES [ERPSettings].[Component] ([IdComponent])
ALTER TABLE [ERPSettings].[ComponentByRole]
    ADD CONSTRAINT [FK_ComponentByRole_Component] FOREIGN KEY ([IdComponent]) REFERENCES [ERPSettings].[Component] ([IdComponent])
ALTER TABLE [ERPSettings].[ComponentByRole]
    ADD CONSTRAINT [FK_ComponentByRole_Role] FOREIGN KEY ([IdRole]) REFERENCES [ERPSettings].[Role] ([Id]) ON DELETE CASCADE
ALTER TABLE [ERPSettings].[EntityCodification]
    ADD CONSTRAINT [FK_EntityCodification_Codification] FOREIGN KEY ([IdCodification]) REFERENCES [ERPSettings].[Codification] ([Id])
ALTER TABLE [ERPSettings].[EntityCodification]
    ADD CONSTRAINT [FK_EntityCodification_Entity] FOREIGN KEY ([IdEntity]) REFERENCES [ERPSettings].[Entity] ([Id])
ALTER TABLE [ERPSettings].[GridColumnComponent]
    ADD CONSTRAINT [FK_GridColumnComponent_Component] FOREIGN KEY ([IdComponent]) REFERENCES [ERPSettings].[Component] ([IdComponent])
ALTER TABLE [ERPSettings].[DropDownListOptions]
    ADD CONSTRAINT [FK_DropDownListOptions_DropDownListComponent] FOREIGN KEY ([IdDropDownListOptions]) REFERENCES [ERPSettings].[DropDownListComponent] ([IdComponent])
ALTER TABLE [ERPSettings].[Entity]
    ADD CONSTRAINT [FK_Entity_Entity] FOREIGN KEY ([IdRelatedEntity]) REFERENCES [ERPSettings].[Entity] ([Id])
ALTER TABLE [ERPSettings].[ModuleByUser]
    ADD CONSTRAINT [FK_ModuleByUser_Module] FOREIGN KEY ([IdModule]) REFERENCES [ERPSettings].[Module] ([IdModule])
ALTER TABLE [ERPSettings].[ModuleByUser]
    ADD CONSTRAINT [FK_ModuleByUser_User] FOREIGN KEY ([IdUser]) REFERENCES [ERPSettings].[User] ([Id]) ON DELETE CASCADE
ALTER TABLE [ERPSettings].[FieldSetComponent]
    ADD CONSTRAINT [FK_FieldSetComponent_Component] FOREIGN KEY ([IdComponent]) REFERENCES [ERPSettings].[Component] ([IdComponent])
ALTER TABLE [ERPSettings].[DropDownListComponent]
    ADD CONSTRAINT [FK_DropDownListComponent_Component] FOREIGN KEY ([IdComponent]) REFERENCES [ERPSettings].[Component] ([IdComponent])
ALTER TABLE [ERPSettings].[RoleInfo]
    ADD CONSTRAINT [FK_Information_RoleInfo] FOREIGN KEY ([IdInformation]) REFERENCES [ERPSettings].[Information] ([IdInfo])
ALTER TABLE [ERPSettings].[RoleInfo]
    ADD CONSTRAINT [FK_Role_RoleInfo] FOREIGN KEY ([IdRole]) REFERENCES [ERPSettings].[Role] ([Id])
ALTER TABLE [ERPSettings].[Relation]
    ADD CONSTRAINT [FK_Relation_PredicateFormat] FOREIGN KEY ([IdPredicateFormat]) REFERENCES [ERPSettings].[PredicateFormat] ([IdPredicateFormat])
ALTER TABLE [ERPSettings].[GridDataSource]
    ADD CONSTRAINT [FK_GridDataSource_GridOptions] FOREIGN KEY ([IdGridOptions]) REFERENCES [ERPSettings].[GridOptions] ([IdGridOptions])
ALTER TABLE [ERPSettings].[GridDataSource]
    ADD CONSTRAINT [FK_GridDataSource_ServiceParameters] FOREIGN KEY ([IdServiceParameters]) REFERENCES [ERPSettings].[ServiceParameters] ([IdServiceParameters])
ALTER TABLE [ERPSettings].[ComboBoxComponent]
    ADD CONSTRAINT [FK_ComboboxComponent_Component] FOREIGN KEY ([IdComponent]) REFERENCES [ERPSettings].[Component] ([IdComponent])
ALTER TABLE [ERPSettings].[FunctionnalityByUser]
    ADD CONSTRAINT [FK_FunctionnalityByUser_Functionality] FOREIGN KEY ([IdFunctionality]) REFERENCES [ERPSettings].[Functionality] ([IdFunctionality])
ALTER TABLE [ERPSettings].[FunctionnalityByUser]
    ADD CONSTRAINT [FK_FunctionnalityByUser_User] FOREIGN KEY ([IdUser]) REFERENCES [ERPSettings].[User] ([Id]) ON DELETE CASCADE
ALTER TABLE [ERPSettings].[OrderBy]
    ADD CONSTRAINT [FK_OrderBy_PredicateFormat] FOREIGN KEY ([IdPredicateFormat]) REFERENCES [ERPSettings].[PredicateFormat] ([IdPredicateFormat])
ALTER TABLE [ERPSettings].[RadioButtonComponent]
    ADD CONSTRAINT [FK_RadioButtonComponent_Component] FOREIGN KEY ([IdComponent]) REFERENCES [ERPSettings].[Component] ([IdComponent])
ALTER TABLE [ERPSettings].[DialogComponent]
    ADD CONSTRAINT [FK_DialogComponent_Component] FOREIGN KEY ([IdComponent]) REFERENCES [ERPSettings].[Component] ([IdComponent])
ALTER TABLE [ERPSettings].[InputDatePickerOptions]
    ADD CONSTRAINT [FK_InputDatePickerOptions_InputComponent] FOREIGN KEY ([IdDatePickerOptions]) REFERENCES [ERPSettings].[InputComponent] ([IdComponent])
ALTER TABLE [ERPSettings].[BarCodeComponent]
    ADD CONSTRAINT [FK_BarCodeComponent_Component] FOREIGN KEY ([IdComponent]) REFERENCES [ERPSettings].[Component] ([IdComponent])
ALTER TABLE [ERPSettings].[BarCodeComponent]
    ADD CONSTRAINT [FK_BarCodeComponent_InputComponent] FOREIGN KEY ([IdInputComponent]) REFERENCES [ERPSettings].[InputComponent] ([IdComponent])
ALTER TABLE [ERPSettings].[InputComponent]
    ADD CONSTRAINT [FK_InputComponent_Component] FOREIGN KEY ([IdComponent]) REFERENCES [ERPSettings].[Component] ([IdComponent])
ALTER TABLE [ERPSettings].[QrCodeComponent]
    ADD CONSTRAINT [FK_QrCodeComponent_Component] FOREIGN KEY ([IdComponent]) REFERENCES [ERPSettings].[Component] ([IdComponent])
ALTER TABLE [ERPSettings].[QrCodeComponent]
    ADD CONSTRAINT [FK_QrCodeComponent_InputComponent] FOREIGN KEY ([IdInputComponent]) REFERENCES [ERPSettings].[InputComponent] ([IdComponent])
ALTER TABLE [ERPSettings].[UserInfo]
    ADD CONSTRAINT [FK_Info_UserInfo] FOREIGN KEY ([IdInformation]) REFERENCES [ERPSettings].[Information] ([IdInfo])
ALTER TABLE [ERPSettings].[UserInfo]
    ADD CONSTRAINT [FK_User_UserInfo] FOREIGN KEY ([IdUser]) REFERENCES [ERPSettings].[User] ([Id])
ALTER TABLE [ERPSettings].[Information]
    ADD CONSTRAINT [FK_Information_Functionality] FOREIGN KEY ([IdFunctionality]) REFERENCES [ERPSettings].[Functionality] ([IdFunctionality])
ALTER TABLE [ERPSettings].[ReportParameters]
    ADD CONSTRAINT [FK_ReportViewerParameters_ReportViewerComponent] FOREIGN KEY ([IdComponent]) REFERENCES [ERPSettings].[ReportComponent] ([IdComponent])
ALTER TABLE [ERPSettings].[ReportComponent]
    ADD CONSTRAINT [FK_ReportViewerComponent_Component] FOREIGN KEY ([IdComponent]) REFERENCES [ERPSettings].[Component] ([IdComponent])
ALTER TABLE [ERPSettings].[DropDownListDataSource]
    ADD CONSTRAINT [FK_DropDownListDataSource_DropDownListOptions] FOREIGN KEY ([IdDropDownListOptions]) REFERENCES [ERPSettings].[DropDownListOptions] ([IdDropDownListOptions])
ALTER TABLE [ERPSettings].[DropDownListDataSource]
    ADD CONSTRAINT [FK_DropDownListDataSource_ServiceParameters] FOREIGN KEY ([IdServiceParameters]) REFERENCES [ERPSettings].[ServiceParameters] ([IdServiceParameters])
ALTER TABLE [ERPSettings].[GridOptions]
    ADD CONSTRAINT [FK_GridOptions_GridComponent] FOREIGN KEY ([IdGridOptions]) REFERENCES [ERPSettings].[GridComponent] ([IdComponent])
ALTER TABLE [ERPSettings].[ComboBoxDataSourceItems]
    ADD CONSTRAINT [FK_ComboBoxDataSourceItems_ComboBoxDataSource] FOREIGN KEY ([IdComboBoxDataSource]) REFERENCES [ERPSettings].[ComboBoxDataSource] ([IdComponent])
ALTER TABLE [ERPSettings].[CheckBoxComponent]
    ADD CONSTRAINT [FK_CheckBoxComponent_Component] FOREIGN KEY ([IdComponent]) REFERENCES [ERPSettings].[Component] ([IdComponent])
ALTER TABLE [ERPSettings].[ComponentByUser]
    ADD CONSTRAINT [FK_ComponentByUser_User] FOREIGN KEY ([IdUser]) REFERENCES [ERPSettings].[User] ([Id]) ON DELETE CASCADE
ALTER TABLE [ERPSettings].[ComponentByUser]
    ADD CONSTRAINT [FK_ComponentByUser_Component] FOREIGN KEY ([IdComponent]) REFERENCES [ERPSettings].[Component] ([IdComponent]) ON DELETE CASCADE
ALTER TABLE [ERPSettings].[LabelComponent]
    ADD CONSTRAINT [FK_LabelComponent_Component] FOREIGN KEY ([IdComponent]) REFERENCES [ERPSettings].[Component] ([IdComponent])
ALTER TABLE [ERPSettings].[FormComponent]
    ADD CONSTRAINT [FK_FormComponent_Component] FOREIGN KEY ([IdComponent]) REFERENCES [ERPSettings].[Component] ([IdComponent])
ALTER TABLE [ERPSettings].[FormComponent]
    ADD CONSTRAINT [FK_FormComponent_ServiceParameters] FOREIGN KEY ([IdServiceParameter]) REFERENCES [ERPSettings].[ServiceParameters] ([IdServiceParameters])
ALTER TABLE [ERPSettings].[FunctionalityByRole]
    ADD CONSTRAINT [FK_FunctionalityRole_Role] FOREIGN KEY ([IdRole]) REFERENCES [ERPSettings].[Role] ([Id]) ON DELETE CASCADE
ALTER TABLE [ERPSettings].[FunctionalityByRole]
    ADD CONSTRAINT [FK_FunctionalityRole_Functionality] FOREIGN KEY ([IdFunctionality]) REFERENCES [ERPSettings].[Functionality] ([IdFunctionality])
ALTER TABLE [ERPSettings].[Functionality]
    ADD CONSTRAINT [FK_Functionality_RequestType] FOREIGN KEY ([IdRequestType]) REFERENCES [ERPSettings].[RequestType] ([Id])
ALTER TABLE [ERPSettings].[GridButtonComponent]
    ADD CONSTRAINT [FK_GridButtonComponent_ServiceParameters] FOREIGN KEY ([IdServiceParameter]) REFERENCES [ERPSettings].[ServiceParameters] ([IdServiceParameters])
ALTER TABLE [ERPSettings].[GridButtonComponent]
    ADD CONSTRAINT [FK_GridButtonComponent_Component] FOREIGN KEY ([IdComponent]) REFERENCES [ERPSettings].[Component] ([IdComponent])
ALTER TABLE [ERPSettings].[ServiceParameters]
    ADD CONSTRAINT [FK_ServiceParameters_PredicateFormat] FOREIGN KEY ([IdPredicateFormat]) REFERENCES [ERPSettings].[PredicateFormat] ([IdPredicateFormat])
ALTER TABLE [ERPSettings].[ComboBoxDataSource]
    ADD CONSTRAINT [FK_ComboBoxDataSource_ComboBoxOptions] FOREIGN KEY ([IdComponent]) REFERENCES [ERPSettings].[ComboBoxOptions] ([IdComponent])
ALTER TABLE [ERPSettings].[ComboBoxDataSource]
    ADD CONSTRAINT [FK_ComboBoxDataSource_ServiceParameters] FOREIGN KEY ([IdServiceParameters]) REFERENCES [ERPSettings].[ServiceParameters] ([IdServiceParameters])
ALTER TABLE [ERPSettings].[ComboBoxOptions]
    ADD CONSTRAINT [FK_ComboBoxOptions_ComboBoxComponent] FOREIGN KEY ([IdComponent]) REFERENCES [ERPSettings].[ComboBoxComponent] ([IdComponent])
ALTER TABLE [ERPSettings].[GridComponent]
    ADD CONSTRAINT [FK_GridComponent_Component] FOREIGN KEY ([IdComponent]) REFERENCES [ERPSettings].[Component] ([IdComponent])
ALTER TABLE [ERPSettings].[ModuleByRole]
    ADD CONSTRAINT [FK_ModuleByRole_Module] FOREIGN KEY ([IdModule]) REFERENCES [ERPSettings].[Module] ([IdModule])
ALTER TABLE [ERPSettings].[ModuleByRole]
    ADD CONSTRAINT [FK_ModuleByRole_Role] FOREIGN KEY ([IdRole]) REFERENCES [ERPSettings].[Role] ([Id]) ON DELETE CASCADE
ALTER TABLE [ERPSettings].[Module]
    ADD CONSTRAINT [FK_Module_Module] FOREIGN KEY ([IdModuleParent]) REFERENCES [ERPSettings].[Module] ([IdModule])
ALTER TABLE [ERPSettings].[ImageComponent]
    ADD CONSTRAINT [FK_ImageComponent_Component] FOREIGN KEY ([IdComponent]) REFERENCES [ERPSettings].[Component] ([IdComponent])
ALTER TABLE [ERPSettings].[Component]
    ADD CONSTRAINT [FK_Component_Component1] FOREIGN KEY ([IdComponentChangedBy]) REFERENCES [ERPSettings].[Component] ([IdComponent])
ALTER TABLE [ERPSettings].[Component]
    ADD CONSTRAINT [FK_Component_Functionality] FOREIGN KEY ([IdFunctionality]) REFERENCES [ERPSettings].[Functionality] ([IdFunctionality])
ALTER TABLE [ERPSettings].[Component]
    ADD CONSTRAINT [FK_Component_Component] FOREIGN KEY ([IdComponentParent]) REFERENCES [ERPSettings].[Component] ([IdComponent])
ALTER TABLE [ERPSettings].[Filter]
    ADD CONSTRAINT [FK_Filter_PredicateFormat] FOREIGN KEY ([IdPredicateFormat]) REFERENCES [ERPSettings].[PredicateFormat] ([IdPredicateFormat])
COMMIT TRANSACTION



BEGIN TRANSACTION
ALTER TABLE [ERPSettings].[FunctionnalityModule] DROP CONSTRAINT [FK_FunctionnalityModule_Functionality]
ALTER TABLE [ERPSettings].[FunctionnalityModule] DROP CONSTRAINT [FK_FunctionnalityModule_Module]
ALTER TABLE [ERPSettings].[ColumnMenuComponent] DROP CONSTRAINT [FK_ComponentColumnMenu]
ALTER TABLE [ERPSettings].[ButtonComponent] DROP CONSTRAINT [FK_ButtonComponent_Component]
ALTER TABLE [ERPSettings].[ButtonComponent] DROP CONSTRAINT [FK_ButtonComponent_ServiceParameters]
ALTER TABLE [ERPSettings].[ToolBarItem] DROP CONSTRAINT [FK_ToolBarItemToolBarOptions]
ALTER TABLE [ERPSettings].[ToolBarOptions] DROP CONSTRAINT [FK_ToolBarOptionsToolbarComponent]
ALTER TABLE [ERPSettings].[CheckBoxComponentDetails] DROP CONSTRAINT [FK_CheckBoxDetailsComponent_Component]
ALTER TABLE [ERPSettings].[ToolBarComponent] DROP CONSTRAINT [FK_ComponentToolbarComponent]
ALTER TABLE [ERPSettings].[RadioButtonComponentDetails] DROP CONSTRAINT [FK_RadioButtonComponentDetails_Component]
ALTER TABLE [ERPSettings].[MsgNotification] DROP CONSTRAINT [FK_MsgNotification_Message]
ALTER TABLE [ERPSettings].[PopupComponent] DROP CONSTRAINT [FK_PopupComponent_Component]
ALTER TABLE [ERPSettings].[ComponentByRole] DROP CONSTRAINT [FK_ComponentByRole_Component]
ALTER TABLE [ERPSettings].[ComponentByRole] DROP CONSTRAINT [FK_ComponentByRole_Role]
ALTER TABLE [ERPSettings].[GridColumnComponent] DROP CONSTRAINT [FK_GridColumnComponent_Component]
ALTER TABLE [ERPSettings].[DropDownListOptions] DROP CONSTRAINT [FK_DropDownListOptions_DropDownListComponent]
ALTER TABLE [ERPSettings].[Entity] DROP CONSTRAINT [FK_Entity_Entity]
ALTER TABLE [ERPSettings].[FieldSetComponent] DROP CONSTRAINT [FK_FieldSetComponent_Component]
ALTER TABLE [ERPSettings].[DropDownListComponent] DROP CONSTRAINT [FK_DropDownListComponent_Component]
ALTER TABLE [ERPSettings].[Message] DROP CONSTRAINT [FK_Information_Message]
ALTER TABLE [ERPSettings].[Relation] DROP CONSTRAINT [FK_Relation_PredicateFormat]
ALTER TABLE [ERPSettings].[GridDataSource] DROP CONSTRAINT [FK_GridDataSource_GridOptions]
ALTER TABLE [ERPSettings].[GridDataSource] DROP CONSTRAINT [FK_GridDataSource_ServiceParameters]
ALTER TABLE [ERPSettings].[ComboBoxComponent] DROP CONSTRAINT [FK_ComboboxComponent_Component]
ALTER TABLE [ERPSettings].[OrderBy] DROP CONSTRAINT [FK_OrderBy_PredicateFormat]
ALTER TABLE [ERPSettings].[RadioButtonComponent] DROP CONSTRAINT [FK_RadioButtonComponent_Component]
ALTER TABLE [ERPSettings].[DialogComponent] DROP CONSTRAINT [FK_DialogComponent_Component]
ALTER TABLE [ERPSettings].[InputDatePickerOptions] DROP CONSTRAINT [FK_InputDatePickerOptions_InputComponent]
ALTER TABLE [ERPSettings].[BarCodeComponent] DROP CONSTRAINT [FK_BarCodeComponent_Component]
ALTER TABLE [ERPSettings].[BarCodeComponent] DROP CONSTRAINT [FK_BarCodeComponent_InputComponent]
ALTER TABLE [ERPSettings].[InputComponent] DROP CONSTRAINT [FK_InputComponent_Component]
ALTER TABLE [ERPSettings].[QrCodeComponent] DROP CONSTRAINT [FK_QrCodeComponent_Component]
ALTER TABLE [ERPSettings].[QrCodeComponent] DROP CONSTRAINT [FK_QrCodeComponent_InputComponent]
ALTER TABLE [ERPSettings].[ReportParameters] DROP CONSTRAINT [FK_ReportViewerParameters_ReportViewerComponent]
ALTER TABLE [ERPSettings].[ReportComponent] DROP CONSTRAINT [FK_ReportViewerComponent_Component]
ALTER TABLE [ERPSettings].[DropDownListDataSource] DROP CONSTRAINT [FK_DropDownListDataSource_DropDownListOptions]
ALTER TABLE [ERPSettings].[DropDownListDataSource] DROP CONSTRAINT [FK_DropDownListDataSource_ServiceParameters]
ALTER TABLE [ERPSettings].[GridOptions] DROP CONSTRAINT [FK_GridOptions_GridComponent]
ALTER TABLE [ERPSettings].[ComboBoxDataSourceItems] DROP CONSTRAINT [FK_ComboBoxDataSourceItems_ComboBoxDataSource]
ALTER TABLE [ERPSettings].[CheckBoxComponent] DROP CONSTRAINT [FK_CheckBoxComponent_Component]
ALTER TABLE [ERPSettings].[LabelComponent] DROP CONSTRAINT [FK_LabelComponent_Component]
ALTER TABLE [ERPSettings].[FormComponent] DROP CONSTRAINT [FK_FormComponent_Component]
ALTER TABLE [ERPSettings].[FormComponent] DROP CONSTRAINT [FK_FormComponent_ServiceParameters]
ALTER TABLE [ERPSettings].[FunctionalityByRole] DROP CONSTRAINT [FK_FunctionalityRole_Role]
ALTER TABLE [ERPSettings].[FunctionalityByRole] DROP CONSTRAINT [FK_FunctionalityRole_Functionality]
ALTER TABLE [ERPSettings].[Functionality] DROP CONSTRAINT [FK_Functionality_RequestType]
ALTER TABLE [ERPSettings].[GridButtonComponent] DROP CONSTRAINT [FK_GridButtonComponent_ServiceParameters]
ALTER TABLE [ERPSettings].[GridButtonComponent] DROP CONSTRAINT [FK_GridButtonComponent_Component]
ALTER TABLE [ERPSettings].[ServiceParameters] DROP CONSTRAINT [FK_ServiceParameters_PredicateFormat]
ALTER TABLE [ERPSettings].[ComboBoxDataSource] DROP CONSTRAINT [FK_ComboBoxDataSource_ComboBoxOptions]
ALTER TABLE [ERPSettings].[ComboBoxDataSource] DROP CONSTRAINT [FK_ComboBoxDataSource_ServiceParameters]
ALTER TABLE [ERPSettings].[ComboBoxOptions] DROP CONSTRAINT [FK_ComboBoxOptions_ComboBoxComponent]
ALTER TABLE [ERPSettings].[GridComponent] DROP CONSTRAINT [FK_GridComponent_Component]
ALTER TABLE [ERPSettings].[ModuleByRole] DROP CONSTRAINT [FK_ModuleByRole_Module]
ALTER TABLE [ERPSettings].[ModuleByRole] DROP CONSTRAINT [FK_ModuleByRole_Role]
ALTER TABLE [ERPSettings].[Module] DROP CONSTRAINT [FK_Module_Module]
ALTER TABLE [ERPSettings].[ImageComponent] DROP CONSTRAINT [FK_ImageComponent_Component]
ALTER TABLE [ERPSettings].[Component] DROP CONSTRAINT [FK_Component_Component1]
ALTER TABLE [ERPSettings].[Component] DROP CONSTRAINT [FK_Component_Functionality]
ALTER TABLE [ERPSettings].[Component] DROP CONSTRAINT [FK_Component_Component]
ALTER TABLE [ERPSettings].[Filter] DROP CONSTRAINT [FK_Filter_PredicateFormat]

DELETE FROM [ERPSettings].[ComponentByRole] WHERE [IdComponent]=N'0f9be30b-1282-438d-84c9-cc6f932cc2dd'
DELETE FROM [ERPSettings].[ComponentByRole] WHERE [IdComponent]=N'235b0dfe-ab46-4ee7-b196-681fa6ee290b'
DELETE FROM [ERPSettings].[ComponentByRole] WHERE [IdComponent]=N'8eaf4868-180c-4746-acc3-18a5ce39e9a2'
DELETE FROM [ERPSettings].[ComponentByRole] WHERE [IdComponent]=N'c0cf4db1-4a06-4a23-96bb-7e0b9095cf82'
DELETE FROM [ERPSettings].[ComponentByRole] WHERE [IdComponent]=N'df4022f7-7314-454f-8a6d-80d57f4b00ee'

DELETE FROM [ERPSettings].[Relation] WHERE [IdRelation]=N'b56c97f5-2073-4313-8d29-336473fc1707'
DELETE FROM [ERPSettings].[Relation] WHERE [IdRelation]=N'bfee85fb-eb4f-4afe-9079-f82dce83f343'
DELETE FROM [ERPSettings].[ComboBoxComponent] WHERE [IdComponent]=N'c0cf4db1-4a06-4a23-96bb-7e0b9095cf82'
DELETE FROM [ERPSettings].[ComboBoxComponent] WHERE [IdComponent]=N'df4022f7-7314-454f-8a6d-80d57f4b00ee'
DELETE FROM [ERPSettings].[ServiceParameters] WHERE [IdServiceParameters]=N'88425019-890f-4082-bd57-38d48a9806a7'
DELETE FROM [ERPSettings].[ServiceParameters] WHERE [IdServiceParameters]=N'ac37963a-d7ee-4905-93dc-39256a9b8f2b'
DELETE FROM [ERPSettings].[ComboBoxDataSource] WHERE [IdComponent]=N'c0cf4db1-4a06-4a23-96bb-7e0b9095cf82'
DELETE FROM [ERPSettings].[ComboBoxDataSource] WHERE [IdComponent]=N'df4022f7-7314-454f-8a6d-80d57f4b00ee'
DELETE FROM [ERPSettings].[ComboBoxOptions] WHERE [IdComponent]=N'c0cf4db1-4a06-4a23-96bb-7e0b9095cf82'
DELETE FROM [ERPSettings].[ComboBoxOptions] WHERE [IdComponent]=N'df4022f7-7314-454f-8a6d-80d57f4b00ee'
DELETE FROM [ERPSettings].[Component] WHERE [IdComponent]=N'0f9be30b-1282-438d-84c9-cc6f932cc2dd'
DELETE FROM [ERPSettings].[Component] WHERE [IdComponent]=N'235b0dfe-ab46-4ee7-b196-681fa6ee290b'
DELETE FROM [ERPSettings].[Component] WHERE [IdComponent]=N'8eaf4868-180c-4746-acc3-18a5ce39e9a2'
DELETE FROM [ERPSettings].[Component] WHERE [IdComponent]=N'c0cf4db1-4a06-4a23-96bb-7e0b9095cf82'
DELETE FROM [ERPSettings].[Component] WHERE [IdComponent]=N'df4022f7-7314-454f-8a6d-80d57f4b00ee'
DELETE FROM [ERPSettings].[PredicateFormat] WHERE [IdPredicateFormat]=N'c744010e-0d2a-442e-9b7e-88a9e137fe14'
DELETE FROM [ERPSettings].[PredicateFormat] WHERE [IdPredicateFormat]=N'fe86904b-61b8-4260-8668-924090c14b0f'
UPDATE [ERPSettings].[ButtonComponent] SET [ng_click]=N'bController.baseService.actionService.redirectionService.redirectTo(''/payroll/contract/list'')' WHERE [IdComponent]=N'1f0ea175-2b78-4fb3-ba67-3b6d9875f780'
UPDATE [ERPSettings].[GridColumnComponent] SET [field]=N'IdEmployeeNavigation.FirstName' WHERE [IdComponent]=N'285d9dd6-8ddc-4bd3-a301-3c5f6255d583'
UPDATE [ERPSettings].[GridColumnComponent] SET [field]=N'IdContractTypeNavigation.Fr' WHERE [IdComponent]=N'405e2312-22c2-4ba2-abc5-7137b4ac2b4a'
UPDATE [ERPSettings].[DropDownListOptions] SET [dataTextField]=N'Label', [headerTemplate]=N'', [template]=N'', [valueTemplate]=N'', [footerTemplate]=N'' WHERE [IdDropDownListOptions]=N'b3619f85-8be8-474a-9044-b1d6273bee55'
UPDATE [ERPSettings].[DropDownListOptions] SET [template]=N'<table class="customDropDown sz-20-40-40"><tr><td>#: data.Matricule#</td><td>#if(data.LastName != null){# #:data.LastName ## }#</td><td>#if(data.FirstName != null){# #:data.FirstName ## }#</td></tr></table>' WHERE [IdDropDownListOptions]=N'b61d7319-3164-414c-bd83-3196896286d9'
UPDATE [ERPSettings].[InputComponent] SET [k_on_change]=N'bController.baseService.actionService.onChangeDate(''b774f3b4-83af-408a-b558-bb83710820c2'',''5ac788c0-be50-42f8-833c-9a1ad837fb15'')' WHERE [IdComponent]=N'5ac788c0-be50-42f8-833c-9a1ad837fb15'
UPDATE [ERPSettings].[InputComponent] SET [k_on_change]=N'bController.baseService.actionService.onChangeDate(''b774f3b4-83af-408a-b558-bb83710820c2'',''5ac788c0-be50-42f8-833c-9a1ad837fb15'')' WHERE [IdComponent]=N'b774f3b4-83af-408a-b558-bb83710820c2'
UPDATE [ERPSettings].[DropDownListDataSource] SET [pageSize]=32 WHERE [IdDropDownListOptions]=N'b3619f85-8be8-474a-9044-b1d6273bee55'
UPDATE [ERPSettings].[DropDownListDataSource] SET [pageSize]=32 WHERE [IdDropDownListOptions]=N'b61d7319-3164-414c-bd83-3196896286d9'
UPDATE [ERPSettings].[ServiceParameters] SET [TModel]=N'Job' WHERE [IdServiceParameters]=N'52eeb003-30ad-416f-a14a-9f515f727165'
UPDATE [ERPSettings].[ServiceParameters] SET [TModel]=N'Contract' WHERE [IdServiceParameters]=N'ffafeca1-5883-4430-a7c0-e2cccbdc0102'
UPDATE [ERPSettings].[Component] SET [classDiv]=N'' WHERE [IdComponent]=N'0dcceaba-a8c8-41bf-bc91-b85f789bc9fa'
UPDATE [ERPSettings].[Component] SET [IdComponentParent]=N'0dcceaba-a8c8-41bf-bc91-b85f789bc9fa', [class]=N'row' WHERE [IdComponent]=N'12f93ae5-ecb1-4221-878f-3d0a5bafa2e0'
UPDATE [ERPSettings].[Component] SET [IdComponentParent]=N'0dcceaba-a8c8-41bf-bc91-b85f789bc9fa', [class]=N'row' WHERE [IdComponent]=N'183b3bec-f7a9-4cf8-ab46-90f8b170d4c3'
UPDATE [ERPSettings].[Component] SET [classLabel]=N'' WHERE [IdComponent]=N'1f0ea175-2b78-4fb3-ba67-3b6d9875f780'
UPDATE [ERPSettings].[Component] SET [FR]=N'Prnon de l''employ', [EN]=N'Employee first name' WHERE [IdComponent]=N'285d9dd6-8ddc-4bd3-a301-3c5f6255d583'
UPDATE [ERPSettings].[Component] SET [classDiv]=N'form-group col-lg-4 col-md-6 col-sm-12', [classLabel]=N'col-lg-12 col-md-12 col-sm-12' WHERE [IdComponent]=N'2ec5bf7d-6d49-4c11-9239-126c856fa944'
UPDATE [ERPSettings].[Component] SET [rank]=5 WHERE [IdComponent]=N'32b11c53-1b17-4bc0-ba6e-8c21c93102b2'
UPDATE [ERPSettings].[Component] SET [IdComponentParent]=N'0dcceaba-a8c8-41bf-bc91-b85f789bc9fa', [class]=N'row' WHERE [IdComponent]=N'3eb0be5f-6b50-4d2d-857a-1954ec36af39'
UPDATE [ERPSettings].[Component] SET [classLabel]=N'', [class]=N'container-fluid' WHERE [IdComponent]=N'3ece1aef-9777-42f3-a07a-d5d17589b6a4'
UPDATE [ERPSettings].[Component] SET [rank]=4 WHERE [IdComponent]=N'405e2312-22c2-4ba2-abc5-7137b4ac2b4a'
UPDATE [ERPSettings].[Component] SET [classDiv]=N'form-group col-lg-4 col-md-6 col-sm-12', [classLabel]=N'col-lg-12 col-md-12 col-sm-12' WHERE [IdComponent]=N'5ac788c0-be50-42f8-833c-9a1ad837fb15'
UPDATE [ERPSettings].[Component] SET [classDiv]=N'form-group col-lg-4 col-md-6 col-sm-12', [classLabel]=N'col-lg-12 col-md-12 col-sm-12' WHERE [IdComponent]=N'634573d5-023b-4c67-84e6-4d4c3a903e34'
UPDATE [ERPSettings].[Component] SET [classDiv]=N'form-group col-lg-4 col-md-6 col-sm-12', [classLabel]=N'col-lg-12 col-md-12 col-sm-12' WHERE [IdComponent]=N'6bf0d400-7eb3-4dfa-b6c8-e79f1db31e1e'
UPDATE [ERPSettings].[Component] SET [rank]=1, [IdComponentParent]=N'a0caa0b1-132e-4950-907e-8f4bf8972ae2', [style]=N'float:right;' WHERE [IdComponent]=N'769bda72-8004-4da8-a5dc-08befbd06572'
UPDATE [ERPSettings].[Component] SET [class]=N'' WHERE [IdComponent]=N'a0caa0b1-132e-4950-907e-8f4bf8972ae2'
UPDATE [ERPSettings].[Component] SET [rank]=3, [classDiv]=N'form-group col-lg-4 col-md-6 col-sm-12' WHERE [IdComponent]=N'b3619f85-8be8-474a-9044-b1d6273bee55'
UPDATE [ERPSettings].[Component] SET [rank]=2, [IdButton]=N'fd3d8032-c081-45ec-8b9c-92fde021316a', [classDiv]=N'form-group col-lg-4 col-md-6 col-sm-12' WHERE [IdComponent]=N'b61d7319-3164-414c-bd83-3196896286d9'
UPDATE [ERPSettings].[Component] SET [classDiv]=N'form-group col-lg-4 col-md-6 col-sm-12', [classLabel]=N'col-lg-12 col-md-12 col-sm-12' WHERE [IdComponent]=N'b774f3b4-83af-408a-b558-bb83710820c2'
UPDATE [ERPSettings].[Component] SET [rank]=6 WHERE [IdComponent]=N'cb37122d-5cef-4b60-bd6e-4239fe1f9f29'
UPDATE [ERPSettings].[Component] SET [rank]=7 WHERE [IdComponent]=N'ed56200f-cfc0-4fc6-8cc8-7fb275e000e2'
UPDATE [ERPSettings].[Component] SET [classLabel]=N'' WHERE [IdComponent]=N'fd3d8032-c081-45ec-8b9c-92fde021316a'
INSERT INTO [ERPSettings].[PredicateFormat] ([IdPredicateFormat], [PredicateName], [Operator], [TransactionUserId], [IsDeleted], [Deleted_Token]) VALUES (N'22e74238-fc70-4025-a6af-4932a141b5f9', NULL, NULL, NULL, 0, NULL)
INSERT INTO [ERPSettings].[PredicateFormat] ([IdPredicateFormat], [PredicateName], [Operator], [TransactionUserId], [IsDeleted], [Deleted_Token]) VALUES (N'57a356be-ff80-4853-99e1-71658b92fb07', NULL, NULL, NULL, 0, NULL)
INSERT INTO [ERPSettings].[PredicateFormat] ([IdPredicateFormat], [PredicateName], [Operator], [TransactionUserId], [IsDeleted], [Deleted_Token]) VALUES (N'688f372f-585e-4a1f-8ed4-e1d2aa6fb308', NULL, NULL, NULL, 0, NULL)
INSERT INTO [ERPSettings].[PredicateFormat] ([IdPredicateFormat], [PredicateName], [Operator], [TransactionUserId], [IsDeleted], [Deleted_Token]) VALUES (N'8075f51e-ed8c-4870-b94d-4718ac2dfa6a', NULL, NULL, NULL, 0, NULL)
INSERT INTO [ERPSettings].[PredicateFormat] ([IdPredicateFormat], [PredicateName], [Operator], [TransactionUserId], [IsDeleted], [Deleted_Token]) VALUES (N'e07a4370-0b81-42ea-95bd-15c3581db0fb', NULL, NULL, NULL, 0, NULL)
INSERT INTO [ERPSettings].[PredicateFormat] ([IdPredicateFormat], [PredicateName], [Operator], [TransactionUserId], [IsDeleted], [Deleted_Token]) VALUES (N'e923a127-1f94-4787-a3ef-a06fec397e54', NULL, NULL, NULL, 0, NULL)
INSERT INTO [ERPSettings].[Filter] ([IdFilter], [IdPredicateFormat], [Prop], [Operation], [Value], [IsDynamicValue], [TransactionUserId], [IsDeleted], [IsSearchPredicate], [Deleted_Token], [Type]) VALUES (N'214516c3-05d8-4986-b468-fa680d0d8d15', N'22e74238-fc70-4025-a6af-4932a141b5f9', N'LastName', 2, NULL, 0, NULL, 0, 1, NULL, NULL)
INSERT INTO [ERPSettings].[Filter] ([IdFilter], [IdPredicateFormat], [Prop], [Operation], [Value], [IsDynamicValue], [TransactionUserId], [IsDeleted], [IsSearchPredicate], [Deleted_Token], [Type]) VALUES (N'324b6805-75fd-4fa3-94a8-f2cdb4a5df3d', N'22e74238-fc70-4025-a6af-4932a141b5f9', N'FirstName', 2, NULL, 0, NULL, 0, 1, NULL, NULL)
INSERT INTO [ERPSettings].[Filter] ([IdFilter], [IdPredicateFormat], [Prop], [Operation], [Value], [IsDynamicValue], [TransactionUserId], [IsDeleted], [IsSearchPredicate], [Deleted_Token], [Type]) VALUES (N'3c864b4d-61e4-4cac-939e-4267d50d9959', N'ea2db670-3582-4fde-81f6-eb17537daae2', N'Matricule', 2, NULL, 0, NULL, 0, 1, NULL, NULL)
INSERT INTO [ERPSettings].[Filter] ([IdFilter], [IdPredicateFormat], [Prop], [Operation], [Value], [IsDynamicValue], [TransactionUserId], [IsDeleted], [IsSearchPredicate], [Deleted_Token], [Type]) VALUES (N'3d35e2b8-ad6a-432c-ae5d-2a8caa36e0fa', N'e923a127-1f94-4787-a3ef-a06fec397e54', N'SalaryStructureReference', 2, NULL, 0, NULL, 0, 1, NULL, NULL)
INSERT INTO [ERPSettings].[Filter] ([IdFilter], [IdPredicateFormat], [Prop], [Operation], [Value], [IsDynamicValue], [TransactionUserId], [IsDeleted], [IsSearchPredicate], [Deleted_Token], [Type]) VALUES (N'62f9ea11-55b5-4c94-8310-3735092f7307', N'57a356be-ff80-4853-99e1-71658b92fb07', N'fr', 2, NULL, 0, NULL, 0, 1, NULL, NULL)
INSERT INTO [ERPSettings].[Filter] ([IdFilter], [IdPredicateFormat], [Prop], [Operation], [Value], [IsDynamicValue], [TransactionUserId], [IsDeleted], [IsSearchPredicate], [Deleted_Token], [Type]) VALUES (N'672d2561-0487-4502-9cba-55732367b4a3', N'22e74238-fc70-4025-a6af-4932a141b5f9', N'Matricule', 2, NULL, 0, NULL, 0, 1, NULL, NULL)
INSERT INTO [ERPSettings].[Filter] ([IdFilter], [IdPredicateFormat], [Prop], [Operation], [Value], [IsDynamicValue], [TransactionUserId], [IsDeleted], [IsSearchPredicate], [Deleted_Token], [Type]) VALUES (N'9baa7a7b-3c19-4eb1-bfdb-c590743742ed', N'57a356be-ff80-4853-99e1-71658b92fb07', N'en', 2, NULL, 0, NULL, 0, 1, NULL, NULL)
INSERT INTO [ERPSettings].[Filter] ([IdFilter], [IdPredicateFormat], [Prop], [Operation], [Value], [IsDynamicValue], [TransactionUserId], [IsDeleted], [IsSearchPredicate], [Deleted_Token], [Type]) VALUES (N'b4a3dccd-64e7-4585-91a5-22f2eea45515', N'8075f51e-ed8c-4870-b94d-4718ac2dfa6a', N'Label', 2, NULL, 0, NULL, 0, 1, NULL, NULL)
INSERT INTO [ERPSettings].[Filter] ([IdFilter], [IdPredicateFormat], [Prop], [Operation], [Value], [IsDynamicValue], [TransactionUserId], [IsDeleted], [IsSearchPredicate], [Deleted_Token], [Type]) VALUES (N'b61df928-79b7-4a9a-b354-3b015f815597', N'e07a4370-0b81-42ea-95bd-15c3581db0fb', N'SalaryStructureReference', 2, NULL, 0, NULL, 0, 1, NULL, NULL)
INSERT INTO [ERPSettings].[Filter] ([IdFilter], [IdPredicateFormat], [Prop], [Operation], [Value], [IsDynamicValue], [TransactionUserId], [IsDeleted], [IsSearchPredicate], [Deleted_Token], [Type]) VALUES (N'f2559df7-56fe-4c77-8a5f-2cdd46a41940', N'688f372f-585e-4a1f-8ed4-e1d2aa6fb308', N'en', 2, NULL, 0, NULL, 0, 1, NULL, NULL)
INSERT INTO [ERPSettings].[Filter] ([IdFilter], [IdPredicateFormat], [Prop], [Operation], [Value], [IsDynamicValue], [TransactionUserId], [IsDeleted], [IsSearchPredicate], [Deleted_Token], [Type]) VALUES (N'f61db7cb-7e5f-4372-8fc9-a7a2de457807', N'688f372f-585e-4a1f-8ed4-e1d2aa6fb308', N'fr', 2, NULL, 0, NULL, 0, 1, NULL, NULL)
INSERT INTO [ERPSettings].[Component] ([IdComponent], [rank], [ComponentName], [IdComponentType], [IdFunctionality], [IdComponentParent], [FR], [EN], [AR], [DE], [CH], [ES], [IdButton], [classDiv], [classLabel], [class], [IsEncapsulated], [IdComponentChangedBy], [EntityName], [style], [ng_hide], [IsToInitialize], [IdFunctionalityForm], [IsFireChange]) VALUES (N'0e546098-5427-4342-ba18-b8e3bc2738b2', 1, N'BUTTON1', 7, N'f2630114-6cf4-431d-99f4-a3c79dadd2af', N'c52f2b93-d1f7-4309-b1dc-5fd93a0b7d99', N'Mettre  jour ', N'Update', N'Enregistrer_AR', N'Enregistrer_DE', N'Enregistrer_CH', N'Enregistrer_ES', NULL, N'form-group col-lg-12 col-md-12 col-sm-12', N'', N'k-button', 0, NULL, N'SalaryStructure', NULL, NULL, 1, N'f2630114-6cf4-431d-99f4-a3c79dadd2af', NULL)
INSERT INTO [ERPSettings].[Component] ([IdComponent], [rank], [ComponentName], [IdComponentType], [IdFunctionality], [IdComponentParent], [FR], [EN], [AR], [DE], [CH], [ES], [IdButton], [classDiv], [classLabel], [class], [IsEncapsulated], [IdComponentChangedBy], [EntityName], [style], [ng_hide], [IsToInitialize], [IdFunctionalityForm], [IsFireChange]) VALUES (N'15a5bab3-ad01-451b-886f-c16db22a4924', 2, N'DIV3', 9, N'f2630114-6cf4-431d-99f4-a3c79dadd2af', N'6a5a7f65-b840-4b78-9e78-4a90da40bf0a', NULL, NULL, NULL, NULL, NULL, NULL, NULL, N'', N'', N'', 0, NULL, N'SalaryStructure', NULL, NULL, 1, N'f2630114-6cf4-431d-99f4-a3c79dadd2af', NULL)
INSERT INTO [ERPSettings].[Component] ([IdComponent], [rank], [ComponentName], [IdComponentType], [IdFunctionality], [IdComponentParent], [FR], [EN], [AR], [DE], [CH], [ES], [IdButton], [classDiv], [classLabel], [class], [IsEncapsulated], [IdComponentChangedBy], [EntityName], [style], [ng_hide], [IsToInitialize], [IdFunctionalityForm], [IsFireChange]) VALUES (N'1e3d3c38-414e-451c-80c4-be3820b2c165', 1, N'IdSalaryStructure', 8, N'f2630114-6cf4-431d-99f4-a3c79dadd2af', N'c4396279-6214-4d7a-8c1a-817710f550a7', N'Poste', N'Employee', N'', N'', N'', N'Pays_ES', N'0e546098-5427-4342-ba18-b8e3bc2738b2', N'form-group col-lg-4 col-md-6 col-sm-12', N'col-lg-4 col-md-4 col-sm-4', N'', 0, NULL, N'Contract', NULL, NULL, 1, N'f2630114-6cf4-431d-99f4-a3c79dadd2af', NULL)
INSERT INTO [ERPSettings].[Component] ([IdComponent], [rank], [ComponentName], [IdComponentType], [IdFunctionality], [IdComponentParent], [FR], [EN], [AR], [DE], [CH], [ES], [IdButton], [classDiv], [classLabel], [class], [IsEncapsulated], [IdComponentChangedBy], [EntityName], [style], [ng_hide], [IsToInitialize], [IdFunctionalityForm], [IsFireChange]) VALUES (N'203d34ef-1b0a-467a-a13d-68c7c64a0df5', 2, N'DIV4', 9, N'f2630114-6cf4-431d-99f4-a3c79dadd2af', N'425cd633-e7d4-4b1b-a90f-fd5a1859838b', N'DIV4', N'DIV4', N'DIV4', N'DIV4', N'DIV4', N'DIV4', NULL, N'', N'', N'row', 0, NULL, N'SalaryStructure', NULL, NULL, 1, N'f2630114-6cf4-431d-99f4-a3c79dadd2af', NULL)
INSERT INTO [ERPSettings].[Component] ([IdComponent], [rank], [ComponentName], [IdComponentType], [IdFunctionality], [IdComponentParent], [FR], [EN], [AR], [DE], [CH], [ES], [IdButton], [classDiv], [classLabel], [class], [IsEncapsulated], [IdComponentChangedBy], [EntityName], [style], [ng_hide], [IsToInitialize], [IdFunctionalityForm], [IsFireChange]) VALUES (N'2ceeab12-6783-4d6c-991c-696bbd41da94', 1, N'DIV1', 9, N'f2630114-6cf4-431d-99f4-a3c79dadd2af', N'302519a6-75f6-41bb-a888-ba83d8356526', N'DIV1', N'DIV1_EN', N'DIV1_AR', N'DIV1_DE', N'DIV1_CH', N'DIV1_ES', NULL, N'', N'', N'', 0, NULL, N'SalaryStructure', NULL, NULL, 1, N'f2630114-6cf4-431d-99f4-a3c79dadd2af', NULL)
INSERT INTO [ERPSettings].[Component] ([IdComponent], [rank], [ComponentName], [IdComponentType], [IdFunctionality], [IdComponentParent], [FR], [EN], [AR], [DE], [CH], [ES], [IdButton], [classDiv], [classLabel], [class], [IsEncapsulated], [IdComponentChangedBy], [EntityName], [style], [ng_hide], [IsToInitialize], [IdFunctionalityForm], [IsFireChange]) VALUES (N'302519a6-75f6-41bb-a888-ba83d8356526', 1, N'DIV4', 9, N'f2630114-6cf4-431d-99f4-a3c79dadd2af', N'15a5bab3-ad01-451b-886f-c16db22a4924', N'DIV4', N'DIV4_EN', N'DIV4_AR', N'DIV4_DE', N'DIV4_CH', N'DIV4_ES', NULL, N'', N'', N'btn-group', 0, NULL, N'SalaryStructure', N'float:right;', NULL, 1, N'f2630114-6cf4-431d-99f4-a3c79dadd2af', NULL)
INSERT INTO [ERPSettings].[Component] ([IdComponent], [rank], [ComponentName], [IdComponentType], [IdFunctionality], [IdComponentParent], [FR], [EN], [AR], [DE], [CH], [ES], [IdButton], [classDiv], [classLabel], [class], [IsEncapsulated], [IdComponentChangedBy], [EntityName], [style], [ng_hide], [IsToInitialize], [IdFunctionalityForm], [IsFireChange]) VALUES (N'3499f160-1644-4dba-aa7c-416ccebcf12c', 2, N'IdEmployee', 8, N'f2630114-6cf4-431d-99f4-a3c79dadd2af', N'f8512d08-31f4-46b5-ac46-bf86d2d98a5f', N'Employ', N'Employee', N'', N'', N'', N'Pays_ES', N'0e546098-5427-4342-ba18-b8e3bc2738b2', N'form-group col-lg-4 col-md-6 col-sm-12', N'col-lg-4 col-md-4 col-sm-4', N'', 0, NULL, N'Payslip', NULL, NULL, 1, N'f2630114-6cf4-431d-99f4-a3c79dadd2af', NULL)
INSERT INTO [ERPSettings].[Component] ([IdComponent], [rank], [ComponentName], [IdComponentType], [IdFunctionality], [IdComponentParent], [FR], [EN], [AR], [DE], [CH], [ES], [IdButton], [classDiv], [classLabel], [class], [IsEncapsulated], [IdComponentChangedBy], [EntityName], [style], [ng_hide], [IsToInitialize], [IdFunctionalityForm], [IsFireChange]) VALUES (N'3a8dfc4d-4e7f-470b-b506-85ce437185c8', 1, N'IdContractType', 8, N'68fec29f-1c31-4860-8e21-47e345398528', N'3eb0be5f-6b50-4d2d-857a-1954ec36af39', N'Type contrat', N'Contract Type', NULL, NULL, NULL, NULL, N'fd3d8032-c081-45ec-8b9c-92fde021316a', N'form-group col-lg-4 col-md-6 col-sm-12', N'col-lg-12 col-md-12 col-sm-12', N'', 0, NULL, N'Contract', NULL, NULL, 1, N'68fec29f-1c31-4860-8e21-47e345398528', NULL)
INSERT INTO [ERPSettings].[Component] ([IdComponent], [rank], [ComponentName], [IdComponentType], [IdFunctionality], [IdComponentParent], [FR], [EN], [AR], [DE], [CH], [ES], [IdButton], [classDiv], [classLabel], [class], [IsEncapsulated], [IdComponentChangedBy], [EntityName], [style], [ng_hide], [IsToInitialize], [IdFunctionalityForm], [IsFireChange]) VALUES (N'3aac2d11-aaf1-45f0-9f07-66e3f988d93e', 3, N'GRIDCOLUMN7', 4, N'99916b67-3c87-4342-8eb1-8640d0d9efd1', N'eb34c0e0-6dcb-4409-b278-9e5e8d8ac9ee', N'Nom de l''employ', N'Employee last name', NULL, NULL, NULL, NULL, NULL, N'col-lg-12 col-md-12 col-sm-12', N'col-lg-12 col-md-12 col-sm-12', N'', 0, NULL, N'Contract', NULL, NULL, 1, N'99916b67-3c87-4342-8eb1-8640d0d9efd1', NULL)
INSERT INTO [ERPSettings].[Component] ([IdComponent], [rank], [ComponentName], [IdComponentType], [IdFunctionality], [IdComponentParent], [FR], [EN], [AR], [DE], [CH], [ES], [IdButton], [classDiv], [classLabel], [class], [IsEncapsulated], [IdComponentChangedBy], [EntityName], [style], [ng_hide], [IsToInitialize], [IdFunctionalityForm], [IsFireChange]) VALUES (N'40b9cc09-0257-4b11-a1fb-a6de13c15c25', 1, N'IdSalaryStructure', 8, N'68fec29f-1c31-4860-8e21-47e345398528', N'916a85d1-444a-4575-9e7b-a1f70a9da87e', N'Poste', N'Employee', N'', N'', N'', N'Pays_ES', N'fd3d8032-c081-45ec-8b9c-92fde021316a', N'form-group col-lg-4 col-md-6 col-sm-12', N'col-lg-4 col-md-4 col-sm-4', N'', 0, NULL, N'Contract', NULL, NULL, 1, N'68fec29f-1c31-4860-8e21-47e345398528', NULL)
INSERT INTO [ERPSettings].[Component] ([IdComponent], [rank], [ComponentName], [IdComponentType], [IdFunctionality], [IdComponentParent], [FR], [EN], [AR], [DE], [CH], [ES], [IdButton], [classDiv], [classLabel], [class], [IsEncapsulated], [IdComponentChangedBy], [EntityName], [style], [ng_hide], [IsToInitialize], [IdFunctionalityForm], [IsFireChange]) VALUES (N'425cd633-e7d4-4b1b-a90f-fd5a1859838b', 1, N'DIVCONTAINER1', 17, N'f2630114-6cf4-431d-99f4-a3c79dadd2af', N'6a5a7f65-b840-4b78-9e78-4a90da40bf0a', N'Ajouter un contrat', N'Add a contract', N'', N'', N'', N'', NULL, N'', N'', N'', 0, NULL, N'Contract', NULL, NULL, 1, N'f2630114-6cf4-431d-99f4-a3c79dadd2af', NULL)
INSERT INTO [ERPSettings].[Component] ([IdComponent], [rank], [ComponentName], [IdComponentType], [IdFunctionality], [IdComponentParent], [FR], [EN], [AR], [DE], [CH], [ES], [IdButton], [classDiv], [classLabel], [class], [IsEncapsulated], [IdComponentChangedBy], [EntityName], [style], [ng_hide], [IsToInitialize], [IdFunctionalityForm], [IsFireChange]) VALUES (N'4ffd70b7-ba4f-4276-86df-85a95adbbd2f', 2, N'StartDate', 1, N'f2630114-6cf4-431d-99f4-a3c79dadd2af', N'203d34ef-1b0a-467a-a13d-68c7c64a0df5', N'Date de dbut', N'Start date', N'', N'', N'', N'', N'0e546098-5427-4342-ba18-b8e3bc2738b2', N'form-group col-lg-4 col-md-6 col-sm-12', N'col-lg-12 col-md-12 col-sm-12', N'', 0, NULL, N'Contract', NULL, NULL, 1, N'f2630114-6cf4-431d-99f4-a3c79dadd2af', NULL)
INSERT INTO [ERPSettings].[Component] ([IdComponent], [rank], [ComponentName], [IdComponentType], [IdFunctionality], [IdComponentParent], [FR], [EN], [AR], [DE], [CH], [ES], [IdButton], [classDiv], [classLabel], [class], [IsEncapsulated], [IdComponentChangedBy], [EntityName], [style], [ng_hide], [IsToInitialize], [IdFunctionalityForm], [IsFireChange]) VALUES (N'62f58dd8-c17f-4f73-b9a7-97cf6360d673', 3, N'EndDate', 1, N'f2630114-6cf4-431d-99f4-a3c79dadd2af', N'203d34ef-1b0a-467a-a13d-68c7c64a0df5', N'Date de fin ', N'End date', N'', N'', N'', N'', N'0e546098-5427-4342-ba18-b8e3bc2738b2', N'form-group col-lg-4 col-md-6 col-sm-12', N'col-lg-12 col-md-12 col-sm-12', N'', 0, NULL, N'Employee', NULL, NULL, 1, N'f2630114-6cf4-431d-99f4-a3c79dadd2af', NULL)
INSERT INTO [ERPSettings].[Component] ([IdComponent], [rank], [ComponentName], [IdComponentType], [IdFunctionality], [IdComponentParent], [FR], [EN], [AR], [DE], [CH], [ES], [IdButton], [classDiv], [classLabel], [class], [IsEncapsulated], [IdComponentChangedBy], [EntityName], [style], [ng_hide], [IsToInitialize], [IdFunctionalityForm], [IsFireChange]) VALUES (N'6a5a7f65-b840-4b78-9e78-4a90da40bf0a', 1, N'FORM1', 6, N'f2630114-6cf4-431d-99f4-a3c79dadd2af', NULL, N'FORM1', N'FORM1_EN', N'FORM1_AR', N'FORM1_DE', N'FORM1_CH', N'FORM1_ES', NULL, N'col-lg-12 col-md-12 col-sm-12', N'', N'container-fluid', 0, NULL, N'Contract', NULL, NULL, 1, N'f2630114-6cf4-431d-99f4-a3c79dadd2af', NULL)
INSERT INTO [ERPSettings].[Component] ([IdComponent], [rank], [ComponentName], [IdComponentType], [IdFunctionality], [IdComponentParent], [FR], [EN], [AR], [DE], [CH], [ES], [IdButton], [classDiv], [classLabel], [class], [IsEncapsulated], [IdComponentChangedBy], [EntityName], [style], [ng_hide], [IsToInitialize], [IdFunctionalityForm], [IsFireChange]) VALUES (N'6ec179de-b0eb-401c-9e8a-45aa3a6fbcc0', 1, N'ContractReference', 1, N'f2630114-6cf4-431d-99f4-a3c79dadd2af', N'f8512d08-31f4-46b5-ac46-bf86d2d98a5f', N'Reference contrat', N'Contract reference', N'Reference', N'Reference', N'Reference', N'Reference', N'0e546098-5427-4342-ba18-b8e3bc2738b2', N'form-group col-lg-4 col-md-6 col-sm-12', N'col-lg-12 col-md-12 col-sm-12', N'k-textbox', 0, NULL, N'Contract', NULL, NULL, 1, N'f2630114-6cf4-431d-99f4-a3c79dadd2af', NULL)
INSERT INTO [ERPSettings].[Component] ([IdComponent], [rank], [ComponentName], [IdComponentType], [IdFunctionality], [IdComponentParent], [FR], [EN], [AR], [DE], [CH], [ES], [IdButton], [classDiv], [classLabel], [class], [IsEncapsulated], [IdComponentChangedBy], [EntityName], [style], [ng_hide], [IsToInitialize], [IdFunctionalityForm], [IsFireChange]) VALUES (N'72be3534-35d1-4a9d-9b9e-1a851a5bd4df', 3, N'DIV4', 9, N'f2630114-6cf4-431d-99f4-a3c79dadd2af', N'425cd633-e7d4-4b1b-a90f-fd5a1859838b', N'DIV4', N'DIV4', N'DIV4', N'DIV4', N'DIV4', N'DIV4', NULL, N'', N'', N'row', 0, NULL, N'SalaryStructure', NULL, NULL, 1, N'f2630114-6cf4-431d-99f4-a3c79dadd2af', NULL)
INSERT INTO [ERPSettings].[Component] ([IdComponent], [rank], [ComponentName], [IdComponentType], [IdFunctionality], [IdComponentParent], [FR], [EN], [AR], [DE], [CH], [ES], [IdButton], [classDiv], [classLabel], [class], [IsEncapsulated], [IdComponentChangedBy], [EntityName], [style], [ng_hide], [IsToInitialize], [IdFunctionalityForm], [IsFireChange]) VALUES (N'7930cb5d-9d5f-4ebe-bf29-c385717da27a', 1, N'BUTTON1', 7, N'f2630114-6cf4-431d-99f4-a3c79dadd2af', N'2ceeab12-6783-4d6c-991c-696bbd41da94', N'Retourner  la liste', N'Back to list', N'Retourner  la liste_AR', N'Retourner  la liste_DE', N'Retourner  la liste_CH', N'Retourner  la liste_ES', NULL, N'form-group col-lg-12 col-md-12 col-sm-12', N'', N'k-button', 0, NULL, N'SalaryStructure', NULL, NULL, 1, N'f2630114-6cf4-431d-99f4-a3c79dadd2af', NULL)
INSERT INTO [ERPSettings].[Component] ([IdComponent], [rank], [ComponentName], [IdComponentType], [IdFunctionality], [IdComponentParent], [FR], [EN], [AR], [DE], [CH], [ES], [IdButton], [classDiv], [classLabel], [class], [IsEncapsulated], [IdComponentChangedBy], [EntityName], [style], [ng_hide], [IsToInitialize], [IdFunctionalityForm], [IsFireChange]) VALUES (N'7bb3cc3b-9c42-4a60-ae04-b26ad6a91436', 3, N'IdPlannedPayroll', 8, N'f2630114-6cf4-431d-99f4-a3c79dadd2af', N'72be3534-35d1-4a9d-9b9e-1a851a5bd4df', N'Paie planifie', N'Planned payroll', NULL, NULL, NULL, NULL, N'0e546098-5427-4342-ba18-b8e3bc2738b2', N'form-group col-lg-4 col-md-6 col-sm-12', N'col-lg-12 col-md-12 col-sm-12', N'', 0, NULL, N'Contract', NULL, NULL, 1, N'f2630114-6cf4-431d-99f4-a3c79dadd2af', NULL)
INSERT INTO [ERPSettings].[Component] ([IdComponent], [rank], [ComponentName], [IdComponentType], [IdFunctionality], [IdComponentParent], [FR], [EN], [AR], [DE], [CH], [ES], [IdButton], [classDiv], [classLabel], [class], [IsEncapsulated], [IdComponentChangedBy], [EntityName], [style], [ng_hide], [IsToInitialize], [IdFunctionalityForm], [IsFireChange]) VALUES (N'8c7082d9-bb84-48cf-96cc-1d790ae95030', 3, N'IdJob', 8, N'f2630114-6cf4-431d-99f4-a3c79dadd2af', N'f8512d08-31f4-46b5-ac46-bf86d2d98a5f', N'Poste', N'Post', N'', N'', N'', N'Pays_ES', N'0e546098-5427-4342-ba18-b8e3bc2738b2', N'form-group col-lg-4 col-md-6 col-sm-12', N'col-lg-4 col-md-4 col-sm-4', N'', 0, NULL, N'Contract', NULL, NULL, 1, N'f2630114-6cf4-431d-99f4-a3c79dadd2af', NULL)
INSERT INTO [ERPSettings].[Component] ([IdComponent], [rank], [ComponentName], [IdComponentType], [IdFunctionality], [IdComponentParent], [FR], [EN], [AR], [DE], [CH], [ES], [IdButton], [classDiv], [classLabel], [class], [IsEncapsulated], [IdComponentChangedBy], [EntityName], [style], [ng_hide], [IsToInitialize], [IdFunctionalityForm], [IsFireChange]) VALUES (N'916a85d1-444a-4575-9e7b-a1f70a9da87e', 4, N'DIV4', 9, N'68fec29f-1c31-4860-8e21-47e345398528', N'0dcceaba-a8c8-41bf-bc91-b85f789bc9fa', NULL, NULL, NULL, NULL, NULL, NULL, NULL, N'', N'', N'row', 0, NULL, N'Contract', NULL, NULL, 1, N'68fec29f-1c31-4860-8e21-47e345398528', NULL)
INSERT INTO [ERPSettings].[Component] ([IdComponent], [rank], [ComponentName], [IdComponentType], [IdFunctionality], [IdComponentParent], [FR], [EN], [AR], [DE], [CH], [ES], [IdButton], [classDiv], [classLabel], [class], [IsEncapsulated], [IdComponentChangedBy], [EntityName], [style], [ng_hide], [IsToInitialize], [IdFunctionalityForm], [IsFireChange]) VALUES (N'99e07ef6-3dfa-4b45-b61e-0e1461c1a77f', 3, N'IdPlannedPayroll', 8, N'68fec29f-1c31-4860-8e21-47e345398528', N'12f93ae5-ecb1-4221-878f-3d0a5bafa2e0', N'Paie planifie', N'Planned payroll', NULL, NULL, NULL, NULL, N'fd3d8032-c081-45ec-8b9c-92fde021316a', N'form-group col-lg-4 col-md-6 col-sm-12', N'col-lg-12 col-md-12 col-sm-12', N'', 0, NULL, N'Contract', NULL, NULL, 1, N'68fec29f-1c31-4860-8e21-47e345398528', NULL)
INSERT INTO [ERPSettings].[Component] ([IdComponent], [rank], [ComponentName], [IdComponentType], [IdFunctionality], [IdComponentParent], [FR], [EN], [AR], [DE], [CH], [ES], [IdButton], [classDiv], [classLabel], [class], [IsEncapsulated], [IdComponentChangedBy], [EntityName], [style], [ng_hide], [IsToInitialize], [IdFunctionalityForm], [IsFireChange]) VALUES (N'c4396279-6214-4d7a-8c1a-817710f550a7', 4, N'DIV4', 9, N'f2630114-6cf4-431d-99f4-a3c79dadd2af', N'425cd633-e7d4-4b1b-a90f-fd5a1859838b', NULL, NULL, NULL, NULL, NULL, NULL, NULL, N'', N'', N'row', 0, NULL, N'Contract', NULL, NULL, 1, N'f2630114-6cf4-431d-99f4-a3c79dadd2af', NULL)
INSERT INTO [ERPSettings].[Component] ([IdComponent], [rank], [ComponentName], [IdComponentType], [IdFunctionality], [IdComponentParent], [FR], [EN], [AR], [DE], [CH], [ES], [IdButton], [classDiv], [classLabel], [class], [IsEncapsulated], [IdComponentChangedBy], [EntityName], [style], [ng_hide], [IsToInitialize], [IdFunctionalityForm], [IsFireChange]) VALUES (N'c52f2b93-d1f7-4309-b1dc-5fd93a0b7d99', 2, N'DIV2', 9, N'f2630114-6cf4-431d-99f4-a3c79dadd2af', N'302519a6-75f6-41bb-a888-ba83d8356526', N'DIV2', N'DIV2_EN', N'DIV2_AR', N'DIV2_DE', N'DIV2_CH', N'DIV2_ES', NULL, N'', N'', N'', 0, NULL, N'SalaryStructure', NULL, NULL, 1, N'f2630114-6cf4-431d-99f4-a3c79dadd2af', NULL)
INSERT INTO [ERPSettings].[Component] ([IdComponent], [rank], [ComponentName], [IdComponentType], [IdFunctionality], [IdComponentParent], [FR], [EN], [AR], [DE], [CH], [ES], [IdButton], [classDiv], [classLabel], [class], [IsEncapsulated], [IdComponentChangedBy], [EntityName], [style], [ng_hide], [IsToInitialize], [IdFunctionalityForm], [IsFireChange]) VALUES (N'ca1e52f7-f3d5-4e22-a0d0-f38c08377e4d', 2, N'WorkingTime', 1, N'f2630114-6cf4-431d-99f4-a3c79dadd2af', N'72be3534-35d1-4a9d-9b9e-1a851a5bd4df', N'Temps de travail', N'Working time', N'', N'', N'', N'', N'0e546098-5427-4342-ba18-b8e3bc2738b2', N'form-group col-lg-4 col-md-6 col-sm-12', N'col-lg-12 col-md-12 col-sm-12', N'', 0, NULL, N'Contract', NULL, NULL, 1, N'f2630114-6cf4-431d-99f4-a3c79dadd2af', NULL)
INSERT INTO [ERPSettings].[Component] ([IdComponent], [rank], [ComponentName], [IdComponentType], [IdFunctionality], [IdComponentParent], [FR], [EN], [AR], [DE], [CH], [ES], [IdButton], [classDiv], [classLabel], [class], [IsEncapsulated], [IdComponentChangedBy], [EntityName], [style], [ng_hide], [IsToInitialize], [IdFunctionalityForm], [IsFireChange]) VALUES (N'e1f56f27-80b6-4e72-9738-0d27183ec4a4', 1, N'IdContractType', 8, N'f2630114-6cf4-431d-99f4-a3c79dadd2af', N'203d34ef-1b0a-467a-a13d-68c7c64a0df5', N'Type contrat', N'Contract Type', NULL, NULL, NULL, NULL, N'0e546098-5427-4342-ba18-b8e3bc2738b2', N'form-group col-lg-4 col-md-6 col-sm-12', N'col-lg-12 col-md-12 col-sm-12', N'', 0, NULL, N'Contract', NULL, NULL, 1, N'f2630114-6cf4-431d-99f4-a3c79dadd2af', NULL)
INSERT INTO [ERPSettings].[Component] ([IdComponent], [rank], [ComponentName], [IdComponentType], [IdFunctionality], [IdComponentParent], [FR], [EN], [AR], [DE], [CH], [ES], [IdButton], [classDiv], [classLabel], [class], [IsEncapsulated], [IdComponentChangedBy], [EntityName], [style], [ng_hide], [IsToInitialize], [IdFunctionalityForm], [IsFireChange]) VALUES (N'f61b31e6-902a-4a74-958e-6322db51cbd9', 1, N'BaseSalary', 1, N'f2630114-6cf4-431d-99f4-a3c79dadd2af', N'72be3534-35d1-4a9d-9b9e-1a851a5bd4df', N'Salaire de base', N'Base salary', N'', N'', N'', N'', N'0e546098-5427-4342-ba18-b8e3bc2738b2', N'form-group col-lg-4 col-md-6 col-sm-12', N'col-lg-12 col-md-12 col-sm-12', N'', 0, NULL, N'Contract', NULL, NULL, 1, N'f2630114-6cf4-431d-99f4-a3c79dadd2af', NULL)
INSERT INTO [ERPSettings].[Component] ([IdComponent], [rank], [ComponentName], [IdComponentType], [IdFunctionality], [IdComponentParent], [FR], [EN], [AR], [DE], [CH], [ES], [IdButton], [classDiv], [classLabel], [class], [IsEncapsulated], [IdComponentChangedBy], [EntityName], [style], [ng_hide], [IsToInitialize], [IdFunctionalityForm], [IsFireChange]) VALUES (N'f8512d08-31f4-46b5-ac46-bf86d2d98a5f', 1, N'DIV4', 9, N'f2630114-6cf4-431d-99f4-a3c79dadd2af', N'425cd633-e7d4-4b1b-a90f-fd5a1859838b', N'DIV4', N'DIV4', N'DIV4', N'DIV4', N'DIV4', N'DIV4', NULL, N'', N'', N'row', 0, NULL, N'SalaryStructure', NULL, NULL, 1, N'f2630114-6cf4-431d-99f4-a3c79dadd2af', NULL)
INSERT INTO [ERPSettings].[ServiceParameters] ([IdServiceParameters], [Method], [URL], [TModel], [Module], [IdPredicateFormat], [TransactionUserId], [IsDeleted], [Deleted_Token]) VALUES (N'1084f237-4401-4fe3-8c61-9adbf006f1bc', N'GET', N'/api/base/get', N'PlannedPayroll', N'PayRoll', NULL, NULL, 0, NULL)
INSERT INTO [ERPSettings].[ServiceParameters] ([IdServiceParameters], [Method], [URL], [TModel], [Module], [IdPredicateFormat], [TransactionUserId], [IsDeleted], [Deleted_Token]) VALUES (N'35077b13-a296-44ec-82e5-70ded6c5667b', N'GET', N'/api/base/getById/:id', N'Contract', N'PayRoll', NULL, NULL, 0, NULL)
INSERT INTO [ERPSettings].[ServiceParameters] ([IdServiceParameters], [Method], [URL], [TModel], [Module], [IdPredicateFormat], [TransactionUserId], [IsDeleted], [Deleted_Token]) VALUES (N'52a1de48-aa93-41d9-afa4-21ff87dd115f', N'POST', N'/api/base/getDataSourcePredicate', N'Employee', N'PayRoll', N'22e74238-fc70-4025-a6af-4932a141b5f9', NULL, 0, NULL)
INSERT INTO [ERPSettings].[ServiceParameters] ([IdServiceParameters], [Method], [URL], [TModel], [Module], [IdPredicateFormat], [TransactionUserId], [IsDeleted], [Deleted_Token]) VALUES (N'5e406489-e9a1-4570-96c5-89401894e018', N'POST', N'/api/base/getDataSourcePredicate', N'SalaryStructure', N'PayRoll', N'e07a4370-0b81-42ea-95bd-15c3581db0fb', NULL, 0, NULL)
INSERT INTO [ERPSettings].[ServiceParameters] ([IdServiceParameters], [Method], [URL], [TModel], [Module], [IdPredicateFormat], [TransactionUserId], [IsDeleted], [Deleted_Token]) VALUES (N'68f77fc9-045a-4972-a38d-d31584c6f742', N'POST', N'/api/base/getDataSourcePredicate', N'Job', N'PayRoll', N'8075f51e-ed8c-4870-b94d-4718ac2dfa6a', NULL, 0, NULL)
INSERT INTO [ERPSettings].[ServiceParameters] ([IdServiceParameters], [Method], [URL], [TModel], [Module], [IdPredicateFormat], [TransactionUserId], [IsDeleted], [Deleted_Token]) VALUES (N'70b217e7-a81a-4c6b-a5ed-823dbfaa34fb', N'PUT', N'/api/base/update', N'Contract', N'PayRoll', NULL, NULL, 0, NULL)
INSERT INTO [ERPSettings].[ServiceParameters] ([IdServiceParameters], [Method], [URL], [TModel], [Module], [IdPredicateFormat], [TransactionUserId], [IsDeleted], [Deleted_Token]) VALUES (N'7b97d47f-4f8f-4bf1-b4c2-ed10ce839c9b', N'POST', N'/api/base/getDataSourcePredicate', N'ContractType', N'PayRoll', N'57a356be-ff80-4853-99e1-71658b92fb07', NULL, 0, NULL)
INSERT INTO [ERPSettings].[ServiceParameters] ([IdServiceParameters], [Method], [URL], [TModel], [Module], [IdPredicateFormat], [TransactionUserId], [IsDeleted], [Deleted_Token]) VALUES (N'88f3e699-ce61-4af6-bc74-5a1f44aec7f5', N'POST', N'/api/base/getDataSourcePredicate', N'ContractType', N'PayRoll', N'688f372f-585e-4a1f-8ed4-e1d2aa6fb308', NULL, 0, NULL)
INSERT INTO [ERPSettings].[ServiceParameters] ([IdServiceParameters], [Method], [URL], [TModel], [Module], [IdPredicateFormat], [TransactionUserId], [IsDeleted], [Deleted_Token]) VALUES (N'ed243514-a810-4f05-96f6-b9cfc15847a0', N'GET', N'/api/base/get', N'PlannedPayroll', N'PayRoll', NULL, NULL, 0, NULL)
INSERT INTO [ERPSettings].[ServiceParameters] ([IdServiceParameters], [Method], [URL], [TModel], [Module], [IdPredicateFormat], [TransactionUserId], [IsDeleted], [Deleted_Token]) VALUES (N'f17cefb8-ef56-4b0a-a181-27a0b36afd4f', N'POST', N'/api/base/getDataSourcePredicate', N'SalaryStructure', N'PayRoll', N'e923a127-1f94-4787-a3ef-a06fec397e54', NULL, 0, NULL)
INSERT INTO [ERPSettings].[FormComponent] ([IdComponent], [k_rules], [ng_controller], [ng_submit], [data_ng_init], [IdServiceParameter], [NameSpace]) VALUES (N'6a5a7f65-b840-4b78-9e78-4a90da40bf0a', NULL, N'BaseController as bController', NULL, N'bController.baseService.initService.initView()', N'35077b13-a296-44ec-82e5-70ded6c5667b', N'Payroll.Contract')
INSERT INTO [ERPSettings].[DropDownListDataSource] ([IdDropDownListOptions], [IdServiceParameters], [error], [autoSync], [pageSize], [serverPaging], [serverSorting], [serverFiltering], [serverGrouping], [serverAggregates]) VALUES (N'1e3d3c38-414e-451c-80c4-be3820b2c165', N'5e406489-e9a1-4570-96c5-89401894e018', NULL, 0, 32, 1, 0, 1, 0, 0)
INSERT INTO [ERPSettings].[DropDownListDataSource] ([IdDropDownListOptions], [IdServiceParameters], [error], [autoSync], [pageSize], [serverPaging], [serverSorting], [serverFiltering], [serverGrouping], [serverAggregates]) VALUES (N'3499f160-1644-4dba-aa7c-416ccebcf12c', N'52a1de48-aa93-41d9-afa4-21ff87dd115f', NULL, 0, 32, 1, 0, 1, 0, 0)
INSERT INTO [ERPSettings].[DropDownListDataSource] ([IdDropDownListOptions], [IdServiceParameters], [error], [autoSync], [pageSize], [serverPaging], [serverSorting], [serverFiltering], [serverGrouping], [serverAggregates]) VALUES (N'3a8dfc4d-4e7f-470b-b506-85ce437185c8', N'7b97d47f-4f8f-4bf1-b4c2-ed10ce839c9b', NULL, 0, NULL, 1, 0, 1, 0, 0)
INSERT INTO [ERPSettings].[DropDownListDataSource] ([IdDropDownListOptions], [IdServiceParameters], [error], [autoSync], [pageSize], [serverPaging], [serverSorting], [serverFiltering], [serverGrouping], [serverAggregates]) VALUES (N'40b9cc09-0257-4b11-a1fb-a6de13c15c25', N'f17cefb8-ef56-4b0a-a181-27a0b36afd4f', NULL, 0, 32, 1, 0, 1, 0, 0)
INSERT INTO [ERPSettings].[DropDownListDataSource] ([IdDropDownListOptions], [IdServiceParameters], [error], [autoSync], [pageSize], [serverPaging], [serverSorting], [serverFiltering], [serverGrouping], [serverAggregates]) VALUES (N'7bb3cc3b-9c42-4a60-ae04-b26ad6a91436', N'ed243514-a810-4f05-96f6-b9cfc15847a0', NULL, 0, NULL, 0, 0, 0, 0, 0)
INSERT INTO [ERPSettings].[DropDownListDataSource] ([IdDropDownListOptions], [IdServiceParameters], [error], [autoSync], [pageSize], [serverPaging], [serverSorting], [serverFiltering], [serverGrouping], [serverAggregates]) VALUES (N'8c7082d9-bb84-48cf-96cc-1d790ae95030', N'68f77fc9-045a-4972-a38d-d31584c6f742', NULL, 0, 32, 1, 0, 1, 0, 0)
INSERT INTO [ERPSettings].[DropDownListDataSource] ([IdDropDownListOptions], [IdServiceParameters], [error], [autoSync], [pageSize], [serverPaging], [serverSorting], [serverFiltering], [serverGrouping], [serverAggregates]) VALUES (N'99e07ef6-3dfa-4b45-b61e-0e1461c1a77f', N'1084f237-4401-4fe3-8c61-9adbf006f1bc', NULL, 0, NULL, 0, 0, 0, 0, 0)
INSERT INTO [ERPSettings].[DropDownListDataSource] ([IdDropDownListOptions], [IdServiceParameters], [error], [autoSync], [pageSize], [serverPaging], [serverSorting], [serverFiltering], [serverGrouping], [serverAggregates]) VALUES (N'e1f56f27-80b6-4e72-9738-0d27183ec4a4', N'88f3e699-ce61-4af6-bc74-5a1f44aec7f5', NULL, 0, NULL, 1, 0, 1, 0, 0)
INSERT INTO [ERPSettings].[InputComponent] ([IdComponent], [inputType], [ng_model], [required], [ng_disabled], [ng_minlength], [ng_maxlength], [ng_change], [ng_bind], [ng_blur], [placeholder], [k_ng_model], [k_on_change], [k_format], [k_min], [k_max], [k_decimals], [k_step], [ui_date_mask], [pattern], [k_mask], [defaultValue], [ng_readonly], [formatPrecision], [IsCurrency], [Accept], [MaxFileSize], [MinFileSize]) VALUES (N'4ffd70b7-ba4f-4276-86df-85a95adbbd2f', 2, NULL, 1, NULL, NULL, NULL, NULL, NULL, NULL, NULL, NULL, N'bController.baseService.actionService.onChangeDate(''4ffd70b7-ba4f-4276-86df-85a95adbbd2f'',''62f58dd8-c17f-4f73-b9a7-97cf6360d673'')', NULL, NULL, NULL, NULL, NULL, NULL, NULL, NULL, NULL, NULL, NULL, NULL, NULL, NULL, NULL)
INSERT INTO [ERPSettings].[InputComponent] ([IdComponent], [inputType], [ng_model], [required], [ng_disabled], [ng_minlength], [ng_maxlength], [ng_change], [ng_bind], [ng_blur], [placeholder], [k_ng_model], [k_on_change], [k_format], [k_min], [k_max], [k_decimals], [k_step], [ui_date_mask], [pattern], [k_mask], [defaultValue], [ng_readonly], [formatPrecision], [IsCurrency], [Accept], [MaxFileSize], [MinFileSize]) VALUES (N'62f58dd8-c17f-4f73-b9a7-97cf6360d673', 2, NULL, 0, NULL, NULL, NULL, NULL, NULL, NULL, NULL, NULL, N'bController.baseService.actionService.onChangeDate(''4ffd70b7-ba4f-4276-86df-85a95adbbd2f'',''62f58dd8-c17f-4f73-b9a7-97cf6360d673'')', NULL, NULL, NULL, NULL, NULL, NULL, NULL, NULL, NULL, NULL, NULL, NULL, NULL, NULL, NULL)
INSERT INTO [ERPSettings].[InputComponent] ([IdComponent], [inputType], [ng_model], [required], [ng_disabled], [ng_minlength], [ng_maxlength], [ng_change], [ng_bind], [ng_blur], [placeholder], [k_ng_model], [k_on_change], [k_format], [k_min], [k_max], [k_decimals], [k_step], [ui_date_mask], [pattern], [k_mask], [defaultValue], [ng_readonly], [formatPrecision], [IsCurrency], [Accept], [MaxFileSize], [MinFileSize]) VALUES (N'6ec179de-b0eb-401c-9e8a-45aa3a6fbcc0', 0, NULL, 1, NULL, NULL, NULL, NULL, NULL, NULL, NULL, NULL, NULL, NULL, NULL, NULL, NULL, NULL, NULL, NULL, NULL, NULL, NULL, 0, NULL, NULL, NULL, NULL)
INSERT INTO [ERPSettings].[InputComponent] ([IdComponent], [inputType], [ng_model], [required], [ng_disabled], [ng_minlength], [ng_maxlength], [ng_change], [ng_bind], [ng_blur], [placeholder], [k_ng_model], [k_on_change], [k_format], [k_min], [k_max], [k_decimals], [k_step], [ui_date_mask], [pattern], [k_mask], [defaultValue], [ng_readonly], [formatPrecision], [IsCurrency], [Accept], [MaxFileSize], [MinFileSize]) VALUES (N'ca1e52f7-f3d5-4e22-a0d0-f38c08377e4d', 4, NULL, 1, NULL, NULL, NULL, NULL, NULL, NULL, NULL, NULL, NULL, N'''n3''', N'0', NULL, N'', N'1', NULL, NULL, NULL, NULL, NULL, 0, NULL, NULL, NULL, NULL)
INSERT INTO [ERPSettings].[InputComponent] ([IdComponent], [inputType], [ng_model], [required], [ng_disabled], [ng_minlength], [ng_maxlength], [ng_change], [ng_bind], [ng_blur], [placeholder], [k_ng_model], [k_on_change], [k_format], [k_min], [k_max], [k_decimals], [k_step], [ui_date_mask], [pattern], [k_mask], [defaultValue], [ng_readonly], [formatPrecision], [IsCurrency], [Accept], [MaxFileSize], [MinFileSize]) VALUES (N'f61b31e6-902a-4a74-958e-6322db51cbd9', 4, NULL, 1, NULL, NULL, NULL, NULL, NULL, NULL, NULL, NULL, NULL, N'''n3''', N'0', NULL, N'', N'1', NULL, NULL, NULL, NULL, NULL, 0, NULL, NULL, NULL, NULL)
INSERT INTO [ERPSettings].[DropDownListComponent] ([IdComponent], [ng_model], [required], [ng_blur], [ng_bind], [k_on_change], [DropdownType], [DropdownIndex], [ng_disabled], [urlValueMapper], [globalization]) VALUES (N'1e3d3c38-414e-451c-80c4-be3820b2c165', N'', 1, NULL, NULL, N'bController.baseService.actionService.onChangeDataSource(''1e3d3c38-414e-451c-80c4-be3820b2c165'')', 1, NULL, NULL, NULL, 0)
INSERT INTO [ERPSettings].[DropDownListComponent] ([IdComponent], [ng_model], [required], [ng_blur], [ng_bind], [k_on_change], [DropdownType], [DropdownIndex], [ng_disabled], [urlValueMapper], [globalization]) VALUES (N'3499f160-1644-4dba-aa7c-416ccebcf12c', N'', 1, NULL, NULL, N'bController.baseService.actionService.onChangeDataSource(''3499f160-1644-4dba-aa7c-416ccebcf12c'')', 1, NULL, NULL, NULL, 0)
INSERT INTO [ERPSettings].[DropDownListComponent] ([IdComponent], [ng_model], [required], [ng_blur], [ng_bind], [k_on_change], [DropdownType], [DropdownIndex], [ng_disabled], [urlValueMapper], [globalization]) VALUES (N'3a8dfc4d-4e7f-470b-b506-85ce437185c8', N'', NULL, NULL, NULL, N'bController.baseService.actionService.onChangeDataSource(''3a8dfc4d-4e7f-470b-b506-85ce437185c8'')', 1, NULL, NULL, NULL, 1)
INSERT INTO [ERPSettings].[DropDownListComponent] ([IdComponent], [ng_model], [required], [ng_blur], [ng_bind], [k_on_change], [DropdownType], [DropdownIndex], [ng_disabled], [urlValueMapper], [globalization]) VALUES (N'40b9cc09-0257-4b11-a1fb-a6de13c15c25', N'', 1, NULL, NULL, N'bController.baseService.actionService.onChangeDataSource(''40b9cc09-0257-4b11-a1fb-a6de13c15c25'')', 1, NULL, NULL, NULL, 0)
INSERT INTO [ERPSettings].[DropDownListComponent] ([IdComponent], [ng_model], [required], [ng_blur], [ng_bind], [k_on_change], [DropdownType], [DropdownIndex], [ng_disabled], [urlValueMapper], [globalization]) VALUES (N'7bb3cc3b-9c42-4a60-ae04-b26ad6a91436', N'', 1, NULL, NULL, N'bController.baseService.actionService.onChangeDataSource(''7bb3cc3b-9c42-4a60-ae04-b26ad6a91436'')', 1, NULL, NULL, NULL, NULL)
INSERT INTO [ERPSettings].[DropDownListComponent] ([IdComponent], [ng_model], [required], [ng_blur], [ng_bind], [k_on_change], [DropdownType], [DropdownIndex], [ng_disabled], [urlValueMapper], [globalization]) VALUES (N'8c7082d9-bb84-48cf-96cc-1d790ae95030', N'', 1, NULL, NULL, N'bController.baseService.actionService.onChangeDataSource(''8c7082d9-bb84-48cf-96cc-1d790ae95030'')', 1, NULL, NULL, NULL, 0)
INSERT INTO [ERPSettings].[DropDownListComponent] ([IdComponent], [ng_model], [required], [ng_blur], [ng_bind], [k_on_change], [DropdownType], [DropdownIndex], [ng_disabled], [urlValueMapper], [globalization]) VALUES (N'99e07ef6-3dfa-4b45-b61e-0e1461c1a77f', N'', 1, NULL, NULL, N'bController.baseService.actionService.onChangeDataSource(''99e07ef6-3dfa-4b45-b61e-0e1461c1a77f'')', 1, NULL, NULL, NULL, NULL)
INSERT INTO [ERPSettings].[DropDownListComponent] ([IdComponent], [ng_model], [required], [ng_blur], [ng_bind], [k_on_change], [DropdownType], [DropdownIndex], [ng_disabled], [urlValueMapper], [globalization]) VALUES (N'e1f56f27-80b6-4e72-9738-0d27183ec4a4', N'', NULL, NULL, NULL, N'bController.baseService.actionService.onChangeDataSource(''e1f56f27-80b6-4e72-9738-0d27183ec4a4'')', 1, NULL, NULL, NULL, 1)
INSERT INTO [ERPSettings].[DropDownListOptions] ([IdDropDownListOptions], [name], [autoBind], [dataTextField], [dataValueField], [delay], [enable], [filter], [fixedGroupTemplate], [groupTemplate], [height], [headerTemplate], [template], [valueTemplate], [footerTemplate], [close], [dataBound], [filtering], [open], [select], [cascadeFrom], [cascadeFromField]) VALUES (N'1e3d3c38-414e-451c-80c4-be3820b2c165', N'IdSalaryStructure', 1, N'SalaryStructureReference', N'Id', NULL, 1, N'contains', NULL, NULL, 200, N'', N'', N'', N'', NULL, NULL, NULL, NULL, NULL, NULL, NULL)
INSERT INTO [ERPSettings].[DropDownListOptions] ([IdDropDownListOptions], [name], [autoBind], [dataTextField], [dataValueField], [delay], [enable], [filter], [fixedGroupTemplate], [groupTemplate], [height], [headerTemplate], [template], [valueTemplate], [footerTemplate], [close], [dataBound], [filtering], [open], [select], [cascadeFrom], [cascadeFromField]) VALUES (N'3499f160-1644-4dba-aa7c-416ccebcf12c', N'IdEmployee', 1, N'', N'Id', NULL, 1, N'contains', NULL, NULL, 200, N'<div class="dropdown-header k-widget k-header"><span class="dropHeader">{{''f5b1cc4d-162c-49ac-82b4-badebef1a180 '' | translate }}</span><span class="dropHeader">{{''d1f815c2-9618-4a15-b325-e7c4df5dd6f3 '' | translate }}</span><span class="dropHeader">{{''bebfc29c-f3a5-4a3a-89dc-f66b781839ef '' | translate }}</span></div>', N'<table class="customDropDown sz-20-40-40"><tr><td>#: data.Matricule#</td><td>#if(data.LastName != null){# #:data.LastName ## }#</td><td>#if(data.FirstName != null){# #:data.FirstName ## }#</td></tr></table>', N'<span>#: data.FirstName #</span><span>#if(data.LastName  != null){# #: data.LastName.length>9 ? data.LastName.substring(0,4)+".." : data.LastName # #}#</span>', N'Total #: instance.dataSource.total() #', NULL, NULL, NULL, NULL, NULL, NULL, NULL)
INSERT INTO [ERPSettings].[DropDownListOptions] ([IdDropDownListOptions], [name], [autoBind], [dataTextField], [dataValueField], [delay], [enable], [filter], [fixedGroupTemplate], [groupTemplate], [height], [headerTemplate], [template], [valueTemplate], [footerTemplate], [close], [dataBound], [filtering], [open], [select], [cascadeFrom], [cascadeFromField]) VALUES (N'3a8dfc4d-4e7f-470b-b506-85ce437185c8', NULL, 1, N'fr', N'Id', NULL, 1, N'contains', NULL, NULL, 300, NULL, NULL, NULL, NULL, NULL, NULL, NULL, NULL, NULL, NULL, NULL)
INSERT INTO [ERPSettings].[DropDownListOptions] ([IdDropDownListOptions], [name], [autoBind], [dataTextField], [dataValueField], [delay], [enable], [filter], [fixedGroupTemplate], [groupTemplate], [height], [headerTemplate], [template], [valueTemplate], [footerTemplate], [close], [dataBound], [filtering], [open], [select], [cascadeFrom], [cascadeFromField]) VALUES (N'40b9cc09-0257-4b11-a1fb-a6de13c15c25', N'IdSalaryStructure', 1, N'SalaryStructureReference', N'Id', NULL, 1, N'contains', NULL, NULL, 200, N'', N'', N'', N'', NULL, NULL, NULL, NULL, NULL, NULL, NULL)
INSERT INTO [ERPSettings].[DropDownListOptions] ([IdDropDownListOptions], [name], [autoBind], [dataTextField], [dataValueField], [delay], [enable], [filter], [fixedGroupTemplate], [groupTemplate], [height], [headerTemplate], [template], [valueTemplate], [footerTemplate], [close], [dataBound], [filtering], [open], [select], [cascadeFrom], [cascadeFromField]) VALUES (N'7bb3cc3b-9c42-4a60-ae04-b26ad6a91436', NULL, 1, N'Value', N'Id', NULL, 1, N'contains', NULL, NULL, 300, NULL, NULL, NULL, NULL, NULL, NULL, NULL, NULL, NULL, NULL, NULL)
INSERT INTO [ERPSettings].[DropDownListOptions] ([IdDropDownListOptions], [name], [autoBind], [dataTextField], [dataValueField], [delay], [enable], [filter], [fixedGroupTemplate], [groupTemplate], [height], [headerTemplate], [template], [valueTemplate], [footerTemplate], [close], [dataBound], [filtering], [open], [select], [cascadeFrom], [cascadeFromField]) VALUES (N'8c7082d9-bb84-48cf-96cc-1d790ae95030', N'IdJob', 1, N'Label', N'Id', NULL, 1, N'contains', NULL, NULL, 200, N'', N'', N'', N'', NULL, NULL, NULL, NULL, NULL, NULL, NULL)
INSERT INTO [ERPSettings].[DropDownListOptions] ([IdDropDownListOptions], [name], [autoBind], [dataTextField], [dataValueField], [delay], [enable], [filter], [fixedGroupTemplate], [groupTemplate], [height], [headerTemplate], [template], [valueTemplate], [footerTemplate], [close], [dataBound], [filtering], [open], [select], [cascadeFrom], [cascadeFromField]) VALUES (N'99e07ef6-3dfa-4b45-b61e-0e1461c1a77f', NULL, 1, N'Value', N'Id', NULL, 1, N'contains', NULL, NULL, 300, NULL, NULL, NULL, NULL, NULL, NULL, NULL, NULL, NULL, NULL, NULL)
INSERT INTO [ERPSettings].[DropDownListOptions] ([IdDropDownListOptions], [name], [autoBind], [dataTextField], [dataValueField], [delay], [enable], [filter], [fixedGroupTemplate], [groupTemplate], [height], [headerTemplate], [template], [valueTemplate], [footerTemplate], [close], [dataBound], [filtering], [open], [select], [cascadeFrom], [cascadeFromField]) VALUES (N'e1f56f27-80b6-4e72-9738-0d27183ec4a4', NULL, 1, N'fr', N'Id', NULL, 1, N'contains', NULL, NULL, 300, NULL, NULL, NULL, NULL, NULL, NULL, NULL, NULL, NULL, NULL, NULL)
INSERT INTO [ERPSettings].[GridColumnComponent] ([IdComponent], [field], [title], [width], [format], [groupHeaderTemplate], [hidden], [template], [nullable], [type], [editable], [defaultValue], [menu], [headerTemplate], [filterable], [sortable]) VALUES (N'3aac2d11-aaf1-45f0-9f07-66e3f988d93e', N'IdEmployeeNavigation.LastName', N'{{''3aac2d11-aaf1-45f0-9f07-66e3f988d93e'' | translate}}', NULL, NULL, N'#= value #', 0, NULL, 0, NULL, 0, NULL, NULL, NULL, NULL, NULL)

INSERT INTO [ERPSettings].[ComponentByRole] ( [IdRole], [IdComponent], [IsActive], [IsVisible], [ReadFunction], [WriteFunction], [TransactionUserId]) VALUES (1, N'3a8dfc4d-4e7f-470b-b506-85ce437185c8', 1, 1, NULL, NULL, NULL)
INSERT INTO [ERPSettings].[ComponentByRole] ( [IdRole], [IdComponent], [IsActive], [IsVisible], [ReadFunction], [WriteFunction], [TransactionUserId]) VALUES (1, N'99e07ef6-3dfa-4b45-b61e-0e1461c1a77f', 1, 1, NULL, NULL, NULL)
INSERT INTO [ERPSettings].[ComponentByRole] ( [IdRole], [IdComponent], [IsActive], [IsVisible], [ReadFunction], [WriteFunction], [TransactionUserId]) VALUES (1, N'3aac2d11-aaf1-45f0-9f07-66e3f988d93e', 1, 1, NULL, NULL, NULL)
INSERT INTO [ERPSettings].[ComponentByRole] ( [IdRole], [IdComponent], [IsActive], [IsVisible], [ReadFunction], [WriteFunction], [TransactionUserId]) VALUES (1, N'916a85d1-444a-4575-9e7b-a1f70a9da87e', 1, 1, NULL, NULL, NULL)
INSERT INTO [ERPSettings].[ComponentByRole] ( [IdRole], [IdComponent], [IsActive], [IsVisible], [ReadFunction], [WriteFunction], [TransactionUserId]) VALUES (1, N'40b9cc09-0257-4b11-a1fb-a6de13c15c25', 1, 1, NULL, NULL, NULL)
INSERT INTO [ERPSettings].[ComponentByRole] ( [IdRole], [IdComponent], [IsActive], [IsVisible], [ReadFunction], [WriteFunction], [TransactionUserId]) VALUES (1, N'6a5a7f65-b840-4b78-9e78-4a90da40bf0a', 1, 1, NULL, NULL, NULL)
INSERT INTO [ERPSettings].[ComponentByRole] ( [IdRole], [IdComponent], [IsActive], [IsVisible], [ReadFunction], [WriteFunction], [TransactionUserId]) VALUES (1, N'15a5bab3-ad01-451b-886f-c16db22a4924', 1, 1, NULL, NULL, NULL)
INSERT INTO [ERPSettings].[ComponentByRole] ( [IdRole], [IdComponent], [IsActive], [IsVisible], [ReadFunction], [WriteFunction], [TransactionUserId]) VALUES (1, N'302519a6-75f6-41bb-a888-ba83d8356526', 1, 1, NULL, NULL, NULL)
INSERT INTO [ERPSettings].[ComponentByRole] ( [IdRole], [IdComponent], [IsActive], [IsVisible], [ReadFunction], [WriteFunction], [TransactionUserId]) VALUES (1, N'2ceeab12-6783-4d6c-991c-696bbd41da94', 1, 1, NULL, NULL, NULL)
INSERT INTO [ERPSettings].[ComponentByRole] ( [IdRole], [IdComponent], [IsActive], [IsVisible], [ReadFunction], [WriteFunction], [TransactionUserId]) VALUES (1, N'7930cb5d-9d5f-4ebe-bf29-c385717da27a', 1, 1, NULL, NULL, NULL)
INSERT INTO [ERPSettings].[ComponentByRole] ( [IdRole], [IdComponent], [IsActive], [IsVisible], [ReadFunction], [WriteFunction], [TransactionUserId]) VALUES (1, N'c52f2b93-d1f7-4309-b1dc-5fd93a0b7d99', 1, 1, NULL, NULL, NULL)
INSERT INTO [ERPSettings].[ComponentByRole] ( [IdRole], [IdComponent], [IsActive], [IsVisible], [ReadFunction], [WriteFunction], [TransactionUserId]) VALUES (1, N'0e546098-5427-4342-ba18-b8e3bc2738b2', 1, 1, NULL, NULL, NULL)
INSERT INTO [ERPSettings].[ComponentByRole] ( [IdRole], [IdComponent], [IsActive], [IsVisible], [ReadFunction], [WriteFunction], [TransactionUserId]) VALUES (1, N'425cd633-e7d4-4b1b-a90f-fd5a1859838b', 1, 1, NULL, NULL, NULL)
INSERT INTO [ERPSettings].[ComponentByRole] ( [IdRole], [IdComponent], [IsActive], [IsVisible], [ReadFunction], [WriteFunction], [TransactionUserId]) VALUES (1, N'203d34ef-1b0a-467a-a13d-68c7c64a0df5', 1, 1, NULL, NULL, NULL)
INSERT INTO [ERPSettings].[ComponentByRole] ( [IdRole], [IdComponent], [IsActive], [IsVisible], [ReadFunction], [WriteFunction], [TransactionUserId]) VALUES (1, N'e1f56f27-80b6-4e72-9738-0d27183ec4a4', 1, 1, NULL, NULL, NULL)
INSERT INTO [ERPSettings].[ComponentByRole] ( [IdRole], [IdComponent], [IsActive], [IsVisible], [ReadFunction], [WriteFunction], [TransactionUserId]) VALUES (1, N'62f58dd8-c17f-4f73-b9a7-97cf6360d673', 1, 1, NULL, NULL, NULL)
INSERT INTO [ERPSettings].[ComponentByRole] ( [IdRole], [IdComponent], [IsActive], [IsVisible], [ReadFunction], [WriteFunction], [TransactionUserId]) VALUES (1, N'4ffd70b7-ba4f-4276-86df-85a95adbbd2f', 1, 1, NULL, NULL, NULL)
INSERT INTO [ERPSettings].[ComponentByRole] ( [IdRole], [IdComponent], [IsActive], [IsVisible], [ReadFunction], [WriteFunction], [TransactionUserId]) VALUES (1, N'72be3534-35d1-4a9d-9b9e-1a851a5bd4df', 1, 1, NULL, NULL, NULL)
INSERT INTO [ERPSettings].[ComponentByRole] ( [IdRole], [IdComponent], [IsActive], [IsVisible], [ReadFunction], [WriteFunction], [TransactionUserId]) VALUES (1, N'7bb3cc3b-9c42-4a60-ae04-b26ad6a91436', 1, 1, NULL, NULL, NULL)
INSERT INTO [ERPSettings].[ComponentByRole] ( [IdRole], [IdComponent], [IsActive], [IsVisible], [ReadFunction], [WriteFunction], [TransactionUserId]) VALUES (1, N'f61b31e6-902a-4a74-958e-6322db51cbd9', 1, 1, NULL, NULL, NULL)
INSERT INTO [ERPSettings].[ComponentByRole] ( [IdRole], [IdComponent], [IsActive], [IsVisible], [ReadFunction], [WriteFunction], [TransactionUserId]) VALUES (1, N'ca1e52f7-f3d5-4e22-a0d0-f38c08377e4d', 1, 1, NULL, NULL, NULL)
INSERT INTO [ERPSettings].[ComponentByRole] ( [IdRole], [IdComponent], [IsActive], [IsVisible], [ReadFunction], [WriteFunction], [TransactionUserId]) VALUES (1, N'f8512d08-31f4-46b5-ac46-bf86d2d98a5f', 1, 1, NULL, NULL, NULL)
INSERT INTO [ERPSettings].[ComponentByRole] ( [IdRole], [IdComponent], [IsActive], [IsVisible], [ReadFunction], [WriteFunction], [TransactionUserId]) VALUES (1, N'3499f160-1644-4dba-aa7c-416ccebcf12c', 1, 1, NULL, NULL, NULL)
INSERT INTO [ERPSettings].[ComponentByRole] ( [IdRole], [IdComponent], [IsActive], [IsVisible], [ReadFunction], [WriteFunction], [TransactionUserId]) VALUES (1, N'8c7082d9-bb84-48cf-96cc-1d790ae95030', 1, 1, NULL, NULL, NULL)
INSERT INTO [ERPSettings].[ComponentByRole] ( [IdRole], [IdComponent], [IsActive], [IsVisible], [ReadFunction], [WriteFunction], [TransactionUserId]) VALUES (1, N'6ec179de-b0eb-401c-9e8a-45aa3a6fbcc0', 1, 1, NULL, NULL, NULL)
INSERT INTO [ERPSettings].[ComponentByRole] ( [IdRole], [IdComponent], [IsActive], [IsVisible], [ReadFunction], [WriteFunction], [TransactionUserId]) VALUES (1, N'c4396279-6214-4d7a-8c1a-817710f550a7', 1, 1, NULL, NULL, NULL)
INSERT INTO [ERPSettings].[ComponentByRole] ( [IdRole], [IdComponent], [IsActive], [IsVisible], [ReadFunction], [WriteFunction], [TransactionUserId]) VALUES (1, N'1e3d3c38-414e-451c-80c4-be3820b2c165', 1, 1, NULL, NULL, NULL)

INSERT INTO [ERPSettings].[ButtonComponent] ([IdComponent], [ng_model], [ng_click], [type], [ButtonType], [IdServiceParameter], [ngDisabled]) VALUES (N'0e546098-5427-4342-ba18-b8e3bc2738b2', N'', N'bController.baseService.actionService.save(''0e546098-5427-4342-ba18-b8e3bc2738b2'')', N'submit', 0, N'70b217e7-a81a-4c6b-a5ed-823dbfaa34fb', N'bController.baseService.initService.disabledUpdateButton')
INSERT INTO [ERPSettings].[ButtonComponent] ([IdComponent], [ng_model], [ng_click], [type], [ButtonType], [IdServiceParameter], [ngDisabled]) VALUES (N'7930cb5d-9d5f-4ebe-bf29-c385717da27a', N'', N'bController.baseService.actionService.redirectionService.redirectTo(''/payroll/contract/list'')', N'submit', 0, NULL, NULL)
ALTER TABLE [ERPSettings].[FunctionnalityModule]
    ADD CONSTRAINT [FK_FunctionnalityModule_Functionality] FOREIGN KEY ([IdFunctionnality]) REFERENCES [ERPSettings].[Functionality] ([IdFunctionality])
ALTER TABLE [ERPSettings].[FunctionnalityModule]
    ADD CONSTRAINT [FK_FunctionnalityModule_Module] FOREIGN KEY ([IdModule]) REFERENCES [ERPSettings].[Module] ([IdModule])
ALTER TABLE [ERPSettings].[ColumnMenuComponent]
    ADD CONSTRAINT [FK_ComponentColumnMenu] FOREIGN KEY ([IdComponent]) REFERENCES [ERPSettings].[Component] ([IdComponent])
ALTER TABLE [ERPSettings].[ButtonComponent]
    ADD CONSTRAINT [FK_ButtonComponent_Component] FOREIGN KEY ([IdComponent]) REFERENCES [ERPSettings].[Component] ([IdComponent])
ALTER TABLE [ERPSettings].[ButtonComponent]
    ADD CONSTRAINT [FK_ButtonComponent_ServiceParameters] FOREIGN KEY ([IdServiceParameter]) REFERENCES [ERPSettings].[ServiceParameters] ([IdServiceParameters])
ALTER TABLE [ERPSettings].[ToolBarItem]
    ADD CONSTRAINT [FK_ToolBarItemToolBarOptions] FOREIGN KEY ([IdToolBarOptions]) REFERENCES [ERPSettings].[ToolBarOptions] ([IdToolBarOptions])
ALTER TABLE [ERPSettings].[ToolBarOptions]
    ADD CONSTRAINT [FK_ToolBarOptionsToolbarComponent] FOREIGN KEY ([IdToolBarOptions]) REFERENCES [ERPSettings].[ToolBarComponent] ([IdComponent])
ALTER TABLE [ERPSettings].[CheckBoxComponentDetails]
    ADD CONSTRAINT [FK_CheckBoxDetailsComponent_Component] FOREIGN KEY ([IdComponent]) REFERENCES [ERPSettings].[Component] ([IdComponent])
ALTER TABLE [ERPSettings].[ToolBarComponent]
    ADD CONSTRAINT [FK_ComponentToolbarComponent] FOREIGN KEY ([IdComponent]) REFERENCES [ERPSettings].[Component] ([IdComponent])
ALTER TABLE [ERPSettings].[RadioButtonComponentDetails]
    ADD CONSTRAINT [FK_RadioButtonComponentDetails_Component] FOREIGN KEY ([IdComponent]) REFERENCES [ERPSettings].[Component] ([IdComponent])
ALTER TABLE [ERPSettings].[MsgNotification]
    ADD CONSTRAINT [FK_MsgNotification_Message] FOREIGN KEY ([IdMsg]) REFERENCES [ERPSettings].[Message] ([Id])
ALTER TABLE [ERPSettings].[PopupComponent]
    ADD CONSTRAINT [FK_PopupComponent_Component] FOREIGN KEY ([IdComponent]) REFERENCES [ERPSettings].[Component] ([IdComponent])
ALTER TABLE [ERPSettings].[ComponentByRole]
    ADD CONSTRAINT [FK_ComponentByRole_Component] FOREIGN KEY ([IdComponent]) REFERENCES [ERPSettings].[Component] ([IdComponent])
ALTER TABLE [ERPSettings].[ComponentByRole]
    ADD CONSTRAINT [FK_ComponentByRole_Role] FOREIGN KEY ([IdRole]) REFERENCES [ERPSettings].[Role] ([Id]) ON DELETE CASCADE
ALTER TABLE [ERPSettings].[GridColumnComponent]
    ADD CONSTRAINT [FK_GridColumnComponent_Component] FOREIGN KEY ([IdComponent]) REFERENCES [ERPSettings].[Component] ([IdComponent])
ALTER TABLE [ERPSettings].[DropDownListOptions]
    ADD CONSTRAINT [FK_DropDownListOptions_DropDownListComponent] FOREIGN KEY ([IdDropDownListOptions]) REFERENCES [ERPSettings].[DropDownListComponent] ([IdComponent])
ALTER TABLE [ERPSettings].[Entity]
    ADD CONSTRAINT [FK_Entity_Entity] FOREIGN KEY ([IdRelatedEntity]) REFERENCES [ERPSettings].[Entity] ([Id])
ALTER TABLE [ERPSettings].[FieldSetComponent]
    ADD CONSTRAINT [FK_FieldSetComponent_Component] FOREIGN KEY ([IdComponent]) REFERENCES [ERPSettings].[Component] ([IdComponent])
ALTER TABLE [ERPSettings].[DropDownListComponent]
    ADD CONSTRAINT [FK_DropDownListComponent_Component] FOREIGN KEY ([IdComponent]) REFERENCES [ERPSettings].[Component] ([IdComponent])
ALTER TABLE [ERPSettings].[Message]
    ADD CONSTRAINT [FK_Information_Message] FOREIGN KEY ([IdInformation]) REFERENCES [ERPSettings].[Information] ([IdInfo])
ALTER TABLE [ERPSettings].[Relation]
    ADD CONSTRAINT [FK_Relation_PredicateFormat] FOREIGN KEY ([IdPredicateFormat]) REFERENCES [ERPSettings].[PredicateFormat] ([IdPredicateFormat])
ALTER TABLE [ERPSettings].[GridDataSource]
    ADD CONSTRAINT [FK_GridDataSource_GridOptions] FOREIGN KEY ([IdGridOptions]) REFERENCES [ERPSettings].[GridOptions] ([IdGridOptions])
ALTER TABLE [ERPSettings].[GridDataSource]
    ADD CONSTRAINT [FK_GridDataSource_ServiceParameters] FOREIGN KEY ([IdServiceParameters]) REFERENCES [ERPSettings].[ServiceParameters] ([IdServiceParameters])
ALTER TABLE [ERPSettings].[ComboBoxComponent]
    ADD CONSTRAINT [FK_ComboboxComponent_Component] FOREIGN KEY ([IdComponent]) REFERENCES [ERPSettings].[Component] ([IdComponent])
ALTER TABLE [ERPSettings].[OrderBy]
    ADD CONSTRAINT [FK_OrderBy_PredicateFormat] FOREIGN KEY ([IdPredicateFormat]) REFERENCES [ERPSettings].[PredicateFormat] ([IdPredicateFormat])
ALTER TABLE [ERPSettings].[RadioButtonComponent]
    ADD CONSTRAINT [FK_RadioButtonComponent_Component] FOREIGN KEY ([IdComponent]) REFERENCES [ERPSettings].[Component] ([IdComponent])
ALTER TABLE [ERPSettings].[DialogComponent]
    ADD CONSTRAINT [FK_DialogComponent_Component] FOREIGN KEY ([IdComponent]) REFERENCES [ERPSettings].[Component] ([IdComponent])
ALTER TABLE [ERPSettings].[InputDatePickerOptions]
    ADD CONSTRAINT [FK_InputDatePickerOptions_InputComponent] FOREIGN KEY ([IdDatePickerOptions]) REFERENCES [ERPSettings].[InputComponent] ([IdComponent])
ALTER TABLE [ERPSettings].[BarCodeComponent]
    ADD CONSTRAINT [FK_BarCodeComponent_Component] FOREIGN KEY ([IdComponent]) REFERENCES [ERPSettings].[Component] ([IdComponent])
ALTER TABLE [ERPSettings].[BarCodeComponent]
    ADD CONSTRAINT [FK_BarCodeComponent_InputComponent] FOREIGN KEY ([IdInputComponent]) REFERENCES [ERPSettings].[InputComponent] ([IdComponent])
ALTER TABLE [ERPSettings].[InputComponent]
    ADD CONSTRAINT [FK_InputComponent_Component] FOREIGN KEY ([IdComponent]) REFERENCES [ERPSettings].[Component] ([IdComponent])
ALTER TABLE [ERPSettings].[QrCodeComponent]
    ADD CONSTRAINT [FK_QrCodeComponent_Component] FOREIGN KEY ([IdComponent]) REFERENCES [ERPSettings].[Component] ([IdComponent])
ALTER TABLE [ERPSettings].[QrCodeComponent]
    ADD CONSTRAINT [FK_QrCodeComponent_InputComponent] FOREIGN KEY ([IdInputComponent]) REFERENCES [ERPSettings].[InputComponent] ([IdComponent])
ALTER TABLE [ERPSettings].[ReportParameters]
    ADD CONSTRAINT [FK_ReportViewerParameters_ReportViewerComponent] FOREIGN KEY ([IdComponent]) REFERENCES [ERPSettings].[ReportComponent] ([IdComponent])
ALTER TABLE [ERPSettings].[ReportComponent]
    ADD CONSTRAINT [FK_ReportViewerComponent_Component] FOREIGN KEY ([IdComponent]) REFERENCES [ERPSettings].[Component] ([IdComponent])
ALTER TABLE [ERPSettings].[DropDownListDataSource]
    ADD CONSTRAINT [FK_DropDownListDataSource_DropDownListOptions] FOREIGN KEY ([IdDropDownListOptions]) REFERENCES [ERPSettings].[DropDownListOptions] ([IdDropDownListOptions])
ALTER TABLE [ERPSettings].[DropDownListDataSource]
    ADD CONSTRAINT [FK_DropDownListDataSource_ServiceParameters] FOREIGN KEY ([IdServiceParameters]) REFERENCES [ERPSettings].[ServiceParameters] ([IdServiceParameters])
ALTER TABLE [ERPSettings].[GridOptions]
    ADD CONSTRAINT [FK_GridOptions_GridComponent] FOREIGN KEY ([IdGridOptions]) REFERENCES [ERPSettings].[GridComponent] ([IdComponent])
ALTER TABLE [ERPSettings].[ComboBoxDataSourceItems]
    ADD CONSTRAINT [FK_ComboBoxDataSourceItems_ComboBoxDataSource] FOREIGN KEY ([IdComboBoxDataSource]) REFERENCES [ERPSettings].[ComboBoxDataSource] ([IdComponent])
ALTER TABLE [ERPSettings].[CheckBoxComponent]
    ADD CONSTRAINT [FK_CheckBoxComponent_Component] FOREIGN KEY ([IdComponent]) REFERENCES [ERPSettings].[Component] ([IdComponent])
ALTER TABLE [ERPSettings].[LabelComponent]
    ADD CONSTRAINT [FK_LabelComponent_Component] FOREIGN KEY ([IdComponent]) REFERENCES [ERPSettings].[Component] ([IdComponent])
ALTER TABLE [ERPSettings].[FormComponent]
    ADD CONSTRAINT [FK_FormComponent_Component] FOREIGN KEY ([IdComponent]) REFERENCES [ERPSettings].[Component] ([IdComponent])
ALTER TABLE [ERPSettings].[FormComponent]
    ADD CONSTRAINT [FK_FormComponent_ServiceParameters] FOREIGN KEY ([IdServiceParameter]) REFERENCES [ERPSettings].[ServiceParameters] ([IdServiceParameters])
ALTER TABLE [ERPSettings].[FunctionalityByRole]
    ADD CONSTRAINT [FK_FunctionalityRole_Role] FOREIGN KEY ([IdRole]) REFERENCES [ERPSettings].[Role] ([Id]) ON DELETE CASCADE
ALTER TABLE [ERPSettings].[FunctionalityByRole]
    ADD CONSTRAINT [FK_FunctionalityRole_Functionality] FOREIGN KEY ([IdFunctionality]) REFERENCES [ERPSettings].[Functionality] ([IdFunctionality])
ALTER TABLE [ERPSettings].[Functionality]
    ADD CONSTRAINT [FK_Functionality_RequestType] FOREIGN KEY ([IdRequestType]) REFERENCES [ERPSettings].[RequestType] ([Id])
ALTER TABLE [ERPSettings].[GridButtonComponent]
    ADD CONSTRAINT [FK_GridButtonComponent_ServiceParameters] FOREIGN KEY ([IdServiceParameter]) REFERENCES [ERPSettings].[ServiceParameters] ([IdServiceParameters])
ALTER TABLE [ERPSettings].[GridButtonComponent]
    ADD CONSTRAINT [FK_GridButtonComponent_Component] FOREIGN KEY ([IdComponent]) REFERENCES [ERPSettings].[Component] ([IdComponent])
ALTER TABLE [ERPSettings].[ServiceParameters]
    ADD CONSTRAINT [FK_ServiceParameters_PredicateFormat] FOREIGN KEY ([IdPredicateFormat]) REFERENCES [ERPSettings].[PredicateFormat] ([IdPredicateFormat])
ALTER TABLE [ERPSettings].[ComboBoxDataSource]
    ADD CONSTRAINT [FK_ComboBoxDataSource_ComboBoxOptions] FOREIGN KEY ([IdComponent]) REFERENCES [ERPSettings].[ComboBoxOptions] ([IdComponent])
ALTER TABLE [ERPSettings].[ComboBoxDataSource]
    ADD CONSTRAINT [FK_ComboBoxDataSource_ServiceParameters] FOREIGN KEY ([IdServiceParameters]) REFERENCES [ERPSettings].[ServiceParameters] ([IdServiceParameters])
ALTER TABLE [ERPSettings].[ComboBoxOptions]
    ADD CONSTRAINT [FK_ComboBoxOptions_ComboBoxComponent] FOREIGN KEY ([IdComponent]) REFERENCES [ERPSettings].[ComboBoxComponent] ([IdComponent])
ALTER TABLE [ERPSettings].[GridComponent]
    ADD CONSTRAINT [FK_GridComponent_Component] FOREIGN KEY ([IdComponent]) REFERENCES [ERPSettings].[Component] ([IdComponent])
ALTER TABLE [ERPSettings].[ModuleByRole]
    ADD CONSTRAINT [FK_ModuleByRole_Module] FOREIGN KEY ([IdModule]) REFERENCES [ERPSettings].[Module] ([IdModule])
ALTER TABLE [ERPSettings].[ModuleByRole]
    ADD CONSTRAINT [FK_ModuleByRole_Role] FOREIGN KEY ([IdRole]) REFERENCES [ERPSettings].[Role] ([Id]) ON DELETE CASCADE
ALTER TABLE [ERPSettings].[Module]
    ADD CONSTRAINT [FK_Module_Module] FOREIGN KEY ([IdModuleParent]) REFERENCES [ERPSettings].[Module] ([IdModule])
ALTER TABLE [ERPSettings].[ImageComponent]
    ADD CONSTRAINT [FK_ImageComponent_Component] FOREIGN KEY ([IdComponent]) REFERENCES [ERPSettings].[Component] ([IdComponent])
ALTER TABLE [ERPSettings].[Component]
    ADD CONSTRAINT [FK_Component_Component1] FOREIGN KEY ([IdComponentChangedBy]) REFERENCES [ERPSettings].[Component] ([IdComponent])
ALTER TABLE [ERPSettings].[Component]
    ADD CONSTRAINT [FK_Component_Functionality] FOREIGN KEY ([IdFunctionality]) REFERENCES [ERPSettings].[Functionality] ([IdFunctionality])
ALTER TABLE [ERPSettings].[Component]
    ADD CONSTRAINT [FK_Component_Component] FOREIGN KEY ([IdComponentParent]) REFERENCES [ERPSettings].[Component] ([IdComponent])
ALTER TABLE [ERPSettings].[Filter]
    ADD CONSTRAINT [FK_Filter_PredicateFormat] FOREIGN KEY ([IdPredicateFormat]) REFERENCES [ERPSettings].[PredicateFormat] ([IdPredicateFormat])
COMMIT TRANSACTION


---Fatma: Buttons Style---
BEGIN TRANSACTION
ALTER TABLE [ERPSettings].[Component] DROP CONSTRAINT [FK_Component_Component]
DELETE FROM [ERPSettings].[ComponentByRole] WHERE [IdComponent]=N'e8b15909-75df-45b3-b981-f0deffe5f5a9'
DELETE FROM [ERPSettings].[Component] WHERE [IdComponent]=N'e8b15909-75df-45b3-b981-f0deffe5f5a9'
UPDATE [ERPSettings].[Component] SET [class]=N'col-lg-12 col-md-12 col-sm-12' WHERE [IdComponent]=N'03e72f12-feb1-46ca-a921-cf62e1cf6500'
UPDATE [ERPSettings].[Component] SET [style]=N'background-color: transparent;border: none;color: #126a70;' WHERE [IdComponent]=N'0495e55d-b98b-499a-99ef-ea95d636912e'
UPDATE [ERPSettings].[Component] SET [style]=N'background-color: transparent;border: none;color: #126a70;' WHERE [IdComponent]=N'052cf5d5-baa0-4e9b-ada0-714c8803b32b'
UPDATE [ERPSettings].[Component] SET [style]=N'background-color: transparent;border: none;color: #43425d;' WHERE [IdComponent]=N'05434e3d-4668-4b2e-9063-70d605cdd4a4'
UPDATE [ERPSettings].[Component] SET [class]=N'col-lg-12 col-md-12 col-sm-12' WHERE [IdComponent]=N'05fe783a-6a4f-4dff-a8fc-93225caff001'
UPDATE [ERPSettings].[Component] SET [style]=N'background-color: transparent;border: none;color: #126a70;' WHERE [IdComponent]=N'0861c93a-beb6-4da3-b8fa-22aff64b5dc1'
UPDATE [ERPSettings].[Component] SET [rank]=1, [IdComponentParent]=N'5aa15914-8d8a-4204-bd40-5d603aad2d58', [style]=N'background-color: transparent;border: none;color: #126a70;' WHERE [IdComponent]=N'0ade92f3-740c-49d2-a763-0298bc25f272'
UPDATE [ERPSettings].[Component] SET [style]=N'background-color: transparent;border: none;color: #126a70;' WHERE [IdComponent]=N'0c11bb7d-9ff8-4f62-afc6-5445d5f0e504'
UPDATE [ERPSettings].[Component] SET [style]=N'margin-top: 50px;background-color: transparent;border: none;color: #126a70;' WHERE [IdComponent]=N'0f0f1f55-862f-4c19-84ba-fe02c7dbefa7'
UPDATE [ERPSettings].[Component] SET [style]=N'background-color: transparent;border: none;color: #126a70;' WHERE [IdComponent]=N'116d747c-7541-4ef9-939d-98b4f2ab4309'
UPDATE [ERPSettings].[Component] SET [class]=N'col-lg-12 col-md-12 col-sm-12' WHERE [IdComponent]=N'12dbefd2-8621-4885-94fe-2f23d35461bc'
UPDATE [ERPSettings].[Component] SET [style]=N'background-color: transparent;border: none;color: #126a70;' WHERE [IdComponent]=N'14455812-8b33-486a-84ae-2b05440fb5bd'
UPDATE [ERPSettings].[Component] SET [rank]=1, [IdComponentParent]=N'72533cf8-3ea4-48e1-87d6-0e731dc71725', [style]=N'background-color: transparent;border: none;color: #126a70;' WHERE [IdComponent]=N'1b0c39e5-135e-40b5-8105-ba7fa3dae1a5'
UPDATE [ERPSettings].[Component] SET [style]=N'margin-top: 50px;background-color: transparent;border: none;color: #126a70;' WHERE [IdComponent]=N'1c81d3c5-ba9c-48c8-8e5b-d40fc47e1923'
UPDATE [ERPSettings].[Component] SET [style]=N'margin-top: 50px;background-color: transparent;border: none;color: #126a70;' WHERE [IdComponent]=N'1c9112b1-f6ce-4849-b7e1-6033881ffdfd'
UPDATE [ERPSettings].[Component] SET [rank]=1, [IdComponentParent]=N'c3143814-f737-433c-88b3-4df3e878cfdf', [class]=N'' WHERE [IdComponent]=N'1fce162f-e1d1-4bd4-a190-11f69901d2b6'
UPDATE [ERPSettings].[Component] SET [IdComponentParent]=N'a3f74347-8f2a-4276-a9c7-55b76e263c31', [style]=N'background-color: transparent;border: none;color: #43425d;' WHERE [IdComponent]=N'21046ea7-a0b8-4837-a725-b9e3e9d9fa95'
UPDATE [ERPSettings].[Component] SET [style]=N'background-color: transparent;border: none;color: #43425d;' WHERE [IdComponent]=N'2e0a75d0-bea0-424e-80e9-aa0034356eee'
UPDATE [ERPSettings].[Component] SET [rank]=1, [IdComponentParent]=N'0785b9f4-b262-468e-bb56-500a58a1106d', [class]=N'' WHERE [IdComponent]=N'365af0f9-71d7-466b-979c-ccd8207f9607'
UPDATE [ERPSettings].[Component] SET [class]=N'col-lg-12 col-md-12 col-sm-12' WHERE [IdComponent]=N'37d1d37e-c01f-4efa-a235-1c10b40a9aed'
UPDATE [ERPSettings].[Component] SET [style]=N'background-color: transparent;border: none;color: #126a70;' WHERE [IdComponent]=N'395569af-adad-45fe-a6ea-7397328d18cd'
UPDATE [ERPSettings].[Component] SET [class]=N'col-lg-12 col-md-12 col-sm-12' WHERE [IdComponent]=N'3c77bfb0-cb70-41db-a98e-03188d2b9ef4'
UPDATE [ERPSettings].[Component] SET [class]=N'container-fluid' WHERE [IdComponent]=N'410b3aae-f224-4e95-a45a-63c7e3fde487'
UPDATE [ERPSettings].[Component] SET [style]=N'background-color: transparent;border: none;color: #126a70;' WHERE [IdComponent]=N'4f2ff65f-d0dd-49f8-87f6-8f9c90d03cab'
UPDATE [ERPSettings].[Component] SET [style]=N'background-color: transparent;border: none;color: #126a70;' WHERE [IdComponent]=N'4fcf4860-f48e-493a-a48b-c6d0d38cee6f'
UPDATE [ERPSettings].[Component] SET [rank]=1, [IdComponentParent]=N'e6faf50a-4037-4bb0-b78d-bbabcc174613', [class]=N'', [style]=N'' WHERE [IdComponent]=N'50bf8663-b79a-4140-99ce-5392df336924'
UPDATE [ERPSettings].[Component] SET [style]=N'background-color: transparent;border: none;color: #126a70;' WHERE [IdComponent]=N'5261401d-cc62-4a74-ab2f-3d1e6262afc2'
UPDATE [ERPSettings].[Component] SET [style]=N'background-color: transparent;border: none;color: #43425d;' WHERE [IdComponent]=N'5350bc3d-cbc2-461d-a698-7d37cdcc823c'
UPDATE [ERPSettings].[Component] SET [style]=N'margin-top: 50px;background-color: transparent;border: none;color: #126a70;' WHERE [IdComponent]=N'58c062b7-9516-45bf-a529-1415afef8550'
UPDATE [ERPSettings].[Component] SET [class]=N'container-fluid' WHERE [IdComponent]=N'5ba29b2f-d969-4c59-8a94-389e58f38869'
UPDATE [ERPSettings].[Component] SET [style]=N'background-color: transparent;border: none;color: #126a70;' WHERE [IdComponent]=N'5d7034d7-d316-476e-bdb4-c619ef92b769'
UPDATE [ERPSettings].[Component] SET [rank]=1, [IdComponentParent]=N'fa5e456f-9fb8-407e-8a8e-0028e8ac775e', [style]=N'background-color: transparent;border: none;color: #126a70;' WHERE [IdComponent]=N'603a366a-3de5-465f-96dc-fc12ac1a4d4f'
UPDATE [ERPSettings].[Component] SET [style]=N'background-color: transparent;border: none;color: #43425d;' WHERE [IdComponent]=N'60ba300d-f5b5-423c-a8c5-a3ce5938654d'
UPDATE [ERPSettings].[Component] SET [style]=N'float:right;background-color: transparent;border: none;color: #126a70;' WHERE [IdComponent]=N'635993ad-34b6-4ece-ad35-ded0d0113c1c'
UPDATE [ERPSettings].[Component] SET [rank]=1, [IdComponentParent]=N'b41e0876-ad96-490d-a1ed-d430fc3f0153', [class]=N'btn-group', [style]=N'float:right;' WHERE [IdComponent]=N'672d9a59-cfe9-46dd-ac54-2e72a490f053'
UPDATE [ERPSettings].[Component] SET [style]=N'background-color: transparent;border: none;color: #126a70;' WHERE [IdComponent]=N'68a7affe-4269-4bd9-8020-c8a109924743'
UPDATE [ERPSettings].[Component] SET [style]=N'background-color: transparent;border: none;color: #126a70;' WHERE [IdComponent]=N'6a995eba-1c38-4c4c-b9c1-2db0939dd75b'
UPDATE [ERPSettings].[Component] SET [style]=N'background-color: transparent;border: none;color: #43425d;' WHERE [IdComponent]=N'6d1a5361-f1bf-4bc0-a65b-d50a74be50b9'
UPDATE [ERPSettings].[Component] SET [style]=N'margin-top: 5%;background-color: transparent;border: none;color: #126a70;' WHERE [IdComponent]=N'6dd4cd2e-ebe6-4ce2-9943-c3518373cc66'
UPDATE [ERPSettings].[Component] SET [style]=N'background-color: transparent;border: none;color: #126a70;' WHERE [IdComponent]=N'7530acfb-7793-4cc5-969e-37d4b9e08621'
UPDATE [ERPSettings].[Component] SET [style]=N'background-color: transparent;border: none;color: #43425d;' WHERE [IdComponent]=N'75c1187a-5237-4305-815d-60a8f670cb6d'
UPDATE [ERPSettings].[Component] SET [rank]=2 WHERE [IdComponent]=N'7f419e29-5ffd-4405-ab23-ad55ecc4bbba'
UPDATE [ERPSettings].[Component] SET [style]=N'background-color: transparent;border: none;color: #126a70;' WHERE [IdComponent]=N'903c9f56-aa09-4aa8-bbb2-a052ee38b98d'
UPDATE [ERPSettings].[Component] SET [style]=N'' WHERE [IdComponent]=N'93203bde-a1fd-43bb-aa76-cf26c6d40bc0'
UPDATE [ERPSettings].[Component] SET [style]=N'background-color: transparent;border: none;color: #126a70;' WHERE [IdComponent]=N'95b91808-1b0b-4a2e-9dda-f4591683cdef'
UPDATE [ERPSettings].[Component] SET [classDiv]=N'form-group col-lg-12 col-md-12 col-sm-12', [style]=N'background-color: transparent;border: none;color: #126a70;' WHERE [IdComponent]=N'96480d7c-5baf-44e8-8133-c4f19a422e35'
UPDATE [ERPSettings].[Component] SET [IdComponentParent]=N'd121aa5a-ea93-405f-a2b5-b36e62e06da2', [class]=N'' WHERE [IdComponent]=N'98d2329e-7c55-48b2-9a15-3b78d6d6a3c0'
UPDATE [ERPSettings].[Component] SET [style]=N'margin-top: 50px;background-color: transparent;border: none;color: #126a70;' WHERE [IdComponent]=N'9bb18e85-4bdd-4b23-97e5-c6b27a9408b6'
UPDATE [ERPSettings].[Component] SET [rank]=2 WHERE [IdComponent]=N'9c25a292-707e-42d1-abd1-ab13b59dc401'
UPDATE [ERPSettings].[Component] SET [style]=N'background-color: transparent;border: none;color: #126a70;' WHERE [IdComponent]=N'a0601cb5-10b7-4c0b-95c3-1ffc61cc3ccc'
UPDATE [ERPSettings].[Component] SET [rank]=1, [IdComponentParent]=N'daf7b753-ec0d-463d-bdb8-c26d9017070a', [style]=N'background-color: transparent;border: none;color:#126a70;' WHERE [IdComponent]=N'a1067456-7fb2-459d-8839-8aa2898ae713'
UPDATE [ERPSettings].[Component] SET [style]=N'background-color: transparent;border: none;color: #43425d;' WHERE [IdComponent]=N'a1732ade-0660-4ce1-8472-18a6cfc1d277'
UPDATE [ERPSettings].[Component] SET [style]=N'background-color: transparent;border: none;color: #43425d;' WHERE [IdComponent]=N'a361dbde-98f8-491f-a4d5-452acc6597b6'
UPDATE [ERPSettings].[Component] SET [style]=N'background-color: transparent;border: none;color: #126a70;' WHERE [IdComponent]=N'a746f8fc-82f4-4a55-90f5-077d339f866d'
UPDATE [ERPSettings].[Component] SET [style]=N'background-color: transparent;border: none;color: #126a70;' WHERE [IdComponent]=N'b41f4973-9f5a-4fec-bf2b-386393d0eddf'
UPDATE [ERPSettings].[Component] SET [style]=N'background-color: transparent;border: none;color:#126a70;' WHERE [IdComponent]=N'bbf37349-661a-4ebf-aa72-e47753e084f0'
UPDATE [ERPSettings].[Component] SET [style]=N'background-color: transparent;border: none;color: #126a70;' WHERE [IdComponent]=N'bd43903d-964a-4857-8bb7-f9e741e3b92f'
UPDATE [ERPSettings].[Component] SET [style]=N'background-color: transparent;border: none;color: #43425d;' WHERE [IdComponent]=N'bd449987-0571-419b-80c6-273c4d1c6811'
UPDATE [ERPSettings].[Component] SET [style]=N'background-color: transparent;border: none;color: #43425d;' WHERE [IdComponent]=N'c027aea5-3fc4-4acd-90cd-01a0d8dcc9c1'
UPDATE [ERPSettings].[Component] SET [rank]=1, [IdComponentParent]=N'235c33c2-ca01-40b1-8e18-021553345076', [class]=N'' WHERE [IdComponent]=N'c25eec57-83aa-44b6-8f75-5175e87e7973'
UPDATE [ERPSettings].[Component] SET [style]=N'background-color: transparent;border: none;color: #43425d;' WHERE [IdComponent]=N'ca3b4ef9-0408-43c7-b2a9-044137341e9d'
UPDATE [ERPSettings].[Component] SET [style]=N'background-color: transparent;border: none;color: #126a70;' WHERE [IdComponent]=N'cac76349-1925-456d-a337-16e8836ab848'
UPDATE [ERPSettings].[Component] SET [classDiv]=N'form-group col-lg-12 col-md-12 col-sm-12', [style]=N'float:right;background-color: transparent;border: none;color: #126a70;' WHERE [IdComponent]=N'ccc8e2da-c106-4293-a297-9e3c32d2a266'
UPDATE [ERPSettings].[Component] SET [rank]=1, [IdComponentParent]=N'219e25eb-de2f-46c8-9e8d-8b82f6fb7e45', [class]=N'' WHERE [IdComponent]=N'ceb82cef-1732-4f81-824e-58428bfe65cf'
UPDATE [ERPSettings].[Component] SET [class]=N'col-lg-12 col-md-12 col-sm-12' WHERE [IdComponent]=N'd1c38a79-94d0-4725-a6c2-484565e94c24'
UPDATE [ERPSettings].[Component] SET [style]=N'background-color: transparent;border: none;color: #126a70;' WHERE [IdComponent]=N'da980289-78c5-4546-ba17-5dc708aeecc9'
UPDATE [ERPSettings].[Component] SET [rank]=1, [style]=N'background-color: transparent;border: none;color: #126a70;' WHERE [IdComponent]=N'dd9d806d-d28b-47cd-881d-7a7d335c94a6'
UPDATE [ERPSettings].[Component] SET [rank]=1, [IdComponentParent]=N'599547af-fd92-459c-99c8-fc704be49da2', [style]=N'background-color: transparent;border: none;color: #126a70;' WHERE [IdComponent]=N'e176f2fd-1610-43ce-8728-ad4cbed446da'
UPDATE [ERPSettings].[Component] SET [style]=N'margin-top: 50px;background-color: transparent;border: none;color: #126a70;' WHERE [IdComponent]=N'e1ea6977-e244-4cc5-8036-2a7806d97709'
UPDATE [ERPSettings].[Component] SET [rank]=1, [IdComponentParent]=N'073dab46-c1fc-4e4a-9bef-a7b225ffb277', [class]=N'' WHERE [IdComponent]=N'e3bf52cc-eed0-4971-834b-e5fe0be677fc'
UPDATE [ERPSettings].[Component] SET [style]=N'background-color: transparent;border: none;color: #126a70;' WHERE [IdComponent]=N'e6a28fee-8771-4951-aff3-00cc48af05a6'
UPDATE [ERPSettings].[Component] SET [style]=N'background-color: transparent;border: none;color: #43425d;' WHERE [IdComponent]=N'ea8f6877-f929-4723-ab06-352d74e7b910'
UPDATE [ERPSettings].[Component] SET [class]=N'col-lg-12 col-md-12 col-sm-12' WHERE [IdComponent]=N'eb387f3b-1b8d-4363-bcba-e03ec743dbed'
UPDATE [ERPSettings].[Component] SET [rank]=1, [IdComponentParent]=N'cb8d542d-9237-4910-981f-e767fcdb9eda', [style]=N'background-color: transparent;border: none;color:#126a70;' WHERE [IdComponent]=N'ec2b3d4f-9545-43ce-9622-d303ad8a1423'
UPDATE [ERPSettings].[Component] SET [style]=N'background-color: transparent;border: none;color: #126a70;' WHERE [IdComponent]=N'eeb77723-84d9-4c45-8a2d-cd9298b5a3b6'
UPDATE [ERPSettings].[Component] SET [rank]=1, [IdComponentParent]=N'1ca08867-a6c5-4775-9a1a-009dc1ea2cfe', [style]=N'background-color: transparent;border: none;color: #126a70;' WHERE [IdComponent]=N'f01cd17a-69e5-4b14-9856-8cd57bd973e2'
UPDATE [ERPSettings].[Component] SET [style]=N'background-color: transparent;border: none;color: #43425d;' WHERE [IdComponent]=N'f05eac92-c955-4a7f-aa64-1fbed79fa14b'
UPDATE [ERPSettings].[Component] SET [style]=N'    margin-top: 50px;background-color: transparent;border: none;color: #126a70;' WHERE [IdComponent]=N'f1f39150-3235-4fd0-a2df-f79c6f3c94eb'
UPDATE [ERPSettings].[Component] SET [style]=N'background-color: transparent;border: none;color: #43425d;' WHERE [IdComponent]=N'f34528f9-c7b7-4dc9-a116-e3c4196fabb3'
UPDATE [ERPSettings].[Component] SET [style]=N'background-color: transparent;border: none;color: #126a70;' WHERE [IdComponent]=N'f68bf16d-b510-450f-ab45-5efe4da24918'
UPDATE [ERPSettings].[Component] SET [style]=N'background-color: transparent;border: none;color: #126a70;' WHERE [IdComponent]=N'fbd640ba-9965-45db-9b02-479167221ade'
UPDATE [ERPSettings].[Component] SET [style]=N'background-color: transparent;border: none;color: #126a70;' WHERE [IdComponent]=N'fc2e75d0-19c1-4c93-b8b3-5857ebcf719a'
UPDATE [ERPSettings].[Component] SET [style]=N'background-color: transparent;border: none;color: #43425d;' WHERE [IdComponent]=N'fc81c217-5664-4f04-9958-ee0c3eb83d57'
UPDATE [ERPSettings].[Component] SET [class]=N'' WHERE [IdComponent]=N'1ca08867-a6c5-4775-9a1a-009dc1ea2cfe'
INSERT INTO [ERPSettings].[Component] ([IdComponent], [rank], [ComponentName], [IdComponentType], [IdFunctionality], [IdComponentParent], [FR], [EN], [AR], [DE], [CH], [ES], [IdButton], [classDiv], [classLabel], [class], [IsEncapsulated], [IdComponentChangedBy], [EntityName], [style], [ng_hide], [IsToInitialize], [IdFunctionalityForm], [IsFireChange]) VALUES (N'073dab46-c1fc-4e4a-9bef-a7b225ffb277', 1, N'DIV1', 9, N'16cc4069-dc25-49d7-b272-dcfc28549301', N'34091dcd-5bb4-439c-be92-245679b3e7af', NULL, NULL, NULL, NULL, NULL, NULL, NULL, N'', N'', N'btn-group', 0, NULL, N'Document', N'float:right;', NULL, 1, N'16cc4069-dc25-49d7-b272-dcfc28549301', NULL)
INSERT INTO [ERPSettings].[Component] ([IdComponent], [rank], [ComponentName], [IdComponentType], [IdFunctionality], [IdComponentParent], [FR], [EN], [AR], [DE], [CH], [ES], [IdButton], [classDiv], [classLabel], [class], [IsEncapsulated], [IdComponentChangedBy], [EntityName], [style], [ng_hide], [IsToInitialize], [IdFunctionalityForm], [IsFireChange]) VALUES (N'0785b9f4-b262-468e-bb56-500a58a1106d', 1, N'DIV1', 9, N'cf7c8c64-b8cf-41c0-8bb3-f65ac73c0147', N'03e72f12-feb1-46ca-a921-cf62e1cf6500', NULL, NULL, NULL, NULL, NULL, NULL, NULL, N'', N'', N'btn-group', 0, NULL, N'Document', N'float:right;', NULL, 1, N'cf7c8c64-b8cf-41c0-8bb3-f65ac73c0147', NULL)
INSERT INTO [ERPSettings].[Component] ([IdComponent], [rank], [ComponentName], [IdComponentType], [IdFunctionality], [IdComponentParent], [FR], [EN], [AR], [DE], [CH], [ES], [IdButton], [classDiv], [classLabel], [class], [IsEncapsulated], [IdComponentChangedBy], [EntityName], [style], [ng_hide], [IsToInitialize], [IdFunctionalityForm], [IsFireChange]) VALUES (N'1ca08867-a6c5-4775-9a1a-009dc1ea2cfe', 2, N'DIV2', 9, N'0cca5b44-467a-4807-a0e0-d583c693d776', N'219e25eb-de2f-46c8-9e8d-8b82f6fb7e45', NULL, NULL, NULL, NULL, NULL, NULL, NULL, N'', N'', N'col-lg-12 col-md-12 col-sm-12', 0, NULL, N'Document', NULL, NULL, 1, N'0cca5b44-467a-4807-a0e0-d583c693d776', NULL)
INSERT INTO [ERPSettings].[Component] ([IdComponent], [rank], [ComponentName], [IdComponentType], [IdFunctionality], [IdComponentParent], [FR], [EN], [AR], [DE], [CH], [ES], [IdButton], [classDiv], [classLabel], [class], [IsEncapsulated], [IdComponentChangedBy], [EntityName], [style], [ng_hide], [IsToInitialize], [IdFunctionalityForm], [IsFireChange]) VALUES (N'219e25eb-de2f-46c8-9e8d-8b82f6fb7e45', 1, N'DIV1', 9, N'0cca5b44-467a-4807-a0e0-d583c693d776', N'3c77bfb0-cb70-41db-a98e-03188d2b9ef4', NULL, NULL, NULL, NULL, NULL, NULL, NULL, N'', N'', N'btn-group', 0, NULL, N'Document', N'float:right;', NULL, 1, N'0cca5b44-467a-4807-a0e0-d583c693d776', NULL)
INSERT INTO [ERPSettings].[Component] ([IdComponent], [rank], [ComponentName], [IdComponentType], [IdFunctionality], [IdComponentParent], [FR], [EN], [AR], [DE], [CH], [ES], [IdButton], [classDiv], [classLabel], [class], [IsEncapsulated], [IdComponentChangedBy], [EntityName], [style], [ng_hide], [IsToInitialize], [IdFunctionalityForm], [IsFireChange]) VALUES (N'235c33c2-ca01-40b1-8e18-021553345076', 1, N'DIV1', 9, N'0cee8cd0-1ebf-48fc-a517-ea387ea80b9f', N'eb387f3b-1b8d-4363-bcba-e03ec743dbed', NULL, NULL, NULL, NULL, NULL, NULL, NULL, N'', N'', N'btn-group', 0, NULL, N'DocumentLine', N'float:right;', NULL, 1, N'0cee8cd0-1ebf-48fc-a517-ea387ea80b9f', NULL)
INSERT INTO [ERPSettings].[Component] ([IdComponent], [rank], [ComponentName], [IdComponentType], [IdFunctionality], [IdComponentParent], [FR], [EN], [AR], [DE], [CH], [ES], [IdButton], [classDiv], [classLabel], [class], [IsEncapsulated], [IdComponentChangedBy], [EntityName], [style], [ng_hide], [IsToInitialize], [IdFunctionalityForm], [IsFireChange]) VALUES (N'34091dcd-5bb4-439c-be92-245679b3e7af', 1, N'DIV2', 9, N'16cc4069-dc25-49d7-b272-dcfc28549301', N'b8ece349-fbe9-4ae8-b257-1892238149cc', NULL, NULL, NULL, NULL, NULL, NULL, NULL, N'', N'', N'col-lg-12 col-md-12 col-sm-12', 0, NULL, N'Document', NULL, NULL, 1, N'16cc4069-dc25-49d7-b272-dcfc28549301', NULL)
INSERT INTO [ERPSettings].[Component] ([IdComponent], [rank], [ComponentName], [IdComponentType], [IdFunctionality], [IdComponentParent], [FR], [EN], [AR], [DE], [CH], [ES], [IdButton], [classDiv], [classLabel], [class], [IsEncapsulated], [IdComponentChangedBy], [EntityName], [style], [ng_hide], [IsToInitialize], [IdFunctionalityForm], [IsFireChange]) VALUES (N'599547af-fd92-459c-99c8-fc704be49da2', 2, N'DIV2', 9, N'16cc4069-dc25-49d7-b272-dcfc28549301', N'073dab46-c1fc-4e4a-9bef-a7b225ffb277', NULL, NULL, NULL, NULL, NULL, NULL, NULL, N'', N'', N'', 0, NULL, N'Document', NULL, NULL, 1, N'16cc4069-dc25-49d7-b272-dcfc28549301', NULL)
INSERT INTO [ERPSettings].[Component] ([IdComponent], [rank], [ComponentName], [IdComponentType], [IdFunctionality], [IdComponentParent], [FR], [EN], [AR], [DE], [CH], [ES], [IdButton], [classDiv], [classLabel], [class], [IsEncapsulated], [IdComponentChangedBy], [EntityName], [style], [ng_hide], [IsToInitialize], [IdFunctionalityForm], [IsFireChange]) VALUES (N'5aa15914-8d8a-4204-bd40-5d603aad2d58', 2, N'DIV2', 9, N'cf7c8c64-b8cf-41c0-8bb3-f65ac73c0147', N'0785b9f4-b262-468e-bb56-500a58a1106d', NULL, NULL, NULL, NULL, NULL, NULL, NULL, N'', N'', N'', 0, NULL, N'Document', NULL, NULL, 1, N'cf7c8c64-b8cf-41c0-8bb3-f65ac73c0147', NULL)
INSERT INTO [ERPSettings].[Component] ([IdComponent], [rank], [ComponentName], [IdComponentType], [IdFunctionality], [IdComponentParent], [FR], [EN], [AR], [DE], [CH], [ES], [IdButton], [classDiv], [classLabel], [class], [IsEncapsulated], [IdComponentChangedBy], [EntityName], [style], [ng_hide], [IsToInitialize], [IdFunctionalityForm], [IsFireChange]) VALUES (N'72533cf8-3ea4-48e1-87d6-0e731dc71725', 2, N'DIV2', 9, N'86ef34f3-b62f-4d0a-a673-bfecd5a8730e', N'b41e0876-ad96-490d-a1ed-d430fc3f0153', NULL, NULL, NULL, NULL, NULL, NULL, NULL, N'', N'', N'', 0, NULL, N'Document', NULL, NULL, 1, N'86ef34f3-b62f-4d0a-a673-bfecd5a8730e', NULL)
INSERT INTO [ERPSettings].[Component] ([IdComponent], [rank], [ComponentName], [IdComponentType], [IdFunctionality], [IdComponentParent], [FR], [EN], [AR], [DE], [CH], [ES], [IdButton], [classDiv], [classLabel], [class], [IsEncapsulated], [IdComponentChangedBy], [EntityName], [style], [ng_hide], [IsToInitialize], [IdFunctionalityForm], [IsFireChange]) VALUES (N'a3f74347-8f2a-4276-a9c7-55b76e263c31', 1, N'DIV1', 9, N'1428c6ec-25d9-477d-ab4e-efae61b2377d', N'd121aa5a-ea93-405f-a2b5-b36e62e06da2', NULL, NULL, NULL, NULL, NULL, NULL, NULL, N'', N'', N'', 0, NULL, N'DocumentLine', NULL, NULL, 1, N'1428c6ec-25d9-477d-ab4e-efae61b2377d', NULL)
INSERT INTO [ERPSettings].[Component] ([IdComponent], [rank], [ComponentName], [IdComponentType], [IdFunctionality], [IdComponentParent], [FR], [EN], [AR], [DE], [CH], [ES], [IdButton], [classDiv], [classLabel], [class], [IsEncapsulated], [IdComponentChangedBy], [EntityName], [style], [ng_hide], [IsToInitialize], [IdFunctionalityForm], [IsFireChange]) VALUES (N'b41e0876-ad96-490d-a1ed-d430fc3f0153', 1, N'DIV2', 9, N'86ef34f3-b62f-4d0a-a673-bfecd5a8730e', N'12dbefd2-8621-4885-94fe-2f23d35461bc', NULL, NULL, NULL, NULL, NULL, NULL, NULL, N'', N'', N'btn-group', 0, NULL, N'Document', N'float:right;', NULL, 1, N'86ef34f3-b62f-4d0a-a673-bfecd5a8730e', NULL)
INSERT INTO [ERPSettings].[Component] ([IdComponent], [rank], [ComponentName], [IdComponentType], [IdFunctionality], [IdComponentParent], [FR], [EN], [AR], [DE], [CH], [ES], [IdButton], [classDiv], [classLabel], [class], [IsEncapsulated], [IdComponentChangedBy], [EntityName], [style], [ng_hide], [IsToInitialize], [IdFunctionalityForm], [IsFireChange]) VALUES (N'c3143814-f737-433c-88b3-4df3e878cfdf', 1, N'DIV1', 9, N'c6e0724d-fc34-4235-b0fd-f5098312de8d', N'd1c38a79-94d0-4725-a6c2-484565e94c24', NULL, NULL, NULL, NULL, NULL, NULL, NULL, N'', N'', N'btn-group', 0, NULL, N'Document', N'float:right;', NULL, 1, N'c6e0724d-fc34-4235-b0fd-f5098312de8d', NULL)
INSERT INTO [ERPSettings].[Component] ([IdComponent], [rank], [ComponentName], [IdComponentType], [IdFunctionality], [IdComponentParent], [FR], [EN], [AR], [DE], [CH], [ES], [IdButton], [classDiv], [classLabel], [class], [IsEncapsulated], [IdComponentChangedBy], [EntityName], [style], [ng_hide], [IsToInitialize], [IdFunctionalityForm], [IsFireChange]) VALUES (N'cb8d542d-9237-4910-981f-e767fcdb9eda', 2, N'DIV2', 9, N'0cee8cd0-1ebf-48fc-a517-ea387ea80b9f', N'235c33c2-ca01-40b1-8e18-021553345076', NULL, NULL, NULL, NULL, NULL, NULL, NULL, N'', N'', N'', 0, NULL, N'DocumentLine', NULL, NULL, 1, N'0cee8cd0-1ebf-48fc-a517-ea387ea80b9f', NULL)
INSERT INTO [ERPSettings].[Component] ([IdComponent], [rank], [ComponentName], [IdComponentType], [IdFunctionality], [IdComponentParent], [FR], [EN], [AR], [DE], [CH], [ES], [IdButton], [classDiv], [classLabel], [class], [IsEncapsulated], [IdComponentChangedBy], [EntityName], [style], [ng_hide], [IsToInitialize], [IdFunctionalityForm], [IsFireChange]) VALUES (N'd121aa5a-ea93-405f-a2b5-b36e62e06da2', 1, N'DIV1', 9, N'1428c6ec-25d9-477d-ab4e-efae61b2377d', N'05fe783a-6a4f-4dff-a8fc-93225caff001', NULL, NULL, NULL, NULL, NULL, NULL, NULL, N'', N'', N'btn-group', 0, NULL, N'DocumentLine', N'float:right;', NULL, 1, N'1428c6ec-25d9-477d-ab4e-efae61b2377d', NULL)
INSERT INTO [ERPSettings].[Component] ([IdComponent], [rank], [ComponentName], [IdComponentType], [IdFunctionality], [IdComponentParent], [FR], [EN], [AR], [DE], [CH], [ES], [IdButton], [classDiv], [classLabel], [class], [IsEncapsulated], [IdComponentChangedBy], [EntityName], [style], [ng_hide], [IsToInitialize], [IdFunctionalityForm], [IsFireChange]) VALUES (N'daf7b753-ec0d-463d-bdb8-c26d9017070a', 2, N'DIV2', 9, N'c6e0724d-fc34-4235-b0fd-f5098312de8d', N'c3143814-f737-433c-88b3-4df3e878cfdf', NULL, NULL, NULL, NULL, NULL, NULL, NULL, N'', N'', N'', 0, NULL, N'Document', NULL, NULL, 1, N'c6e0724d-fc34-4235-b0fd-f5098312de8d', NULL)
INSERT INTO [ERPSettings].[Component] ([IdComponent], [rank], [ComponentName], [IdComponentType], [IdFunctionality], [IdComponentParent], [FR], [EN], [AR], [DE], [CH], [ES], [IdButton], [classDiv], [classLabel], [class], [IsEncapsulated], [IdComponentChangedBy], [EntityName], [style], [ng_hide], [IsToInitialize], [IdFunctionalityForm], [IsFireChange]) VALUES (N'e6faf50a-4037-4bb0-b78d-bbabcc174613', 1, N'DIV3', 9, N'2e40ab73-0553-47b0-9eb5-d9eb534e05b1', N'37d1d37e-c01f-4efa-a235-1c10b40a9aed', NULL, NULL, NULL, NULL, NULL, NULL, NULL, N'', N'', N'btn-group', 0, NULL, N'Document', N'float:right;', NULL, 1, N'2e40ab73-0553-47b0-9eb5-d9eb534e05b1', NULL)
INSERT INTO [ERPSettings].[Component] ([IdComponent], [rank], [ComponentName], [IdComponentType], [IdFunctionality], [IdComponentParent], [FR], [EN], [AR], [DE], [CH], [ES], [IdButton], [classDiv], [classLabel], [class], [IsEncapsulated], [IdComponentChangedBy], [EntityName], [style], [ng_hide], [IsToInitialize], [IdFunctionalityForm], [IsFireChange]) VALUES (N'fa5e456f-9fb8-407e-8a8e-0028e8ac775e', 2, N'DIV2', 9, N'2e40ab73-0553-47b0-9eb5-d9eb534e05b1', N'e6faf50a-4037-4bb0-b78d-bbabcc174613', NULL, NULL, NULL, NULL, NULL, NULL, NULL, N'', N'', N'', 0, NULL, N'Document', NULL, NULL, 1, N'2e40ab73-0553-47b0-9eb5-d9eb534e05b1', NULL)
INSERT INTO [ERPSettings].[ComponentByRole] ([IdRole], [IdComponent], [IsActive], [IsVisible], [ReadFunction], [WriteFunction], [TransactionUserId]) VALUES ( 1, N'34091dcd-5bb4-439c-be92-245679b3e7af', 1, 1, NULL, NULL, NULL)
INSERT INTO [ERPSettings].[ComponentByRole] ([IdRole], [IdComponent], [IsActive], [IsVisible], [ReadFunction], [WriteFunction], [TransactionUserId]) VALUES ( 1, N'073dab46-c1fc-4e4a-9bef-a7b225ffb277', 1, 1, NULL, NULL, NULL)
INSERT INTO [ERPSettings].[ComponentByRole] ([IdRole], [IdComponent], [IsActive], [IsVisible], [ReadFunction], [WriteFunction], [TransactionUserId]) VALUES ( 1, N'599547af-fd92-459c-99c8-fc704be49da2', 1, 1, NULL, NULL, NULL)
INSERT INTO [ERPSettings].[ComponentByRole] ([IdRole], [IdComponent], [IsActive], [IsVisible], [ReadFunction], [WriteFunction], [TransactionUserId]) VALUES ( 1, N'0785b9f4-b262-468e-bb56-500a58a1106d', 1, 1, NULL, NULL, NULL)
INSERT INTO [ERPSettings].[ComponentByRole] ([IdRole], [IdComponent], [IsActive], [IsVisible], [ReadFunction], [WriteFunction], [TransactionUserId]) VALUES ( 1, N'5aa15914-8d8a-4204-bd40-5d603aad2d58', 1, 1, NULL, NULL, NULL)
INSERT INTO [ERPSettings].[ComponentByRole] ([IdRole], [IdComponent], [IsActive], [IsVisible], [ReadFunction], [WriteFunction], [TransactionUserId]) VALUES ( 1, N'e6faf50a-4037-4bb0-b78d-bbabcc174613', 1, 1, NULL, NULL, NULL)
INSERT INTO [ERPSettings].[ComponentByRole] ([IdRole], [IdComponent], [IsActive], [IsVisible], [ReadFunction], [WriteFunction], [TransactionUserId]) VALUES ( 1, N'fa5e456f-9fb8-407e-8a8e-0028e8ac775e', 1, 1, NULL, NULL, NULL)
INSERT INTO [ERPSettings].[ComponentByRole] ([IdRole], [IdComponent], [IsActive], [IsVisible], [ReadFunction], [WriteFunction], [TransactionUserId]) VALUES ( 1, N'235c33c2-ca01-40b1-8e18-021553345076', 1, 1, NULL, NULL, NULL)
INSERT INTO [ERPSettings].[ComponentByRole] ([IdRole], [IdComponent], [IsActive], [IsVisible], [ReadFunction], [WriteFunction], [TransactionUserId]) VALUES ( 1, N'cb8d542d-9237-4910-981f-e767fcdb9eda', 1, 1, NULL, NULL, NULL)
INSERT INTO [ERPSettings].[ComponentByRole] ([IdRole], [IdComponent], [IsActive], [IsVisible], [ReadFunction], [WriteFunction], [TransactionUserId]) VALUES ( 1, N'b41e0876-ad96-490d-a1ed-d430fc3f0153', 1, 1, NULL, NULL, NULL)
INSERT INTO [ERPSettings].[ComponentByRole] ([IdRole], [IdComponent], [IsActive], [IsVisible], [ReadFunction], [WriteFunction], [TransactionUserId]) VALUES ( 1, N'72533cf8-3ea4-48e1-87d6-0e731dc71725', 1, 1, NULL, NULL, NULL)
INSERT INTO [ERPSettings].[ComponentByRole] ([IdRole], [IdComponent], [IsActive], [IsVisible], [ReadFunction], [WriteFunction], [TransactionUserId]) VALUES ( 1, N'c3143814-f737-433c-88b3-4df3e878cfdf', 1, 1, NULL, NULL, NULL)
INSERT INTO [ERPSettings].[ComponentByRole] ([IdRole], [IdComponent], [IsActive], [IsVisible], [ReadFunction], [WriteFunction], [TransactionUserId]) VALUES ( 1, N'daf7b753-ec0d-463d-bdb8-c26d9017070a', 1, 1, NULL, NULL, NULL)
INSERT INTO [ERPSettings].[ComponentByRole] ([IdRole], [IdComponent], [IsActive], [IsVisible], [ReadFunction], [WriteFunction], [TransactionUserId]) VALUES ( 1, N'219e25eb-de2f-46c8-9e8d-8b82f6fb7e45', 1, 1, NULL, NULL, NULL)
INSERT INTO [ERPSettings].[ComponentByRole] ([IdRole], [IdComponent], [IsActive], [IsVisible], [ReadFunction], [WriteFunction], [TransactionUserId]) VALUES ( 1, N'1ca08867-a6c5-4775-9a1a-009dc1ea2cfe', 1, 1, NULL, NULL, NULL)
INSERT INTO [ERPSettings].[ComponentByRole] ([IdRole], [IdComponent], [IsActive], [IsVisible], [ReadFunction], [WriteFunction], [TransactionUserId]) VALUES ( 1, N'd121aa5a-ea93-405f-a2b5-b36e62e06da2', 1, 1, NULL, NULL, NULL)
INSERT INTO [ERPSettings].[ComponentByRole] ([IdRole], [IdComponent], [IsActive], [IsVisible], [ReadFunction], [WriteFunction], [TransactionUserId]) VALUES ( 1, N'a3f74347-8f2a-4276-a9c7-55b76e263c31', 1, 1, NULL, NULL, NULL)
ALTER TABLE [ERPSettings].[Component]
    ADD CONSTRAINT [FK_Component_Component] FOREIGN KEY ([IdComponentParent]) REFERENCES [ERPSettings].[Component] ([IdComponent])
COMMIT TRANSACTION

---Fatma :Bug gestion de rfrence/importation documents/ajout dpt --- 
BEGIN TRANSACTION
UPDATE [ERPSettings].[ModuleByRole]  SET [IsActive] = 0 ,[IsVisible] =0 WHERE IdModule='A52BEB65-894C-47F0-BA55-D99E5E17CA2A'
UPDATE [ERPSettings].[FunctionalityByRole] SET  [IsActive] =0 ,[IsVisible] = 0  WHERE IdFunctionality='C183A635-3635-4889-83BE-67F42A89AFA2'
UPDATE [ERPSettings].[FunctionalityByRole] SET  [IsActive] =0 ,[IsVisible] = 0  WHERE IdFunctionality='4BF39A1F-46FC-4CC0-A3BB-88503635386F'
UPDATE [ERPSettings].[GridColumnComponent] SET [template]=N'<input id=id_checkbox''#=Id#'' type=''checkbox'' class=''k-checkbox''  ng-click=''bController.baseService.actionService.selectRow(this)''><label class=''k-checkbox-label'' for=id_checkbox''#=Id#''></label>' WHERE [IdComponent]=N'682677cd-96c6-4e54-9a46-b926b0aa7c78'
UPDATE [ERPSettings].[GridColumnComponent] SET [template]=N'<input id=id_checkbox''#=Id#'' type=''checkbox'' class=''k-checkbox''  ng-click=''bController.baseService.actionService.selectRow(this)''><label class=''k-checkbox-label'' for=id_checkbox''#=Id#''></label>' WHERE [IdComponent]=N'cf83ffc3-b297-4ef2-92a6-a8f4e0d62684'
UPDATE [ERPSettings].[Component] SET [classDiv]=N'form-group col-lg-3 col-md-6 col-sm-12' WHERE [IdComponent]=N'38d2d1a8-7693-46bc-a1f2-2a72d723fb45'
UPDATE [ERPSettings].[Component] SET [classDiv]=N'form-group col-lg-3 col-md-6 col-sm-12' WHERE [IdComponent]=N'50e6cba3-a885-4ce9-81e2-8c6f4b906736'
UPDATE [ERPSettings].[Component] SET [classDiv]=N'form-group col-lg-3 col-md-6 col-sm-12', [style]=N'height: 100px;  width : 70%;' WHERE [IdComponent]=N'5c97341b-1dc8-40bd-8bf7-9b51633857e7'
UPDATE [ERPSettings].[Component] SET [classDiv]=N'form-group col-lg-3 col-md-6 col-sm-12' WHERE [IdComponent]=N'682ac1b2-5462-4087-898d-152d069071af'
UPDATE [ERPSettings].[Component] SET [classDiv]=N'form-group col-lg-3 col-md-6 col-sm-12' WHERE [IdComponent]=N'768e770c-5759-4e4e-b8f0-247abe331ec1'
UPDATE [ERPSettings].[Component] SET [classDiv]=N'form-group col-lg-3 col-md-6 col-sm-12', [style]=N'height: 100px;  width : 70%;' WHERE [IdComponent]=N'7d26b15d-1d20-4e3b-a979-0c510efbb607'
UPDATE [ERPSettings].[Component] SET [classDiv]=N'form-group col-lg-3 col-md-6 col-sm-12' WHERE [IdComponent]=N'e32ee905-bb57-4b1c-b5e6-ac51768904cf'
UPDATE [ERPSettings].[Component] SET [classDiv]=N'form-group col-lg-3 col-md-6 col-sm-12' WHERE [IdComponent]=N'f706d827-ed70-4ec2-b79c-311423e5f2d5'
UPDATE [ERPSettings].[GridColumnComponent] SET [template]=N'<input id=check''#=Id#'' type=''checkbox'' class=''k-checkbox''  ng-click=''bController.baseService.actionService.selectRow(this)''><label class=''k-checkbox-label'' for=check''#=Id#''></label>' WHERE [IdComponent]=N'06254dc8-5466-49fe-b34f-6eb95a30ab58'
UPDATE [ERPSettings].[GridColumnComponent] SET [template]=N'<input id=check''''#=Id#'' type=''checkbox'' class=''k-checkbox''  ng-click=''bController.selectRow(this)''><label class=''k-checkbox-label'' for=check''''#=Id#''></label>' WHERE [IdComponent]=N'1b613a6f-62fe-4d3d-adee-f047bc9819a7'
UPDATE [ERPSettings].[GridColumnComponent] SET [template]=N'<input id=checkId''#=Id#'' type=''checkbox'' class=''k-checkbox''  ng-click=''bController.baseService.actionService.selectRow(this)''><label class=''k-checkbox-label'' for=checkId''#=Id#''></label>' WHERE [IdComponent]=N'2212c96d-818e-4aaa-8976-27e8ffcdc89d'
UPDATE [ERPSettings].[GridColumnComponent] SET [template]=N'<input id=check''#=Id#'' type=''checkbox'' class=''k-checkbox''  ng-click=''bController.baseService.actionService.selectRow(this)''><label class=''k-checkbox-label'' for=check''#=Id#''></label>' WHERE [IdComponent]=N'2579dd19-d8de-47b1-822e-4fb1122f7960'
UPDATE [ERPSettings].[GridColumnComponent] SET [template]=N'<input id=check''#=Id#'' type=''checkbox'' class=''k-checkbox''  ng-click=''bController.selectRow(this)''><label class=''k-checkbox-label'' for=check''#=Id#''></label>' WHERE [IdComponent]=N'2d1ce3a7-6554-4406-95df-5d02c359c340'
UPDATE [ERPSettings].[GridColumnComponent] SET [template]=N'<input id=checkId''#=Id#'' type=''checkbox'' class=''k-checkbox''  ng-click=''bController.baseService.actionService.selectRow(this)''><label class=''k-checkbox-label'' for=checkId''#=Id#''></label>' WHERE [IdComponent]=N'35e07c1a-87b2-492c-9ebf-3f9e947af71a'
UPDATE [ERPSettings].[GridColumnComponent] SET [template]=N'<input id=check''''#=Id#'' type=''checkbox'' class=''k-checkbox''  ng-click=''bController.baseService.actionService.selectRow(this)''><label class=''k-checkbox-label'' for=check''''#=Id#''></label>' WHERE [IdComponent]=N'392160e6-c646-4c8f-8b21-844c7231967c'
UPDATE [ERPSettings].[GridColumnComponent] SET [template]=N'<input id=checkId''#=Id#'' type=''checkbox'' class=''k-checkbox''  ng-click=''bController.baseService.actionService.selectRow(this)''><label class=''k-checkbox-label'' for=checkId''#=Id#''></label>' WHERE [IdComponent]=N'3e20c9e3-d256-4a46-b7ca-839aa332f6ba'
UPDATE [ERPSettings].[GridColumnComponent] SET [template]=N'<input id=check''#=Id#'' type=''checkbox'' class=''k-checkbox''  ng-click=''bController.baseService.actionService.selectRow(this)''><label class=''k-checkbox-label'' for=check''#=Id#''></label>' WHERE [IdComponent]=N'45362759-6bc7-44a7-80c9-8502d775f7cc'
UPDATE [ERPSettings].[GridColumnComponent] SET [template]=N'<input id=checkId''''#=Id#'' type=''checkbox'' class=''k-checkbox''  ng-click=''bController.selectRow(this)''><label class=''k-checkbox-label'' for=checkId''#=Id#''></label>' WHERE [IdComponent]=N'8e418afa-623b-4b0e-a5dd-c421fd0c973c'
UPDATE [ERPSettings].[GridColumnComponent] SET [template]=N'<input id=checkId''#=Id#'' type=''checkbox'' class=''k-checkbox''  ng-click=''bController.baseService.actionService.selectRow(this)''><label class=''k-checkbox-label'' for=checkId''#=Id#''></label>' WHERE [IdComponent]=N'cd5bc317-6c48-4a6a-ab87-52733aafd4ef'
UPDATE [ERPSettings].[GridColumnComponent] SET [template]=N'<input id=checkId''#=Id#'' type=''checkbox'' class=''k-checkbox''  ng-click=''bController.baseService.actionService.selectRow(this)''><label class=''k-checkbox-label'' for=checkId''#=Id#''></label>' WHERE [IdComponent]=N'e3c0e559-54e2-4d87-923a-cf5cde77b17a'
UPDATE [ERPSettings].[GridColumnComponent] SET [template]=N'<input id=check''#=Id#'' type=''checkbox'' class=''k-checkbox''  ng-click=''bController.baseService.actionService.selectRow(this)''><label class=''k-checkbox-label'' for=check''#=Id#''></label>' WHERE [IdComponent]=N'e3ceadd7-69bc-4a7d-a8d0-0e8025905129'
UPDATE [ERPSettings].[GridColumnComponent] SET [template]=N'<input id=check''#=Id#'' type=''checkbox'' class=''k-checkbox''  ng-click=''bController.selectRow(this)''><label class=''k-checkbox-label'' for=check''#=Id#''></label>' WHERE [IdComponent]=N'eaf95f7e-ad66-452e-a6d4-844b5efadd9c'
COMMIT TRANSACTION

--BOUBAKER ECHIEB: BUG  add/update fornisseur
BEGIN TRANSACTION
UPDATE [ERPSettings].[DropDownListOptions] SET [headerTemplate]=N'<div class="dropdown-header k-widget k-header"> <span>Code</span><span>Label</span></div>', [template]=N' <table class="customDropDown sz-40-60"><tr><td>#:data.Code#</td><td>#if(data.Label != null){# #:data.Label ## }#</td></tr></table>', [valueTemplate]=N' <span>#if(data.Code != null){# #: data.Code.length>9 ? data.Code.substring(0,7)+".." : data.Code # #}#</span>', [footerTemplate]=N' Total #: instance.dataSource.total() #' WHERE [IdDropDownListOptions]=N'42dcef3c-ba85-4ed2-b930-562b4e71a39c'
UPDATE [ERPSettings].[DropDownListOptions] SET [headerTemplate]=N' <div class="dropdown-header k-widget k-header"> <span>Code</span><span>Label</span></div>', [template]=N' <table class="customDropDown sz-40-60"><tr><td>#:data.Code#</td><td>#if(data.Label != null){# #:data.Label ## }#</td></tr></table>', [valueTemplate]=N' <span>#if(data.Code != null){# #: data.Code.length>9 ? data.Code.substring(0,7)+".." : data.Code # #}#</span>', [footerTemplate]=N' Total #: instance.dataSource.total() #' WHERE [IdDropDownListOptions]=N'8d893e67-dcd5-48dd-8df9-9877e07753eb'
COMMIT TRANSACTION


---- Nihel: Bug update company
BEGIN TRANSACTION
ALTER TABLE [ERPSettings].[InputComponent] DROP CONSTRAINT [FK_InputComponent_Component]
ALTER TABLE [ERPSettings].[ServiceParameters] DROP CONSTRAINT [FK_ServiceParameters_PredicateFormat]
ALTER TABLE [ERPSettings].[Component] DROP CONSTRAINT [FK_Component_Component1]
ALTER TABLE [ERPSettings].[Component] DROP CONSTRAINT [FK_Component_Functionality]
ALTER TABLE [ERPSettings].[Component] DROP CONSTRAINT [FK_Component_Component]
DELETE FROM [ERPSettings].[InputComponent] WHERE [IdComponent]=N'4c4c6a11-854c-4b93-a27e-10aa9e75b331'
DELETE FROM [ERPSettings].[InputComponent] WHERE [IdComponent]=N'99d74441-26a0-4d4c-9319-26736908adeb'
DELETE FROM [ERPSettings].[InputComponent] WHERE [IdComponent]=N'dc162ea2-35ba-4f88-ae45-45fa2b9b2517'
DELETE FROM [ERPSettings].[InputComponent] WHERE [IdComponent]=N'ef232b6b-2856-4ee2-bd43-78422b9eb245'
DELETE FROM [ERPSettings].[ComponentByRole] WHERE [IdComponent]=N'4c4c6a11-854c-4b93-a27e-10aa9e75b331'
DELETE FROM [ERPSettings].[ComponentByRole] WHERE [IdComponent]=N'99d74441-26a0-4d4c-9319-26736908adeb'
DELETE FROM [ERPSettings].[ComponentByRole] WHERE [IdComponent]=N'dc162ea2-35ba-4f88-ae45-45fa2b9b2517'
DELETE FROM [ERPSettings].[ComponentByRole] WHERE [IdComponent]=N'def7c9af-39e0-4981-abd2-6b81e7acbd8e'
DELETE FROM [ERPSettings].[ComponentByRole] WHERE [IdComponent]=N'ef232b6b-2856-4ee2-bd43-78422b9eb245'
DELETE FROM [ERPSettings].[Component] WHERE [IdComponent]=N'4c4c6a11-854c-4b93-a27e-10aa9e75b331'
DELETE FROM [ERPSettings].[Component] WHERE [IdComponent]=N'99d74441-26a0-4d4c-9319-26736908adeb'
DELETE FROM [ERPSettings].[Component] WHERE [IdComponent]=N'dc162ea2-35ba-4f88-ae45-45fa2b9b2517'
DELETE FROM [ERPSettings].[Component] WHERE [IdComponent]=N'def7c9af-39e0-4981-abd2-6b81e7acbd8e'
DELETE FROM [ERPSettings].[Component] WHERE [IdComponent]=N'ef232b6b-2856-4ee2-bd43-78422b9eb245'
UPDATE [ERPSettings].[ServiceParameters] SET [URL]=N'/api/company/update' WHERE [IdServiceParameters]=N'e65a8401-8c65-4aee-b17d-55eb3e7aadce'
UPDATE [ERPSettings].[Component] SET [IdButton]=N'efe48036-e6b0-442c-b7ce-282bd77e8d71' WHERE [IdComponent]=N'0a4d4dc6-6e35-4a56-8d61-893ceeda026a'
UPDATE [ERPSettings].[Component] SET [IdButton]=N'efe48036-e6b0-442c-b7ce-282bd77e8d71' WHERE [IdComponent]=N'0c24e9be-6aa6-4303-9fb6-400b6dbe9e20'
UPDATE [ERPSettings].[Component] SET [IdButton]=N'efe48036-e6b0-442c-b7ce-282bd77e8d71' WHERE [IdComponent]=N'0c9caae2-23df-4749-b671-6f4faf3a8e70'
UPDATE [ERPSettings].[Component] SET [IdButton]=N'efe48036-e6b0-442c-b7ce-282bd77e8d71' WHERE [IdComponent]=N'126c7bfd-a4df-42af-97fb-8d7b8cc5c669'
UPDATE [ERPSettings].[Component] SET [IdButton]=N'efe48036-e6b0-442c-b7ce-282bd77e8d71' WHERE [IdComponent]=N'292b646b-ac18-47d0-ae22-fbed0ff678cb'
UPDATE [ERPSettings].[Component] SET [IdButton]=N'efe48036-e6b0-442c-b7ce-282bd77e8d71' WHERE [IdComponent]=N'3fdfd5d6-e959-472c-90ec-870a5fb978da'
UPDATE [ERPSettings].[Component] SET [IdButton]=N'efe48036-e6b0-442c-b7ce-282bd77e8d71' WHERE [IdComponent]=N'40f67459-4f61-40d3-893b-0ec92dbbadd6'
UPDATE [ERPSettings].[Component] SET [IdButton]=N'efe48036-e6b0-442c-b7ce-282bd77e8d71' WHERE [IdComponent]=N'42837118-0036-4404-aee6-ed8a7be56aa6'
UPDATE [ERPSettings].[Component] SET [IdButton]=N'efe48036-e6b0-442c-b7ce-282bd77e8d71' WHERE [IdComponent]=N'4b070921-d44d-4314-beaa-7c494c0b623d'
UPDATE [ERPSettings].[Component] SET [IdButton]=N'efe48036-e6b0-442c-b7ce-282bd77e8d71' WHERE [IdComponent]=N'4bb973b2-bba5-4df0-97bb-3d9c044acb78'
UPDATE [ERPSettings].[Component] SET [IdButton]=N'efe48036-e6b0-442c-b7ce-282bd77e8d71' WHERE [IdComponent]=N'536248da-7acd-47b0-aa9f-98077d6aa4a9'
UPDATE [ERPSettings].[Component] SET [IdButton]=N'efe48036-e6b0-442c-b7ce-282bd77e8d71' WHERE [IdComponent]=N'5ba3232d-8e6f-40b0-b9a3-2181ebb64731'
UPDATE [ERPSettings].[Component] SET [IdButton]=N'efe48036-e6b0-442c-b7ce-282bd77e8d71' WHERE [IdComponent]=N'69634335-7bf8-4c64-a3f6-2629d0141c21'
UPDATE [ERPSettings].[Component] SET [IdButton]=N'efe48036-e6b0-442c-b7ce-282bd77e8d71' WHERE [IdComponent]=N'69cc638e-0f25-49dc-922b-ff1ecbd6ead6'
UPDATE [ERPSettings].[Component] SET [rank]=4 WHERE [IdComponent]=N'6a523c0b-48ad-4c5d-a5c7-777ddaed585b'
UPDATE [ERPSettings].[Component] SET [IdButton]=N'efe48036-e6b0-442c-b7ce-282bd77e8d71' WHERE [IdComponent]=N'765b8174-6220-4813-928f-e66abf4be51c'
UPDATE [ERPSettings].[Component] SET [IdButton]=N'efe48036-e6b0-442c-b7ce-282bd77e8d71' WHERE [IdComponent]=N'7bd6c37f-4822-4e96-b703-408a448ad56b'
UPDATE [ERPSettings].[Component] SET [IdButton]=N'efe48036-e6b0-442c-b7ce-282bd77e8d71' WHERE [IdComponent]=N'7c5f6b2a-e2c9-4d70-9924-598813455df0'
UPDATE [ERPSettings].[Component] SET [IdButton]=N'efe48036-e6b0-442c-b7ce-282bd77e8d71' WHERE [IdComponent]=N'9fc7252e-f5dc-4352-912d-b4799de331c2'
UPDATE [ERPSettings].[Component] SET [IdButton]=N'efe48036-e6b0-442c-b7ce-282bd77e8d71' WHERE [IdComponent]=N'a9ac3246-f73d-4eca-b6b6-98e2d3c10eb9'
UPDATE [ERPSettings].[Component] SET [IdButton]=N'efe48036-e6b0-442c-b7ce-282bd77e8d71' WHERE [IdComponent]=N'b4999244-7610-4b68-b091-d3281c88cad6'
UPDATE [ERPSettings].[Component] SET [IdButton]=N'efe48036-e6b0-442c-b7ce-282bd77e8d71' WHERE [IdComponent]=N'b506b1cd-0acb-4cea-acd0-63509b7a1b0f'
UPDATE [ERPSettings].[Component] SET [IdButton]=N'efe48036-e6b0-442c-b7ce-282bd77e8d71' WHERE [IdComponent]=N'd7499102-cffa-4c1b-b4a3-a0ffef1ca7ea'
UPDATE [ERPSettings].[Component] SET [IdButton]=N'efe48036-e6b0-442c-b7ce-282bd77e8d71' WHERE [IdComponent]=N'd8ce20d1-899b-4180-b421-50c260c2c69b'
UPDATE [ERPSettings].[Component] SET [IdButton]=N'efe48036-e6b0-442c-b7ce-282bd77e8d71' WHERE [IdComponent]=N'dd1a5fb6-54e3-4b90-8ed5-dff9387c807a'
UPDATE [ERPSettings].[Component] SET [EntityName]=N'Company' WHERE [IdComponent]=N'efe48036-e6b0-442c-b7ce-282bd77e8d71'
UPDATE [ERPSettings].[Component] SET [IdButton]=N'efe48036-e6b0-442c-b7ce-282bd77e8d71' WHERE [IdComponent]=N'eff76c5b-9275-45db-9646-e7962479312f'
UPDATE [ERPSettings].[Component] SET [IdButton]=N'efe48036-e6b0-442c-b7ce-282bd77e8d71' WHERE [IdComponent]=N'f7c7db06-e446-4daa-99af-c887be07cee3'
ALTER TABLE [ERPSettings].[InputComponent]
    ADD CONSTRAINT [FK_InputComponent_Component] FOREIGN KEY ([IdComponent]) REFERENCES [ERPSettings].[Component] ([IdComponent])
ALTER TABLE [ERPSettings].[ServiceParameters]
    ADD CONSTRAINT [FK_ServiceParameters_PredicateFormat] FOREIGN KEY ([IdPredicateFormat]) REFERENCES [ERPSettings].[PredicateFormat] ([IdPredicateFormat])
ALTER TABLE [ERPSettings].[Component]
    ADD CONSTRAINT [FK_Component_Component1] FOREIGN KEY ([IdComponentChangedBy]) REFERENCES [ERPSettings].[Component] ([IdComponent])
ALTER TABLE [ERPSettings].[Component]
    ADD CONSTRAINT [FK_Component_Functionality] FOREIGN KEY ([IdFunctionality]) REFERENCES [ERPSettings].[Functionality] ([IdFunctionality])
ALTER TABLE [ERPSettings].[Component]
    ADD CONSTRAINT [FK_Component_Component] FOREIGN KEY ([IdComponentParent]) REFERENCES [ERPSettings].[Component] ([IdComponent])
COMMIT TRANSACTION

---Fatma : Notification: invalid format 
BEGIN TRANSACTION 
INSERT INTO [ERPSettings].[Notification]([IdNotification],[FR],[EN] ,[AR] ,[DE] ,[CH] ,[ES] ,[TransactionUserId],[IsDeleted],[Deleted_Token])  VALUES (108, 'Fomat invalide','Invalid format',null, null, null, null, null, 0 ,null)
COMMIT TRANSACTION

---Fatma :Update user
BEGIN TRANSACTION 
UPDATE [ERPSettings].[Component] SET [style]=N'' WHERE [IdComponent]=N'163b8ec9-a09b-4de0-a680-be75a6452953'
UPDATE [ERPSettings].[Component] SET [classDiv]=N'form-group col-lg-12 col-md-12 col-sm-12 updateCompany' WHERE [IdComponent]=N'397700c2-0e0b-488b-b597-467dc7007d2a'
UPDATE [ERPSettings].[Component] SET [class]=N'container-fluid' WHERE [IdComponent]=N'4cc69b00-83c7-40b7-a538-a6fbcaad29dc'
COMMIT TRANSACTION

--houssem Update payroll

BEGIN TRANSACTION
ALTER TABLE [ERPSettings].[FunctionnalityModule] DROP CONSTRAINT [FK_FunctionnalityModule_Functionality]
ALTER TABLE [ERPSettings].[FunctionnalityModule] DROP CONSTRAINT [FK_FunctionnalityModule_Module]
ALTER TABLE [ERPSettings].[ColumnMenuComponent] DROP CONSTRAINT [FK_ComponentColumnMenu]
ALTER TABLE [ERPSettings].[ButtonComponent] DROP CONSTRAINT [FK_ButtonComponent_Component]
ALTER TABLE [ERPSettings].[ButtonComponent] DROP CONSTRAINT [FK_ButtonComponent_ServiceParameters]
ALTER TABLE [ERPSettings].[ToolBarItem] DROP CONSTRAINT [FK_ToolBarItemToolBarOptions]
ALTER TABLE [ERPSettings].[ToolBarOptions] DROP CONSTRAINT [FK_ToolBarOptionsToolbarComponent]
ALTER TABLE [ERPSettings].[CheckBoxComponentDetails] DROP CONSTRAINT [FK_CheckBoxDetailsComponent_Component]
ALTER TABLE [ERPSettings].[Traceability] DROP CONSTRAINT [FK_Traceability_User]
ALTER TABLE [ERPSettings].[ToolBarComponent] DROP CONSTRAINT [FK_ComponentToolbarComponent]
ALTER TABLE [ERPSettings].[RadioButtonComponentDetails] DROP CONSTRAINT [FK_RadioButtonComponentDetails_Component]
ALTER TABLE [ERPSettings].[MsgNotification] DROP CONSTRAINT [FK_MsgNotification_Message]
ALTER TABLE [ERPSettings].[PopupComponent] DROP CONSTRAINT [FK_PopupComponent_Component]
ALTER TABLE [ERPSettings].[ComponentByRole] DROP CONSTRAINT [FK_ComponentByRole_Component]
ALTER TABLE [ERPSettings].[ComponentByRole] DROP CONSTRAINT [FK_ComponentByRole_Role]
ALTER TABLE [ERPSettings].[EntityCodification] DROP CONSTRAINT [FK_EntityCodification_Codification]
ALTER TABLE [ERPSettings].[EntityCodification] DROP CONSTRAINT [FK_EntityCodification_Entity]
ALTER TABLE [ERPSettings].[GridColumnComponent] DROP CONSTRAINT [FK_GridColumnComponent_Component]
ALTER TABLE [ERPSettings].[DropDownListOptions] DROP CONSTRAINT [FK_DropDownListOptions_DropDownListComponent]
ALTER TABLE [ERPSettings].[Entity] DROP CONSTRAINT [FK_Entity_Entity]
ALTER TABLE [ERPSettings].[FieldSetComponent] DROP CONSTRAINT [FK_FieldSetComponent_Component]
ALTER TABLE [ERPSettings].[DropDownListComponent] DROP CONSTRAINT [FK_DropDownListComponent_Component]
ALTER TABLE [ERPSettings].[Message] DROP CONSTRAINT [FK_Information_Message]
ALTER TABLE [ERPSettings].[RoleInfo] DROP CONSTRAINT [FK_Information_RoleInfo]
ALTER TABLE [ERPSettings].[RoleInfo] DROP CONSTRAINT [FK_Role_RoleInfo]
ALTER TABLE [ERPSettings].[Relation] DROP CONSTRAINT [FK_Relation_PredicateFormat]
ALTER TABLE [ERPSettings].[GridDataSource] DROP CONSTRAINT [FK_GridDataSource_GridOptions]
ALTER TABLE [ERPSettings].[GridDataSource] DROP CONSTRAINT [FK_GridDataSource_ServiceParameters]
ALTER TABLE [ERPSettings].[ComboBoxComponent] DROP CONSTRAINT [FK_ComboboxComponent_Component]
ALTER TABLE [ERPSettings].[FunctionnalityByUser] DROP CONSTRAINT [FK_FunctionnalityByUser_Functionality]
ALTER TABLE [ERPSettings].[FunctionnalityByUser] DROP CONSTRAINT [FK_FunctionnalityByUser_User]
ALTER TABLE [ERPSettings].[OrderBy] DROP CONSTRAINT [FK_OrderBy_PredicateFormat]
ALTER TABLE [ERPSettings].[RadioButtonComponent] DROP CONSTRAINT [FK_RadioButtonComponent_Component]
ALTER TABLE [ERPSettings].[DialogComponent] DROP CONSTRAINT [FK_DialogComponent_Component]
ALTER TABLE [ERPSettings].[InputDatePickerOptions] DROP CONSTRAINT [FK_InputDatePickerOptions_InputComponent]
ALTER TABLE [ERPSettings].[BarCodeComponent] DROP CONSTRAINT [FK_BarCodeComponent_Component]
ALTER TABLE [ERPSettings].[BarCodeComponent] DROP CONSTRAINT [FK_BarCodeComponent_InputComponent]
ALTER TABLE [ERPSettings].[InputComponent] DROP CONSTRAINT [FK_InputComponent_Component]
ALTER TABLE [ERPSettings].[QrCodeComponent] DROP CONSTRAINT [FK_QrCodeComponent_Component]
ALTER TABLE [ERPSettings].[QrCodeComponent] DROP CONSTRAINT [FK_QrCodeComponent_InputComponent]
ALTER TABLE [ERPSettings].[Information] DROP CONSTRAINT [FK_Information_Functionality]
ALTER TABLE [ERPSettings].[ReportParameters] DROP CONSTRAINT [FK_ReportViewerParameters_ReportViewerComponent]
ALTER TABLE [ERPSettings].[ReportComponent] DROP CONSTRAINT [FK_ReportViewerComponent_Component]
ALTER TABLE [ERPSettings].[DropDownListDataSource] DROP CONSTRAINT [FK_DropDownListDataSource_DropDownListOptions]
ALTER TABLE [ERPSettings].[DropDownListDataSource] DROP CONSTRAINT [FK_DropDownListDataSource_ServiceParameters]
ALTER TABLE [ERPSettings].[GridOptions] DROP CONSTRAINT [FK_GridOptions_GridComponent]
ALTER TABLE [ERPSettings].[ComboBoxDataSourceItems] DROP CONSTRAINT [FK_ComboBoxDataSourceItems_ComboBoxDataSource]
ALTER TABLE [ERPSettings].[CheckBoxComponent] DROP CONSTRAINT [FK_CheckBoxComponent_Component]
ALTER TABLE [ERPSettings].[LabelComponent] DROP CONSTRAINT [FK_LabelComponent_Component]
ALTER TABLE [ERPSettings].[FormComponent] DROP CONSTRAINT [FK_FormComponent_Component]
ALTER TABLE [ERPSettings].[FormComponent] DROP CONSTRAINT [FK_FormComponent_ServiceParameters]
ALTER TABLE [ERPSettings].[FunctionalityByRole] DROP CONSTRAINT [FK_FunctionalityRole_Role]
ALTER TABLE [ERPSettings].[FunctionalityByRole] DROP CONSTRAINT [FK_FunctionalityRole_Functionality]
ALTER TABLE [ERPSettings].[Functionality] DROP CONSTRAINT [FK_Functionality_RequestType]
ALTER TABLE [ERPSettings].[GridButtonComponent] DROP CONSTRAINT [FK_GridButtonComponent_ServiceParameters]
ALTER TABLE [ERPSettings].[GridButtonComponent] DROP CONSTRAINT [FK_GridButtonComponent_Component]
ALTER TABLE [ERPSettings].[ServiceParameters] DROP CONSTRAINT [FK_ServiceParameters_PredicateFormat]
ALTER TABLE [ERPSettings].[ComboBoxDataSource] DROP CONSTRAINT [FK_ComboBoxDataSource_ComboBoxOptions]
ALTER TABLE [ERPSettings].[ComboBoxDataSource] DROP CONSTRAINT [FK_ComboBoxDataSource_ServiceParameters]
ALTER TABLE [ERPSettings].[ComboBoxOptions] DROP CONSTRAINT [FK_ComboBoxOptions_ComboBoxComponent]
ALTER TABLE [ERPSettings].[GridComponent] DROP CONSTRAINT [FK_GridComponent_Component]
ALTER TABLE [ERPSettings].[ModuleByRole] DROP CONSTRAINT [FK_ModuleByRole_Module]
ALTER TABLE [ERPSettings].[ModuleByRole] DROP CONSTRAINT [FK_ModuleByRole_Role]
ALTER TABLE [ERPSettings].[Module] DROP CONSTRAINT [FK_Module_Module]
ALTER TABLE [ERPSettings].[ImageComponent] DROP CONSTRAINT [FK_ImageComponent_Component]
ALTER TABLE [ERPSettings].[Component] DROP CONSTRAINT [FK_Component_Component1]
ALTER TABLE [ERPSettings].[Component] DROP CONSTRAINT [FK_Component_Functionality]
ALTER TABLE [ERPSettings].[Component] DROP CONSTRAINT [FK_Component_Component]
ALTER TABLE [ERPSettings].[Filter] DROP CONSTRAINT [FK_Filter_PredicateFormat]
DELETE FROM [ERPSettings].[ButtonComponent] WHERE [IdComponent]=N'7a4cfbe8-ca43-4489-9f34-f7550d68cf3e'
DELETE FROM [ERPSettings].[ButtonComponent] WHERE [IdComponent]=N'afe2eb75-42f2-4594-9115-a1f94ee80c1d'
DELETE FROM [ERPSettings].[ComponentByRole] WHERE [IdComponent]=N'02fc6a73-14a3-4004-ad34-ad0af0337b79'
DELETE FROM [ERPSettings].[ComponentByRole] WHERE [IdComponent]=N'069f578c-f534-4258-a842-87889ecc065d'
DELETE FROM [ERPSettings].[ComponentByRole] WHERE [IdComponent]=N'0f650892-3961-48f8-94cf-5b42022cf0b9'
DELETE FROM [ERPSettings].[ComponentByRole] WHERE [IdComponent]=N'1363a729-451d-426b-b386-318bad5f5e12'
DELETE FROM [ERPSettings].[ComponentByRole] WHERE [IdComponent]=N'151d1b8c-b035-4962-b2a2-418c5783cbb7'
DELETE FROM [ERPSettings].[ComponentByRole] WHERE [IdComponent]=N'1d8d81b6-47e4-458c-bcb7-d8d5d7de89c4'
DELETE FROM [ERPSettings].[ComponentByRole] WHERE [IdComponent]=N'216a4d00-1b30-4cda-a008-6688c8351a10'
DELETE FROM [ERPSettings].[ComponentByRole] WHERE [IdComponent]=N'26398807-2db3-4864-be5b-9db67beb9007'
DELETE FROM [ERPSettings].[ComponentByRole] WHERE [IdComponent]=N'35c1553b-5ba4-46a7-b53d-3c862f8334c5'
DELETE FROM [ERPSettings].[ComponentByRole] WHERE [IdComponent]=N'4260d508-8910-45c9-b0c4-ff6c2ba6af48'
DELETE FROM [ERPSettings].[ComponentByRole] WHERE [IdComponent]=N'46068d9d-71de-4c4a-8e4a-ba19314d99b4'
DELETE FROM [ERPSettings].[ComponentByRole] WHERE [IdComponent]=N'4ccd6e12-2e3f-41a0-9e8c-146da585275b'
DELETE FROM [ERPSettings].[ComponentByRole] WHERE [IdComponent]=N'4f8a5f09-af4a-4121-ad8a-945facc1277d'
DELETE FROM [ERPSettings].[ComponentByRole] WHERE [IdComponent]=N'50263732-7776-4556-909e-e8cd46819a35'
DELETE FROM [ERPSettings].[ComponentByRole] WHERE [IdComponent]=N'59b1f4f4-24f9-4999-acfe-317e13f49371'
DELETE FROM [ERPSettings].[ComponentByRole] WHERE [IdComponent]=N'5a81c6ec-73ac-47cd-bb59-1ea7ac11f837'
DELETE FROM [ERPSettings].[ComponentByRole] WHERE [IdComponent]=N'5c4508b9-dcb2-412e-ac35-482095f75211'
DELETE FROM [ERPSettings].[ComponentByRole] WHERE [IdComponent]=N'5c4e3255-1432-4c4c-9192-5ea8c04437a4'
DELETE FROM [ERPSettings].[ComponentByRole] WHERE [IdComponent]=N'5c80ed67-b75d-4946-8e20-3dced85ae1ac'
DELETE FROM [ERPSettings].[ComponentByRole] WHERE [IdComponent]=N'603e9380-eb44-4ae1-ac6c-58eb95343a37'
DELETE FROM [ERPSettings].[ComponentByRole] WHERE [IdComponent]=N'68c8d0d4-91bd-40c1-88de-b0e28575e663'
DELETE FROM [ERPSettings].[ComponentByRole] WHERE [IdComponent]=N'7a4cfbe8-ca43-4489-9f34-f7550d68cf3e'
DELETE FROM [ERPSettings].[ComponentByRole] WHERE [IdComponent]=N'8421d2b6-97c2-41a4-98d4-87076ac69e05'
DELETE FROM [ERPSettings].[ComponentByRole] WHERE [IdComponent]=N'8cd48ff5-52d2-46f1-88fb-b1cea6d9b042'
DELETE FROM [ERPSettings].[ComponentByRole] WHERE [IdComponent]=N'8e381c34-eecb-4edd-9b5a-a335a7a7adbe'
DELETE FROM [ERPSettings].[ComponentByRole] WHERE [IdComponent]=N'92e81b2d-b729-4242-9255-aec2d01b67d7'
DELETE FROM [ERPSettings].[ComponentByRole] WHERE [IdComponent]=N'97545a3e-7dfb-4053-aca9-987c5a6ade4b'
DELETE FROM [ERPSettings].[ComponentByRole] WHERE [IdComponent]=N'97a33bfd-0bd2-409f-9382-6404247898f8'
DELETE FROM [ERPSettings].[ComponentByRole] WHERE [IdComponent]=N'9fb14a91-4f73-46d7-a84b-b6b3452db895'
DELETE FROM [ERPSettings].[ComponentByRole] WHERE [IdComponent]=N'a3e2af8f-9083-4aff-bbb2-e1fdadaf6906'
DELETE FROM [ERPSettings].[ComponentByRole] WHERE [IdComponent]=N'a7fcab93-36f8-4280-a804-0afa8ad47dd7'
DELETE FROM [ERPSettings].[ComponentByRole] WHERE [IdComponent]=N'aa14bf7f-bc7f-460e-8fa7-2b441d1db4aa'
DELETE FROM [ERPSettings].[ComponentByRole] WHERE [IdComponent]=N'ae89abfb-6aae-40df-b834-21d40d3f0594'
DELETE FROM [ERPSettings].[ComponentByRole] WHERE [IdComponent]=N'afe2eb75-42f2-4594-9115-a1f94ee80c1d'
DELETE FROM [ERPSettings].[ComponentByRole] WHERE [IdComponent]=N'b0792204-ddec-40f4-8ac0-6f11b1833bfb'
DELETE FROM [ERPSettings].[ComponentByRole] WHERE [IdComponent]=N'b4a7d3a4-3006-41c2-ba8a-5cf124afa658'
DELETE FROM [ERPSettings].[ComponentByRole] WHERE [IdComponent]=N'b846ef73-08d0-43d1-98b8-3efcfe7ea1bf'
DELETE FROM [ERPSettings].[ComponentByRole] WHERE [IdComponent]=N'bb45f3f6-4c1b-4477-a4d1-7a5b821e90e7'
DELETE FROM [ERPSettings].[ComponentByRole] WHERE [IdComponent]=N'c0ed5835-a8d8-4c0d-a7a3-eb8c8121055e'
DELETE FROM [ERPSettings].[ComponentByRole] WHERE [IdComponent]=N'c7713ffe-55e6-4aaa-8d5d-401de3465cdc'
DELETE FROM [ERPSettings].[ComponentByRole] WHERE [IdComponent]=N'cda3cb63-d61a-4efc-aba9-9665156f7cfe'
DELETE FROM [ERPSettings].[ComponentByRole] WHERE [IdComponent]=N'cef18719-3140-4b80-927d-f6fb7bdb3911'
DELETE FROM [ERPSettings].[ComponentByRole] WHERE [IdComponent]=N'cfe5e6fa-d5c5-469f-8421-1dc9a8fca122'
DELETE FROM [ERPSettings].[ComponentByRole] WHERE [IdComponent]=N'd0737cc3-6ecf-4343-9df9-d9890932a492'
DELETE FROM [ERPSettings].[ComponentByRole] WHERE [IdComponent]=N'd5e8bd09-ea24-430e-ac5c-75c6975de75f'
DELETE FROM [ERPSettings].[ComponentByRole] WHERE [IdComponent]=N'd98f9f3f-d3fc-487b-8e16-a9ea4ef48b66'
DELETE FROM [ERPSettings].[ComponentByRole] WHERE [IdComponent]=N'dd247048-ac9f-4727-af3b-6b3973e88dd8'
DELETE FROM [ERPSettings].[ComponentByRole] WHERE [IdComponent]=N'e35322ba-0a8b-4219-8272-f6d523495e80'
DELETE FROM [ERPSettings].[ComponentByRole] WHERE [IdComponent]=N'f6572cb9-897f-4c12-b2ba-b9837b6f5bc6'
DELETE FROM [ERPSettings].[ComponentByRole] WHERE [IdComponent]=N'f6f4d4e7-013b-47be-a888-4db19dd7264b'
DELETE FROM [ERPSettings].[ComboBoxComponent] WHERE [IdComponent]=N'68c8d0d4-91bd-40c1-88de-b0e28575e663'
DELETE FROM [ERPSettings].[InputComponent] WHERE [IdComponent]=N'46068d9d-71de-4c4a-8e4a-ba19314d99b4'
DELETE FROM [ERPSettings].[InputComponent] WHERE [IdComponent]=N'b846ef73-08d0-43d1-98b8-3efcfe7ea1bf'
DELETE FROM [ERPSettings].[InputComponent] WHERE [IdComponent]=N'c7713ffe-55e6-4aaa-8d5d-401de3465cdc'
DELETE FROM [ERPSettings].[FormComponent] WHERE [IdComponent]=N'5c4508b9-dcb2-412e-ac35-482095f75211'
DELETE FROM [ERPSettings].[ServiceParameters] WHERE [IdServiceParameters]=N'3d74ea73-70bb-4d3e-9901-5c07f8283588'
DELETE FROM [ERPSettings].[ServiceParameters] WHERE [IdServiceParameters]=N'71e11f0a-2a2a-4c84-ba55-a26de1febd27'
DELETE FROM [ERPSettings].[ServiceParameters] WHERE [IdServiceParameters]=N'fec86504-5829-47be-80f5-6cdaec9eb353'
DELETE FROM [ERPSettings].[ComboBoxDataSource] WHERE [IdComponent]=N'68c8d0d4-91bd-40c1-88de-b0e28575e663'
DELETE FROM [ERPSettings].[ComboBoxOptions] WHERE [IdComponent]=N'68c8d0d4-91bd-40c1-88de-b0e28575e663'
DELETE FROM [ERPSettings].[Component] WHERE [IdComponent]=N'02fc6a73-14a3-4004-ad34-ad0af0337b79'
DELETE FROM [ERPSettings].[Component] WHERE [IdComponent]=N'069f578c-f534-4258-a842-87889ecc065d'
DELETE FROM [ERPSettings].[Component] WHERE [IdComponent]=N'0f650892-3961-48f8-94cf-5b42022cf0b9'
DELETE FROM [ERPSettings].[Component] WHERE [IdComponent]=N'1363a729-451d-426b-b386-318bad5f5e12'
DELETE FROM [ERPSettings].[Component] WHERE [IdComponent]=N'151d1b8c-b035-4962-b2a2-418c5783cbb7'
DELETE FROM [ERPSettings].[Component] WHERE [IdComponent]=N'1d8d81b6-47e4-458c-bcb7-d8d5d7de89c4'
DELETE FROM [ERPSettings].[Component] WHERE [IdComponent]=N'216a4d00-1b30-4cda-a008-6688c8351a10'
DELETE FROM [ERPSettings].[Component] WHERE [IdComponent]=N'26398807-2db3-4864-be5b-9db67beb9007'
DELETE FROM [ERPSettings].[Component] WHERE [IdComponent]=N'35c1553b-5ba4-46a7-b53d-3c862f8334c5'
DELETE FROM [ERPSettings].[Component] WHERE [IdComponent]=N'4260d508-8910-45c9-b0c4-ff6c2ba6af48'
DELETE FROM [ERPSettings].[Component] WHERE [IdComponent]=N'46068d9d-71de-4c4a-8e4a-ba19314d99b4'
DELETE FROM [ERPSettings].[Component] WHERE [IdComponent]=N'4ccd6e12-2e3f-41a0-9e8c-146da585275b'
DELETE FROM [ERPSettings].[Component] WHERE [IdComponent]=N'4f8a5f09-af4a-4121-ad8a-945facc1277d'
DELETE FROM [ERPSettings].[Component] WHERE [IdComponent]=N'50263732-7776-4556-909e-e8cd46819a35'
DELETE FROM [ERPSettings].[Component] WHERE [IdComponent]=N'59b1f4f4-24f9-4999-acfe-317e13f49371'
DELETE FROM [ERPSettings].[Component] WHERE [IdComponent]=N'5a81c6ec-73ac-47cd-bb59-1ea7ac11f837'
DELETE FROM [ERPSettings].[Component] WHERE [IdComponent]=N'5c4508b9-dcb2-412e-ac35-482095f75211'
DELETE FROM [ERPSettings].[Component] WHERE [IdComponent]=N'5c4e3255-1432-4c4c-9192-5ea8c04437a4'
DELETE FROM [ERPSettings].[Component] WHERE [IdComponent]=N'5c80ed67-b75d-4946-8e20-3dced85ae1ac'
DELETE FROM [ERPSettings].[Component] WHERE [IdComponent]=N'603e9380-eb44-4ae1-ac6c-58eb95343a37'
DELETE FROM [ERPSettings].[Component] WHERE [IdComponent]=N'68c8d0d4-91bd-40c1-88de-b0e28575e663'
DELETE FROM [ERPSettings].[Component] WHERE [IdComponent]=N'7a4cfbe8-ca43-4489-9f34-f7550d68cf3e'
DELETE FROM [ERPSettings].[Component] WHERE [IdComponent]=N'8421d2b6-97c2-41a4-98d4-87076ac69e05'
DELETE FROM [ERPSettings].[Component] WHERE [IdComponent]=N'8cd48ff5-52d2-46f1-88fb-b1cea6d9b042'
DELETE FROM [ERPSettings].[Component] WHERE [IdComponent]=N'8e381c34-eecb-4edd-9b5a-a335a7a7adbe'
DELETE FROM [ERPSettings].[Component] WHERE [IdComponent]=N'92e81b2d-b729-4242-9255-aec2d01b67d7'
DELETE FROM [ERPSettings].[Component] WHERE [IdComponent]=N'97545a3e-7dfb-4053-aca9-987c5a6ade4b'
DELETE FROM [ERPSettings].[Component] WHERE [IdComponent]=N'97a33bfd-0bd2-409f-9382-6404247898f8'
DELETE FROM [ERPSettings].[Component] WHERE [IdComponent]=N'9fb14a91-4f73-46d7-a84b-b6b3452db895'
DELETE FROM [ERPSettings].[Component] WHERE [IdComponent]=N'a3e2af8f-9083-4aff-bbb2-e1fdadaf6906'
DELETE FROM [ERPSettings].[Component] WHERE [IdComponent]=N'a7fcab93-36f8-4280-a804-0afa8ad47dd7'
DELETE FROM [ERPSettings].[Component] WHERE [IdComponent]=N'aa14bf7f-bc7f-460e-8fa7-2b441d1db4aa'
DELETE FROM [ERPSettings].[Component] WHERE [IdComponent]=N'ae89abfb-6aae-40df-b834-21d40d3f0594'
DELETE FROM [ERPSettings].[Component] WHERE [IdComponent]=N'afe2eb75-42f2-4594-9115-a1f94ee80c1d'
DELETE FROM [ERPSettings].[Component] WHERE [IdComponent]=N'b0792204-ddec-40f4-8ac0-6f11b1833bfb'
DELETE FROM [ERPSettings].[Component] WHERE [IdComponent]=N'b4a7d3a4-3006-41c2-ba8a-5cf124afa658'
DELETE FROM [ERPSettings].[Component] WHERE [IdComponent]=N'b846ef73-08d0-43d1-98b8-3efcfe7ea1bf'
DELETE FROM [ERPSettings].[Component] WHERE [IdComponent]=N'bb45f3f6-4c1b-4477-a4d1-7a5b821e90e7'
DELETE FROM [ERPSettings].[Component] WHERE [IdComponent]=N'c0ed5835-a8d8-4c0d-a7a3-eb8c8121055e'
DELETE FROM [ERPSettings].[Component] WHERE [IdComponent]=N'c7713ffe-55e6-4aaa-8d5d-401de3465cdc'
DELETE FROM [ERPSettings].[Component] WHERE [IdComponent]=N'cda3cb63-d61a-4efc-aba9-9665156f7cfe'
DELETE FROM [ERPSettings].[Component] WHERE [IdComponent]=N'cef18719-3140-4b80-927d-f6fb7bdb3911'
DELETE FROM [ERPSettings].[Component] WHERE [IdComponent]=N'cfe5e6fa-d5c5-469f-8421-1dc9a8fca122'
DELETE FROM [ERPSettings].[Component] WHERE [IdComponent]=N'd0737cc3-6ecf-4343-9df9-d9890932a492'
DELETE FROM [ERPSettings].[Component] WHERE [IdComponent]=N'd5e8bd09-ea24-430e-ac5c-75c6975de75f'
DELETE FROM [ERPSettings].[Component] WHERE [IdComponent]=N'd98f9f3f-d3fc-487b-8e16-a9ea4ef48b66'
DELETE FROM [ERPSettings].[Component] WHERE [IdComponent]=N'dd247048-ac9f-4727-af3b-6b3973e88dd8'
DELETE FROM [ERPSettings].[Component] WHERE [IdComponent]=N'e35322ba-0a8b-4219-8272-f6d523495e80'
DELETE FROM [ERPSettings].[Component] WHERE [IdComponent]=N'f6572cb9-897f-4c12-b2ba-b9837b6f5bc6'
DELETE FROM [ERPSettings].[Component] WHERE [IdComponent]=N'f6f4d4e7-013b-47be-a888-4db19dd7264b'

UPDATE [ERPSettings].[GridColumnComponent] SET [format]=N'{0:d}', [type]=N'date' WHERE [IdComponent]=N'39e59cef-370d-4fb2-8b14-f339aa913a79'
UPDATE [ERPSettings].[GridColumnComponent] SET [format]=N'{0:d}', [type]=N'date' WHERE [IdComponent]=N'5c8faeb2-be0f-45a3-9784-a9097b7df95a'
UPDATE [ERPSettings].[GridColumnComponent] SET [format]=N'{0:d}', [type]=N'date' WHERE [IdComponent]=N'8e583e6a-ce59-4fce-a228-bb6d98256b06'
UPDATE [ERPSettings].[GridColumnComponent] SET [format]=NULL, [type]=N'' WHERE [IdComponent]=N'ecf04efe-1119-49a5-a90d-f99126c1f2ad'
UPDATE [ERPSettings].[GridDataSource] SET [pageSize]=15, [serverPaging]=1, [serverSorting]=1, [batch]=1 WHERE [IdGridOptions]=N'0d4bdc39-252e-4eed-b02c-6f94fbfa31ef'
UPDATE [ERPSettings].[InputComponent] SET [k_on_change]=N'bController.baseService.actionService.onChangeDate(''2c7f8103-b231-48e3-bdb6-e42f47e1f7ce'',''28afaa65-8331-4d0e-bcfe-e1c416a13801'')' WHERE [IdComponent]=N'28afaa65-8331-4d0e-bcfe-e1c416a13801'
UPDATE [ERPSettings].[InputComponent] SET [k_on_change]=N'bController.baseService.actionService.onChangeDate(''2c7f8103-b231-48e3-bdb6-e42f47e1f7ce'',''28afaa65-8331-4d0e-bcfe-e1c416a13801'')' WHERE [IdComponent]=N'2c7f8103-b231-48e3-bdb6-e42f47e1f7ce'
UPDATE [ERPSettings].[InputComponent] SET [required]=1 WHERE [IdComponent]=N'8bc424e7-63ac-4f5e-b39a-5f9b39b08399'
UPDATE [ERPSettings].[InputComponent] SET [k_format]=N'''n0''' WHERE [IdComponent]=N'a60422d1-96d3-4e7c-b93d-34506abba8a2'
UPDATE [ERPSettings].[InputComponent] SET [k_format]=N'''n0''' WHERE [IdComponent]=N'e4cabf9d-ea2b-47c5-985e-3c2f8f8eae67'
UPDATE [ERPSettings].[GridButtonComponent] SET [ng_click]=N'bController.baseService.actionService.redirectToEditForm(dataItem,''1c1956c1-50e2-4fde-8eaf-c8c8b66be025'')' WHERE [IdComponent]=N'1c1956c1-50e2-4fde-8eaf-c8c8b66be025'
UPDATE [ERPSettings].[Component] SET [classDiv]=N'' WHERE [IdComponent]=N'0663e421-cd75-4819-8d35-c79269ec7898'
UPDATE [ERPSettings].[Component] SET [classLabel]=N'', [class]=N'container-fluid' WHERE [IdComponent]=N'08ff21b7-0e3a-4125-9ba4-24adc4725aef'
UPDATE [ERPSettings].[Component] SET [classDiv]=N'col-lg-12 col-md-12 col-sm-12' WHERE [IdComponent]=N'0dcceaba-a8c8-41bf-bc91-b85f789bc9fa'
UPDATE [ERPSettings].[Component] SET [FR]=N'Mettre  jour' WHERE [IdComponent]=N'0e546098-5427-4342-ba18-b8e3bc2738b2'
UPDATE [ERPSettings].[Component] SET [classLabel]=N'' WHERE [IdComponent]=N'0ff0f53d-7c8e-40f6-983d-5eddeaa4192e'
UPDATE [ERPSettings].[Component] SET [IdComponentParent]=N'36f4e08c-14e8-4978-9567-cd6b2e7cc031', [style]=N'float:right;' WHERE [IdComponent]=N'12038896-804b-4944-9a4e-8b3d4434ca5b'
UPDATE [ERPSettings].[Component] SET [classDiv]=N'' WHERE [IdComponent]=N'13c58fab-0460-4697-996d-f5b2907eb7b0'
UPDATE [ERPSettings].[Component] SET [classLabel]=N'', [class]=N'container-fluid' WHERE [IdComponent]=N'159af28b-2cf3-4941-a8a0-e2d79dce1664'
UPDATE [ERPSettings].[Component] SET [IdComponentParent]=N'13c58fab-0460-4697-996d-f5b2907eb7b0', [class]=N'row' WHERE [IdComponent]=N'1a03551b-0d89-4a95-8a0b-05b0f1a74678'
UPDATE [ERPSettings].[Component] SET [IdComponentParent]=N'a5e893e6-80a3-4a37-9f5b-f6faeb7d7560', [class]=N'float:right;' WHERE [IdComponent]=N'1be7394d-b45a-4636-94bb-66f41f8fe5c0'
UPDATE [ERPSettings].[Component] SET [FR]=N'Structure salariale', [EN]=N'Salary Structure' WHERE [IdComponent]=N'1e3d3c38-414e-451c-80c4-be3820b2c165'
UPDATE [ERPSettings].[Component] SET [IdComponentParent]=N'fb9a3338-52c6-4e50-9c7d-31c71c632641', [classDiv]=N'form-group col-lg-4 col-md-6 col-sm-12', [classLabel]=N'col-lg-12 col-md-12 col-sm-12' WHERE [IdComponent]=N'28afaa65-8331-4d0e-bcfe-e1c416a13801'
UPDATE [ERPSettings].[Component] SET [rank]=3, [IdComponentParent]=N'159af28b-2cf3-4941-a8a0-e2d79dce1664', [style]=N'float:right;' WHERE [IdComponent]=N'2b359fd0-923b-406f-88cc-35de7812a7ec'
UPDATE [ERPSettings].[Component] SET [IdComponentParent]=N'fb9a3338-52c6-4e50-9c7d-31c71c632641', [classDiv]=N'form-group col-lg-4 col-md-6 col-sm-12', [classLabel]=N'col-lg-12 col-md-12 col-sm-12' WHERE [IdComponent]=N'2c7f8103-b231-48e3-bdb6-e42f47e1f7ce'
UPDATE [ERPSettings].[Component] SET [IdComponentParent]=N'fb9a3338-52c6-4e50-9c7d-31c71c632641', [classDiv]=N'form-group col-lg-4 col-md-6 col-sm-12', [classLabel]=N'col-lg-12 col-md-12 col-sm-12' WHERE [IdComponent]=N'30c11f79-d493-4a53-896d-a41258dcc24e'
UPDATE [ERPSettings].[Component] SET [classLabel]=N'', [class]=N'container-fluid' WHERE [IdComponent]=N'36f4e08c-14e8-4978-9567-cd6b2e7cc031'
UPDATE [ERPSettings].[Component] SET [IdComponentParent]=N'606467e2-605c-4c83-838c-5474945433e7', [classDiv]=N'form-group col-lg-4 col-md-6 col-sm-12', [classLabel]=N'col-lg-12 col-md-12 col-sm-12' WHERE [IdComponent]=N'37ad7fdd-89fd-4c6f-bd85-ebca2d264b28'
UPDATE [ERPSettings].[Component] SET [classDiv]=N'form-group col-lg-4 col-md-6 col-sm-12', [classLabel]=N'col-lg-12 col-md-12 col-sm-12' WHERE [IdComponent]=N'38438358-79a4-4a11-ad34-6b5162d3458c'
UPDATE [ERPSettings].[Component] SET [classLabel]=N'col-lg-12 col-md-12 col-sm-12' WHERE [IdComponent]=N'3ff4fa97-48d6-4ce9-a1bc-a1cede624d19'
UPDATE [ERPSettings].[Component] SET [FR]=N'Structure salariale', [EN]=N'Salary Structure' WHERE [IdComponent]=N'40b9cc09-0257-4b11-a1fb-a6de13c15c25'
UPDATE [ERPSettings].[Component] SET [rank]=2 WHERE [IdComponent]=N'4213f575-4093-40af-a277-8b670608d73d'
UPDATE [ERPSettings].[Component] SET [FR]=N'Modifier un contrat', [EN]=N'Modify a contract' WHERE [IdComponent]=N'425cd633-e7d4-4b1b-a90f-fd5a1859838b'
UPDATE [ERPSettings].[Component] SET [rank]=1, [classDiv]=N'form-group col-lg-4 col-md-6 col-sm-12', [classLabel]=N'col-lg-12 col-md-12 col-sm-12' WHERE [IdComponent]=N'44d5bf4d-b31f-4462-af86-3e36fbb3ea40'
UPDATE [ERPSettings].[Component] SET [rank]=1, [IdComponentParent]=N'c6aeb287-8c22-4fa4-b253-7e964cc55ba3' WHERE [IdComponent]=N'48fb2605-6955-4df6-a3f7-be39617d531a'
UPDATE [ERPSettings].[Component] SET [rank]=2, [IdComponentParent]=N'015332fe-8331-47c4-ae62-2faf1d1ad1b5', [classDiv]=N'form-group col-lg-4 col-md-6 col-sm-12', [classLabel]=N'col-lg-12 col-md-12 col-sm-12' WHERE [IdComponent]=N'51b56f09-9416-4805-9df1-45a5ae580a45'
UPDATE [ERPSettings].[Component] SET [classLabel]=N'', [class]=N'container-fluid' WHERE [IdComponent]=N'55a84d3a-b6d7-4afe-bfbf-d4b7863426c2'
UPDATE [ERPSettings].[Component] SET [classDiv]=N'form-group col-lg-4 col-md-6 col-sm-12', [classLabel]=N'col-lg-12 col-md-12 col-sm-12' WHERE [IdComponent]=N'55d5d3dd-7dc3-4a04-a9e8-eefe2d638727'
UPDATE [ERPSettings].[Component] SET [classDiv]=N'form-group col-lg-6 col-md-6 col-sm-12', [classLabel]=N'col-lg-12 col-md-12 col-sm-12' WHERE [IdComponent]=N'56d8a862-a3e1-4fb3-bbe0-2bb2489d1186'
UPDATE [ERPSettings].[Component] SET [classDiv]=N'' WHERE [IdComponent]=N'5a8c7d8b-60dd-4123-ab0d-14e612a727bc'
UPDATE [ERPSettings].[Component] SET [classLabel]=N'' WHERE [IdComponent]=N'5bd1c9d0-61c9-4d4a-9269-12dfc7591b78'
UPDATE [ERPSettings].[Component] SET [classDiv]=N'form-group col-lg-4 col-md-6 col-sm-12', [classLabel]=N'col-lg-12 col-md-12 col-sm-12' WHERE [IdComponent]=N'5f695bf1-f5c8-4127-bd24-5472f2e88039'
UPDATE [ERPSettings].[Component] SET [rank]=3 WHERE [IdComponent]=N'62a59ffa-1adf-41eb-919d-bcc4ce99cc9c'
UPDATE [ERPSettings].[Component] SET [rank]=4 WHERE [IdComponent]=N'6a50df2c-fbda-477e-9d3d-a3f72587869f'
UPDATE [ERPSettings].[Component] SET [IdComponentParent]=N'80458b33-7580-4055-9a6b-4523a7251516', [style]=N'float:right;' WHERE [IdComponent]=N'6d82b17e-74e7-4184-994f-407e32fbd998'
UPDATE [ERPSettings].[Component] SET [rank]=4, [IdComponentParent]=N'7545f9b0-74c1-4c05-93b7-f42ddd5b05cd', [style]=N'float:right;' WHERE [IdComponent]=N'6e29ac24-bc5b-494c-a0ae-90a6672d04dc'
UPDATE [ERPSettings].[Component] SET [IdComponentParent]=N'd3afb1be-1b77-4e5b-8ca7-3d89a8d76569', [class]=N'row' WHERE [IdComponent]=N'73e79507-7fd2-4d68-a293-2cb82bbdbb12'
UPDATE [ERPSettings].[Component] SET [class]=N'container-fluid' WHERE [IdComponent]=N'7545f9b0-74c1-4c05-93b7-f42ddd5b05cd'
UPDATE [ERPSettings].[Component] SET [IdComponentParent]=N'0663e421-cd75-4819-8d35-c79269ec7898', [class]=N'row' WHERE [IdComponent]=N'780107e3-8107-4b6a-b10a-a75a4d8c739d'
UPDATE [ERPSettings].[Component] SET [classLabel]=N'' WHERE [IdComponent]=N'7bfaf5b7-ee5f-4f98-aecc-4f7ad0d66656'
UPDATE [ERPSettings].[Component] SET [rank]=1 WHERE [IdComponent]=N'80d5b4b0-a017-412b-ba58-2957a56f317f'
UPDATE [ERPSettings].[Component] SET [classDiv]=N'form-group col-lg-4 col-md-6 col-sm-12', [classLabel]=N'col-lg-12 col-md-12 col-sm-12' WHERE [IdComponent]=N'88d19b1e-0962-4dc6-bb5b-e679b2fd44e3'
UPDATE [ERPSettings].[Component] SET [classDiv]=N'form-group col-lg-6 col-md-6 col-sm-12', [classLabel]=N'col-lg-12 col-md-12 col-sm-12' WHERE [IdComponent]=N'8bc424e7-63ac-4f5e-b39a-5f9b39b08399'
UPDATE [ERPSettings].[Component] SET [rank]=5, [IdComponentParent]=N'73e79507-7fd2-4d68-a293-2cb82bbdbb12', [classDiv]=N'form-group col-lg-4 col-md-6 col-sm-12', [classLabel]=N'col-lg-12 col-md-12 col-sm-12' WHERE [IdComponent]=N'9c1c0480-e103-45af-be65-803544b4f23f'
UPDATE [ERPSettings].[Component] SET [classDiv]=N'form-group col-lg-6 col-md-6 col-sm-12', [classLabel]=N'col-lg-12 col-md-12 col-sm-12' WHERE [IdComponent]=N'a1763c60-4098-47b3-8a10-77dcc9c1f69d'
UPDATE [ERPSettings].[Component] SET [class]=N'' WHERE [IdComponent]=N'a5e893e6-80a3-4a37-9f5b-f6faeb7d7560'
UPDATE [ERPSettings].[Component] SET [classDiv]=N'form-group col-lg-6 col-md-6 col-sm-12', [classLabel]=N'col-lg-12 col-md-12 col-sm-12' WHERE [IdComponent]=N'a60422d1-96d3-4e7c-b93d-34506abba8a2'
UPDATE [ERPSettings].[Component] SET [rank]=2, [IdComponentParent]=N'b6888e43-897c-44e9-9de1-7065373e39cf', [style]=N'float:right;' WHERE [IdComponent]=N'ad9a5b5a-2ec0-41d1-9ee1-ad6f0b07cb39'
UPDATE [ERPSettings].[Component] SET [EN]=N'post' WHERE [IdComponent]=N'b3619f85-8be8-474a-9044-b1d6273bee55'
UPDATE [ERPSettings].[Component] SET [rank]=2, [IdComponentParent]=N'606467e2-605c-4c83-838c-5474945433e7' WHERE [IdComponent]=N'bdbad67f-cdf9-48d5-9a09-b0d0b8681321'
UPDATE [ERPSettings].[Component] SET [IdComponentParent]=N'dabba246-8ee7-493c-ac73-96f201863d9e', [class]=N'row' WHERE [IdComponent]=N'bdef5342-75d0-40e4-98a1-77975345ac5e'
UPDATE [ERPSettings].[Component] SET [class]=N'row' WHERE [IdComponent]=N'c14aeb3d-3f19-4039-80a1-3d0d5b125362'
UPDATE [ERPSettings].[Component] SET [IdComponentParent]=N'015332fe-8331-47c4-ae62-2faf1d1ad1b5', [classDiv]=N'form-group col-lg-4 col-md-6 col-sm-12', [classLabel]=N'col-lg-12 col-md-12 col-sm-12' WHERE [IdComponent]=N'c7725ba2-5bec-4ff7-bd0c-329e315f4283'
UPDATE [ERPSettings].[Component] SET [classDiv]=N'form-group col-lg-4 col-md-6 col-sm-12', [classLabel]=N'col-lg-12 col-md-12 col-sm-12' WHERE [IdComponent]=N'ccfd8cb7-c56d-4765-9bca-ecc19146f1ed'
UPDATE [ERPSettings].[Component] SET [classDiv]=N'' WHERE [IdComponent]=N'd3afb1be-1b77-4e5b-8ca7-3d89a8d76569'
UPDATE [ERPSettings].[Component] SET [IdComponentParent]=N'55a84d3a-b6d7-4afe-bfbf-d4b7863426c2' WHERE [IdComponent]=N'd595c581-11ac-4d59-8f07-10294ebfa33e'
UPDATE [ERPSettings].[Component] SET [IdComponentParent]=N'54876afb-dfef-4af5-9ec0-2ed4749f1bee', [class]=N'row' WHERE [IdComponent]=N'd76ef7ed-451d-40e8-93ed-f718ea120644'
UPDATE [ERPSettings].[Component] SET [rank]=3, [IdComponentParent]=N'606467e2-605c-4c83-838c-5474945433e7' WHERE [IdComponent]=N'd88ae0ad-a154-411c-baca-f93e43a48e74'
UPDATE [ERPSettings].[Component] SET [IdComponentParent]=N'0663e421-cd75-4819-8d35-c79269ec7898', [class]=N'row' WHERE [IdComponent]=N'dabef25e-aeae-406a-91dc-ead7f3ca118b'
UPDATE [ERPSettings].[Component] SET [classLabel]=N'', [class]=N'container-fluid' WHERE [IdComponent]=N'e2600b7f-4f84-4d88-9e72-16eb8de62145'
UPDATE [ERPSettings].[Component] SET [rank]=4, [IdComponentParent]=N'73e79507-7fd2-4d68-a293-2cb82bbdbb12', [classDiv]=N'form-group col-lg-4 col-md-6 col-sm-12', [classLabel]=N'col-lg-12 col-md-12 col-sm-12' WHERE [IdComponent]=N'e4cabf9d-ea2b-47c5-985e-3c2f8f8eae67'
UPDATE [ERPSettings].[Component] SET [rank]=3, [IdComponentParent]=N'015332fe-8331-47c4-ae62-2faf1d1ad1b5', [classDiv]=N'form-group col-lg-4 col-md-6 col-sm-12' WHERE [IdComponent]=N'ec9ecb5a-ca4d-4481-88b5-90b2dcfd256b'
UPDATE [ERPSettings].[Component] SET [classLabel]=N'' WHERE [IdComponent]=N'f0721794-23a7-42a3-b5e9-351e66ca6376'
UPDATE [ERPSettings].[Component] SET [classDiv]=N'form-group col-lg-4 col-md-6 col-sm-12', [classLabel]=N'col-lg-12 col-md-12 col-sm-12' WHERE [IdComponent]=N'f0e39163-9e08-4f46-98fd-0555c93d93b1'
UPDATE [ERPSettings].[Component] SET [IdComponentParent]=N'2d2e604e-ce7b-4fb5-90c4-7ccec70cabe4', [class]=N'row' WHERE [IdComponent]=N'f26f7889-6b3a-409f-9358-e3eb889d4963'
UPDATE [ERPSettings].[Component] SET [classDiv]=N'' WHERE [IdComponent]=N'f48646f5-7406-4be8-9f50-77f848ee67ab'
UPDATE [ERPSettings].[Component] SET [rank]=3, [IdComponentParent]=N'dabba246-8ee7-493c-ac73-96f201863d9e', [FR]=N'', [EN]=N'', [AR]=N'', [DE]=N'', [CH]=N'', [ES]=N'', [class]=N'row' WHERE [IdComponent]=N'f66c9166-cfce-4399-a931-3778618f02d8'
UPDATE [ERPSettings].[Component] SET [classLabel]=N'' WHERE [IdComponent]=N'f8068b5f-e2e0-4bc7-8c3f-a606ff6c4558'
UPDATE [ERPSettings].[Component] SET [classLabel]=N'col-lg-12 col-md-12 col-sm-12' WHERE [IdComponent]=N'fa621ea1-fc6a-4e18-a7fe-f2b0aa4de3c3'
INSERT INTO [ERPSettings].[PredicateFormat] ([IdPredicateFormat], [PredicateName], [Operator], [TransactionUserId], [IsDeleted], [Deleted_Token]) VALUES (N'021023c7-3d80-43bb-b63f-eb7d5c4db068', NULL, NULL, NULL, 0, NULL)
INSERT INTO [ERPSettings].[PredicateFormat] ([IdPredicateFormat], [PredicateName], [Operator], [TransactionUserId], [IsDeleted], [Deleted_Token]) VALUES (N'105ec306-889a-4656-8655-f5268642aee7', NULL, NULL, NULL, 0, NULL)
INSERT INTO [ERPSettings].[PredicateFormat] ([IdPredicateFormat], [PredicateName], [Operator], [TransactionUserId], [IsDeleted], [Deleted_Token]) VALUES (N'8e6140a6-e45f-44d1-8baf-2300973a448a', NULL, NULL, NULL, 0, NULL)
INSERT INTO [ERPSettings].[PredicateFormat] ([IdPredicateFormat], [PredicateName], [Operator], [TransactionUserId], [IsDeleted], [Deleted_Token]) VALUES (N'93942994-fd79-4335-ae25-d6577ba98244', NULL, NULL, NULL, 0, NULL)
INSERT INTO [ERPSettings].[Filter] ([IdFilter], [IdPredicateFormat], [Prop], [Operation], [Value], [IsDynamicValue], [TransactionUserId], [IsDeleted], [IsSearchPredicate], [Deleted_Token], [Type]) VALUES (N'24d32e4d-1f86-4a7e-b49a-7895e5763a25', N'105ec306-889a-4656-8655-f5268642aee7', N'FirstName', 2, NULL, 0, NULL, 0, 1, NULL, NULL)
INSERT INTO [ERPSettings].[Filter] ([IdFilter], [IdPredicateFormat], [Prop], [Operation], [Value], [IsDynamicValue], [TransactionUserId], [IsDeleted], [IsSearchPredicate], [Deleted_Token], [Type]) VALUES (N'891da963-d5c2-4b32-a343-c7c4ee43505a', N'021023c7-3d80-43bb-b63f-eb7d5c4db068', N'ContractReference', 2, NULL, 0, NULL, 0, 1, NULL, NULL)
INSERT INTO [ERPSettings].[Filter] ([IdFilter], [IdPredicateFormat], [Prop], [Operation], [Value], [IsDynamicValue], [TransactionUserId], [IsDeleted], [IsSearchPredicate], [Deleted_Token], [Type]) VALUES (N'908740c5-a0f7-4a87-82a3-99a1e2a03975', N'105ec306-889a-4656-8655-f5268642aee7', N'LastName', 2, NULL, 0, NULL, 0, 1, NULL, NULL)
INSERT INTO [ERPSettings].[Filter] ([IdFilter], [IdPredicateFormat], [Prop], [Operation], [Value], [IsDynamicValue], [TransactionUserId], [IsDeleted], [IsSearchPredicate], [Deleted_Token], [Type]) VALUES (N'a2e7fa42-ea3f-4ede-9315-1e48ae1d3169', N'93942994-fd79-4335-ae25-d6577ba98244', N'Id', NULL, NULL, 1, NULL, 0, NULL, NULL, NULL)
INSERT INTO [ERPSettings].[Component] ([IdComponent], [rank], [ComponentName], [IdComponentType], [IdFunctionality], [IdComponentParent], [FR], [EN], [AR], [DE], [CH], [ES], [IdButton], [classDiv], [classLabel], [class], [IsEncapsulated], [IdComponentChangedBy], [EntityName], [style], [ng_hide], [IsToInitialize], [IdFunctionalityForm], [IsFireChange]) VALUES (N'0207abf6-7bee-4bbe-8778-766ff8564247', 2, N'DIVCONTAINER1', 17, N'95220f17-16d4-44c8-ad10-ac6bb25fdfbc', N'069ea0f3-4a4b-4313-8669-9c365c92f462', N'Informations de catgorisation', N'Categorisation iformation', N'', N'', N'', N'', NULL, N'col-lg-12 col-md-12 col-sm-12', N'', N'', 0, NULL, N'SalaryRule', NULL, NULL, 1, N'95220f17-16d4-44c8-ad10-ac6bb25fdfbc', NULL)
INSERT INTO [ERPSettings].[Component] ([IdComponent], [rank], [ComponentName], [IdComponentType], [IdFunctionality], [IdComponentParent], [FR], [EN], [AR], [DE], [CH], [ES], [IdButton], [classDiv], [classLabel], [class], [IsEncapsulated], [IdComponentChangedBy], [EntityName], [style], [ng_hide], [IsToInitialize], [IdFunctionalityForm], [IsFireChange]) VALUES (N'02e40a24-768b-4fc1-9ab2-844110d0b48b', 1, N'DIV7', 9, N'95220f17-16d4-44c8-ad10-ac6bb25fdfbc', N'fe33f1f6-e646-466f-b8dd-611ec995bd7c', NULL, NULL, NULL, NULL, NULL, NULL, NULL, N'', N'', N'row', 0, NULL, N'SalaryRule', NULL, NULL, 1, N'95220f17-16d4-44c8-ad10-ac6bb25fdfbc', NULL)
INSERT INTO [ERPSettings].[Component] ([IdComponent], [rank], [ComponentName], [IdComponentType], [IdFunctionality], [IdComponentParent], [FR], [EN], [AR], [DE], [CH], [ES], [IdButton], [classDiv], [classLabel], [class], [IsEncapsulated], [IdComponentChangedBy], [EntityName], [style], [ng_hide], [IsToInitialize], [IdFunctionalityForm], [IsFireChange]) VALUES (N'04fb6f29-b306-436c-9b50-7c27edc8ddc5', 1, N'Rule', 1, N'95220f17-16d4-44c8-ad10-ac6bb25fdfbc', N'45952f49-5c23-42c7-ad16-66e271ad4a2f', N'Regle', N'Rule', N'Rule_AR', N'Rule_DE', N'Rule', N'Rule', N'e143c834-518e-4dee-94dd-5a371e232f05', N'form-group col-lg-12 col-md-12 col-sm-12', N'col-lg-4 col-md-4 col-sm-4', N'k-textbox', 0, NULL, N'Variable', N'height: 600px; width:100%; margin-left:15px; margin-top:15px;', NULL, 1, N'95220f17-16d4-44c8-ad10-ac6bb25fdfbc', NULL)
INSERT INTO [ERPSettings].[Component] ([IdComponent], [rank], [ComponentName], [IdComponentType], [IdFunctionality], [IdComponentParent], [FR], [EN], [AR], [DE], [CH], [ES], [IdButton], [classDiv], [classLabel], [class], [IsEncapsulated], [IdComponentChangedBy], [EntityName], [style], [ng_hide], [IsToInitialize], [IdFunctionalityForm], [IsFireChange]) VALUES (N'069ea0f3-4a4b-4313-8669-9c365c92f462', 1, N'FORM1', 6, N'95220f17-16d4-44c8-ad10-ac6bb25fdfbc', NULL, N'FORM1', N'FORM1_EN', N'FORM1_AR', N'FORM1_DE', N'FORM1_CH', N'FORM1_ES', NULL, N'col-lg-12 col-md-12 col-sm-12', N'col-lg-4 col-md-4 col-sm-4', N'container-fluid', 0, NULL, N'SalaryRule', NULL, NULL, 1, N'95220f17-16d4-44c8-ad10-ac6bb25fdfbc', NULL)
INSERT INTO [ERPSettings].[Component] ([IdComponent], [rank], [ComponentName], [IdComponentType], [IdFunctionality], [IdComponentParent], [FR], [EN], [AR], [DE], [CH], [ES], [IdButton], [classDiv], [classLabel], [class], [IsEncapsulated], [IdComponentChangedBy], [EntityName], [style], [ng_hide], [IsToInitialize], [IdFunctionalityForm], [IsFireChange]) VALUES (N'0f3e3a56-0948-4889-973f-b37e4493485f', 2, N'DIV4', 9, N'a4f40551-3b1d-4236-bb7d-0ce0e663ef5a', N'14421403-d04c-4b63-afe6-9c3a417a40d6', N'DIV4', N'DIV4_EN', N'DIV4_AR', N'DIV4_DE', N'DIV4_CH', N'DIV4_ES', NULL, N'', N'', N'btn-group', 0, NULL, N'Echellon', N'float:right;', NULL, 1, N'a4f40551-3b1d-4236-bb7d-0ce0e663ef5a', NULL)
INSERT INTO [ERPSettings].[Component] ([IdComponent], [rank], [ComponentName], [IdComponentType], [IdFunctionality], [IdComponentParent], [FR], [EN], [AR], [DE], [CH], [ES], [IdButton], [classDiv], [classLabel], [class], [IsEncapsulated], [IdComponentChangedBy], [EntityName], [style], [ng_hide], [IsToInitialize], [IdFunctionalityForm], [IsFireChange]) VALUES (N'14421403-d04c-4b63-afe6-9c3a417a40d6', 1, N'FORM1', 6, N'a4f40551-3b1d-4236-bb7d-0ce0e663ef5a', NULL, N'FORM1', N'FORM1_EN', N'FORM1_AR', N'FORM1_DE', N'FORM1_CH', N'FORM1_ES', NULL, N'col-lg-12 col-md-12 col-sm-12', N'', N'container-fluid', 0, NULL, N'Echellon', NULL, NULL, 1, N'a4f40551-3b1d-4236-bb7d-0ce0e663ef5a', NULL)
INSERT INTO [ERPSettings].[Component] ([IdComponent], [rank], [ComponentName], [IdComponentType], [IdFunctionality], [IdComponentParent], [FR], [EN], [AR], [DE], [CH], [ES], [IdButton], [classDiv], [classLabel], [class], [IsEncapsulated], [IdComponentChangedBy], [EntityName], [style], [ng_hide], [IsToInitialize], [IdFunctionalityForm], [IsFireChange]) VALUES (N'21a9f7c8-c0bc-45fe-8494-b05271f3a14c', 1, N'StartDate', 1, N'0acce7c4-1da6-4276-a199-a4db6270bfd7', N'87120823-97e8-4556-9527-530371fa31af', N'Date de dbut', N'Start date', N'', N'', N'', N'', N'fe066f75-6ad4-497a-ad97-647523a30353', N'form-group col-lg-4 col-md-6 col-sm-12', N'col-lg-12 col-md-12 col-sm-12', N'', 0, NULL, N'Payslip', NULL, NULL, 1, N'0acce7c4-1da6-4276-a199-a4db6270bfd7', NULL)
INSERT INTO [ERPSettings].[Component] ([IdComponent], [rank], [ComponentName], [IdComponentType], [IdFunctionality], [IdComponentParent], [FR], [EN], [AR], [DE], [CH], [ES], [IdButton], [classDiv], [classLabel], [class], [IsEncapsulated], [IdComponentChangedBy], [EntityName], [style], [ng_hide], [IsToInitialize], [IdFunctionalityForm], [IsFireChange]) VALUES (N'2550a785-b752-4828-9903-9d4681480878', 1, N'DIV1', 9, N'cd30e343-60c3-4f7d-a566-72fe0718a90b', N'4df00f69-d58c-45ea-8412-d5af26b6cbcb', N'DIV1', N'DIV1_EN', N'DIV1_AR', N'DIV1_DE', N'DIV1_CH', N'DIV1_ES', NULL, N'', N'', N'', 0, NULL, N'Job', NULL, NULL, 1, N'cd30e343-60c3-4f7d-a566-72fe0718a90b', NULL)
INSERT INTO [ERPSettings].[Component] ([IdComponent], [rank], [ComponentName], [IdComponentType], [IdFunctionality], [IdComponentParent], [FR], [EN], [AR], [DE], [CH], [ES], [IdButton], [classDiv], [classLabel], [class], [IsEncapsulated], [IdComponentChangedBy], [EntityName], [style], [ng_hide], [IsToInitialize], [IdFunctionalityForm], [IsFireChange]) VALUES (N'281a3910-b1d9-437b-9c60-fd84431c92e3', 1, N'Label', 1, N'a4f40551-3b1d-4236-bb7d-0ce0e663ef5a', N'dfe84904-d669-4c0e-883e-e326ca506c90', N'Nom', N'Label', N'Label', N'Label', N'Label', N'Label', N'bc1ade50-9e39-4748-be7a-3535d123b7a7', N'form-group col-lg-12 col-md-12 col-sm-12', N'col-lg-12 col-md-12 col-sm-12', N'k-textbox', 0, NULL, N'Echellon', NULL, NULL, 1, N'a4f40551-3b1d-4236-bb7d-0ce0e663ef5a', NULL)
INSERT INTO [ERPSettings].[Component] ([IdComponent], [rank], [ComponentName], [IdComponentType], [IdFunctionality], [IdComponentParent], [FR], [EN], [AR], [DE], [CH], [ES], [IdButton], [classDiv], [classLabel], [class], [IsEncapsulated], [IdComponentChangedBy], [EntityName], [style], [ng_hide], [IsToInitialize], [IdFunctionalityForm], [IsFireChange]) VALUES (N'2b6536a3-bdff-4e2d-8b34-948cbda563c4', 2, N'DIV2', 9, N'95220f17-16d4-44c8-ad10-ac6bb25fdfbc', N'e0ceb997-f294-4b40-90d2-09a03c5b6f56', N'DIV2', N'DIV2_EN', N'DIV2_AR', N'DIV2_DE', N'DIV2_CH', N'DIV2_ES', NULL, N'', N'', N'', 0, NULL, N'SalaryRule', NULL, NULL, 1, N'95220f17-16d4-44c8-ad10-ac6bb25fdfbc', NULL)
INSERT INTO [ERPSettings].[Component] ([IdComponent], [rank], [ComponentName], [IdComponentType], [IdFunctionality], [IdComponentParent], [FR], [EN], [AR], [DE], [CH], [ES], [IdButton], [classDiv], [classLabel], [class], [IsEncapsulated], [IdComponentChangedBy], [EntityName], [style], [ng_hide], [IsToInitialize], [IdFunctionalityForm], [IsFireChange]) VALUES (N'32106801-d09e-4287-9e09-9238a6a4ef63', 1, N'BUTTON1', 7, N'a4f40551-3b1d-4236-bb7d-0ce0e663ef5a', N'b5f3bd2e-be4b-41dd-b9cf-f0247ba2b87d', N'Retourner  la liste', N'Back to list', N'Retourner  la liste_AR', N'Retourner  la liste_DE', N'Retourner  la liste_CH', N'Retourner  la liste_ES', NULL, N'form-group col-lg-12 col-md-12 col-sm-12', N'', N'k-button', 0, NULL, N'Echellon', NULL, NULL, 1, N'a4f40551-3b1d-4236-bb7d-0ce0e663ef5a', NULL)
INSERT INTO [ERPSettings].[Component] ([IdComponent], [rank], [ComponentName], [IdComponentType], [IdFunctionality], [IdComponentParent], [FR], [EN], [AR], [DE], [CH], [ES], [IdButton], [classDiv], [classLabel], [class], [IsEncapsulated], [IdComponentChangedBy], [EntityName], [style], [ng_hide], [IsToInitialize], [IdFunctionalityForm], [IsFireChange]) VALUES (N'355051ef-1b27-413b-8696-5f99f970ea82', 2, N'DIV3', 9, N'cd30e343-60c3-4f7d-a566-72fe0718a90b', N'cfafe1b5-92d2-4b44-9b73-8d8da3abdd0e', NULL, NULL, NULL, NULL, NULL, NULL, NULL, N'', N'', N'', 0, NULL, N'Job', NULL, NULL, 1, N'cd30e343-60c3-4f7d-a566-72fe0718a90b', NULL)
INSERT INTO [ERPSettings].[Component] ([IdComponent], [rank], [ComponentName], [IdComponentType], [IdFunctionality], [IdComponentParent], [FR], [EN], [AR], [DE], [CH], [ES], [IdButton], [classDiv], [classLabel], [class], [IsEncapsulated], [IdComponentChangedBy], [EntityName], [style], [ng_hide], [IsToInitialize], [IdFunctionalityForm], [IsFireChange]) VALUES (N'3733ef3b-bd1a-4aa9-82b6-565ee032f306', 1, N'Label', 1, N'cd30e343-60c3-4f7d-a566-72fe0718a90b', N'e77c5cd2-1b58-4ee1-8948-bc1ad6a7e444', N'Titre', N'Title', N'Titre_AR', N'Titre_DE', N'Titre_CH', N'Titre_ES', N'b5e46ea1-ea75-4217-8d1f-e2e696b75931', N'form-group col-lg-12 col-md-12 col-sm-12', N'col-lg-4 col-md-4 col-sm-4', N'k-textbox', 0, NULL, N'Job', NULL, NULL, 1, N'cd30e343-60c3-4f7d-a566-72fe0718a90b', NULL)
INSERT INTO [ERPSettings].[Component] ([IdComponent], [rank], [ComponentName], [IdComponentType], [IdFunctionality], [IdComponentParent], [FR], [EN], [AR], [DE], [CH], [ES], [IdButton], [classDiv], [classLabel], [class], [IsEncapsulated], [IdComponentChangedBy], [EntityName], [style], [ng_hide], [IsToInitialize], [IdFunctionalityForm], [IsFireChange]) VALUES (N'3b1f9493-c256-4dda-9e71-dca35fed1e4b', 1, N'DIV1', 9, N'a6c247bc-d584-43a3-b995-f303e3b13c77', N'6c3704ba-689c-4dad-bfed-6bd8bd26e3cc', N'DIV1', N'DIV1_EN', N'DIV1_AR', N'DIV1_DE', N'DIV1_CH', N'DIV1_ES', NULL, N'', N'', N'', 0, NULL, N'SalaryStructure', NULL, NULL, 1, N'a6c247bc-d584-43a3-b995-f303e3b13c77', NULL)
INSERT INTO [ERPSettings].[Component] ([IdComponent], [rank], [ComponentName], [IdComponentType], [IdFunctionality], [IdComponentParent], [FR], [EN], [AR], [DE], [CH], [ES], [IdButton], [classDiv], [classLabel], [class], [IsEncapsulated], [IdComponentChangedBy], [EntityName], [style], [ng_hide], [IsToInitialize], [IdFunctionalityForm], [IsFireChange]) VALUES (N'3b9e21e5-f1ef-4964-a7ad-a11f6df1606b', 1, N'IdRuleType', 11, N'95220f17-16d4-44c8-ad10-ac6bb25fdfbc', N'7a612470-7986-4ae0-9941-ce750253dfaf', N'Type de regle', N'Parent', N'Parent_AR', N'Parent_DE', N'Parent_CH', N'Type de reglement_ES', N'e143c834-518e-4dee-94dd-5a371e232f05', N'form-group col-lg-4 col-md-6 col-sm-12', N'col-lg-12 col-md-12 col-sm-12', N'', 0, NULL, N'SalaryRule', NULL, NULL, 1, N'95220f17-16d4-44c8-ad10-ac6bb25fdfbc', NULL)
INSERT INTO [ERPSettings].[Component] ([IdComponent], [rank], [ComponentName], [IdComponentType], [IdFunctionality], [IdComponentParent], [FR], [EN], [AR], [DE], [CH], [ES], [IdButton], [classDiv], [classLabel], [class], [IsEncapsulated], [IdComponentChangedBy], [EntityName], [style], [ng_hide], [IsToInitialize], [IdFunctionalityForm], [IsFireChange]) VALUES (N'45952f49-5c23-42c7-ad16-66e271ad4a2f', 3, N'DIVCONTAINER1', 17, N'95220f17-16d4-44c8-ad10-ac6bb25fdfbc', N'069ea0f3-4a4b-4313-8669-9c365c92f462', N'Formule de la rgle', N'Salary rule formule', N'', N'', N'', N'', NULL, N'col-lg-12 col-md-12 col-sm-12', N'', N'', 0, NULL, N'SalaryRule', NULL, NULL, 1, N'95220f17-16d4-44c8-ad10-ac6bb25fdfbc', NULL)
INSERT INTO [ERPSettings].[Component] ([IdComponent], [rank], [ComponentName], [IdComponentType], [IdFunctionality], [IdComponentParent], [FR], [EN], [AR], [DE], [CH], [ES], [IdButton], [classDiv], [classLabel], [class], [IsEncapsulated], [IdComponentChangedBy], [EntityName], [style], [ng_hide], [IsToInitialize], [IdFunctionalityForm], [IsFireChange]) VALUES (N'4846b300-2246-46c3-8fbe-4cc1d42f08de', 1, N'DIV4', 9, N'484b7de1-561e-4a44-91dc-c8ea4c33d0f1', N'4cfd09d3-7fda-46b3-b15f-90fa2ced1413', N'DIV4', N'DIV4', N'DIV4', N'DIV4', N'DIV4', N'DIV4', NULL, N'', N'', N'row', 0, NULL, N'Grade', NULL, NULL, 1, N'484b7de1-561e-4a44-91dc-c8ea4c33d0f1', NULL)
INSERT INTO [ERPSettings].[Component] ([IdComponent], [rank], [ComponentName], [IdComponentType], [IdFunctionality], [IdComponentParent], [FR], [EN], [AR], [DE], [CH], [ES], [IdButton], [classDiv], [classLabel], [class], [IsEncapsulated], [IdComponentChangedBy], [EntityName], [style], [ng_hide], [IsToInitialize], [IdFunctionalityForm], [IsFireChange]) VALUES (N'4cfd09d3-7fda-46b3-b15f-90fa2ced1413', 1, N'DIVCONTAINER1', 17, N'484b7de1-561e-4a44-91dc-c8ea4c33d0f1', N'fb000dca-e004-46ba-8cd9-2cc7dbdd3641', N'Modifier un grade', N'Modify a grade', N'', N'', N'', N'', NULL, N'', N'', N'', 0, NULL, N'Grade', NULL, NULL, 1, N'484b7de1-561e-4a44-91dc-c8ea4c33d0f1', NULL)
INSERT INTO [ERPSettings].[Component] ([IdComponent], [rank], [ComponentName], [IdComponentType], [IdFunctionality], [IdComponentParent], [FR], [EN], [AR], [DE], [CH], [ES], [IdButton], [classDiv], [classLabel], [class], [IsEncapsulated], [IdComponentChangedBy], [EntityName], [style], [ng_hide], [IsToInitialize], [IdFunctionalityForm], [IsFireChange]) VALUES (N'4df00f69-d58c-45ea-8412-d5af26b6cbcb', 1, N'DIV4', 9, N'cd30e343-60c3-4f7d-a566-72fe0718a90b', N'355051ef-1b27-413b-8696-5f99f970ea82', N'DIV4', N'DIV4_EN', N'DIV4_AR', N'DIV4_DE', N'DIV4_CH', N'DIV4_ES', NULL, N'', N'', N'float:right;', 0, NULL, N'Job', N'display:inline-flex;float:right', NULL, 1, N'cd30e343-60c3-4f7d-a566-72fe0718a90b', NULL)
INSERT INTO [ERPSettings].[Component] ([IdComponent], [rank], [ComponentName], [IdComponentType], [IdFunctionality], [IdComponentParent], [FR], [EN], [AR], [DE], [CH], [ES], [IdButton], [classDiv], [classLabel], [class], [IsEncapsulated], [IdComponentChangedBy], [EntityName], [style], [ng_hide], [IsToInitialize], [IdFunctionalityForm], [IsFireChange]) VALUES (N'4e29ff7a-da9c-4862-968e-6253cafeef6f', 1, N'DIV1', 9, N'9fcc79e1-fe21-4415-ad86-c35fcd318638', N'fcb19580-e5df-4174-b87d-54d69226f5a3', NULL, NULL, NULL, NULL, NULL, NULL, NULL, N'', N'', N'col-lg-12 col-md-12 col-sm-12', 0, NULL, NULL, NULL, NULL, 1, N'78dfa306-e1a5-4530-9be4-fea0cc1cc31f', NULL)
INSERT INTO [ERPSettings].[Component] ([IdComponent], [rank], [ComponentName], [IdComponentType], [IdFunctionality], [IdComponentParent], [FR], [EN], [AR], [DE], [CH], [ES], [IdButton], [classDiv], [classLabel], [class], [IsEncapsulated], [IdComponentChangedBy], [EntityName], [style], [ng_hide], [IsToInitialize], [IdFunctionalityForm], [IsFireChange]) VALUES (N'5dd83122-91db-44e5-978f-b32f4893c8a9', 1, N'Order', 1, N'a6c247bc-d584-43a3-b995-f303e3b13c77', N'99a84766-8b48-4e41-bc6a-23ab2ef5dbde', N'Ordre', N'Order', N'', N'', N'', N'', N'f8a3b97e-9114-4953-971d-7b0a918ca9a2', N'form-group col-lg-6 col-md-6 col-sm-12', N'col-lg-12 col-md-12 col-sm-12', N'', 0, NULL, N'SalaryStructure', NULL, NULL, 1, N'a6c247bc-d584-43a3-b995-f303e3b13c77', NULL)
INSERT INTO [ERPSettings].[Component] ([IdComponent], [rank], [ComponentName], [IdComponentType], [IdFunctionality], [IdComponentParent], [FR], [EN], [AR], [DE], [CH], [ES], [IdButton], [classDiv], [classLabel], [class], [IsEncapsulated], [IdComponentChangedBy], [EntityName], [style], [ng_hide], [IsToInitialize], [IdFunctionalityForm], [IsFireChange]) VALUES (N'5ecf290d-58b9-451e-8b07-89148d142ccd', 2, N'EndDate', 1, N'0acce7c4-1da6-4276-a199-a4db6270bfd7', N'87120823-97e8-4556-9527-530371fa31af', N'Date de fin', N'End date', N'', N'', N'', N'', N'fe066f75-6ad4-497a-ad97-647523a30353', N'form-group col-lg-4 col-md-6 col-sm-12', N'col-lg-12 col-md-12 col-sm-12', N'', 0, NULL, N'Payslip', NULL, NULL, 1, N'0acce7c4-1da6-4276-a199-a4db6270bfd7', NULL)
INSERT INTO [ERPSettings].[Component] ([IdComponent], [rank], [ComponentName], [IdComponentType], [IdFunctionality], [IdComponentParent], [FR], [EN], [AR], [DE], [CH], [ES], [IdButton], [classDiv], [classLabel], [class], [IsEncapsulated], [IdComponentChangedBy], [EntityName], [style], [ng_hide], [IsToInitialize], [IdFunctionalityForm], [IsFireChange]) VALUES (N'637ea051-e2d5-4b4c-b11b-57f44d350035', 2, N'IdEmployee', 8, N'0acce7c4-1da6-4276-a199-a4db6270bfd7', N'e105d9a5-106e-4919-81a0-474dd7c6c540', N'Employ', N'Employee', N'', N'', N'', N'Pays_ES', N'fe066f75-6ad4-497a-ad97-647523a30353', N'form-group col-lg-4 col-md-6 col-sm-12', N'col-lg-12 col-md-12 col-sm-12', N'', 0, NULL, N'Payslip', NULL, NULL, 1, N'0acce7c4-1da6-4276-a199-a4db6270bfd7', NULL)
INSERT INTO [ERPSettings].[Component] ([IdComponent], [rank], [ComponentName], [IdComponentType], [IdFunctionality], [IdComponentParent], [FR], [EN], [AR], [DE], [CH], [ES], [IdButton], [classDiv], [classLabel], [class], [IsEncapsulated], [IdComponentChangedBy], [EntityName], [style], [ng_hide], [IsToInitialize], [IdFunctionalityForm], [IsFireChange]) VALUES (N'665286a0-acb1-4e17-bf09-98d87da33548', 1, N'Label', 1, N'484b7de1-561e-4a44-91dc-c8ea4c33d0f1', N'4846b300-2246-46c3-8fbe-4cc1d42f08de', N'Nom', N'Label', N'Label', N'Label', N'Label', N'Label', N'7d852a2e-3219-4bcd-8a11-490e0f10bfed', N'form-group col-lg-12 col-md-12 col-sm-12', N'col-lg-12 col-md-12 col-sm-12', N'k-textbox', 0, NULL, N'Grade', NULL, NULL, 1, N'484b7de1-561e-4a44-91dc-c8ea4c33d0f1', NULL)
INSERT INTO [ERPSettings].[Component] ([IdComponent], [rank], [ComponentName], [IdComponentType], [IdFunctionality], [IdComponentParent], [FR], [EN], [AR], [DE], [CH], [ES], [IdButton], [classDiv], [classLabel], [class], [IsEncapsulated], [IdComponentChangedBy], [EntityName], [style], [ng_hide], [IsToInitialize], [IdFunctionalityForm], [IsFireChange]) VALUES (N'6a59c540-45a9-46e1-a431-82ccead6271e', 2, N'DIV2', 9, N'a6c247bc-d584-43a3-b995-f303e3b13c77', N'6c3704ba-689c-4dad-bfed-6bd8bd26e3cc', N'DIV2', N'DIV2_EN', N'DIV2_AR', N'DIV2_DE', N'DIV2_CH', N'DIV2_ES', NULL, N'', N'', N'', 0, NULL, N'SalaryStructure', NULL, NULL, 1, N'a6c247bc-d584-43a3-b995-f303e3b13c77', NULL)
INSERT INTO [ERPSettings].[Component] ([IdComponent], [rank], [ComponentName], [IdComponentType], [IdFunctionality], [IdComponentParent], [FR], [EN], [AR], [DE], [CH], [ES], [IdButton], [classDiv], [classLabel], [class], [IsEncapsulated], [IdComponentChangedBy], [EntityName], [style], [ng_hide], [IsToInitialize], [IdFunctionalityForm], [IsFireChange]) VALUES (N'6c3704ba-689c-4dad-bfed-6bd8bd26e3cc', 2, N'DIV4', 9, N'a6c247bc-d584-43a3-b995-f303e3b13c77', N'93b7637f-f697-440d-920e-82d630879e31', N'DIV4', N'DIV4_EN', N'DIV4_AR', N'DIV4_DE', N'DIV4_CH', N'DIV4_ES', NULL, N'', N'', N'btn-group', 0, NULL, N'SalaryStructure', N'display:inline-flex;float:right', NULL, 1, N'a6c247bc-d584-43a3-b995-f303e3b13c77', NULL)
INSERT INTO [ERPSettings].[Component] ([IdComponent], [rank], [ComponentName], [IdComponentType], [IdFunctionality], [IdComponentParent], [FR], [EN], [AR], [DE], [CH], [ES], [IdButton], [classDiv], [classLabel], [class], [IsEncapsulated], [IdComponentChangedBy], [EntityName], [style], [ng_hide], [IsToInitialize], [IdFunctionalityForm], [IsFireChange]) VALUES (N'6c4eefe6-864d-47ce-aceb-94a629260213', 1, N'FORM1', 6, N'0acce7c4-1da6-4276-a199-a4db6270bfd7', NULL, N'FORM1', N'FORM1_EN', N'FORM1_AR', N'FORM1_DE', N'FORM1_CH', N'FORM1_ES', NULL, N'col-lg-12 col-md-12 col-sm-12', N'col-lg-4 col-md-4 col-sm-4', N'', 0, NULL, N'Payslip', NULL, NULL, 1, N'0acce7c4-1da6-4276-a199-a4db6270bfd7', NULL)
INSERT INTO [ERPSettings].[Component] ([IdComponent], [rank], [ComponentName], [IdComponentType], [IdFunctionality], [IdComponentParent], [FR], [EN], [AR], [DE], [CH], [ES], [IdButton], [classDiv], [classLabel], [class], [IsEncapsulated], [IdComponentChangedBy], [EntityName], [style], [ng_hide], [IsToInitialize], [IdFunctionalityForm], [IsFireChange]) VALUES (N'6f81873a-1880-4b9d-b2c7-dacd3a960073', 1, N'DIVCONTAINER1', 17, N'a6c247bc-d584-43a3-b995-f303e3b13c77', N'93b7637f-f697-440d-920e-82d630879e31', N'Modifier une structure salariale', N'Update salary structure', N'', N'', N'', N'', NULL, N'', N'', N'', 0, NULL, N'Variable', NULL, NULL, 1, N'a6c247bc-d584-43a3-b995-f303e3b13c77', NULL)
INSERT INTO [ERPSettings].[Component] ([IdComponent], [rank], [ComponentName], [IdComponentType], [IdFunctionality], [IdComponentParent], [FR], [EN], [AR], [DE], [CH], [ES], [IdButton], [classDiv], [classLabel], [class], [IsEncapsulated], [IdComponentChangedBy], [EntityName], [style], [ng_hide], [IsToInitialize], [IdFunctionalityForm], [IsFireChange]) VALUES (N'7346df91-10c7-4930-af3f-bcc4a2844e22', 2, N'Name', 1, N'a6c247bc-d584-43a3-b995-f303e3b13c77', N'ad6d492a-84d0-4aa0-8676-38f2a8b97814', N'Nom', N'Name', N'', N'', N'', N'', N'f8a3b97e-9114-4953-971d-7b0a918ca9a2', N'form-group col-lg-6 col-md-6 col-sm-12', N'col-lg-12 col-md-12 col-sm-12', N'k-textbox', 0, NULL, N'SalaryStructure', N'', NULL, 1, N'a6c247bc-d584-43a3-b995-f303e3b13c77', NULL)
INSERT INTO [ERPSettings].[Component] ([IdComponent], [rank], [ComponentName], [IdComponentType], [IdFunctionality], [IdComponentParent], [FR], [EN], [AR], [DE], [CH], [ES], [IdButton], [classDiv], [classLabel], [class], [IsEncapsulated], [IdComponentChangedBy], [EntityName], [style], [ng_hide], [IsToInitialize], [IdFunctionalityForm], [IsFireChange]) VALUES (N'7a612470-7986-4ae0-9941-ce750253dfaf', 1, N'DIV2', 9, N'95220f17-16d4-44c8-ad10-ac6bb25fdfbc', N'0207abf6-7bee-4bbe-8778-766ff8564247', NULL, NULL, NULL, NULL, NULL, NULL, NULL, N'', N'', N'row', 0, NULL, N'SalaryRule', NULL, NULL, 1, N'95220f17-16d4-44c8-ad10-ac6bb25fdfbc', NULL)
INSERT INTO [ERPSettings].[Component] ([IdComponent], [rank], [ComponentName], [IdComponentType], [IdFunctionality], [IdComponentParent], [FR], [EN], [AR], [DE], [CH], [ES], [IdButton], [classDiv], [classLabel], [class], [IsEncapsulated], [IdComponentChangedBy], [EntityName], [style], [ng_hide], [IsToInitialize], [IdFunctionalityForm], [IsFireChange]) VALUES (N'7d852a2e-3219-4bcd-8a11-490e0f10bfed', 1, N'BUTTON1', 7, N'484b7de1-561e-4a44-91dc-c8ea4c33d0f1', N'fbffe938-20e6-4827-9b70-0e9379ce430d', N'Mettre  jour', N'Update', N'Enregistrer_AR', N'Enregistrer_DE', N'Enregistrer_CH', N'Enregistrer_ES', NULL, N'form-group col-lg-12 col-md-12 col-sm-12', N'col-lg-4 col-md-4 col-sm-4', N'k-button', 0, NULL, N'SalaryStructure', NULL, NULL, 1, N'484b7de1-561e-4a44-91dc-c8ea4c33d0f1', NULL)
INSERT INTO [ERPSettings].[Component] ([IdComponent], [rank], [ComponentName], [IdComponentType], [IdFunctionality], [IdComponentParent], [FR], [EN], [AR], [DE], [CH], [ES], [IdButton], [classDiv], [classLabel], [class], [IsEncapsulated], [IdComponentChangedBy], [EntityName], [style], [ng_hide], [IsToInitialize], [IdFunctionalityForm], [IsFireChange]) VALUES (N'84e3697c-433a-4d64-abbf-3e41776623bd', 2, N'IdParent', 11, N'a6c247bc-d584-43a3-b995-f303e3b13c77', N'99a84766-8b48-4e41-bc6a-23ab2ef5dbde', N'Parent', N'Parent', N'Parent_AR', N'Parent_DE', N'Parent_CH', N'Type de reglement_ES', N'f8a3b97e-9114-4953-971d-7b0a918ca9a2', N'form-group col-lg-6 col-md-6 col-sm-12', N'col-lg-12 col-md-12 col-sm-12', N'', 0, NULL, N'SalaryStructure', NULL, NULL, 1, N'a6c247bc-d584-43a3-b995-f303e3b13c77', NULL)
INSERT INTO [ERPSettings].[Component] ([IdComponent], [rank], [ComponentName], [IdComponentType], [IdFunctionality], [IdComponentParent], [FR], [EN], [AR], [DE], [CH], [ES], [IdButton], [classDiv], [classLabel], [class], [IsEncapsulated], [IdComponentChangedBy], [EntityName], [style], [ng_hide], [IsToInitialize], [IdFunctionalityForm], [IsFireChange]) VALUES (N'86a231ee-49b7-4369-b54e-0185d2f636ab', 5, N'Description', 1, N'95220f17-16d4-44c8-ad10-ac6bb25fdfbc', N'02e40a24-768b-4fc1-9ab2-844110d0b48b', N'Description', N'Description_EN', N'Description_AR', N'Description_DE', N'Description_CH', N'Description_ES ', N'e143c834-518e-4dee-94dd-5a371e232f05', N'form-group col-lg-4 col-md-6 col-sm-12', N'col-lg-12 col-md-12 col-sm-12', N'k-textbox', 0, NULL, N'SalaryRule', N'height: 100px;', NULL, 1, N'95220f17-16d4-44c8-ad10-ac6bb25fdfbc', NULL)
INSERT INTO [ERPSettings].[Component] ([IdComponent], [rank], [ComponentName], [IdComponentType], [IdFunctionality], [IdComponentParent], [FR], [EN], [AR], [DE], [CH], [ES], [IdButton], [classDiv], [classLabel], [class], [IsEncapsulated], [IdComponentChangedBy], [EntityName], [style], [ng_hide], [IsToInitialize], [IdFunctionalityForm], [IsFireChange]) VALUES (N'87120823-97e8-4556-9527-530371fa31af', 2, N'DIV3', 9, N'0acce7c4-1da6-4276-a199-a4db6270bfd7', N'a0c075b3-061b-4336-8fe3-05db1b354358', NULL, NULL, NULL, NULL, NULL, NULL, NULL, N'', N'', N'row', 0, NULL, N'Payslip', NULL, NULL, 1, N'0acce7c4-1da6-4276-a199-a4db6270bfd7', NULL)
INSERT INTO [ERPSettings].[Component] ([IdComponent], [rank], [ComponentName], [IdComponentType], [IdFunctionality], [IdComponentParent], [FR], [EN], [AR], [DE], [CH], [ES], [IdButton], [classDiv], [classLabel], [class], [IsEncapsulated], [IdComponentChangedBy], [EntityName], [style], [ng_hide], [IsToInitialize], [IdFunctionalityForm], [IsFireChange]) VALUES (N'8b31f523-123d-4cd4-a998-f275456bc9b9', 2, N'Name', 1, N'95220f17-16d4-44c8-ad10-ac6bb25fdfbc', N'02e40a24-768b-4fc1-9ab2-844110d0b48b', N'Nom', N'Name', N'Name', N'Name', N'Reference', N'Reference', N'e143c834-518e-4dee-94dd-5a371e232f05', N'form-group col-lg-4 col-md-6 col-sm-12', N'col-lg-12 col-md-12 col-sm-12', N'k-textbox', 0, NULL, N'SalaryRule', NULL, NULL, 1, N'95220f17-16d4-44c8-ad10-ac6bb25fdfbc', NULL)
INSERT INTO [ERPSettings].[Component] ([IdComponent], [rank], [ComponentName], [IdComponentType], [IdFunctionality], [IdComponentParent], [FR], [EN], [AR], [DE], [CH], [ES], [IdButton], [classDiv], [classLabel], [class], [IsEncapsulated], [IdComponentChangedBy], [EntityName], [style], [ng_hide], [IsToInitialize], [IdFunctionalityForm], [IsFireChange]) VALUES (N'93b7637f-f697-440d-920e-82d630879e31', 1, N'FORM1', 6, N'a6c247bc-d584-43a3-b995-f303e3b13c77', NULL, N'FORM1', N'FORM1_EN', N'FORM1_AR', N'FORM1_DE', N'FORM1_CH', N'FORM1_ES', NULL, N'col-lg-12 col-md-12 col-sm-12', N'', N'container-fluid', 0, NULL, N'SalaryStructure', NULL, NULL, 1, N'a6c247bc-d584-43a3-b995-f303e3b13c77', NULL)
INSERT INTO [ERPSettings].[Component] ([IdComponent], [rank], [ComponentName], [IdComponentType], [IdFunctionality], [IdComponentParent], [FR], [EN], [AR], [DE], [CH], [ES], [IdButton], [classDiv], [classLabel], [class], [IsEncapsulated], [IdComponentChangedBy], [EntityName], [style], [ng_hide], [IsToInitialize], [IdFunctionalityForm], [IsFireChange]) VALUES (N'9456e460-17bc-4cd8-99e6-0dfa4908ee98', 1, N'BUTTON1', 7, N'cd30e343-60c3-4f7d-a566-72fe0718a90b', N'2550a785-b752-4828-9903-9d4681480878', N'Retourner  la liste', N'Back to list', N'Retourner  la liste_AR', N'Retourner  la liste_DE', N'Retourner  la liste_CH', N'Retourner  la liste_ES', NULL, N'form-group col-lg-12 col-md-12 col-sm-12', N'col-lg-4 col-md-4 col-sm-4', N'k-button', 0, NULL, N'Job', NULL, NULL, 1, N'cd30e343-60c3-4f7d-a566-72fe0718a90b', NULL)
INSERT INTO [ERPSettings].[Component] ([IdComponent], [rank], [ComponentName], [IdComponentType], [IdFunctionality], [IdComponentParent], [FR], [EN], [AR], [DE], [CH], [ES], [IdButton], [classDiv], [classLabel], [class], [IsEncapsulated], [IdComponentChangedBy], [EntityName], [style], [ng_hide], [IsToInitialize], [IdFunctionalityForm], [IsFireChange]) VALUES (N'99a84766-8b48-4e41-bc6a-23ab2ef5dbde', 2, N'DIV4', 9, N'a6c247bc-d584-43a3-b995-f303e3b13c77', N'6f81873a-1880-4b9d-b2c7-dacd3a960073', N'DIV4', N'DIV4', N'DIV4', N'DIV4', N'DIV4', N'DIV4', NULL, N'', N'', N'row', 0, NULL, N'SalaryStructure', NULL, NULL, 1, N'a6c247bc-d584-43a3-b995-f303e3b13c77', NULL)
INSERT INTO [ERPSettings].[Component] ([IdComponent], [rank], [ComponentName], [IdComponentType], [IdFunctionality], [IdComponentParent], [FR], [EN], [AR], [DE], [CH], [ES], [IdButton], [classDiv], [classLabel], [class], [IsEncapsulated], [IdComponentChangedBy], [EntityName], [style], [ng_hide], [IsToInitialize], [IdFunctionalityForm], [IsFireChange]) VALUES (N'9de28579-7bf6-48b7-8815-c79a3da2c04a', 1, N'BUTTON1', 7, N'0acce7c4-1da6-4276-a199-a4db6270bfd7', N'c37075c2-f3c0-4943-a4a2-2b51cae777bc', N'Retourner  la liste', N'Back to list', N'Retourner  la liste_AR', N'Retourner  la liste_DE', N'Retourner  la liste_CH', N'Retourner  la liste_ES', NULL, N'form-group col-lg-12 col-md-12 col-sm-12', N'col-lg-4 col-md-4 col-sm-4', N'k-button', 0, NULL, N'Payslip', NULL, NULL, 1, N'0acce7c4-1da6-4276-a199-a4db6270bfd7', NULL)
INSERT INTO [ERPSettings].[Component] ([IdComponent], [rank], [ComponentName], [IdComponentType], [IdFunctionality], [IdComponentParent], [FR], [EN], [AR], [DE], [CH], [ES], [IdButton], [classDiv], [classLabel], [class], [IsEncapsulated], [IdComponentChangedBy], [EntityName], [style], [ng_hide], [IsToInitialize], [IdFunctionalityForm], [IsFireChange]) VALUES (N'a0c075b3-061b-4336-8fe3-05db1b354358', 1, N'DIVCONTAINER1', 17, N'0acce7c4-1da6-4276-a199-a4db6270bfd7', N'6c4eefe6-864d-47ce-aceb-94a629260213', N'Modifier un bulletin de paie', N'Modify payslip', N'', N'', N'', N'', NULL, N'col-lg-12 col-md-12 col-sm-12', N'', N'', 0, NULL, N'Payslip', NULL, NULL, 1, N'0acce7c4-1da6-4276-a199-a4db6270bfd7', NULL)
INSERT INTO [ERPSettings].[Component] ([IdComponent], [rank], [ComponentName], [IdComponentType], [IdFunctionality], [IdComponentParent], [FR], [EN], [AR], [DE], [CH], [ES], [IdButton], [classDiv], [classLabel], [class], [IsEncapsulated], [IdComponentChangedBy], [EntityName], [style], [ng_hide], [IsToInitialize], [IdFunctionalityForm], [IsFireChange]) VALUES (N'ad6d492a-84d0-4aa0-8676-38f2a8b97814', 1, N'DIV4', 9, N'a6c247bc-d584-43a3-b995-f303e3b13c77', N'6f81873a-1880-4b9d-b2c7-dacd3a960073', N'DIV4', N'DIV4', N'DIV4', N'DIV4', N'DIV4', N'DIV4', NULL, N'', N'', N'row', 0, NULL, N'SalaryStructure', NULL, NULL, 1, N'a6c247bc-d584-43a3-b995-f303e3b13c77', NULL)
INSERT INTO [ERPSettings].[Component] ([IdComponent], [rank], [ComponentName], [IdComponentType], [IdFunctionality], [IdComponentParent], [FR], [EN], [AR], [DE], [CH], [ES], [IdButton], [classDiv], [classLabel], [class], [IsEncapsulated], [IdComponentChangedBy], [EntityName], [style], [ng_hide], [IsToInitialize], [IdFunctionalityForm], [IsFireChange]) VALUES (N'ae8484b0-9464-47b9-950e-1b4f46b8a7dd', 2, N'DIV2', 9, N'a4f40551-3b1d-4236-bb7d-0ce0e663ef5a', N'0f3e3a56-0948-4889-973f-b37e4493485f', N'DIV2', N'DIV2_EN', N'DIV2_AR', N'DIV2_DE', N'DIV2_CH', N'DIV2_ES', NULL, N'', N'', N'', 0, NULL, N'Echellon', NULL, NULL, 1, N'a4f40551-3b1d-4236-bb7d-0ce0e663ef5a', NULL)
INSERT INTO [ERPSettings].[Component] ([IdComponent], [rank], [ComponentName], [IdComponentType], [IdFunctionality], [IdComponentParent], [FR], [EN], [AR], [DE], [CH], [ES], [IdButton], [classDiv], [classLabel], [class], [IsEncapsulated], [IdComponentChangedBy], [EntityName], [style], [ng_hide], [IsToInitialize], [IdFunctionalityForm], [IsFireChange]) VALUES (N'aed026c1-de4b-447c-930f-addbfb81dbf4', 1, N'DIV1', 9, N'484b7de1-561e-4a44-91dc-c8ea4c33d0f1', N'e7f3395d-f0dc-42a8-b4bb-644c59427043', N'DIV1', N'DIV1_EN', N'DIV1_AR', N'DIV1_DE', N'DIV1_CH', N'DIV1_ES', NULL, N'', N'', N'', 0, NULL, N'Grade', NULL, NULL, 1, N'484b7de1-561e-4a44-91dc-c8ea4c33d0f1', NULL)
INSERT INTO [ERPSettings].[Component] ([IdComponent], [rank], [ComponentName], [IdComponentType], [IdFunctionality], [IdComponentParent], [FR], [EN], [AR], [DE], [CH], [ES], [IdButton], [classDiv], [classLabel], [class], [IsEncapsulated], [IdComponentChangedBy], [EntityName], [style], [ng_hide], [IsToInitialize], [IdFunctionalityForm], [IsFireChange]) VALUES (N'b4c123d4-5324-4a7f-8abe-dc6553d8136e', 2, N'DIV4', 9, N'0acce7c4-1da6-4276-a199-a4db6270bfd7', N'6c4eefe6-864d-47ce-aceb-94a629260213', N'DIV4', N'DIV4_EN', N'DIV4_AR', N'DIV4_DE', N'DIV4_CH', N'DIV4_ES', NULL, N'', N'', N'btn-group', 0, NULL, N'Payslip', N'float:right;', NULL, 1, N'0acce7c4-1da6-4276-a199-a4db6270bfd7', NULL)
INSERT INTO [ERPSettings].[Component] ([IdComponent], [rank], [ComponentName], [IdComponentType], [IdFunctionality], [IdComponentParent], [FR], [EN], [AR], [DE], [CH], [ES], [IdButton], [classDiv], [classLabel], [class], [IsEncapsulated], [IdComponentChangedBy], [EntityName], [style], [ng_hide], [IsToInitialize], [IdFunctionalityForm], [IsFireChange]) VALUES (N'b5e46ea1-ea75-4217-8d1f-e2e696b75931', 1, N'BUTTON1', 7, N'cd30e343-60c3-4f7d-a566-72fe0718a90b', N'c67e1183-a7d1-4d2f-864b-1ac0abf77de6', N'Mettre  jour ', N'Update', N'Enregistrer_AR', N'Enregistrer_DE', N'Enregistrer_CH', N'Enregistrer_ES', NULL, N'form-group col-lg-12 col-md-12 col-sm-12', N'col-lg-4 col-md-4 col-sm-4', N'k-button', 0, NULL, N'Job', NULL, NULL, 1, N'cd30e343-60c3-4f7d-a566-72fe0718a90b', NULL)
INSERT INTO [ERPSettings].[Component] ([IdComponent], [rank], [ComponentName], [IdComponentType], [IdFunctionality], [IdComponentParent], [FR], [EN], [AR], [DE], [CH], [ES], [IdButton], [classDiv], [classLabel], [class], [IsEncapsulated], [IdComponentChangedBy], [EntityName], [style], [ng_hide], [IsToInitialize], [IdFunctionalityForm], [IsFireChange]) VALUES (N'b5f3bd2e-be4b-41dd-b9cf-f0247ba2b87d', 1, N'DIV1', 9, N'a4f40551-3b1d-4236-bb7d-0ce0e663ef5a', N'0f3e3a56-0948-4889-973f-b37e4493485f', N'DIV1', N'DIV1_EN', N'DIV1_AR', N'DIV1_DE', N'DIV1_CH', N'DIV1_ES', NULL, N'', N'', N'', 0, NULL, N'Echellon', NULL, NULL, 1, N'a4f40551-3b1d-4236-bb7d-0ce0e663ef5a', NULL)
INSERT INTO [ERPSettings].[Component] ([IdComponent], [rank], [ComponentName], [IdComponentType], [IdFunctionality], [IdComponentParent], [FR], [EN], [AR], [DE], [CH], [ES], [IdButton], [classDiv], [classLabel], [class], [IsEncapsulated], [IdComponentChangedBy], [EntityName], [style], [ng_hide], [IsToInitialize], [IdFunctionalityForm], [IsFireChange]) VALUES (N'b68fedf9-c8e2-45ab-8a24-ac9fe737cbd1', 1, N'PayslipNumber', 1, N'0acce7c4-1da6-4276-a199-a4db6270bfd7', N'e105d9a5-106e-4919-81a0-474dd7c6c540', N'Numro du bulletin', N'Payslip number', N'Numro_AR', N'Numro_DE', N'Numro_CH', N'Numro_ES', N'fe066f75-6ad4-497a-ad97-647523a30353', N'form-group col-lg-4 col-md-6 col-sm-12', N'col-lg-12 col-md-12 col-sm-12', N'k-textbox', 0, NULL, N'Payslip', NULL, NULL, 1, N'0acce7c4-1da6-4276-a199-a4db6270bfd7', NULL)
INSERT INTO [ERPSettings].[Component] ([IdComponent], [rank], [ComponentName], [IdComponentType], [IdFunctionality], [IdComponentParent], [FR], [EN], [AR], [DE], [CH], [ES], [IdButton], [classDiv], [classLabel], [class], [IsEncapsulated], [IdComponentChangedBy], [EntityName], [style], [ng_hide], [IsToInitialize], [IdFunctionalityForm], [IsFireChange]) VALUES (N'b6e5d9eb-bf64-43b4-93f9-4e0420bd8cae', 3, N'DIV4', 9, N'0acce7c4-1da6-4276-a199-a4db6270bfd7', N'a0c075b3-061b-4336-8fe3-05db1b354358', N'', N'', N'', N'', N'', N'', NULL, N'', N'', N'row', 0, NULL, N'Payslip', NULL, NULL, 1, N'0acce7c4-1da6-4276-a199-a4db6270bfd7', NULL)
INSERT INTO [ERPSettings].[Component] ([IdComponent], [rank], [ComponentName], [IdComponentType], [IdFunctionality], [IdComponentParent], [FR], [EN], [AR], [DE], [CH], [ES], [IdButton], [classDiv], [classLabel], [class], [IsEncapsulated], [IdComponentChangedBy], [EntityName], [style], [ng_hide], [IsToInitialize], [IdFunctionalityForm], [IsFireChange]) VALUES (N'b9d6ebe6-390d-4ce5-a85b-c3e0b8885d70', 1, N'ExpirationDate', 1, N'0acce7c4-1da6-4276-a199-a4db6270bfd7', N'b6e5d9eb-bf64-43b4-93f9-4e0420bd8cae', N'Date d''expiration', N'Expiration date', N'', N'', N'', N'', N'fe066f75-6ad4-497a-ad97-647523a30353', N'form-group col-lg-4 col-md-6 col-sm-12', N'col-lg-12 col-md-12 col-sm-12', N'', 0, NULL, N'Payslip', NULL, NULL, 1, N'0acce7c4-1da6-4276-a199-a4db6270bfd7', NULL)
INSERT INTO [ERPSettings].[Component] ([IdComponent], [rank], [ComponentName], [IdComponentType], [IdFunctionality], [IdComponentParent], [FR], [EN], [AR], [DE], [CH], [ES], [IdButton], [classDiv], [classLabel], [class], [IsEncapsulated], [IdComponentChangedBy], [EntityName], [style], [ng_hide], [IsToInitialize], [IdFunctionalityForm], [IsFireChange]) VALUES (N'bb72ea31-cc3a-40a5-be3e-48d06004e3f6', 3, N'IdContract', 8, N'0acce7c4-1da6-4276-a199-a4db6270bfd7', N'e105d9a5-106e-4919-81a0-474dd7c6c540', N'Contrat', N'Contract', N'', N'', N'', N'Pays_ES', N'fe066f75-6ad4-497a-ad97-647523a30353', N'form-group col-lg-4 col-md-6 col-sm-12', N'col-lg-12 col-md-12 col-sm-12', N'', 0, NULL, N'Payslip', NULL, NULL, 1, N'0acce7c4-1da6-4276-a199-a4db6270bfd7', NULL)
INSERT INTO [ERPSettings].[Component] ([IdComponent], [rank], [ComponentName], [IdComponentType], [IdFunctionality], [IdComponentParent], [FR], [EN], [AR], [DE], [CH], [ES], [IdButton], [classDiv], [classLabel], [class], [IsEncapsulated], [IdComponentChangedBy], [EntityName], [style], [ng_hide], [IsToInitialize], [IdFunctionalityForm], [IsFireChange]) VALUES (N'bc1ade50-9e39-4748-be7a-3535d123b7a7', 1, N'BUTTON1', 7, N'a4f40551-3b1d-4236-bb7d-0ce0e663ef5a', N'ae8484b0-9464-47b9-950e-1b4f46b8a7dd', N'Mettre  jour', N'Update', N'Enregistrer_AR', N'Enregistrer_DE', N'Enregistrer_CH', N'Enregistrer_ES', NULL, N'form-group col-lg-12 col-md-12 col-sm-12', N'', N'k-button', 0, NULL, N'Echellon', NULL, NULL, 1, N'a4f40551-3b1d-4236-bb7d-0ce0e663ef5a', NULL)
INSERT INTO [ERPSettings].[Component] ([IdComponent], [rank], [ComponentName], [IdComponentType], [IdFunctionality], [IdComponentParent], [FR], [EN], [AR], [DE], [CH], [ES], [IdButton], [classDiv], [classLabel], [class], [IsEncapsulated], [IdComponentChangedBy], [EntityName], [style], [ng_hide], [IsToInitialize], [IdFunctionalityForm], [IsFireChange]) VALUES (N'bd385f54-3556-4fdc-8f88-0e3a9ded5e62', 4, N'Order', 1, N'95220f17-16d4-44c8-ad10-ac6bb25fdfbc', N'02e40a24-768b-4fc1-9ab2-844110d0b48b', N'Ordre', N'Order', N'', N'', N'', N'', N'e143c834-518e-4dee-94dd-5a371e232f05', N'form-group col-lg-4 col-md-6 col-sm-12', N'col-lg-12 col-md-12 col-sm-12', N'', 0, NULL, N'SalaryRule', NULL, NULL, 1, N'95220f17-16d4-44c8-ad10-ac6bb25fdfbc', NULL)
INSERT INTO [ERPSettings].[Component] ([IdComponent], [rank], [ComponentName], [IdComponentType], [IdFunctionality], [IdComponentParent], [FR], [EN], [AR], [DE], [CH], [ES], [IdButton], [classDiv], [classLabel], [class], [IsEncapsulated], [IdComponentChangedBy], [EntityName], [style], [ng_hide], [IsToInitialize], [IdFunctionalityForm], [IsFireChange]) VALUES (N'bdf47d16-16e7-48f7-a16d-442af32dbbfc', 1, N'Reference', 1, N'95220f17-16d4-44c8-ad10-ac6bb25fdfbc', N'02e40a24-768b-4fc1-9ab2-844110d0b48b', N'Reference', N'Reference', N'Reference', N'Reference', N'Reference', N'Reference', N'e143c834-518e-4dee-94dd-5a371e232f05', N'form-group col-lg-4 col-md-6 col-sm-12', N'col-lg-12 col-md-12 col-sm-12', N'k-textbox', 0, NULL, N'SalaryRule', NULL, NULL, 1, N'95220f17-16d4-44c8-ad10-ac6bb25fdfbc', NULL)
INSERT INTO [ERPSettings].[Component] ([IdComponent], [rank], [ComponentName], [IdComponentType], [IdFunctionality], [IdComponentParent], [FR], [EN], [AR], [DE], [CH], [ES], [IdButton], [classDiv], [classLabel], [class], [IsEncapsulated], [IdComponentChangedBy], [EntityName], [style], [ng_hide], [IsToInitialize], [IdFunctionalityForm], [IsFireChange]) VALUES (N'c37075c2-f3c0-4943-a4a2-2b51cae777bc', 1, N'DIV1', 9, N'0acce7c4-1da6-4276-a199-a4db6270bfd7', N'b4c123d4-5324-4a7f-8abe-dc6553d8136e', N'DIV1', N'DIV1_EN', N'DIV1_AR', N'DIV1_DE', N'DIV1_CH', N'DIV1_ES', NULL, N'', N'', N'', 0, NULL, N'Payslip', NULL, NULL, 1, N'0acce7c4-1da6-4276-a199-a4db6270bfd7', NULL)
INSERT INTO [ERPSettings].[Component] ([IdComponent], [rank], [ComponentName], [IdComponentType], [IdFunctionality], [IdComponentParent], [FR], [EN], [AR], [DE], [CH], [ES], [IdButton], [classDiv], [classLabel], [class], [IsEncapsulated], [IdComponentChangedBy], [EntityName], [style], [ng_hide], [IsToInitialize], [IdFunctionalityForm], [IsFireChange]) VALUES (N'c490f11c-df37-4e42-bb40-21925f936da0', 3, N'IdRuleCategory', 11, N'95220f17-16d4-44c8-ad10-ac6bb25fdfbc', N'7a612470-7986-4ae0-9941-ce750253dfaf', N'Catgorie', N'Parent', N'Parent_AR', N'Parent_DE', N'Parent_CH', N'Type de reglement_ES', N'e143c834-518e-4dee-94dd-5a371e232f05', N'form-group col-lg-4 col-md-6 col-sm-12', N'col-lg-4 col-md-4 col-sm-4', N'', 0, NULL, N'SalaryRule', NULL, NULL, 1, N'95220f17-16d4-44c8-ad10-ac6bb25fdfbc', NULL)
INSERT INTO [ERPSettings].[Component] ([IdComponent], [rank], [ComponentName], [IdComponentType], [IdFunctionality], [IdComponentParent], [FR], [EN], [AR], [DE], [CH], [ES], [IdButton], [classDiv], [classLabel], [class], [IsEncapsulated], [IdComponentChangedBy], [EntityName], [style], [ng_hide], [IsToInitialize], [IdFunctionalityForm], [IsFireChange]) VALUES (N'c67e1183-a7d1-4d2f-864b-1ac0abf77de6', 2, N'DIV2', 9, N'cd30e343-60c3-4f7d-a566-72fe0718a90b', N'4df00f69-d58c-45ea-8412-d5af26b6cbcb', N'DIV2', N'DIV2_EN', N'DIV2_AR', N'DIV2_DE', N'DIV2_CH', N'DIV2_ES', NULL, N'', N'', N'', 0, NULL, N'Job', NULL, NULL, 1, N'cd30e343-60c3-4f7d-a566-72fe0718a90b', NULL)
INSERT INTO [ERPSettings].[Component] ([IdComponent], [rank], [ComponentName], [IdComponentType], [IdFunctionality], [IdComponentParent], [FR], [EN], [AR], [DE], [CH], [ES], [IdButton], [classDiv], [classLabel], [class], [IsEncapsulated], [IdComponentChangedBy], [EntityName], [style], [ng_hide], [IsToInitialize], [IdFunctionalityForm], [IsFireChange]) VALUES (N'c6b76cea-2e50-43b0-9960-4db5948558f8', 1, N'SalaryStructureReference', 1, N'a6c247bc-d584-43a3-b995-f303e3b13c77', N'ad6d492a-84d0-4aa0-8676-38f2a8b97814', N'Reference', N'Reference', N'Reference', N'Reference', N'Reference', N'Reference', N'f8a3b97e-9114-4953-971d-7b0a918ca9a2', N'form-group col-lg-6 col-md-6 col-sm-12', N'col-lg-12 col-md-12 col-sm-12', N'k-textbox', 0, NULL, N'SalaryStructure', NULL, NULL, 1, N'a6c247bc-d584-43a3-b995-f303e3b13c77', NULL)
INSERT INTO [ERPSettings].[Component] ([IdComponent], [rank], [ComponentName], [IdComponentType], [IdFunctionality], [IdComponentParent], [FR], [EN], [AR], [DE], [CH], [ES], [IdButton], [classDiv], [classLabel], [class], [IsEncapsulated], [IdComponentChangedBy], [EntityName], [style], [ng_hide], [IsToInitialize], [IdFunctionalityForm], [IsFireChange]) VALUES (N'cfafe1b5-92d2-4b44-9b73-8d8da3abdd0e', 1, N'FORM1', 6, N'cd30e343-60c3-4f7d-a566-72fe0718a90b', NULL, N'FORM1', N'FORM1_EN', N'FORM1_AR', N'FORM1_DE', N'FORM1_CH', N'FORM1_ES', NULL, N'col-lg-12 col-md-12 col-sm-12', N'', N'container-fluid', 0, NULL, N'Job', NULL, NULL, 1, N'cd30e343-60c3-4f7d-a566-72fe0718a90b', NULL)
INSERT INTO [ERPSettings].[Component] ([IdComponent], [rank], [ComponentName], [IdComponentType], [IdFunctionality], [IdComponentParent], [FR], [EN], [AR], [DE], [CH], [ES], [IdButton], [classDiv], [classLabel], [class], [IsEncapsulated], [IdComponentChangedBy], [EntityName], [style], [ng_hide], [IsToInitialize], [IdFunctionalityForm], [IsFireChange]) VALUES (N'd25d46f4-9832-4cf5-8c6a-1b83cd1f94cb', 1, N'BUTTON1', 7, N'484b7de1-561e-4a44-91dc-c8ea4c33d0f1', N'aed026c1-de4b-447c-930f-addbfb81dbf4', N'Retourner  la liste', N'Back to list', N'Retourner  la liste_AR', N'Retourner  la liste_DE', N'Retourner  la liste_CH', N'Retourner  la liste_ES', NULL, N'form-group col-lg-12 col-md-12 col-sm-12', N'col-lg-4 col-md-4 col-sm-4', N'k-button', 0, NULL, N'Grade', NULL, NULL, 1, N'484b7de1-561e-4a44-91dc-c8ea4c33d0f1', NULL)
INSERT INTO [ERPSettings].[Component] ([IdComponent], [rank], [ComponentName], [IdComponentType], [IdFunctionality], [IdComponentParent], [FR], [EN], [AR], [DE], [CH], [ES], [IdButton], [classDiv], [classLabel], [class], [IsEncapsulated], [IdComponentChangedBy], [EntityName], [style], [ng_hide], [IsToInitialize], [IdFunctionalityForm], [IsFireChange]) VALUES (N'd28d1a9d-c67c-4aaf-a34d-6b05f1438d44', 2, N'IdApplicability', 11, N'95220f17-16d4-44c8-ad10-ac6bb25fdfbc', N'7a612470-7986-4ae0-9941-ce750253dfaf', N'Applicabilit', N'Parent', N'Parent_AR', N'Parent_DE', N'Parent_CH', N'Type de reglement_ES', N'e143c834-518e-4dee-94dd-5a371e232f05', N'form-group col-lg-4 col-md-6 col-sm-12', N'col-lg-12 col-md-12 col-sm-12', N'', 0, NULL, N'SalaryRule', NULL, NULL, 1, N'95220f17-16d4-44c8-ad10-ac6bb25fdfbc', NULL)
INSERT INTO [ERPSettings].[Component] ([IdComponent], [rank], [ComponentName], [IdComponentType], [IdFunctionality], [IdComponentParent], [FR], [EN], [AR], [DE], [CH], [ES], [IdButton], [classDiv], [classLabel], [class], [IsEncapsulated], [IdComponentChangedBy], [EntityName], [style], [ng_hide], [IsToInitialize], [IdFunctionalityForm], [IsFireChange]) VALUES (N'd2b22366-ceab-49a7-82b1-50ec7e96c668', 1, N'DIV1', 9, N'95220f17-16d4-44c8-ad10-ac6bb25fdfbc', N'e0ceb997-f294-4b40-90d2-09a03c5b6f56', N'DIV1', N'DIV1_EN', N'DIV1_AR', N'DIV1_DE', N'DIV1_CH', N'DIV1_ES', NULL, N'', N'', N'', 0, NULL, N'SalaryRule', NULL, NULL, 1, N'95220f17-16d4-44c8-ad10-ac6bb25fdfbc', NULL)
INSERT INTO [ERPSettings].[Component] ([IdComponent], [rank], [ComponentName], [IdComponentType], [IdFunctionality], [IdComponentParent], [FR], [EN], [AR], [DE], [CH], [ES], [IdButton], [classDiv], [classLabel], [class], [IsEncapsulated], [IdComponentChangedBy], [EntityName], [style], [ng_hide], [IsToInitialize], [IdFunctionalityForm], [IsFireChange]) VALUES (N'd7cce795-4562-4243-b8dd-3d874af9a39d', 2, N'DIV2', 9, N'0acce7c4-1da6-4276-a199-a4db6270bfd7', N'b4c123d4-5324-4a7f-8abe-dc6553d8136e', N'DIV2', N'DIV2_EN', N'DIV2_AR', N'DIV2_DE', N'DIV2_CH', N'DIV2_ES', NULL, N'', N'', N'', 0, NULL, N'Payslip', NULL, NULL, 1, N'0acce7c4-1da6-4276-a199-a4db6270bfd7', NULL)
INSERT INTO [ERPSettings].[Component] ([IdComponent], [rank], [ComponentName], [IdComponentType], [IdFunctionality], [IdComponentParent], [FR], [EN], [AR], [DE], [CH], [ES], [IdButton], [classDiv], [classLabel], [class], [IsEncapsulated], [IdComponentChangedBy], [EntityName], [style], [ng_hide], [IsToInitialize], [IdFunctionalityForm], [IsFireChange]) VALUES (N'dabedc5e-2268-4d23-bbcb-2ca6423eb848', 2, N'DIV3', 9, N'484b7de1-561e-4a44-91dc-c8ea4c33d0f1', N'fb000dca-e004-46ba-8cd9-2cc7dbdd3641', NULL, NULL, NULL, NULL, NULL, NULL, NULL, N'', N'', N'col-lg-12 col-md-12 col-sm-12', 0, NULL, N'Grade', NULL, NULL, 1, N'484b7de1-561e-4a44-91dc-c8ea4c33d0f1', NULL)
INSERT INTO [ERPSettings].[Component] ([IdComponent], [rank], [ComponentName], [IdComponentType], [IdFunctionality], [IdComponentParent], [FR], [EN], [AR], [DE], [CH], [ES], [IdButton], [classDiv], [classLabel], [class], [IsEncapsulated], [IdComponentChangedBy], [EntityName], [style], [ng_hide], [IsToInitialize], [IdFunctionalityForm], [IsFireChange]) VALUES (N'dc7b89bd-ee5b-4a8c-9487-aabe0b80c851', 1, N'BUTTON1', 7, N'95220f17-16d4-44c8-ad10-ac6bb25fdfbc', N'd2b22366-ceab-49a7-82b1-50ec7e96c668', N'Retourner  la liste', N'Back to list', N'Retourner  la liste_AR', N'Retourner  la liste_DE', N'Retourner  la liste_CH', N'Retourner  la liste_ES', NULL, N'form-group col-lg-12 col-md-12 col-sm-12', N'', N'k-button', 0, NULL, N'SalaryRule', NULL, NULL, 1, N'95220f17-16d4-44c8-ad10-ac6bb25fdfbc', NULL)
INSERT INTO [ERPSettings].[Component] ([IdComponent], [rank], [ComponentName], [IdComponentType], [IdFunctionality], [IdComponentParent], [FR], [EN], [AR], [DE], [CH], [ES], [IdButton], [classDiv], [classLabel], [class], [IsEncapsulated], [IdComponentChangedBy], [EntityName], [style], [ng_hide], [IsToInitialize], [IdFunctionalityForm], [IsFireChange]) VALUES (N'dfe84904-d669-4c0e-883e-e326ca506c90', 1, N'DIV4', 9, N'a4f40551-3b1d-4236-bb7d-0ce0e663ef5a', N'f6839a6f-3592-4f60-b635-4934aa06505c', N'DIV4', N'DIV4', N'DIV4', N'DIV4', N'DIV4', N'DIV4', NULL, N'', N'', N'row', 0, NULL, N'Echellon', NULL, NULL, 1, N'a4f40551-3b1d-4236-bb7d-0ce0e663ef5a', NULL)
INSERT INTO [ERPSettings].[Component] ([IdComponent], [rank], [ComponentName], [IdComponentType], [IdFunctionality], [IdComponentParent], [FR], [EN], [AR], [DE], [CH], [ES], [IdButton], [classDiv], [classLabel], [class], [IsEncapsulated], [IdComponentChangedBy], [EntityName], [style], [ng_hide], [IsToInitialize], [IdFunctionalityForm], [IsFireChange]) VALUES (N'e0ceb997-f294-4b40-90d2-09a03c5b6f56', 4, N'DIV4', 9, N'95220f17-16d4-44c8-ad10-ac6bb25fdfbc', N'069ea0f3-4a4b-4313-8669-9c365c92f462', N'DIV4', N'DIV4_EN', N'DIV4_AR', N'DIV4_DE', N'DIV4_CH', N'DIV4_ES', NULL, N'', N'', N'btn-group', 0, NULL, N'SalaryRule', N'float:right;', NULL, 1, N'95220f17-16d4-44c8-ad10-ac6bb25fdfbc', NULL)
INSERT INTO [ERPSettings].[Component] ([IdComponent], [rank], [ComponentName], [IdComponentType], [IdFunctionality], [IdComponentParent], [FR], [EN], [AR], [DE], [CH], [ES], [IdButton], [classDiv], [classLabel], [class], [IsEncapsulated], [IdComponentChangedBy], [EntityName], [style], [ng_hide], [IsToInitialize], [IdFunctionalityForm], [IsFireChange]) VALUES (N'e105d9a5-106e-4919-81a0-474dd7c6c540', 1, N'DIV4', 9, N'0acce7c4-1da6-4276-a199-a4db6270bfd7', N'a0c075b3-061b-4336-8fe3-05db1b354358', N'DIV4', N'DIV4', N'DIV4', N'DIV4', N'DIV4', N'DIV4', NULL, N'', N'', N'row', 0, NULL, N'Payslip', NULL, NULL, 1, N'0acce7c4-1da6-4276-a199-a4db6270bfd7', NULL)
INSERT INTO [ERPSettings].[Component] ([IdComponent], [rank], [ComponentName], [IdComponentType], [IdFunctionality], [IdComponentParent], [FR], [EN], [AR], [DE], [CH], [ES], [IdButton], [classDiv], [classLabel], [class], [IsEncapsulated], [IdComponentChangedBy], [EntityName], [style], [ng_hide], [IsToInitialize], [IdFunctionalityForm], [IsFireChange]) VALUES (N'e143c834-518e-4dee-94dd-5a371e232f05', 1, N'BUTTON1', 7, N'95220f17-16d4-44c8-ad10-ac6bb25fdfbc', N'2b6536a3-bdff-4e2d-8b34-948cbda563c4', N'Mettre  jour', N'Update', N'Enregistrer_AR', N'Enregistrer_DE', N'Enregistrer_CH', N'Enregistrer_ES', NULL, N'form-group col-lg-12 col-md-12 col-sm-12', N'', N'k-button', 0, NULL, N'Variable', NULL, NULL, 1, N'95220f17-16d4-44c8-ad10-ac6bb25fdfbc', NULL)
INSERT INTO [ERPSettings].[Component] ([IdComponent], [rank], [ComponentName], [IdComponentType], [IdFunctionality], [IdComponentParent], [FR], [EN], [AR], [DE], [CH], [ES], [IdButton], [classDiv], [classLabel], [class], [IsEncapsulated], [IdComponentChangedBy], [EntityName], [style], [ng_hide], [IsToInitialize], [IdFunctionalityForm], [IsFireChange]) VALUES (N'e221b591-6c11-44e6-a44e-db79e57ece44', 1, N'BUTTON1', 7, N'a6c247bc-d584-43a3-b995-f303e3b13c77', N'3b1f9493-c256-4dda-9e71-dca35fed1e4b', N'Retourner  la liste', N'Back to list', N'Retourner  la liste_AR', N'Retourner  la liste_DE', N'Retourner  la liste_CH', N'Retourner  la liste_ES', NULL, N'form-group col-lg-12 col-md-12 col-sm-12', N'col-lg-4 col-md-4 col-sm-4', N'k-button', 0, NULL, N'SalaryStructure', NULL, NULL, 1, N'a6c247bc-d584-43a3-b995-f303e3b13c77', NULL)
INSERT INTO [ERPSettings].[Component] ([IdComponent], [rank], [ComponentName], [IdComponentType], [IdFunctionality], [IdComponentParent], [FR], [EN], [AR], [DE], [CH], [ES], [IdButton], [classDiv], [classLabel], [class], [IsEncapsulated], [IdComponentChangedBy], [EntityName], [style], [ng_hide], [IsToInitialize], [IdFunctionalityForm], [IsFireChange]) VALUES (N'e77c5cd2-1b58-4ee1-8948-bc1ad6a7e444', 1, N'DIV4', 9, N'cd30e343-60c3-4f7d-a566-72fe0718a90b', N'ffa61d78-adb3-49d2-8ce6-098fb4c79063', N'DIV4', N'DIV4', N'DIV4', N'DIV4', N'DIV4', N'DIV4', NULL, N'', N'', N'row', 0, NULL, N'Job', NULL, NULL, 1, N'cd30e343-60c3-4f7d-a566-72fe0718a90b', NULL)
INSERT INTO [ERPSettings].[Component] ([IdComponent], [rank], [ComponentName], [IdComponentType], [IdFunctionality], [IdComponentParent], [FR], [EN], [AR], [DE], [CH], [ES], [IdButton], [classDiv], [classLabel], [class], [IsEncapsulated], [IdComponentChangedBy], [EntityName], [style], [ng_hide], [IsToInitialize], [IdFunctionalityForm], [IsFireChange]) VALUES (N'e7f3395d-f0dc-42a8-b4bb-644c59427043', 1, N'DIV4', 9, N'484b7de1-561e-4a44-91dc-c8ea4c33d0f1', N'dabedc5e-2268-4d23-bbcb-2ca6423eb848', N'DIV4', N'DIV4_EN', N'DIV4_AR', N'DIV4_DE', N'DIV4_CH', N'DIV4_ES', NULL, N'', N'', N'btn-group', 0, NULL, N'Grade', N'display:inline-flex;float:right', NULL, 1, N'484b7de1-561e-4a44-91dc-c8ea4c33d0f1', NULL)
INSERT INTO [ERPSettings].[Component] ([IdComponent], [rank], [ComponentName], [IdComponentType], [IdFunctionality], [IdComponentParent], [FR], [EN], [AR], [DE], [CH], [ES], [IdButton], [classDiv], [classLabel], [class], [IsEncapsulated], [IdComponentChangedBy], [EntityName], [style], [ng_hide], [IsToInitialize], [IdFunctionalityForm], [IsFireChange]) VALUES (N'f605aa47-2a89-423a-bd5f-b8ab9def01db', 3, N'PaymentDate', 1, N'0acce7c4-1da6-4276-a199-a4db6270bfd7', N'87120823-97e8-4556-9527-530371fa31af', N'Date de payement', N'Payement date', N'', N'', N'', N'', N'fe066f75-6ad4-497a-ad97-647523a30353', N'form-group col-lg-4 col-md-6 col-sm-12', N'col-lg-12 col-md-12 col-sm-12', N'', 0, NULL, N'Payslip', NULL, NULL, 1, N'0acce7c4-1da6-4276-a199-a4db6270bfd7', NULL)
INSERT INTO [ERPSettings].[Component] ([IdComponent], [rank], [ComponentName], [IdComponentType], [IdFunctionality], [IdComponentParent], [FR], [EN], [AR], [DE], [CH], [ES], [IdButton], [classDiv], [classLabel], [class], [IsEncapsulated], [IdComponentChangedBy], [EntityName], [style], [ng_hide], [IsToInitialize], [IdFunctionalityForm], [IsFireChange]) VALUES (N'f6839a6f-3592-4f60-b635-4934aa06505c', 1, N'DIVCONTAINER1', 17, N'a4f40551-3b1d-4236-bb7d-0ce0e663ef5a', N'14421403-d04c-4b63-afe6-9c3a417a40d6', N'Modifier un echellon', N'Modifiy echellon', N'', N'', N'', N'', NULL, N'col-lg-12 col-md-12 col-sm-12', N'', N'', 0, NULL, N'Echellon', NULL, NULL, 1, N'a4f40551-3b1d-4236-bb7d-0ce0e663ef5a', NULL)
INSERT INTO [ERPSettings].[Component] ([IdComponent], [rank], [ComponentName], [IdComponentType], [IdFunctionality], [IdComponentParent], [FR], [EN], [AR], [DE], [CH], [ES], [IdButton], [classDiv], [classLabel], [class], [IsEncapsulated], [IdComponentChangedBy], [EntityName], [style], [ng_hide], [IsToInitialize], [IdFunctionalityForm], [IsFireChange]) VALUES (N'f68b956d-e4f9-4eb7-8193-e95edb3b7f54', 3, N'CHECKBOX3', 13, N'95220f17-16d4-44c8-ad10-ac6bb25fdfbc', N'02e40a24-768b-4fc1-9ab2-844110d0b48b', N'Apparait sur le bulletin', N'Appears on payslip', NULL, NULL, NULL, NULL, N'e143c834-518e-4dee-94dd-5a371e232f05', N'form-group col-lg-4 col-md-6 col-sm-12', N'col-lg-12 col-md-12 col-sm-12', N'', 0, NULL, N'SalaryRule', NULL, NULL, 1, N'95220f17-16d4-44c8-ad10-ac6bb25fdfbc', NULL)
INSERT INTO [ERPSettings].[Component] ([IdComponent], [rank], [ComponentName], [IdComponentType], [IdFunctionality], [IdComponentParent], [FR], [EN], [AR], [DE], [CH], [ES], [IdButton], [classDiv], [classLabel], [class], [IsEncapsulated], [IdComponentChangedBy], [EntityName], [style], [ng_hide], [IsToInitialize], [IdFunctionalityForm], [IsFireChange]) VALUES (N'f8a3b97e-9114-4953-971d-7b0a918ca9a2', 1, N'BUTTON1', 7, N'a6c247bc-d584-43a3-b995-f303e3b13c77', N'6a59c540-45a9-46e1-a431-82ccead6271e', N'Mettre  jour', N'Update', N'Enregistrer_AR', N'Enregistrer_DE', N'Enregistrer_CH', N'Enregistrer_ES', NULL, N'form-group col-lg-12 col-md-12 col-sm-12', N'col-lg-4 col-md-4 col-sm-4', N'k-button', 0, NULL, N'SalaryStructure', NULL, NULL, 1, N'a6c247bc-d584-43a3-b995-f303e3b13c77', NULL)
INSERT INTO [ERPSettings].[Component] ([IdComponent], [rank], [ComponentName], [IdComponentType], [IdFunctionality], [IdComponentParent], [FR], [EN], [AR], [DE], [CH], [ES], [IdButton], [classDiv], [classLabel], [class], [IsEncapsulated], [IdComponentChangedBy], [EntityName], [style], [ng_hide], [IsToInitialize], [IdFunctionalityForm], [IsFireChange]) VALUES (N'fb000dca-e004-46ba-8cd9-2cc7dbdd3641', 1, N'FORM1', 6, N'484b7de1-561e-4a44-91dc-c8ea4c33d0f1', NULL, N'FORM1', N'FORM1_EN', N'FORM1_AR', N'FORM1_DE', N'FORM1_CH', N'FORM1_ES', NULL, N'col-lg-12 col-md-12 col-sm-12', N'', N'container-fluid', 0, NULL, N'Grade', NULL, NULL, 1, N'484b7de1-561e-4a44-91dc-c8ea4c33d0f1', NULL)
INSERT INTO [ERPSettings].[Component] ([IdComponent], [rank], [ComponentName], [IdComponentType], [IdFunctionality], [IdComponentParent], [FR], [EN], [AR], [DE], [CH], [ES], [IdButton], [classDiv], [classLabel], [class], [IsEncapsulated], [IdComponentChangedBy], [EntityName], [style], [ng_hide], [IsToInitialize], [IdFunctionalityForm], [IsFireChange]) VALUES (N'fb9a3338-52c6-4e50-9c7d-31c71c632641', 2, N'DIV3', 9, N'71a1d18f-85e1-4c77-ac51-fd731dcd925f', N'dabba246-8ee7-493c-ac73-96f201863d9e', NULL, NULL, NULL, NULL, NULL, NULL, NULL, N'', N'', N'row', 0, NULL, N'Payslip', NULL, NULL, 1, N'71a1d18f-85e1-4c77-ac51-fd731dcd925f', NULL)
INSERT INTO [ERPSettings].[Component] ([IdComponent], [rank], [ComponentName], [IdComponentType], [IdFunctionality], [IdComponentParent], [FR], [EN], [AR], [DE], [CH], [ES], [IdButton], [classDiv], [classLabel], [class], [IsEncapsulated], [IdComponentChangedBy], [EntityName], [style], [ng_hide], [IsToInitialize], [IdFunctionalityForm], [IsFireChange]) VALUES (N'fbffe938-20e6-4827-9b70-0e9379ce430d', 2, N'DIV2', 9, N'484b7de1-561e-4a44-91dc-c8ea4c33d0f1', N'e7f3395d-f0dc-42a8-b4bb-644c59427043', N'DIV2', N'DIV2_EN', N'DIV2_AR', N'DIV2_DE', N'DIV2_CH', N'DIV2_ES', NULL, N'', N'', N'', 0, NULL, N'Grade', NULL, NULL, 1, N'484b7de1-561e-4a44-91dc-c8ea4c33d0f1', NULL)
INSERT INTO [ERPSettings].[Component] ([IdComponent], [rank], [ComponentName], [IdComponentType], [IdFunctionality], [IdComponentParent], [FR], [EN], [AR], [DE], [CH], [ES], [IdButton], [classDiv], [classLabel], [class], [IsEncapsulated], [IdComponentChangedBy], [EntityName], [style], [ng_hide], [IsToInitialize], [IdFunctionalityForm], [IsFireChange]) VALUES (N'fe066f75-6ad4-497a-ad97-647523a30353', 1, N'BUTTON1', 7, N'0acce7c4-1da6-4276-a199-a4db6270bfd7', N'd7cce795-4562-4243-b8dd-3d874af9a39d', N'Mettre  jour', N'Update', N'', N'', N'', N'', NULL, N'form-group col-lg-12 col-md-12 col-sm-12', N'col-lg-4 col-md-4 col-sm-4', N'k-button', 0, NULL, N'Payslip', NULL, NULL, 1, N'0acce7c4-1da6-4276-a199-a4db6270bfd7', NULL)
INSERT INTO [ERPSettings].[Component] ([IdComponent], [rank], [ComponentName], [IdComponentType], [IdFunctionality], [IdComponentParent], [FR], [EN], [AR], [DE], [CH], [ES], [IdButton], [classDiv], [classLabel], [class], [IsEncapsulated], [IdComponentChangedBy], [EntityName], [style], [ng_hide], [IsToInitialize], [IdFunctionalityForm], [IsFireChange]) VALUES (N'fe33f1f6-e646-466f-b8dd-611ec995bd7c', 1, N'DIVCONTAINER1', 17, N'95220f17-16d4-44c8-ad10-ac6bb25fdfbc', N'069ea0f3-4a4b-4313-8669-9c365c92f462', N'Modifier rgle salariale', N'Update salary rule', N'', N'', N'', N'', NULL, N'', N'', N'', 0, NULL, N'SalaryRule', NULL, NULL, 1, N'95220f17-16d4-44c8-ad10-ac6bb25fdfbc', NULL)
INSERT INTO [ERPSettings].[Component] ([IdComponent], [rank], [ComponentName], [IdComponentType], [IdFunctionality], [IdComponentParent], [FR], [EN], [AR], [DE], [CH], [ES], [IdButton], [classDiv], [classLabel], [class], [IsEncapsulated], [IdComponentChangedBy], [EntityName], [style], [ng_hide], [IsToInitialize], [IdFunctionalityForm], [IsFireChange]) VALUES (N'ffa61d78-adb3-49d2-8ce6-098fb4c79063', 1, N'DIVCONTAINER1', 17, N'cd30e343-60c3-4f7d-a566-72fe0718a90b', N'cfafe1b5-92d2-4b44-9b73-8d8da3abdd0e', N'Modifier un poste', N'Modify a job', N'', N'', N'', N'', NULL, N'col-lg-12 col-md-12 col-sm-12', N'', N'', 0, NULL, N'Job', NULL, NULL, 1, N'cd30e343-60c3-4f7d-a566-72fe0718a90b', NULL)
INSERT INTO [ERPSettings].[ComboBoxOptions] ([IdComponent], [autoBind], [dataTextField], [dataValueField], [delay], [enable], [filter], [fixedGroupTemplate], [groupTemplate], [height], [headerTemplate], [template], [valueTemplate], [footerTemplate], [change], [close], [dataBound], [filtering], [open], [select], [name]) VALUES (N'3b9e21e5-f1ef-4964-a7ad-a11f6df1606b', 1, N'Label', N'Id', NULL, 1, N'contains', NULL, NULL, 500, NULL, NULL, NULL, NULL, NULL, NULL, NULL, NULL, NULL, NULL, N'IdRuleType')
INSERT INTO [ERPSettings].[ComboBoxOptions] ([IdComponent], [autoBind], [dataTextField], [dataValueField], [delay], [enable], [filter], [fixedGroupTemplate], [groupTemplate], [height], [headerTemplate], [template], [valueTemplate], [footerTemplate], [change], [close], [dataBound], [filtering], [open], [select], [name]) VALUES (N'84e3697c-433a-4d64-abbf-3e41776623bd', 1, N'SalaryStructureReference', N'Id', NULL, 1, N'contains', NULL, NULL, 500, NULL, NULL, NULL, NULL, NULL, NULL, NULL, NULL, NULL, NULL, N'IdParent')
INSERT INTO [ERPSettings].[ComboBoxOptions] ([IdComponent], [autoBind], [dataTextField], [dataValueField], [delay], [enable], [filter], [fixedGroupTemplate], [groupTemplate], [height], [headerTemplate], [template], [valueTemplate], [footerTemplate], [change], [close], [dataBound], [filtering], [open], [select], [name]) VALUES (N'c490f11c-df37-4e42-bb40-21925f936da0', 1, N'Label', N'Id', NULL, 1, N'contains', NULL, NULL, 500, NULL, NULL, NULL, NULL, NULL, NULL, NULL, NULL, NULL, NULL, N'IdRuleCategory')
INSERT INTO [ERPSettings].[ComboBoxOptions] ([IdComponent], [autoBind], [dataTextField], [dataValueField], [delay], [enable], [filter], [fixedGroupTemplate], [groupTemplate], [height], [headerTemplate], [template], [valueTemplate], [footerTemplate], [change], [close], [dataBound], [filtering], [open], [select], [name]) VALUES (N'd28d1a9d-c67c-4aaf-a34d-6b05f1438d44', 1, N'Label', N'Id', NULL, 1, N'contains', NULL, NULL, 500, NULL, NULL, NULL, NULL, NULL, NULL, NULL, NULL, NULL, NULL, N'IdApplicability')
INSERT INTO [ERPSettings].[ComboBoxDataSource] ([IdComponent], [IdServiceParameters], [error], [autoSync], [pageSize], [serverPaging], [serverSorting], [serverFiltering], [serverGrouping], [serverAggregates], [IsStaticDataSource]) VALUES (N'3b9e21e5-f1ef-4964-a7ad-a11f6df1606b', N'03613652-3b37-4a64-8d37-7b9bbe38958e', NULL, 0, NULL, 0, 0, 0, 0, 0, 0)
INSERT INTO [ERPSettings].[ComboBoxDataSource] ([IdComponent], [IdServiceParameters], [error], [autoSync], [pageSize], [serverPaging], [serverSorting], [serverFiltering], [serverGrouping], [serverAggregates], [IsStaticDataSource]) VALUES (N'84e3697c-433a-4d64-abbf-3e41776623bd', N'fc1062ac-e073-4b4d-9de9-29071ebb10b0', NULL, 0, NULL, 0, 0, 0, 0, 0, 0)
INSERT INTO [ERPSettings].[ComboBoxDataSource] ([IdComponent], [IdServiceParameters], [error], [autoSync], [pageSize], [serverPaging], [serverSorting], [serverFiltering], [serverGrouping], [serverAggregates], [IsStaticDataSource]) VALUES (N'c490f11c-df37-4e42-bb40-21925f936da0', N'e04c2d4e-0054-47d9-ab28-92b3a726d8fa', NULL, 0, NULL, 0, 0, 0, 0, 0, 0)
INSERT INTO [ERPSettings].[ComboBoxDataSource] ([IdComponent], [IdServiceParameters], [error], [autoSync], [pageSize], [serverPaging], [serverSorting], [serverFiltering], [serverGrouping], [serverAggregates], [IsStaticDataSource]) VALUES (N'd28d1a9d-c67c-4aaf-a34d-6b05f1438d44', N'ddf471ab-4475-4620-b17f-1d47c8790c98', NULL, 0, NULL, 0, 0, 0, 0, 0, 0)
INSERT INTO [ERPSettings].[ServiceParameters] ([IdServiceParameters], [Method], [URL], [TModel], [Module], [IdPredicateFormat], [TransactionUserId], [IsDeleted], [Deleted_Token]) VALUES (N'03613652-3b37-4a64-8d37-7b9bbe38958e', N'GET', N'/api/base/get', N'RuleType', N'PayRoll', N'8e6140a6-e45f-44d1-8baf-2300973a448a', NULL, 0, NULL)
INSERT INTO [ERPSettings].[ServiceParameters] ([IdServiceParameters], [Method], [URL], [TModel], [Module], [IdPredicateFormat], [TransactionUserId], [IsDeleted], [Deleted_Token]) VALUES (N'03eea3dd-a108-42f1-a3e6-7bbaffc3dd8b', N'POST', N'/api/base/getDataSourcePredicate', N'Contract', N'PayRoll', N'021023c7-3d80-43bb-b63f-eb7d5c4db068', NULL, 0, NULL)
INSERT INTO [ERPSettings].[ServiceParameters] ([IdServiceParameters], [Method], [URL], [TModel], [Module], [IdPredicateFormat], [TransactionUserId], [IsDeleted], [Deleted_Token]) VALUES (N'26f0d121-1c72-4100-a920-5ca835c5e74f', N'GET', N'/api/base/getById/:id', N'Echellon', N'PayRoll', NULL, NULL, 0, NULL)
INSERT INTO [ERPSettings].[ServiceParameters] ([IdServiceParameters], [Method], [URL], [TModel], [Module], [IdPredicateFormat], [TransactionUserId], [IsDeleted], [Deleted_Token]) VALUES (N'3c5e5cc9-ced1-421f-b56b-3edb807033b1', N'GET', N'/api/base/getById/:id', N'SalaryStructure', N'PayRoll', NULL, NULL, 0, NULL)
INSERT INTO [ERPSettings].[ServiceParameters] ([IdServiceParameters], [Method], [URL], [TModel], [Module], [IdPredicateFormat], [TransactionUserId], [IsDeleted], [Deleted_Token]) VALUES (N'5f567327-51da-4c6e-846d-e43325a43e39', N'GET', N'/api/base/getById/:id', N'Job', N'PayRoll', NULL, NULL, 0, NULL)
INSERT INTO [ERPSettings].[ServiceParameters] ([IdServiceParameters], [Method], [URL], [TModel], [Module], [IdPredicateFormat], [TransactionUserId], [IsDeleted], [Deleted_Token]) VALUES (N'6df4f080-f4bd-4b37-9f64-1a92c3d7437f', N'PUT', N'/api/base/update', N'Grade', N'PayRoll', NULL, NULL, 0, NULL)
INSERT INTO [ERPSettings].[ServiceParameters] ([IdServiceParameters], [Method], [URL], [TModel], [Module], [IdPredicateFormat], [TransactionUserId], [IsDeleted], [Deleted_Token]) VALUES (N'7e03bc86-651b-4a0c-8a11-1e2bec083f08', N'POST', N'/api/base/getPredicate', N'SalaryRule', N'PayRoll', N'93942994-fd79-4335-ae25-d6577ba98244', NULL, 0, NULL)
INSERT INTO [ERPSettings].[ServiceParameters] ([IdServiceParameters], [Method], [URL], [TModel], [Module], [IdPredicateFormat], [TransactionUserId], [IsDeleted], [Deleted_Token]) VALUES (N'80cf6bbf-09dc-41a8-9d5b-04c11c9963cb', N'POST', N'/api/base/getDataSourcePredicate', N'Employee', N'PayRoll', N'105ec306-889a-4656-8655-f5268642aee7', NULL, 0, NULL)
INSERT INTO [ERPSettings].[ServiceParameters] ([IdServiceParameters], [Method], [URL], [TModel], [Module], [IdPredicateFormat], [TransactionUserId], [IsDeleted], [Deleted_Token]) VALUES (N'8d9f8751-ec3a-40a6-bbe3-37119409a6a6', N'PUT', N'/api/base/update', N'Echellon', N'PayRoll', NULL, NULL, 0, NULL)
INSERT INTO [ERPSettings].[ServiceParameters] ([IdServiceParameters], [Method], [URL], [TModel], [Module], [IdPredicateFormat], [TransactionUserId], [IsDeleted], [Deleted_Token]) VALUES (N'9b68e52f-fada-4b23-b8e1-edfd233fb622', N'GET', N'/api/base/getById/:id', N'Grade', N'PayRoll', NULL, NULL, 0, NULL)
INSERT INTO [ERPSettings].[ServiceParameters] ([IdServiceParameters], [Method], [URL], [TModel], [Module], [IdPredicateFormat], [TransactionUserId], [IsDeleted], [Deleted_Token]) VALUES (N'a0109d2b-9ecf-4e4b-889e-73e958c7d9cc', N'PUT', N'/api/base/update', N'Job', N'PayRoll', NULL, NULL, 0, NULL)
INSERT INTO [ERPSettings].[ServiceParameters] ([IdServiceParameters], [Method], [URL], [TModel], [Module], [IdPredicateFormat], [TransactionUserId], [IsDeleted], [Deleted_Token]) VALUES (N'a2e4e59a-1cd6-45a0-bc53-5db584cbacb8', N'GET', N'/api/base/getById/:id', N'Payslip', N'PayRoll', NULL, NULL, 0, NULL)
INSERT INTO [ERPSettings].[ServiceParameters] ([IdServiceParameters], [Method], [URL], [TModel], [Module], [IdPredicateFormat], [TransactionUserId], [IsDeleted], [Deleted_Token]) VALUES (N'ce00e712-9fef-43f1-9a56-e3b36d6af2be', N'PUT', N'/api/base/update', N'Payslip', N'PayRoll', NULL, NULL, 0, NULL)
INSERT INTO [ERPSettings].[ServiceParameters] ([IdServiceParameters], [Method], [URL], [TModel], [Module], [IdPredicateFormat], [TransactionUserId], [IsDeleted], [Deleted_Token]) VALUES (N'ddf471ab-4475-4620-b17f-1d47c8790c98', N'GET', N'/api/base/get', N'Applicability', N'PayRoll', NULL, NULL, 0, NULL)
INSERT INTO [ERPSettings].[ServiceParameters] ([IdServiceParameters], [Method], [URL], [TModel], [Module], [IdPredicateFormat], [TransactionUserId], [IsDeleted], [Deleted_Token]) VALUES (N'e04c2d4e-0054-47d9-ab28-92b3a726d8fa', N'GET', N'/api/base/get', N'RuleCategory', N'PayRoll', NULL, NULL, 0, NULL)
INSERT INTO [ERPSettings].[ServiceParameters] ([IdServiceParameters], [Method], [URL], [TModel], [Module], [IdPredicateFormat], [TransactionUserId], [IsDeleted], [Deleted_Token]) VALUES (N'f067a063-0ac0-408f-a90f-4f06af59394a', N'PUT', N'/api/base/update', N'SalaryStructure', N'PayRoll', NULL, NULL, 0, NULL)
INSERT INTO [ERPSettings].[ServiceParameters] ([IdServiceParameters], [Method], [URL], [TModel], [Module], [IdPredicateFormat], [TransactionUserId], [IsDeleted], [Deleted_Token]) VALUES (N'fbad67e1-406b-491d-b4a8-bd34e9947a8d', N'PUT', N'/api/base/update', N'SalaryRule', N'PayRoll', NULL, NULL, 0, NULL)
INSERT INTO [ERPSettings].[ServiceParameters] ([IdServiceParameters], [Method], [URL], [TModel], [Module], [IdPredicateFormat], [TransactionUserId], [IsDeleted], [Deleted_Token]) VALUES (N'fc1062ac-e073-4b4d-9de9-29071ebb10b0', N'GET', N'/api/base/get', N'SalaryStructure', N'PayRoll', NULL, NULL, 0, NULL)
INSERT INTO [ERPSettings].[FormComponent] ([IdComponent], [k_rules], [ng_controller], [ng_submit], [data_ng_init], [IdServiceParameter], [NameSpace]) VALUES (N'069ea0f3-4a4b-4313-8669-9c365c92f462', NULL, N'BaseController as bController', NULL, N'bController.baseService.initService.initView()', N'7e03bc86-651b-4a0c-8a11-1e2bec083f08', N'Payroll.SalaryRule')
INSERT INTO [ERPSettings].[FormComponent] ([IdComponent], [k_rules], [ng_controller], [ng_submit], [data_ng_init], [IdServiceParameter], [NameSpace]) VALUES (N'14421403-d04c-4b63-afe6-9c3a417a40d6', NULL, N'BaseController as bController', NULL, N'bController.baseService.initService.initView()', N'26f0d121-1c72-4100-a920-5ca835c5e74f', N'Payroll.Echellon')
INSERT INTO [ERPSettings].[FormComponent] ([IdComponent], [k_rules], [ng_controller], [ng_submit], [data_ng_init], [IdServiceParameter], [NameSpace]) VALUES (N'6c4eefe6-864d-47ce-aceb-94a629260213', NULL, N'BaseController as bController', NULL, N'bController.baseService.initService.initView()', N'a2e4e59a-1cd6-45a0-bc53-5db584cbacb8', N'Payroll.PaySlip')
INSERT INTO [ERPSettings].[FormComponent] ([IdComponent], [k_rules], [ng_controller], [ng_submit], [data_ng_init], [IdServiceParameter], [NameSpace]) VALUES (N'93b7637f-f697-440d-920e-82d630879e31', NULL, N'BaseController as bController', NULL, N'bController.baseService.initService.initView()', N'3c5e5cc9-ced1-421f-b56b-3edb807033b1', N'Payroll.SalaryStructure')
INSERT INTO [ERPSettings].[FormComponent] ([IdComponent], [k_rules], [ng_controller], [ng_submit], [data_ng_init], [IdServiceParameter], [NameSpace]) VALUES (N'cfafe1b5-92d2-4b44-9b73-8d8da3abdd0e', NULL, N'BaseController as bController', NULL, N'bController.baseService.initService.initView()', N'5f567327-51da-4c6e-846d-e43325a43e39', N'Payroll.Job')
INSERT INTO [ERPSettings].[FormComponent] ([IdComponent], [k_rules], [ng_controller], [ng_submit], [data_ng_init], [IdServiceParameter], [NameSpace]) VALUES (N'fb000dca-e004-46ba-8cd9-2cc7dbdd3641', NULL, N'BaseController as bController', NULL, N'bController.baseService.initService.initView()', N'9b68e52f-fada-4b23-b8e1-edfd233fb622', N'Payroll.Grade')
INSERT INTO [ERPSettings].[CheckBoxComponent] ([IdComponent], [Checked], [ng_change]) VALUES (N'f68b956d-e4f9-4eb7-8193-e95edb3b7f54', 1, NULL)
INSERT INTO [ERPSettings].[DropDownListDataSource] ([IdDropDownListOptions], [IdServiceParameters], [error], [autoSync], [pageSize], [serverPaging], [serverSorting], [serverFiltering], [serverGrouping], [serverAggregates]) VALUES (N'637ea051-e2d5-4b4c-b11b-57f44d350035', N'80cf6bbf-09dc-41a8-9d5b-04c11c9963cb', NULL, 0, 8, 1, 0, 1, 0, 0)
INSERT INTO [ERPSettings].[DropDownListDataSource] ([IdDropDownListOptions], [IdServiceParameters], [error], [autoSync], [pageSize], [serverPaging], [serverSorting], [serverFiltering], [serverGrouping], [serverAggregates]) VALUES (N'bb72ea31-cc3a-40a5-be3e-48d06004e3f6', N'03eea3dd-a108-42f1-a3e6-7bbaffc3dd8b', NULL, 0, 8, 1, 0, 1, 0, 0)
INSERT INTO [ERPSettings].[InputComponent] ([IdComponent], [inputType], [ng_model], [required], [ng_disabled], [ng_minlength], [ng_maxlength], [ng_change], [ng_bind], [ng_blur], [placeholder], [k_ng_model], [k_on_change], [k_format], [k_min], [k_max], [k_decimals], [k_step], [ui_date_mask], [pattern], [k_mask], [defaultValue], [ng_readonly], [formatPrecision], [IsCurrency], [Accept], [MaxFileSize], [MinFileSize]) VALUES (N'04fb6f29-b306-436c-9b50-7c27edc8ddc5', 7, NULL, 1, NULL, NULL, NULL, NULL, NULL, NULL, NULL, NULL, NULL, NULL, NULL, NULL, NULL, NULL, NULL, NULL, NULL, NULL, NULL, NULL, NULL, NULL, NULL, NULL)
INSERT INTO [ERPSettings].[InputComponent] ([IdComponent], [inputType], [ng_model], [required], [ng_disabled], [ng_minlength], [ng_maxlength], [ng_change], [ng_bind], [ng_blur], [placeholder], [k_ng_model], [k_on_change], [k_format], [k_min], [k_max], [k_decimals], [k_step], [ui_date_mask], [pattern], [k_mask], [defaultValue], [ng_readonly], [formatPrecision], [IsCurrency], [Accept], [MaxFileSize], [MinFileSize]) VALUES (N'21a9f7c8-c0bc-45fe-8494-b05271f3a14c', 2, NULL, 1, NULL, NULL, NULL, NULL, NULL, NULL, NULL, NULL, N'bController.baseService.actionService.onChangeDate(''21a9f7c8-c0bc-45fe-8494-b05271f3a14c'',''5ecf290d-58b9-451e-8b07-89148d142ccd'')', N'', N'', N'', NULL, NULL, NULL, N'', NULL, N'', NULL, 0, NULL, NULL, NULL, NULL)
INSERT INTO [ERPSettings].[InputComponent] ([IdComponent], [inputType], [ng_model], [required], [ng_disabled], [ng_minlength], [ng_maxlength], [ng_change], [ng_bind], [ng_blur], [placeholder], [k_ng_model], [k_on_change], [k_format], [k_min], [k_max], [k_decimals], [k_step], [ui_date_mask], [pattern], [k_mask], [defaultValue], [ng_readonly], [formatPrecision], [IsCurrency], [Accept], [MaxFileSize], [MinFileSize]) VALUES (N'281a3910-b1d9-437b-9c60-fd84431c92e3', 0, NULL, 1, NULL, NULL, NULL, NULL, NULL, NULL, NULL, NULL, NULL, NULL, NULL, NULL, NULL, NULL, NULL, NULL, NULL, NULL, NULL, 0, NULL, NULL, NULL, NULL)
INSERT INTO [ERPSettings].[InputComponent] ([IdComponent], [inputType], [ng_model], [required], [ng_disabled], [ng_minlength], [ng_maxlength], [ng_change], [ng_bind], [ng_blur], [placeholder], [k_ng_model], [k_on_change], [k_format], [k_min], [k_max], [k_decimals], [k_step], [ui_date_mask], [pattern], [k_mask], [defaultValue], [ng_readonly], [formatPrecision], [IsCurrency], [Accept], [MaxFileSize], [MinFileSize]) VALUES (N'3733ef3b-bd1a-4aa9-82b6-565ee032f306', 0, NULL, 1, NULL, NULL, NULL, NULL, NULL, NULL, NULL, NULL, NULL, NULL, NULL, NULL, NULL, NULL, NULL, NULL, NULL, NULL, NULL, 0, NULL, NULL, NULL, NULL)
INSERT INTO [ERPSettings].[InputComponent] ([IdComponent], [inputType], [ng_model], [required], [ng_disabled], [ng_minlength], [ng_maxlength], [ng_change], [ng_bind], [ng_blur], [placeholder], [k_ng_model], [k_on_change], [k_format], [k_min], [k_max], [k_decimals], [k_step], [ui_date_mask], [pattern], [k_mask], [defaultValue], [ng_readonly], [formatPrecision], [IsCurrency], [Accept], [MaxFileSize], [MinFileSize]) VALUES (N'5dd83122-91db-44e5-978f-b32f4893c8a9', 4, NULL, 1, NULL, NULL, NULL, NULL, NULL, NULL, NULL, NULL, NULL, N'''n0''', N'0', NULL, N'', N'1', NULL, NULL, NULL, NULL, NULL, 0, NULL, NULL, NULL, NULL)
INSERT INTO [ERPSettings].[InputComponent] ([IdComponent], [inputType], [ng_model], [required], [ng_disabled], [ng_minlength], [ng_maxlength], [ng_change], [ng_bind], [ng_blur], [placeholder], [k_ng_model], [k_on_change], [k_format], [k_min], [k_max], [k_decimals], [k_step], [ui_date_mask], [pattern], [k_mask], [defaultValue], [ng_readonly], [formatPrecision], [IsCurrency], [Accept], [MaxFileSize], [MinFileSize]) VALUES (N'5ecf290d-58b9-451e-8b07-89148d142ccd', 2, NULL, 1, NULL, NULL, NULL, NULL, NULL, NULL, NULL, NULL, N'bController.baseService.actionService.onChangeDate(''21a9f7c8-c0bc-45fe-8494-b05271f3a14c'',''5ecf290d-58b9-451e-8b07-89148d142ccd'')', N'', N'', N'', NULL, NULL, NULL, N'', NULL, N'', NULL, 0, NULL, NULL, NULL, NULL)
INSERT INTO [ERPSettings].[InputComponent] ([IdComponent], [inputType], [ng_model], [required], [ng_disabled], [ng_minlength], [ng_maxlength], [ng_change], [ng_bind], [ng_blur], [placeholder], [k_ng_model], [k_on_change], [k_format], [k_min], [k_max], [k_decimals], [k_step], [ui_date_mask], [pattern], [k_mask], [defaultValue], [ng_readonly], [formatPrecision], [IsCurrency], [Accept], [MaxFileSize], [MinFileSize]) VALUES (N'665286a0-acb1-4e17-bf09-98d87da33548', 0, NULL, 1, NULL, NULL, NULL, NULL, NULL, NULL, NULL, NULL, NULL, NULL, NULL, NULL, NULL, NULL, NULL, NULL, NULL, NULL, NULL, 0, NULL, NULL, NULL, NULL)
INSERT INTO [ERPSettings].[InputComponent] ([IdComponent], [inputType], [ng_model], [required], [ng_disabled], [ng_minlength], [ng_maxlength], [ng_change], [ng_bind], [ng_blur], [placeholder], [k_ng_model], [k_on_change], [k_format], [k_min], [k_max], [k_decimals], [k_step], [ui_date_mask], [pattern], [k_mask], [defaultValue], [ng_readonly], [formatPrecision], [IsCurrency], [Accept], [MaxFileSize], [MinFileSize]) VALUES (N'7346df91-10c7-4930-af3f-bcc4a2844e22', 0, NULL, 1, NULL, NULL, NULL, NULL, NULL, NULL, NULL, NULL, NULL, NULL, NULL, NULL, NULL, NULL, NULL, NULL, NULL, NULL, NULL, 0, NULL, NULL, NULL, NULL)
INSERT INTO [ERPSettings].[InputComponent] ([IdComponent], [inputType], [ng_model], [required], [ng_disabled], [ng_minlength], [ng_maxlength], [ng_change], [ng_bind], [ng_blur], [placeholder], [k_ng_model], [k_on_change], [k_format], [k_min], [k_max], [k_decimals], [k_step], [ui_date_mask], [pattern], [k_mask], [defaultValue], [ng_readonly], [formatPrecision], [IsCurrency], [Accept], [MaxFileSize], [MinFileSize]) VALUES (N'86a231ee-49b7-4369-b54e-0185d2f636ab', 7, NULL, NULL, NULL, NULL, NULL, NULL, NULL, NULL, NULL, NULL, NULL, NULL, NULL, NULL, NULL, NULL, NULL, NULL, NULL, NULL, NULL, NULL, NULL, NULL, NULL, NULL)
INSERT INTO [ERPSettings].[InputComponent] ([IdComponent], [inputType], [ng_model], [required], [ng_disabled], [ng_minlength], [ng_maxlength], [ng_change], [ng_bind], [ng_blur], [placeholder], [k_ng_model], [k_on_change], [k_format], [k_min], [k_max], [k_decimals], [k_step], [ui_date_mask], [pattern], [k_mask], [defaultValue], [ng_readonly], [formatPrecision], [IsCurrency], [Accept], [MaxFileSize], [MinFileSize]) VALUES (N'8b31f523-123d-4cd4-a998-f275456bc9b9', 0, NULL, 1, NULL, NULL, NULL, NULL, NULL, NULL, NULL, NULL, NULL, NULL, NULL, NULL, NULL, NULL, NULL, NULL, NULL, NULL, NULL, 0, NULL, NULL, NULL, NULL)
INSERT INTO [ERPSettings].[InputComponent] ([IdComponent], [inputType], [ng_model], [required], [ng_disabled], [ng_minlength], [ng_maxlength], [ng_change], [ng_bind], [ng_blur], [placeholder], [k_ng_model], [k_on_change], [k_format], [k_min], [k_max], [k_decimals], [k_step], [ui_date_mask], [pattern], [k_mask], [defaultValue], [ng_readonly], [formatPrecision], [IsCurrency], [Accept], [MaxFileSize], [MinFileSize]) VALUES (N'b68fedf9-c8e2-45ab-8a24-ac9fe737cbd1', 0, NULL, 1, NULL, NULL, NULL, NULL, NULL, NULL, NULL, NULL, NULL, NULL, NULL, NULL, NULL, NULL, NULL, NULL, NULL, NULL, NULL, 0, NULL, NULL, NULL, NULL)
INSERT INTO [ERPSettings].[InputComponent] ([IdComponent], [inputType], [ng_model], [required], [ng_disabled], [ng_minlength], [ng_maxlength], [ng_change], [ng_bind], [ng_blur], [placeholder], [k_ng_model], [k_on_change], [k_format], [k_min], [k_max], [k_decimals], [k_step], [ui_date_mask], [pattern], [k_mask], [defaultValue], [ng_readonly], [formatPrecision], [IsCurrency], [Accept], [MaxFileSize], [MinFileSize]) VALUES (N'b9d6ebe6-390d-4ce5-a85b-c3e0b8885d70', 2, NULL, 1, NULL, NULL, NULL, NULL, NULL, NULL, NULL, NULL, N'bController.baseService.actionService.onChangeDate(''b9d6ebe6-390d-4ce5-a85b-c3e0b8885d70'',''874451bf-dfb9-4772-83c5-66715d719037'')', N'', N'', N'', NULL, NULL, NULL, N'', NULL, N'', NULL, 0, NULL, NULL, NULL, NULL)
INSERT INTO [ERPSettings].[InputComponent] ([IdComponent], [inputType], [ng_model], [required], [ng_disabled], [ng_minlength], [ng_maxlength], [ng_change], [ng_bind], [ng_blur], [placeholder], [k_ng_model], [k_on_change], [k_format], [k_min], [k_max], [k_decimals], [k_step], [ui_date_mask], [pattern], [k_mask], [defaultValue], [ng_readonly], [formatPrecision], [IsCurrency], [Accept], [MaxFileSize], [MinFileSize]) VALUES (N'bd385f54-3556-4fdc-8f88-0e3a9ded5e62', 4, NULL, 1, NULL, NULL, NULL, NULL, NULL, NULL, NULL, NULL, NULL, N'''n0''', N'0', NULL, N'', N'1', NULL, NULL, NULL, NULL, NULL, 0, NULL, NULL, NULL, NULL)
INSERT INTO [ERPSettings].[InputComponent] ([IdComponent], [inputType], [ng_model], [required], [ng_disabled], [ng_minlength], [ng_maxlength], [ng_change], [ng_bind], [ng_blur], [placeholder], [k_ng_model], [k_on_change], [k_format], [k_min], [k_max], [k_decimals], [k_step], [ui_date_mask], [pattern], [k_mask], [defaultValue], [ng_readonly], [formatPrecision], [IsCurrency], [Accept], [MaxFileSize], [MinFileSize]) VALUES (N'bdf47d16-16e7-48f7-a16d-442af32dbbfc', 0, NULL, 1, NULL, NULL, NULL, NULL, NULL, NULL, NULL, NULL, NULL, NULL, NULL, NULL, NULL, NULL, NULL, NULL, NULL, NULL, NULL, 0, NULL, NULL, NULL, NULL)
INSERT INTO [ERPSettings].[InputComponent] ([IdComponent], [inputType], [ng_model], [required], [ng_disabled], [ng_minlength], [ng_maxlength], [ng_change], [ng_bind], [ng_blur], [placeholder], [k_ng_model], [k_on_change], [k_format], [k_min], [k_max], [k_decimals], [k_step], [ui_date_mask], [pattern], [k_mask], [defaultValue], [ng_readonly], [formatPrecision], [IsCurrency], [Accept], [MaxFileSize], [MinFileSize]) VALUES (N'c6b76cea-2e50-43b0-9960-4db5948558f8', 0, NULL, 1, NULL, NULL, NULL, NULL, NULL, NULL, NULL, NULL, NULL, NULL, NULL, NULL, NULL, NULL, NULL, NULL, NULL, NULL, NULL, 0, NULL, NULL, NULL, NULL)
INSERT INTO [ERPSettings].[InputComponent] ([IdComponent], [inputType], [ng_model], [required], [ng_disabled], [ng_minlength], [ng_maxlength], [ng_change], [ng_bind], [ng_blur], [placeholder], [k_ng_model], [k_on_change], [k_format], [k_min], [k_max], [k_decimals], [k_step], [ui_date_mask], [pattern], [k_mask], [defaultValue], [ng_readonly], [formatPrecision], [IsCurrency], [Accept], [MaxFileSize], [MinFileSize]) VALUES (N'f605aa47-2a89-423a-bd5f-b8ab9def01db', 2, NULL, 1, NULL, NULL, NULL, NULL, NULL, NULL, NULL, NULL, N'bController.baseService.actionService.onChangeDate(''f605aa47-2a89-423a-bd5f-b8ab9def01db'',''874451bf-dfb9-4772-83c5-66715d719037'')', N'', N'', N'', NULL, NULL, NULL, N'', NULL, N'', NULL, 0, NULL, NULL, NULL, NULL)
INSERT INTO [ERPSettings].[ComboBoxComponent] ([IdComponent], [ng_model], [required], [ng_disabled], [ng_bind], [ng_blur], [placeholder], [k_option_label], [k_on_change], [k_data_text_field], [k_data_value_field], [k_filter], [k_autoBind], [k_data_source], [globalization]) VALUES (N'3b9e21e5-f1ef-4964-a7ad-a11f6df1606b', NULL, 1, NULL, NULL, NULL, NULL, NULL, N'bController.baseService.actionService.onChangeSettlementType(''3b9e21e5-f1ef-4964-a7ad-a11f6df1606b'')', NULL, NULL, NULL, NULL, NULL, 0)
INSERT INTO [ERPSettings].[ComboBoxComponent] ([IdComponent], [ng_model], [required], [ng_disabled], [ng_bind], [ng_blur], [placeholder], [k_option_label], [k_on_change], [k_data_text_field], [k_data_value_field], [k_filter], [k_autoBind], [k_data_source], [globalization]) VALUES (N'84e3697c-433a-4d64-abbf-3e41776623bd', NULL, 0, NULL, NULL, NULL, NULL, NULL, N'bController.baseService.actionService.onChangeSettlementType(''84e3697c-433a-4d64-abbf-3e41776623bd'')', NULL, NULL, NULL, NULL, NULL, 0)
INSERT INTO [ERPSettings].[ComboBoxComponent] ([IdComponent], [ng_model], [required], [ng_disabled], [ng_bind], [ng_blur], [placeholder], [k_option_label], [k_on_change], [k_data_text_field], [k_data_value_field], [k_filter], [k_autoBind], [k_data_source], [globalization]) VALUES (N'c490f11c-df37-4e42-bb40-21925f936da0', NULL, 1, NULL, NULL, NULL, NULL, NULL, N'bController.baseService.actionService.onChangeSettlementType(''c490f11c-df37-4e42-bb40-21925f936da0'')', NULL, NULL, NULL, NULL, NULL, 0)
INSERT INTO [ERPSettings].[ComboBoxComponent] ([IdComponent], [ng_model], [required], [ng_disabled], [ng_bind], [ng_blur], [placeholder], [k_option_label], [k_on_change], [k_data_text_field], [k_data_value_field], [k_filter], [k_autoBind], [k_data_source], [globalization]) VALUES (N'd28d1a9d-c67c-4aaf-a34d-6b05f1438d44', NULL, 1, NULL, NULL, NULL, NULL, NULL, N'bController.baseService.actionService.onChangeSettlementType(''d28d1a9d-c67c-4aaf-a34d-6b05f1438d44'')', NULL, NULL, NULL, NULL, NULL, 0)
INSERT INTO [ERPSettings].[Relation] ([IdRelation], [IdPredicateFormat], [Prop], [TransactionUserId], [IsDeleted], [Deleted_Token]) VALUES (N'543fdd8a-6a02-473e-9c2c-f3f147aca8e0', N'93942994-fd79-4335-ae25-d6577ba98244', N'IdRuleUniqueReferenceNavigation', NULL, 0, NULL)
INSERT INTO [ERPSettings].[Relation] ([IdRelation], [IdPredicateFormat], [Prop], [TransactionUserId], [IsDeleted], [Deleted_Token]) VALUES (N'7df9acdf-9b5a-4815-afb5-103b4b7de64d', N'8e6140a6-e45f-44d1-8baf-2300973a448a', N'IdRuleTypeNavigation', NULL, 0, NULL)
INSERT INTO [ERPSettings].[DropDownListComponent] ([IdComponent], [ng_model], [required], [ng_blur], [ng_bind], [k_on_change], [DropdownType], [DropdownIndex], [ng_disabled], [urlValueMapper], [globalization]) VALUES (N'637ea051-e2d5-4b4c-b11b-57f44d350035', N'', 1, NULL, NULL, N'bController.baseService.actionService.onChangeDataSource(''637ea051-e2d5-4b4c-b11b-57f44d350035'')', 1, NULL, NULL, NULL, 0)
INSERT INTO [ERPSettings].[DropDownListComponent] ([IdComponent], [ng_model], [required], [ng_blur], [ng_bind], [k_on_change], [DropdownType], [DropdownIndex], [ng_disabled], [urlValueMapper], [globalization]) VALUES (N'bb72ea31-cc3a-40a5-be3e-48d06004e3f6', N'', 1, NULL, NULL, N'bController.baseService.actionService.onChangeDataSource(''bb72ea31-cc3a-40a5-be3e-48d06004e3f6'')', 1, NULL, NULL, NULL, 0)
INSERT INTO [ERPSettings].[DropDownListOptions] ([IdDropDownListOptions], [name], [autoBind], [dataTextField], [dataValueField], [delay], [enable], [filter], [fixedGroupTemplate], [groupTemplate], [height], [headerTemplate], [template], [valueTemplate], [footerTemplate], [close], [dataBound], [filtering], [open], [select], [cascadeFrom], [cascadeFromField]) VALUES (N'637ea051-e2d5-4b4c-b11b-57f44d350035', N'IdEmployee', 1, N'', N'Id', NULL, 1, N'contains', NULL, NULL, 200, N'<div class="dropdown-header k-widget k-header"><span class="dropHeader">{{''f5b1cc4d-162c-49ac-82b4-badebef1a180 '' | translate }}</span><span class="dropHeader">{{''d1f815c2-9618-4a15-b325-e7c4df5dd6f3 '' | translate }}</span><span class="dropHeader">{{''bebfc29c-f3a5-4a3a-89dc-f66b781839ef '' | translate }}</span></div>', N'<table class="customDropDown sz-40-60"><tr><td>#: data.Matricule#</td><td>#if(data.LastName != null){# #:data.LastName ## }#</td><td>#if(data.FirstName != null){# #:data.FirstName ## }#</td></tr></table>', N'<span>#: data.FirstName #</span><span>#if(data.LastName  != null){# #: data.LastName.length>9 ? data.LastName.substring(0,4)+".." : data.LastName # #}#</span>', N'Total #: instance.dataSource.total() #', NULL, NULL, NULL, NULL, NULL, NULL, NULL)
INSERT INTO [ERPSettings].[DropDownListOptions] ([IdDropDownListOptions], [name], [autoBind], [dataTextField], [dataValueField], [delay], [enable], [filter], [fixedGroupTemplate], [groupTemplate], [height], [headerTemplate], [template], [valueTemplate], [footerTemplate], [close], [dataBound], [filtering], [open], [select], [cascadeFrom], [cascadeFromField]) VALUES (N'bb72ea31-cc3a-40a5-be3e-48d06004e3f6', N'ContractReference', 1, N'', N'Id', NULL, 1, N'contains', NULL, NULL, 200, N'<div class="dropdown-header k-widget k-header"><span class="dropHeader">{{''6bf0d400-7eb3-4dfa-b6c8-e79f1db31e1e'' | translate }}</span></div>', N'<table class="customDropDown sz-40-60"><tr><td>#if(data.ContractReference != null){# #:data.ContractReference ## }#</td></tr></table>', N'<span>#: data.ContractReference #</span>', N'Total #: instance.dataSource.total() #', NULL, NULL, NULL, NULL, NULL, NULL, NULL)

INSERT INTO [ERPSettings].[ComponentByRole] ( [IdRole], [IdComponent], [IsActive], [IsVisible], [ReadFunction], [WriteFunction], [TransactionUserId]) VALUES ( 1, N'0207abf6-7bee-4bbe-8778-766ff8564247', 1, 1, NULL, NULL, NULL)
INSERT INTO [ERPSettings].[ComponentByRole] ( [IdRole], [IdComponent], [IsActive], [IsVisible], [ReadFunction], [WriteFunction], [TransactionUserId]) VALUES ( 1, N'02e40a24-768b-4fc1-9ab2-844110d0b48b', 1, 1, NULL, NULL, NULL)
INSERT INTO [ERPSettings].[ComponentByRole] ( [IdRole], [IdComponent], [IsActive], [IsVisible], [ReadFunction], [WriteFunction], [TransactionUserId]) VALUES ( 1, N'04fb6f29-b306-436c-9b50-7c27edc8ddc5', 1, 1, NULL, NULL, NULL)
INSERT INTO [ERPSettings].[ComponentByRole] ( [IdRole], [IdComponent], [IsActive], [IsVisible], [ReadFunction], [WriteFunction], [TransactionUserId]) VALUES ( 1, N'069ea0f3-4a4b-4313-8669-9c365c92f462', 1, 1, NULL, NULL, NULL)
INSERT INTO [ERPSettings].[ComponentByRole] ( [IdRole], [IdComponent], [IsActive], [IsVisible], [ReadFunction], [WriteFunction], [TransactionUserId]) VALUES ( 1, N'0f3e3a56-0948-4889-973f-b37e4493485f', 1, 1, NULL, NULL, NULL)
INSERT INTO [ERPSettings].[ComponentByRole] ( [IdRole], [IdComponent], [IsActive], [IsVisible], [ReadFunction], [WriteFunction], [TransactionUserId]) VALUES ( 1, N'14421403-d04c-4b63-afe6-9c3a417a40d6', 1, 1, NULL, NULL, NULL)
INSERT INTO [ERPSettings].[ComponentByRole] ( [IdRole], [IdComponent], [IsActive], [IsVisible], [ReadFunction], [WriteFunction], [TransactionUserId]) VALUES ( 1, N'21a9f7c8-c0bc-45fe-8494-b05271f3a14c', 1, 1, NULL, NULL, NULL)
INSERT INTO [ERPSettings].[ComponentByRole] ( [IdRole], [IdComponent], [IsActive], [IsVisible], [ReadFunction], [WriteFunction], [TransactionUserId]) VALUES ( 1, N'2550a785-b752-4828-9903-9d4681480878', 1, 1, NULL, NULL, NULL)
INSERT INTO [ERPSettings].[ComponentByRole] ( [IdRole], [IdComponent], [IsActive], [IsVisible], [ReadFunction], [WriteFunction], [TransactionUserId]) VALUES ( 1, N'281a3910-b1d9-437b-9c60-fd84431c92e3', 1, 1, NULL, NULL, NULL)
INSERT INTO [ERPSettings].[ComponentByRole] ( [IdRole], [IdComponent], [IsActive], [IsVisible], [ReadFunction], [WriteFunction], [TransactionUserId]) VALUES ( 1, N'2b6536a3-bdff-4e2d-8b34-948cbda563c4', 1, 1, NULL, NULL, NULL)
INSERT INTO [ERPSettings].[ComponentByRole] ( [IdRole], [IdComponent], [IsActive], [IsVisible], [ReadFunction], [WriteFunction], [TransactionUserId]) VALUES ( 1, N'32106801-d09e-4287-9e09-9238a6a4ef63', 1, 1, NULL, NULL, NULL)
INSERT INTO [ERPSettings].[ComponentByRole] ( [IdRole], [IdComponent], [IsActive], [IsVisible], [ReadFunction], [WriteFunction], [TransactionUserId]) VALUES ( 1, N'355051ef-1b27-413b-8696-5f99f970ea82', 1, 1, NULL, NULL, NULL)
INSERT INTO [ERPSettings].[ComponentByRole] ( [IdRole], [IdComponent], [IsActive], [IsVisible], [ReadFunction], [WriteFunction], [TransactionUserId]) VALUES ( 1, N'3733ef3b-bd1a-4aa9-82b6-565ee032f306', 1, 1, NULL, NULL, NULL)
INSERT INTO [ERPSettings].[ComponentByRole] ( [IdRole], [IdComponent], [IsActive], [IsVisible], [ReadFunction], [WriteFunction], [TransactionUserId]) VALUES ( 1, N'3b1f9493-c256-4dda-9e71-dca35fed1e4b', 1, 1, NULL, NULL, NULL)
INSERT INTO [ERPSettings].[ComponentByRole] ( [IdRole], [IdComponent], [IsActive], [IsVisible], [ReadFunction], [WriteFunction], [TransactionUserId]) VALUES ( 1, N'3b9e21e5-f1ef-4964-a7ad-a11f6df1606b', 1, 1, NULL, NULL, NULL)
INSERT INTO [ERPSettings].[ComponentByRole] ( [IdRole], [IdComponent], [IsActive], [IsVisible], [ReadFunction], [WriteFunction], [TransactionUserId]) VALUES ( 1, N'45952f49-5c23-42c7-ad16-66e271ad4a2f', 1, 1, NULL, NULL, NULL)
INSERT INTO [ERPSettings].[ComponentByRole] ( [IdRole], [IdComponent], [IsActive], [IsVisible], [ReadFunction], [WriteFunction], [TransactionUserId]) VALUES ( 1, N'4846b300-2246-46c3-8fbe-4cc1d42f08de', 1, 1, NULL, NULL, NULL)
INSERT INTO [ERPSettings].[ComponentByRole] ( [IdRole], [IdComponent], [IsActive], [IsVisible], [ReadFunction], [WriteFunction], [TransactionUserId]) VALUES ( 1, N'4cfd09d3-7fda-46b3-b15f-90fa2ced1413', 1, 1, NULL, NULL, NULL)
INSERT INTO [ERPSettings].[ComponentByRole] ( [IdRole], [IdComponent], [IsActive], [IsVisible], [ReadFunction], [WriteFunction], [TransactionUserId]) VALUES ( 1, N'4df00f69-d58c-45ea-8412-d5af26b6cbcb', 1, 1, NULL, NULL, NULL)
INSERT INTO [ERPSettings].[ComponentByRole] ( [IdRole], [IdComponent], [IsActive], [IsVisible], [ReadFunction], [WriteFunction], [TransactionUserId]) VALUES ( 1, N'4e29ff7a-da9c-4862-968e-6253cafeef6f', 1, 1, NULL, NULL, NULL)
INSERT INTO [ERPSettings].[ComponentByRole] ( [IdRole], [IdComponent], [IsActive], [IsVisible], [ReadFunction], [WriteFunction], [TransactionUserId]) VALUES ( 1, N'5dd83122-91db-44e5-978f-b32f4893c8a9', 1, 1, NULL, NULL, NULL)
INSERT INTO [ERPSettings].[ComponentByRole] ( [IdRole], [IdComponent], [IsActive], [IsVisible], [ReadFunction], [WriteFunction], [TransactionUserId]) VALUES ( 1, N'5ecf290d-58b9-451e-8b07-89148d142ccd', 1, 1, NULL, NULL, NULL)
INSERT INTO [ERPSettings].[ComponentByRole] ( [IdRole], [IdComponent], [IsActive], [IsVisible], [ReadFunction], [WriteFunction], [TransactionUserId]) VALUES ( 1, N'637ea051-e2d5-4b4c-b11b-57f44d350035', 1, 1, NULL, NULL, NULL)
INSERT INTO [ERPSettings].[ComponentByRole] ( [IdRole], [IdComponent], [IsActive], [IsVisible], [ReadFunction], [WriteFunction], [TransactionUserId]) VALUES ( 1, N'665286a0-acb1-4e17-bf09-98d87da33548', 1, 1, NULL, NULL, NULL)
INSERT INTO [ERPSettings].[ComponentByRole] ( [IdRole], [IdComponent], [IsActive], [IsVisible], [ReadFunction], [WriteFunction], [TransactionUserId]) VALUES ( 1, N'6a59c540-45a9-46e1-a431-82ccead6271e', 1, 1, NULL, NULL, NULL)
INSERT INTO [ERPSettings].[ComponentByRole] ( [IdRole], [IdComponent], [IsActive], [IsVisible], [ReadFunction], [WriteFunction], [TransactionUserId]) VALUES ( 1, N'6c3704ba-689c-4dad-bfed-6bd8bd26e3cc', 1, 1, NULL, NULL, NULL)
INSERT INTO [ERPSettings].[ComponentByRole] ( [IdRole], [IdComponent], [IsActive], [IsVisible], [ReadFunction], [WriteFunction], [TransactionUserId]) VALUES ( 1, N'6c4eefe6-864d-47ce-aceb-94a629260213', 1, 1, NULL, NULL, NULL)
INSERT INTO [ERPSettings].[ComponentByRole] ( [IdRole], [IdComponent], [IsActive], [IsVisible], [ReadFunction], [WriteFunction], [TransactionUserId]) VALUES ( 1, N'6f81873a-1880-4b9d-b2c7-dacd3a960073', 1, 1, NULL, NULL, NULL)
INSERT INTO [ERPSettings].[ComponentByRole] ( [IdRole], [IdComponent], [IsActive], [IsVisible], [ReadFunction], [WriteFunction], [TransactionUserId]) VALUES ( 1, N'7346df91-10c7-4930-af3f-bcc4a2844e22', 1, 1, NULL, NULL, NULL)
INSERT INTO [ERPSettings].[ComponentByRole] ( [IdRole], [IdComponent], [IsActive], [IsVisible], [ReadFunction], [WriteFunction], [TransactionUserId]) VALUES ( 1, N'7a612470-7986-4ae0-9941-ce750253dfaf', 1, 1, NULL, NULL, NULL)
INSERT INTO [ERPSettings].[ComponentByRole] ( [IdRole], [IdComponent], [IsActive], [IsVisible], [ReadFunction], [WriteFunction], [TransactionUserId]) VALUES ( 1, N'7d852a2e-3219-4bcd-8a11-490e0f10bfed', 1, 1, NULL, NULL, NULL)
INSERT INTO [ERPSettings].[ComponentByRole] ( [IdRole], [IdComponent], [IsActive], [IsVisible], [ReadFunction], [WriteFunction], [TransactionUserId]) VALUES ( 1, N'84e3697c-433a-4d64-abbf-3e41776623bd', 1, 1, NULL, NULL, NULL)
INSERT INTO [ERPSettings].[ComponentByRole] ( [IdRole], [IdComponent], [IsActive], [IsVisible], [ReadFunction], [WriteFunction], [TransactionUserId]) VALUES ( 1, N'86a231ee-49b7-4369-b54e-0185d2f636ab', 1, 1, NULL, NULL, NULL)
INSERT INTO [ERPSettings].[ComponentByRole] ( [IdRole], [IdComponent], [IsActive], [IsVisible], [ReadFunction], [WriteFunction], [TransactionUserId]) VALUES ( 1, N'87120823-97e8-4556-9527-530371fa31af', 1, 1, NULL, NULL, NULL)
INSERT INTO [ERPSettings].[ComponentByRole] ( [IdRole], [IdComponent], [IsActive], [IsVisible], [ReadFunction], [WriteFunction], [TransactionUserId]) VALUES ( 1, N'8b31f523-123d-4cd4-a998-f275456bc9b9', 1, 1, NULL, NULL, NULL)
INSERT INTO [ERPSettings].[ComponentByRole] ( [IdRole], [IdComponent], [IsActive], [IsVisible], [ReadFunction], [WriteFunction], [TransactionUserId]) VALUES ( 1, N'93b7637f-f697-440d-920e-82d630879e31', 1, 1, NULL, NULL, NULL)
INSERT INTO [ERPSettings].[ComponentByRole] ( [IdRole], [IdComponent], [IsActive], [IsVisible], [ReadFunction], [WriteFunction], [TransactionUserId]) VALUES ( 1, N'9456e460-17bc-4cd8-99e6-0dfa4908ee98', 1, 1, NULL, NULL, NULL)
INSERT INTO [ERPSettings].[ComponentByRole] ( [IdRole], [IdComponent], [IsActive], [IsVisible], [ReadFunction], [WriteFunction], [TransactionUserId]) VALUES ( 1, N'99a84766-8b48-4e41-bc6a-23ab2ef5dbde', 1, 1, NULL, NULL, NULL)
INSERT INTO [ERPSettings].[ComponentByRole] ( [IdRole], [IdComponent], [IsActive], [IsVisible], [ReadFunction], [WriteFunction], [TransactionUserId]) VALUES ( 1, N'9de28579-7bf6-48b7-8815-c79a3da2c04a', 1, 1, NULL, NULL, NULL)
INSERT INTO [ERPSettings].[ComponentByRole] ( [IdRole], [IdComponent], [IsActive], [IsVisible], [ReadFunction], [WriteFunction], [TransactionUserId]) VALUES ( 1, N'a0c075b3-061b-4336-8fe3-05db1b354358', 1, 1, NULL, NULL, NULL)
INSERT INTO [ERPSettings].[ComponentByRole] ( [IdRole], [IdComponent], [IsActive], [IsVisible], [ReadFunction], [WriteFunction], [TransactionUserId]) VALUES ( 1, N'ad6d492a-84d0-4aa0-8676-38f2a8b97814', 1, 1, NULL, NULL, NULL)
INSERT INTO [ERPSettings].[ComponentByRole] ( [IdRole], [IdComponent], [IsActive], [IsVisible], [ReadFunction], [WriteFunction], [TransactionUserId]) VALUES ( 1, N'ae8484b0-9464-47b9-950e-1b4f46b8a7dd', 1, 1, NULL, NULL, NULL)
INSERT INTO [ERPSettings].[ComponentByRole] ( [IdRole], [IdComponent], [IsActive], [IsVisible], [ReadFunction], [WriteFunction], [TransactionUserId]) VALUES ( 1, N'aed026c1-de4b-447c-930f-addbfb81dbf4', 1, 1, NULL, NULL, NULL)
INSERT INTO [ERPSettings].[ComponentByRole] ( [IdRole], [IdComponent], [IsActive], [IsVisible], [ReadFunction], [WriteFunction], [TransactionUserId]) VALUES ( 1, N'b4c123d4-5324-4a7f-8abe-dc6553d8136e', 1, 1, NULL, NULL, NULL)
INSERT INTO [ERPSettings].[ComponentByRole] ( [IdRole], [IdComponent], [IsActive], [IsVisible], [ReadFunction], [WriteFunction], [TransactionUserId]) VALUES ( 1, N'b5e46ea1-ea75-4217-8d1f-e2e696b75931', 1, 1, NULL, NULL, NULL)
INSERT INTO [ERPSettings].[ComponentByRole] ( [IdRole], [IdComponent], [IsActive], [IsVisible], [ReadFunction], [WriteFunction], [TransactionUserId]) VALUES ( 1, N'b5f3bd2e-be4b-41dd-b9cf-f0247ba2b87d', 1, 1, NULL, NULL, NULL)
INSERT INTO [ERPSettings].[ComponentByRole] ( [IdRole], [IdComponent], [IsActive], [IsVisible], [ReadFunction], [WriteFunction], [TransactionUserId]) VALUES ( 1, N'b68fedf9-c8e2-45ab-8a24-ac9fe737cbd1', 1, 1, NULL, NULL, NULL)
INSERT INTO [ERPSettings].[ComponentByRole] ( [IdRole], [IdComponent], [IsActive], [IsVisible], [ReadFunction], [WriteFunction], [TransactionUserId]) VALUES ( 1, N'b6e5d9eb-bf64-43b4-93f9-4e0420bd8cae', 1, 1, NULL, NULL, NULL)
INSERT INTO [ERPSettings].[ComponentByRole] ( [IdRole], [IdComponent], [IsActive], [IsVisible], [ReadFunction], [WriteFunction], [TransactionUserId]) VALUES ( 1, N'b9d6ebe6-390d-4ce5-a85b-c3e0b8885d70', 1, 1, NULL, NULL, NULL)
INSERT INTO [ERPSettings].[ComponentByRole] ( [IdRole], [IdComponent], [IsActive], [IsVisible], [ReadFunction], [WriteFunction], [TransactionUserId]) VALUES ( 1, N'bb72ea31-cc3a-40a5-be3e-48d06004e3f6', 1, 1, NULL, NULL, NULL)
INSERT INTO [ERPSettings].[ComponentByRole] ( [IdRole], [IdComponent], [IsActive], [IsVisible], [ReadFunction], [WriteFunction], [TransactionUserId]) VALUES ( 1, N'bc1ade50-9e39-4748-be7a-3535d123b7a7', 1, 1, NULL, NULL, NULL)
INSERT INTO [ERPSettings].[ComponentByRole] ( [IdRole], [IdComponent], [IsActive], [IsVisible], [ReadFunction], [WriteFunction], [TransactionUserId]) VALUES ( 1, N'bd385f54-3556-4fdc-8f88-0e3a9ded5e62', 1, 1, NULL, NULL, NULL)
INSERT INTO [ERPSettings].[ComponentByRole] ( [IdRole], [IdComponent], [IsActive], [IsVisible], [ReadFunction], [WriteFunction], [TransactionUserId]) VALUES ( 1, N'bdf47d16-16e7-48f7-a16d-442af32dbbfc', 1, 1, NULL, NULL, NULL)
INSERT INTO [ERPSettings].[ComponentByRole] ( [IdRole], [IdComponent], [IsActive], [IsVisible], [ReadFunction], [WriteFunction], [TransactionUserId]) VALUES ( 1, N'c37075c2-f3c0-4943-a4a2-2b51cae777bc', 1, 1, NULL, NULL, NULL)
INSERT INTO [ERPSettings].[ComponentByRole] ( [IdRole], [IdComponent], [IsActive], [IsVisible], [ReadFunction], [WriteFunction], [TransactionUserId]) VALUES ( 1, N'c490f11c-df37-4e42-bb40-21925f936da0', 1, 1, NULL, NULL, NULL)
INSERT INTO [ERPSettings].[ComponentByRole] ( [IdRole], [IdComponent], [IsActive], [IsVisible], [ReadFunction], [WriteFunction], [TransactionUserId]) VALUES ( 1, N'c67e1183-a7d1-4d2f-864b-1ac0abf77de6', 1, 1, NULL, NULL, NULL)
INSERT INTO [ERPSettings].[ComponentByRole] ( [IdRole], [IdComponent], [IsActive], [IsVisible], [ReadFunction], [WriteFunction], [TransactionUserId]) VALUES ( 1, N'c6b76cea-2e50-43b0-9960-4db5948558f8', 1, 1, NULL, NULL, NULL)
INSERT INTO [ERPSettings].[ComponentByRole] ( [IdRole], [IdComponent], [IsActive], [IsVisible], [ReadFunction], [WriteFunction], [TransactionUserId]) VALUES ( 1, N'cfafe1b5-92d2-4b44-9b73-8d8da3abdd0e', 1, 1, NULL, NULL, NULL)
INSERT INTO [ERPSettings].[ComponentByRole] ( [IdRole], [IdComponent], [IsActive], [IsVisible], [ReadFunction], [WriteFunction], [TransactionUserId]) VALUES ( 1, N'd25d46f4-9832-4cf5-8c6a-1b83cd1f94cb', 1, 1, NULL, NULL, NULL)
INSERT INTO [ERPSettings].[ComponentByRole] ( [IdRole], [IdComponent], [IsActive], [IsVisible], [ReadFunction], [WriteFunction], [TransactionUserId]) VALUES ( 1, N'd28d1a9d-c67c-4aaf-a34d-6b05f1438d44', 1, 1, NULL, NULL, NULL)
INSERT INTO [ERPSettings].[ComponentByRole] ( [IdRole], [IdComponent], [IsActive], [IsVisible], [ReadFunction], [WriteFunction], [TransactionUserId]) VALUES ( 1, N'd2b22366-ceab-49a7-82b1-50ec7e96c668', 1, 1, NULL, NULL, NULL)
INSERT INTO [ERPSettings].[ComponentByRole] ( [IdRole], [IdComponent], [IsActive], [IsVisible], [ReadFunction], [WriteFunction], [TransactionUserId]) VALUES ( 1, N'd7cce795-4562-4243-b8dd-3d874af9a39d', 1, 1, NULL, NULL, NULL)
INSERT INTO [ERPSettings].[ComponentByRole] ( [IdRole], [IdComponent], [IsActive], [IsVisible], [ReadFunction], [WriteFunction], [TransactionUserId]) VALUES ( 1, N'dabedc5e-2268-4d23-bbcb-2ca6423eb848', 1, 1, NULL, NULL, NULL)
INSERT INTO [ERPSettings].[ComponentByRole] ( [IdRole], [IdComponent], [IsActive], [IsVisible], [ReadFunction], [WriteFunction], [TransactionUserId]) VALUES ( 1, N'dc7b89bd-ee5b-4a8c-9487-aabe0b80c851', 1, 1, NULL, NULL, NULL)
INSERT INTO [ERPSettings].[ComponentByRole] ( [IdRole], [IdComponent], [IsActive], [IsVisible], [ReadFunction], [WriteFunction], [TransactionUserId]) VALUES ( 1, N'dfe84904-d669-4c0e-883e-e326ca506c90', 1, 1, NULL, NULL, NULL)
INSERT INTO [ERPSettings].[ComponentByRole] ( [IdRole], [IdComponent], [IsActive], [IsVisible], [ReadFunction], [WriteFunction], [TransactionUserId]) VALUES ( 1, N'e0ceb997-f294-4b40-90d2-09a03c5b6f56', 1, 1, NULL, NULL, NULL)
INSERT INTO [ERPSettings].[ComponentByRole] ( [IdRole], [IdComponent], [IsActive], [IsVisible], [ReadFunction], [WriteFunction], [TransactionUserId]) VALUES ( 1, N'e105d9a5-106e-4919-81a0-474dd7c6c540', 1, 1, NULL, NULL, NULL)
INSERT INTO [ERPSettings].[ComponentByRole] ( [IdRole], [IdComponent], [IsActive], [IsVisible], [ReadFunction], [WriteFunction], [TransactionUserId]) VALUES ( 1, N'e143c834-518e-4dee-94dd-5a371e232f05', 1, 1, NULL, NULL, NULL)
INSERT INTO [ERPSettings].[ComponentByRole] ( [IdRole], [IdComponent], [IsActive], [IsVisible], [ReadFunction], [WriteFunction], [TransactionUserId]) VALUES ( 1, N'e221b591-6c11-44e6-a44e-db79e57ece44', 1, 1, NULL, NULL, NULL)
INSERT INTO [ERPSettings].[ComponentByRole] ( [IdRole], [IdComponent], [IsActive], [IsVisible], [ReadFunction], [WriteFunction], [TransactionUserId]) VALUES ( 1, N'e77c5cd2-1b58-4ee1-8948-bc1ad6a7e444', 1, 1, NULL, NULL, NULL)
INSERT INTO [ERPSettings].[ComponentByRole] ( [IdRole], [IdComponent], [IsActive], [IsVisible], [ReadFunction], [WriteFunction], [TransactionUserId]) VALUES ( 1, N'e7f3395d-f0dc-42a8-b4bb-644c59427043', 1, 1, NULL, NULL, NULL)
INSERT INTO [ERPSettings].[ComponentByRole] ( [IdRole], [IdComponent], [IsActive], [IsVisible], [ReadFunction], [WriteFunction], [TransactionUserId]) VALUES ( 1, N'f605aa47-2a89-423a-bd5f-b8ab9def01db', 1, 1, NULL, NULL, NULL)
INSERT INTO [ERPSettings].[ComponentByRole] ( [IdRole], [IdComponent], [IsActive], [IsVisible], [ReadFunction], [WriteFunction], [TransactionUserId]) VALUES ( 1, N'f6839a6f-3592-4f60-b635-4934aa06505c', 1, 1, NULL, NULL, NULL)
INSERT INTO [ERPSettings].[ComponentByRole] ( [IdRole], [IdComponent], [IsActive], [IsVisible], [ReadFunction], [WriteFunction], [TransactionUserId]) VALUES ( 1, N'f68b956d-e4f9-4eb7-8193-e95edb3b7f54', 1, 1, NULL, NULL, NULL)
INSERT INTO [ERPSettings].[ComponentByRole] ( [IdRole], [IdComponent], [IsActive], [IsVisible], [ReadFunction], [WriteFunction], [TransactionUserId]) VALUES ( 1, N'f8a3b97e-9114-4953-971d-7b0a918ca9a2', 1, 1, NULL, NULL, NULL)
INSERT INTO [ERPSettings].[ComponentByRole] ( [IdRole], [IdComponent], [IsActive], [IsVisible], [ReadFunction], [WriteFunction], [TransactionUserId]) VALUES ( 1, N'fb000dca-e004-46ba-8cd9-2cc7dbdd3641', 1, 1, NULL, NULL, NULL)
INSERT INTO [ERPSettings].[ComponentByRole] ( [IdRole], [IdComponent], [IsActive], [IsVisible], [ReadFunction], [WriteFunction], [TransactionUserId]) VALUES ( 1, N'fb9a3338-52c6-4e50-9c7d-31c71c632641', 1, 1, NULL, NULL, NULL)
INSERT INTO [ERPSettings].[ComponentByRole] ( [IdRole], [IdComponent], [IsActive], [IsVisible], [ReadFunction], [WriteFunction], [TransactionUserId]) VALUES ( 1, N'fbffe938-20e6-4827-9b70-0e9379ce430d', 1, 1, NULL, NULL, NULL)
INSERT INTO [ERPSettings].[ComponentByRole] ( [IdRole], [IdComponent], [IsActive], [IsVisible], [ReadFunction], [WriteFunction], [TransactionUserId]) VALUES ( 1, N'fe066f75-6ad4-497a-ad97-647523a30353', 1, 1, NULL, NULL, NULL)
INSERT INTO [ERPSettings].[ComponentByRole] ( [IdRole], [IdComponent], [IsActive], [IsVisible], [ReadFunction], [WriteFunction], [TransactionUserId]) VALUES ( 1, N'fe33f1f6-e646-466f-b8dd-611ec995bd7c', 1, 1, NULL, NULL, NULL)
INSERT INTO [ERPSettings].[ComponentByRole] ( [IdRole], [IdComponent], [IsActive], [IsVisible], [ReadFunction], [WriteFunction], [TransactionUserId]) VALUES ( 1, N'ffa61d78-adb3-49d2-8ce6-098fb4c79063', 1, 1, NULL, NULL, NULL)


INSERT INTO [ERPSettings].[ButtonComponent] ([IdComponent], [ng_model], [ng_click], [type], [ButtonType], [IdServiceParameter], [ngDisabled]) VALUES (N'32106801-d09e-4287-9e09-9238a6a4ef63', N'', N'bController.baseService.actionService.redirectionService.redirectTo(''/payroll/echellon/list'')', N'submit', 0, NULL, NULL)
INSERT INTO [ERPSettings].[ButtonComponent] ([IdComponent], [ng_model], [ng_click], [type], [ButtonType], [IdServiceParameter], [ngDisabled]) VALUES (N'7d852a2e-3219-4bcd-8a11-490e0f10bfed', N'', N'bController.baseService.actionService.save(''7d852a2e-3219-4bcd-8a11-490e0f10bfed'')', N'submit', 0, N'6df4f080-f4bd-4b37-9f64-1a92c3d7437f', N'bController.baseService.initService.disabledUpdateButton')
INSERT INTO [ERPSettings].[ButtonComponent] ([IdComponent], [ng_model], [ng_click], [type], [ButtonType], [IdServiceParameter], [ngDisabled]) VALUES (N'9456e460-17bc-4cd8-99e6-0dfa4908ee98', N'', N'bController.baseService.actionService.redirectionService.redirectTo(''/payroll/job/list'')', N'submit', 0, NULL, NULL)
INSERT INTO [ERPSettings].[ButtonComponent] ([IdComponent], [ng_model], [ng_click], [type], [ButtonType], [IdServiceParameter], [ngDisabled]) VALUES (N'9de28579-7bf6-48b7-8815-c79a3da2c04a', N'', N'bController.baseService.actionService.redirectionService.redirectTo(''/payroll/payslip/list'')', N'submit', 0, NULL, NULL)
INSERT INTO [ERPSettings].[ButtonComponent] ([IdComponent], [ng_model], [ng_click], [type], [ButtonType], [IdServiceParameter], [ngDisabled]) VALUES (N'b5e46ea1-ea75-4217-8d1f-e2e696b75931', N'', N'bController.baseService.actionService.save(''b5e46ea1-ea75-4217-8d1f-e2e696b75931'')', N'submit', 0, N'a0109d2b-9ecf-4e4b-889e-73e958c7d9cc', N'bController.baseService.initService.disabledUpdateButton')
INSERT INTO [ERPSettings].[ButtonComponent] ([IdComponent], [ng_model], [ng_click], [type], [ButtonType], [IdServiceParameter], [ngDisabled]) VALUES (N'bc1ade50-9e39-4748-be7a-3535d123b7a7', N'', N'bController.baseService.actionService.save(''bc1ade50-9e39-4748-be7a-3535d123b7a7'')', N'submit', 0, N'8d9f8751-ec3a-40a6-bbe3-37119409a6a6', N'bController.baseService.initService.disabledUpdateButton')
INSERT INTO [ERPSettings].[ButtonComponent] ([IdComponent], [ng_model], [ng_click], [type], [ButtonType], [IdServiceParameter], [ngDisabled]) VALUES (N'd25d46f4-9832-4cf5-8c6a-1b83cd1f94cb', N'', N'bController.baseService.actionService.redirectionService.redirectTo(''/payroll/grade/list'')', N'submit', 0, NULL, NULL)
INSERT INTO [ERPSettings].[ButtonComponent] ([IdComponent], [ng_model], [ng_click], [type], [ButtonType], [IdServiceParameter], [ngDisabled]) VALUES (N'dc7b89bd-ee5b-4a8c-9487-aabe0b80c851', N'', N'bController.baseService.actionService.redirectionService.redirectTo(''/payroll/salaryrule/list'')', N'submit', 0, NULL, NULL)
INSERT INTO [ERPSettings].[ButtonComponent] ([IdComponent], [ng_model], [ng_click], [type], [ButtonType], [IdServiceParameter], [ngDisabled]) VALUES (N'e143c834-518e-4dee-94dd-5a371e232f05', N'', N'bController.baseService.actionService.save(''e143c834-518e-4dee-94dd-5a371e232f05'')', N'submit', 0, N'fbad67e1-406b-491d-b4a8-bd34e9947a8d', NULL)
INSERT INTO [ERPSettings].[ButtonComponent] ([IdComponent], [ng_model], [ng_click], [type], [ButtonType], [IdServiceParameter], [ngDisabled]) VALUES (N'e221b591-6c11-44e6-a44e-db79e57ece44', N'', N'bController.baseService.actionService.redirectionService.redirectTo(''/payroll/salarystructure/list'')', N'submit', 0, NULL, NULL)
INSERT INTO [ERPSettings].[ButtonComponent] ([IdComponent], [ng_model], [ng_click], [type], [ButtonType], [IdServiceParameter], [ngDisabled]) VALUES (N'f8a3b97e-9114-4953-971d-7b0a918ca9a2', N'', N'bController.baseService.actionService.save(''f8a3b97e-9114-4953-971d-7b0a918ca9a2'')', N'submit', 0, N'f067a063-0ac0-408f-a90f-4f06af59394a', NULL)
INSERT INTO [ERPSettings].[ButtonComponent] ([IdComponent], [ng_model], [ng_click], [type], [ButtonType], [IdServiceParameter], [ngDisabled]) VALUES (N'fe066f75-6ad4-497a-ad97-647523a30353', N'', N'bController.baseService.actionService.save(''fe066f75-6ad4-497a-ad97-647523a30353'')', N'submit', 0, N'ce00e712-9fef-43f1-9a56-e3b36d6af2be', NULL)
ALTER TABLE [ERPSettings].[FunctionnalityModule]
    ADD CONSTRAINT [FK_FunctionnalityModule_Functionality] FOREIGN KEY ([IdFunctionnality]) REFERENCES [ERPSettings].[Functionality] ([IdFunctionality])
ALTER TABLE [ERPSettings].[FunctionnalityModule]
    ADD CONSTRAINT [FK_FunctionnalityModule_Module] FOREIGN KEY ([IdModule]) REFERENCES [ERPSettings].[Module] ([IdModule])
ALTER TABLE [ERPSettings].[ColumnMenuComponent]
    ADD CONSTRAINT [FK_ComponentColumnMenu] FOREIGN KEY ([IdComponent]) REFERENCES [ERPSettings].[Component] ([IdComponent])
ALTER TABLE [ERPSettings].[ButtonComponent]
    ADD CONSTRAINT [FK_ButtonComponent_Component] FOREIGN KEY ([IdComponent]) REFERENCES [ERPSettings].[Component] ([IdComponent])
ALTER TABLE [ERPSettings].[ButtonComponent]
    ADD CONSTRAINT [FK_ButtonComponent_ServiceParameters] FOREIGN KEY ([IdServiceParameter]) REFERENCES [ERPSettings].[ServiceParameters] ([IdServiceParameters])
ALTER TABLE [ERPSettings].[ToolBarItem]
    ADD CONSTRAINT [FK_ToolBarItemToolBarOptions] FOREIGN KEY ([IdToolBarOptions]) REFERENCES [ERPSettings].[ToolBarOptions] ([IdToolBarOptions])
ALTER TABLE [ERPSettings].[ToolBarOptions]
    ADD CONSTRAINT [FK_ToolBarOptionsToolbarComponent] FOREIGN KEY ([IdToolBarOptions]) REFERENCES [ERPSettings].[ToolBarComponent] ([IdComponent])
ALTER TABLE [ERPSettings].[CheckBoxComponentDetails]
    ADD CONSTRAINT [FK_CheckBoxDetailsComponent_Component] FOREIGN KEY ([IdComponent]) REFERENCES [ERPSettings].[Component] ([IdComponent])
ALTER TABLE [ERPSettings].[Traceability]
    ADD CONSTRAINT [FK_Traceability_User] FOREIGN KEY ([TransactionUserId]) REFERENCES [ERPSettings].[User] ([Id])
ALTER TABLE [ERPSettings].[ToolBarComponent]
    ADD CONSTRAINT [FK_ComponentToolbarComponent] FOREIGN KEY ([IdComponent]) REFERENCES [ERPSettings].[Component] ([IdComponent])
ALTER TABLE [ERPSettings].[RadioButtonComponentDetails]
    ADD CONSTRAINT [FK_RadioButtonComponentDetails_Component] FOREIGN KEY ([IdComponent]) REFERENCES [ERPSettings].[Component] ([IdComponent])
ALTER TABLE [ERPSettings].[MsgNotification]
    ADD CONSTRAINT [FK_MsgNotification_Message] FOREIGN KEY ([IdMsg]) REFERENCES [ERPSettings].[Message] ([Id])
ALTER TABLE [ERPSettings].[PopupComponent]
    ADD CONSTRAINT [FK_PopupComponent_Component] FOREIGN KEY ([IdComponent]) REFERENCES [ERPSettings].[Component] ([IdComponent])
ALTER TABLE [ERPSettings].[ComponentByRole]
    ADD CONSTRAINT [FK_ComponentByRole_Component] FOREIGN KEY ([IdComponent]) REFERENCES [ERPSettings].[Component] ([IdComponent])
ALTER TABLE [ERPSettings].[ComponentByRole]
    ADD CONSTRAINT [FK_ComponentByRole_Role] FOREIGN KEY ([IdRole]) REFERENCES [ERPSettings].[Role] ([Id]) ON DELETE CASCADE
ALTER TABLE [ERPSettings].[EntityCodification]
    ADD CONSTRAINT [FK_EntityCodification_Codification] FOREIGN KEY ([IdCodification]) REFERENCES [ERPSettings].[Codification] ([Id])
ALTER TABLE [ERPSettings].[EntityCodification]
    ADD CONSTRAINT [FK_EntityCodification_Entity] FOREIGN KEY ([IdEntity]) REFERENCES [ERPSettings].[Entity] ([Id])
ALTER TABLE [ERPSettings].[GridColumnComponent]
    ADD CONSTRAINT [FK_GridColumnComponent_Component] FOREIGN KEY ([IdComponent]) REFERENCES [ERPSettings].[Component] ([IdComponent])
ALTER TABLE [ERPSettings].[DropDownListOptions]
    ADD CONSTRAINT [FK_DropDownListOptions_DropDownListComponent] FOREIGN KEY ([IdDropDownListOptions]) REFERENCES [ERPSettings].[DropDownListComponent] ([IdComponent])
ALTER TABLE [ERPSettings].[Entity]
    ADD CONSTRAINT [FK_Entity_Entity] FOREIGN KEY ([IdRelatedEntity]) REFERENCES [ERPSettings].[Entity] ([Id])
ALTER TABLE [ERPSettings].[FieldSetComponent]
    ADD CONSTRAINT [FK_FieldSetComponent_Component] FOREIGN KEY ([IdComponent]) REFERENCES [ERPSettings].[Component] ([IdComponent])
ALTER TABLE [ERPSettings].[DropDownListComponent]
    ADD CONSTRAINT [FK_DropDownListComponent_Component] FOREIGN KEY ([IdComponent]) REFERENCES [ERPSettings].[Component] ([IdComponent])
ALTER TABLE [ERPSettings].[Message]
    ADD CONSTRAINT [FK_Information_Message] FOREIGN KEY ([IdInformation]) REFERENCES [ERPSettings].[Information] ([IdInfo])
ALTER TABLE [ERPSettings].[RoleInfo]
    ADD CONSTRAINT [FK_Information_RoleInfo] FOREIGN KEY ([IdInformation]) REFERENCES [ERPSettings].[Information] ([IdInfo])
ALTER TABLE [ERPSettings].[RoleInfo]
    ADD CONSTRAINT [FK_Role_RoleInfo] FOREIGN KEY ([IdRole]) REFERENCES [ERPSettings].[Role] ([Id])
ALTER TABLE [ERPSettings].[Relation]
    ADD CONSTRAINT [FK_Relation_PredicateFormat] FOREIGN KEY ([IdPredicateFormat]) REFERENCES [ERPSettings].[PredicateFormat] ([IdPredicateFormat])
ALTER TABLE [ERPSettings].[GridDataSource]
    ADD CONSTRAINT [FK_GridDataSource_GridOptions] FOREIGN KEY ([IdGridOptions]) REFERENCES [ERPSettings].[GridOptions] ([IdGridOptions])
ALTER TABLE [ERPSettings].[GridDataSource]
    ADD CONSTRAINT [FK_GridDataSource_ServiceParameters] FOREIGN KEY ([IdServiceParameters]) REFERENCES [ERPSettings].[ServiceParameters] ([IdServiceParameters])
ALTER TABLE [ERPSettings].[ComboBoxComponent]
    ADD CONSTRAINT [FK_ComboboxComponent_Component] FOREIGN KEY ([IdComponent]) REFERENCES [ERPSettings].[Component] ([IdComponent])
ALTER TABLE [ERPSettings].[FunctionnalityByUser]
    ADD CONSTRAINT [FK_FunctionnalityByUser_Functionality] FOREIGN KEY ([IdFunctionality]) REFERENCES [ERPSettings].[Functionality] ([IdFunctionality])
ALTER TABLE [ERPSettings].[FunctionnalityByUser]
    ADD CONSTRAINT [FK_FunctionnalityByUser_User] FOREIGN KEY ([IdUser]) REFERENCES [ERPSettings].[User] ([Id]) ON DELETE CASCADE
ALTER TABLE [ERPSettings].[OrderBy]
    ADD CONSTRAINT [FK_OrderBy_PredicateFormat] FOREIGN KEY ([IdPredicateFormat]) REFERENCES [ERPSettings].[PredicateFormat] ([IdPredicateFormat])
ALTER TABLE [ERPSettings].[RadioButtonComponent]
    ADD CONSTRAINT [FK_RadioButtonComponent_Component] FOREIGN KEY ([IdComponent]) REFERENCES [ERPSettings].[Component] ([IdComponent])
ALTER TABLE [ERPSettings].[DialogComponent]
    ADD CONSTRAINT [FK_DialogComponent_Component] FOREIGN KEY ([IdComponent]) REFERENCES [ERPSettings].[Component] ([IdComponent])
ALTER TABLE [ERPSettings].[InputDatePickerOptions]
    ADD CONSTRAINT [FK_InputDatePickerOptions_InputComponent] FOREIGN KEY ([IdDatePickerOptions]) REFERENCES [ERPSettings].[InputComponent] ([IdComponent])
ALTER TABLE [ERPSettings].[BarCodeComponent]
    ADD CONSTRAINT [FK_BarCodeComponent_Component] FOREIGN KEY ([IdComponent]) REFERENCES [ERPSettings].[Component] ([IdComponent])
ALTER TABLE [ERPSettings].[BarCodeComponent]
    ADD CONSTRAINT [FK_BarCodeComponent_InputComponent] FOREIGN KEY ([IdInputComponent]) REFERENCES [ERPSettings].[InputComponent] ([IdComponent])
ALTER TABLE [ERPSettings].[InputComponent]
    ADD CONSTRAINT [FK_InputComponent_Component] FOREIGN KEY ([IdComponent]) REFERENCES [ERPSettings].[Component] ([IdComponent])
ALTER TABLE [ERPSettings].[QrCodeComponent]
    ADD CONSTRAINT [FK_QrCodeComponent_Component] FOREIGN KEY ([IdComponent]) REFERENCES [ERPSettings].[Component] ([IdComponent])
ALTER TABLE [ERPSettings].[QrCodeComponent]
    ADD CONSTRAINT [FK_QrCodeComponent_InputComponent] FOREIGN KEY ([IdInputComponent]) REFERENCES [ERPSettings].[InputComponent] ([IdComponent])
ALTER TABLE [ERPSettings].[Information]
    ADD CONSTRAINT [FK_Information_Functionality] FOREIGN KEY ([IdFunctionality]) REFERENCES [ERPSettings].[Functionality] ([IdFunctionality])
ALTER TABLE [ERPSettings].[ReportParameters]
    ADD CONSTRAINT [FK_ReportViewerParameters_ReportViewerComponent] FOREIGN KEY ([IdComponent]) REFERENCES [ERPSettings].[ReportComponent] ([IdComponent])
ALTER TABLE [ERPSettings].[ReportComponent]
    ADD CONSTRAINT [FK_ReportViewerComponent_Component] FOREIGN KEY ([IdComponent]) REFERENCES [ERPSettings].[Component] ([IdComponent])
ALTER TABLE [ERPSettings].[DropDownListDataSource]
    ADD CONSTRAINT [FK_DropDownListDataSource_DropDownListOptions] FOREIGN KEY ([IdDropDownListOptions]) REFERENCES [ERPSettings].[DropDownListOptions] ([IdDropDownListOptions])
ALTER TABLE [ERPSettings].[DropDownListDataSource]
    ADD CONSTRAINT [FK_DropDownListDataSource_ServiceParameters] FOREIGN KEY ([IdServiceParameters]) REFERENCES [ERPSettings].[ServiceParameters] ([IdServiceParameters])
ALTER TABLE [ERPSettings].[GridOptions]
    ADD CONSTRAINT [FK_GridOptions_GridComponent] FOREIGN KEY ([IdGridOptions]) REFERENCES [ERPSettings].[GridComponent] ([IdComponent])
ALTER TABLE [ERPSettings].[ComboBoxDataSourceItems]
    ADD CONSTRAINT [FK_ComboBoxDataSourceItems_ComboBoxDataSource] FOREIGN KEY ([IdComboBoxDataSource]) REFERENCES [ERPSettings].[ComboBoxDataSource] ([IdComponent])
ALTER TABLE [ERPSettings].[CheckBoxComponent]
    ADD CONSTRAINT [FK_CheckBoxComponent_Component] FOREIGN KEY ([IdComponent]) REFERENCES [ERPSettings].[Component] ([IdComponent])
ALTER TABLE [ERPSettings].[LabelComponent]
    ADD CONSTRAINT [FK_LabelComponent_Component] FOREIGN KEY ([IdComponent]) REFERENCES [ERPSettings].[Component] ([IdComponent])
ALTER TABLE [ERPSettings].[FormComponent]
    ADD CONSTRAINT [FK_FormComponent_Component] FOREIGN KEY ([IdComponent]) REFERENCES [ERPSettings].[Component] ([IdComponent])
ALTER TABLE [ERPSettings].[FormComponent]
    ADD CONSTRAINT [FK_FormComponent_ServiceParameters] FOREIGN KEY ([IdServiceParameter]) REFERENCES [ERPSettings].[ServiceParameters] ([IdServiceParameters])
ALTER TABLE [ERPSettings].[FunctionalityByRole]
    ADD CONSTRAINT [FK_FunctionalityRole_Role] FOREIGN KEY ([IdRole]) REFERENCES [ERPSettings].[Role] ([Id]) ON DELETE CASCADE
ALTER TABLE [ERPSettings].[FunctionalityByRole]
    ADD CONSTRAINT [FK_FunctionalityRole_Functionality] FOREIGN KEY ([IdFunctionality]) REFERENCES [ERPSettings].[Functionality] ([IdFunctionality])
ALTER TABLE [ERPSettings].[Functionality]
    ADD CONSTRAINT [FK_Functionality_RequestType] FOREIGN KEY ([IdRequestType]) REFERENCES [ERPSettings].[RequestType] ([Id])
ALTER TABLE [ERPSettings].[GridButtonComponent]
    ADD CONSTRAINT [FK_GridButtonComponent_ServiceParameters] FOREIGN KEY ([IdServiceParameter]) REFERENCES [ERPSettings].[ServiceParameters] ([IdServiceParameters])
ALTER TABLE [ERPSettings].[GridButtonComponent]
    ADD CONSTRAINT [FK_GridButtonComponent_Component] FOREIGN KEY ([IdComponent]) REFERENCES [ERPSettings].[Component] ([IdComponent])
ALTER TABLE [ERPSettings].[ServiceParameters]
    ADD CONSTRAINT [FK_ServiceParameters_PredicateFormat] FOREIGN KEY ([IdPredicateFormat]) REFERENCES [ERPSettings].[PredicateFormat] ([IdPredicateFormat])
ALTER TABLE [ERPSettings].[ComboBoxDataSource]
    ADD CONSTRAINT [FK_ComboBoxDataSource_ComboBoxOptions] FOREIGN KEY ([IdComponent]) REFERENCES [ERPSettings].[ComboBoxOptions] ([IdComponent])
ALTER TABLE [ERPSettings].[ComboBoxDataSource]
    ADD CONSTRAINT [FK_ComboBoxDataSource_ServiceParameters] FOREIGN KEY ([IdServiceParameters]) REFERENCES [ERPSettings].[ServiceParameters] ([IdServiceParameters])
ALTER TABLE [ERPSettings].[ComboBoxOptions]
    ADD CONSTRAINT [FK_ComboBoxOptions_ComboBoxComponent] FOREIGN KEY ([IdComponent]) REFERENCES [ERPSettings].[ComboBoxComponent] ([IdComponent])
ALTER TABLE [ERPSettings].[GridComponent]
    ADD CONSTRAINT [FK_GridComponent_Component] FOREIGN KEY ([IdComponent]) REFERENCES [ERPSettings].[Component] ([IdComponent])
ALTER TABLE [ERPSettings].[ModuleByRole]
    ADD CONSTRAINT [FK_ModuleByRole_Module] FOREIGN KEY ([IdModule]) REFERENCES [ERPSettings].[Module] ([IdModule])
ALTER TABLE [ERPSettings].[ModuleByRole]
    ADD CONSTRAINT [FK_ModuleByRole_Role] FOREIGN KEY ([IdRole]) REFERENCES [ERPSettings].[Role] ([Id]) ON DELETE CASCADE
ALTER TABLE [ERPSettings].[Module]
    ADD CONSTRAINT [FK_Module_Module] FOREIGN KEY ([IdModuleParent]) REFERENCES [ERPSettings].[Module] ([IdModule])
ALTER TABLE [ERPSettings].[ImageComponent]
    ADD CONSTRAINT [FK_ImageComponent_Component] FOREIGN KEY ([IdComponent]) REFERENCES [ERPSettings].[Component] ([IdComponent])
ALTER TABLE [ERPSettings].[Component]
    ADD CONSTRAINT [FK_Component_Component1] FOREIGN KEY ([IdComponentChangedBy]) REFERENCES [ERPSettings].[Component] ([IdComponent])
ALTER TABLE [ERPSettings].[Component]
    ADD CONSTRAINT [FK_Component_Functionality] FOREIGN KEY ([IdFunctionality]) REFERENCES [ERPSettings].[Functionality] ([IdFunctionality])
ALTER TABLE [ERPSettings].[Component]
    ADD CONSTRAINT [FK_Component_Component] FOREIGN KEY ([IdComponentParent]) REFERENCES [ERPSettings].[Component] ([IdComponent])
ALTER TABLE [ERPSettings].[Filter]
    ADD CONSTRAINT [FK_Filter_PredicateFormat] FOREIGN KEY ([IdPredicateFormat]) REFERENCES [ERPSettings].[PredicateFormat] ([IdPredicateFormat])
COMMIT TRANSACTION