-------Company+City+Country+ZipCode+BankAcoount---
BEGIN TRANSACTION
ALTER TABLE [Shared].[ZipCode] DROP CONSTRAINT [FK_ZipCode_City]
ALTER TABLE [Shared].[City] DROP CONSTRAINT [FK_Ville_Pays]
ALTER TABLE [Shared].[Company] DROP CONSTRAINT [FK_Company_ZipCode]
ALTER TABLE [Shared].[Company] DROP CONSTRAINT [FK_Company_Currency]
ALTER TABLE [Shared].[Company] DROP CONSTRAINT [FK_Company_BankAccount]
SET IDENTITY_INSERT [Shared].[Country] ON
INSERT INTO [Shared].[Country] ([Id], [Code], [Label], [IsDeleted], [TransactionUserId], [Deleted_Token]) VALUES (1, N'FR', N'France', 0, 0, NULL)
INSERT INTO [Shared].[Country] ([Id], [Code], [Label], [IsDeleted], [TransactionUserId], [Deleted_Token]) VALUES (2, N'TN', N'Tunisie', 0, 0, NULL)
INSERT INTO [Shared].[Country] ([Id], [Code], [Label], [IsDeleted], [TransactionUserId], [Deleted_Token]) VALUES (4, N'UK', N'United kingdom', 0, 0, NULL)
SET IDENTITY_INSERT [Shared].[Country] OFF
SET IDENTITY_INSERT [Shared].[Company] ON
EXEC(N'INSERT INTO [Shared].[Company] ([Id], [Code], [MatriculeFisc], [Name], [Description], [CommercialRegister], [TaxIdentNumber], [Picture], [Email], [WebSite], [Adress], [SIRET], [IdZipCode], [Region], [Pays], [City], [IdDaysOfWork], [IsDeleted], [TransactionUserId], [Tel1], [Tel2], [Fax], [FiscalStamp], [NIC], [IdNAF], [Capital], [PaymentOffset], [IdATRate], [HeuRef], [RegularisationMode], [IdCurrency], [Culture], [Company_int_1], [Company_int_2], [Company_int_3], [Company_int_4], [Company_int_5], [Company_int_6], [Company_int_7], [Company_int_8], [Company_int_9], [Company_int_10], [Company_bit_1], [Company_bit_2], [Company_bit_3], [Company_bit_4], [Company_bit_5], [Company_bit_6], [Company_bit_7], [Company_bit_8], [Company_bit_9], [Company_bit_10], [Company_float_1], [Company_float_2], [Company_float_3], [Company_float_4], [Company_float_5], [Company_float_6], [Company_float_7], [Company_float_8], [Company_float_9], [Company_float_10], [Company_varchar_1], [Company_varchar_2], [Company_varchar_3], [Company_varchar_4], [Company_varchar_5], [Company_varchar_6], [Company_varchar_7], [Company_varchar_8], [Company_varchar_9], [Company_varchar_10], [Company_date_1], [Company_date_2], [Company_date_3], [Company_date_4], [Company_date_5], [Company_date_6], [Company_date_7], [Company_date_8], [Company_date_9], [Company_date_10], [Deleted_Token], [AttachmentUrl], [IdBankAccount], [DataLogoCompany], [VatNumber]) VALUES (2, N''C003'', N''79501729200033'', N''SPARK-IT INT LIMITED '', NULL, N''B 795 017 292'', NULL, NULL, N'' Contact@spark-it.co.uk'', N''www.spark-it.co.uk'', N''207 Regent Street'', N''79501729200033'', 1, NULL, N''United Kingdom'', N''London'', NULL, 0, 0, N''+(44 ) 0 2034455271'', N''+(44 ) 0 2034455271'', N''+(44 ) 0 2034455271'', NULL, NULL, NULL, NULL, NULL, NULL, NULL, NULL, 3, N''fr'', NULL, NULL, NULL, NULL, NULL, NULL, NULL, NULL, NULL, NULL, NULL, NULL, NULL, NULL, NULL, NULL, NULL, NULL, NULL, NULL, NULL, NULL, NULL, NULL, NULL, NULL, NULL, NULL, NULL, NULL, NULL, NULL, NULL, NULL, NULL, NULL, NULL, NULL, NULL, NULL, NULL, NULL, NULL, NULL, NULL, NULL, NULL, NULL, NULL, NULL, NULL, N'''', 1, 0x89504e470d0a1a0a0000000d494844520000008f0000003908060000000ff078fb0000000467414d410000b18f0bfc6105000000206348524d00007a26000080840000fa00000080e8000075300000ea6000003a98000017709cba513c000000097048597300000ec400000ec401952b0e1b00000006624b474400ff00ff00ffa0bda7930000000774494d4507e1050f091119b92c4dfe0000002574455874646174653a63726561746500323031372d30352d31355430393a31373a32352b30313a3030d0b37b8e0000002574455874646174653a6d6f6469667900323031372d30352d31355430393a31373a32352b30313a3030a1eec3320000001974455874536f6674776172650041646f626520496d616765526561647971c9653c000012b049444154785eed5c07785455da7ea7656632494832a183200252047669365640a408a8e82aa0b88bbfc22f2a16fc0511dc151010918005052c285869820b489155c4429322457a2f42484f26c964daffbd27773484244c26917db2dcf7f192c9bdf7dc7be69cf7bcdffb7df7464340001d3ac28051fba9434799a1934747d8d0c9a3236ce8e4d1113674f2e8081b3a7974840d9d3c3ac2864e1e1d6143278f8eb0a1934747d8d0c9a3236ce8e4d11136fe73e4f17ae0defa1d9287de8d33bdda206ffd3aed808eca824b4e9e0049736017d25e1c86d4e143e0d9b10f9e5d47e0deb205019f4f3b4b4765c0257d25c373682f72567c8e9c851f2390eb939b5be04fc980a5794bc44d99064be346da993a2a032e0979bcc70e21efbbaf91bd600efc078f0191b1429e7c0452b261eddc09f12fbf0c53dd3adad93a2a0bfe50f2f8b33290bb6a2972967e0ecf969f1030d961f09b11c8ce833f3d1b8efbfaa1ca0bcfc354ad9ad6424765c21f469edcaf96c3b5e853e46f16d264e7c360b28adf9103396ef8935311fdecff21e699613046471534d051e950e1e4f1ecfb0599d3a7227fd326f8d332118019069f496448cc729e10e7cc69c4cf9c09c7e081301865bf8e4a8b0a230f2f92f6fc70e42d5f067f668eec30cb26e4f005544ae7cfc9852fe514aaaf590b5b978eaa8d8eca8d0a218f6bd167481ffd1c0219421a9b84a180d045b26ea35fe40606f833b2e073a5a1c68eedb0b66856d04847a547b9c8e35eff3d52470c1733fc338cf1627acd11421abf90462e1930881a05e04fcd8021211eb5b6af8731c1a9b50c1f797979484d4d457e7e3eaac4c4202e3e5e3b523971f0e041180c06381c0ed4a85143db5b019069f59c3c0d63a41d2667c118f97c3e1c39720446a31176bb1d356bd654fbc34599c94342787ed983ac575f856bc102184d36181ca236129e0c244cc02f5a6384dfef558a6316a5a9be62c96f5f205c1c3870008b3fff1c1bc54b656664c02f03618988407519f06eddbaa1478f1e888b8b53035359e01765befebaeb60329970ddb5d72271da3445a48a806bc1629ced7b176c2ddba1ea828f550dedccafbfe2f6db6f8755c6adbddc373131513b3b3c9469a43d870f23f3952938d7eb76b83e590853a44c96842983976e98b4a2e04898ca17639ced82ad5b1754ff979c574ee27cfffdf7787ef468ac5ab50a79b9b9b05aad8894956a96413f9794845962c0478f1a855f65702a134874123e5eb6e82a552a8c38842f354516b1c0952bd9aed809815948e314a5a65a4745953fcb0d893c3e99a0ac39739072ff4064fc631c02ae7c98631394c204244451bbd4c6cf9251053c1e38eebd07ce77de80a946f96a38274f9dc25cb97766662662244c5d79e595e8d2a50bba77ef8ef6eddb235e06c262b1a08a0c3e8f5736a809ae40d204e1b8ad3712264d415ce224585a362fd8c949927b91a4c60ab8e745c993f7f55aa43cf8bf481ffa34bc3bf7898a548731c22a44f133fb96fe149087b21370e7893c7910f5d8c3887b65628514ff0e1f3a8443b299cd66346cd81043870ec5b0a79fc6d0c71fc7889123f1c8238fa067cf9eb8ebaebb101d1dadb5faef043d4ba830d5aaa16a69f63b7ac1206357140c95e545a99ec7bd6b3792bbdf06dfb914218d288d499446494c01697e8730d9eb8525ca81b8c9e361bebb4f85ac26127491f89c99336628f20c1a340877df738f76f477e4bbdd6a304cc50c5210ff5eb306fbc537656765a9f3129c4eb46dd70ecd9a5d3cfbcb76b9f0ddba7538c2b02d0a48cf50b3562ddc70c30db8a25e3dedac92919e9e8eb5df7c8363c78e213525050f0be16b497be2565150f6a74ddbb6183b76acda1744be2cc4a953a6a8ef9623e1faa1871e429d3a177f8cc3b9f971fd7a7cb96c19121212704fdfbeaa5d727232fe76fffdca9c53a95bb66a058f241ee9e221efbaf34eb46ed346bb426828557932478d852f3915e66ad51519fc9249d1e4297323100154fb396526f9b8d1e0c1e6e387704e94a22260605660b3a97b32346ddbb60d393905f1bb3022c40395449cd3a74fe389279ec0ac59b3b062f972358924d2e742ca09e3c763dad4a9da99c563cb962df887f8add9b36763c58a15f8f6db6ff1efafbfc6bc79f33066cc18cc9f3fbf604c4ac03a397ff833cfe0a38f3ec2ead5abb1527c5b96103814ccfde0037cf5d557f8f2cb2f715ac277eddab5b523a58361e99864552ba5bfeb84f41942dec2a0d722a157af5c896f643c78dea99327b5a3a1a344f2f885919eaddb608c8e51994d70800a0853d04149ae6092dd3ef13a5b22fcc8cd732169ca546cec7c0bd6b4bb0ebb9e7f01d9478eaa76e1822b3b323252adbeddbb77e3e961c3b0415655283871e204863df5140e493aec12f5484b4b4396fccc10f5c890d5c649a4097f76c408adc5f9d8bc79331265e5339d76c9b95cb96e19175e87195f8aa8c807efbf8f0fe7ce2d9640df08c9264c9c88b367cf2ac5e284d1f07b43083fc78f1f57c4a14278448126bff28a1af350c14c344ac27894a84cd1854565621f5cb210392e54564f19426210252b0f5526dfabb22776baf046507c481caf5ce1b4d58f04a3195799aca86db2a0aac78bc8a3c790fed65bd8daa21536346a82c3ff1c03b70c7659d1a2450bfc7de040249f3ba7268813316edc38f4efd70f2b644596869764e2a8541cac6831d3d3a53f540eaefec18307ab45611365e3ea5cb674a9d6aa00c78578738514241907b8418306f8f4d34fb146546b9528c8dd120ad285446651c4850b172aa215062766c28409b0892ab2364573bf70d122fcb4752b9a356daa9d553248c85c215a5a6aaa0a3b245138286c2e82608dac4debd6582b63b15a08ba7dfb76f4e92356a38c28913c46bb0d96e64d25cdcb56bf1765bd4188e3915d2ea30f31d2c31899a028e9aac36042154b04626d76c44746c1191b0f475a16325e9e821d127f7fae551fa7c78e47fe89d065b2af0cdecbb2f2226435654b7f98aa7360274f9e8cdebd7a294214c5320951273529ae26c6fdb3cf3e432b89f1fc1e5c8df70d1880e7241c311cb23857b4e6b155c2d5817dfbe0152fd7b56b57bc3e7d3aea4ba647c9679a4ba34e55714b3f480e86447a8720de7af34d4576fab6dbefb803e385482ccaf17e85c79293cbdf49b220d6ae5d8b1d3b76a8fd5484279f7c523b5271087a568e29175038f5b1525bc4bffdba4abb7d22d901612b0722c8649f7c7faf6c11f2c1e235214236b3cf049bcf088b6cfc69f39b60952dd26a434c420dc4d76e00bba4f2e9632760ff157571ac737765ca43c18d37dea856ee238f3d86d8d858f5e5f993e16c9c184d7a92c2d82efe88e92843cc88e79ed3f69e0f5eb3a918665e2b5794e2b01862822166cf2fbf2869671d668098cce206b745cb96e870d34dead85e211a5522881f7ff84185db5a6254fb1663f20b83846248a6371af9ecb37847fc19d5815e65d2a449da59e7836f5d7af6ed877bd316b8376c46fef61d6a7e4245903ce541a9e4b1346a88ea6b57c252bf1e0216b3a4e26ef84924f91990449d91d46c30ca56609899fcf182ca406b9bfa2ce6c8247d35f90db0da1c70d4ac8da8aa57c2b3f647243df828f2f7ee97b34203b382f7c5483e2e2698351e0e02eb3b6b2494d0dc06418fe293c1a44a356bd244db7b219a5c7db55ae17699e8e3920d1154923499385ebb6eddba2abb2a0e0c25575d755501f94481dcd22e089728240d3f1fa154ab2e09472920f9185e7ffef967f51df8997daa23f7eed0a18376d6f9c87afd2d9c6eda0667aebd1167aeef84537f6e85f43113b4a3a583fdfd5dfbc2c745b5cad6e106d4dcb90909efcd8063f00388b8be3d1057050619ac4086b8780e984c92228f6cbc60e12db8ffb7e3b2c97f309a8db0564f8057062c67f9ca626373696028993a6d1ae225e5e68acb92c9a2d407c1eb996452183a68384b428ef81942f91fbb5d7de6645a3493e9e682296195b2ee42031c54a5c267a9cf6c2724b81838997cd64422366edc18362132912aaa79428cf30590f33d87657fc00d4344240c621138da796bbf2b385e02b808822133b710d1c345c1b70e01f69edd113f79827a4ee29cfe2a62863f85c81e5d61121f2333a75ef0f2e71410c9406673dc3882dacfc29b919b1c32b036239fbda23cfe8c4c759fa2a0c7d92a26334b42495170e5df2461832b9524a1d41706573e076be9b265da9ef3c1c9dfb96b97fa4c8235d58c2ceb20acc39014f44d2c5216877362e2593e28ea6388e0ef24c6c5405fc5ac72e4c89118356a146eb9e516756faff489d9de05906b3bfe7e2fa21e1e027b9fdb10d9a7371c7dfa223e71a27642f160d24095669ff8288775abf22064f20461aa12037b8f5b103bfa5938df9e0ee7acd711fbca7844de791b4cb1313066bbc4078912096b387c410295b691449ce8e2b067cf1e4c7ae925cc9c3913fbc4571406c3cb4e511bd67958442c5a61e620d117cd13b3fc53916c888a31fbdd77557d83d7217182190d55a079f3e6ca18f3d83cc9b298911406b3b04f3ef9444d004323bf4ab820f179cf7af5eba3b678a4fefdfbaba21ef76d927e17cde4085bbbd6887f632a9cefbe29def40d247c3c1bd6766db5a325a3cbcd372b4fc732c5ecf7df2fd7f340d31856bac28441e4d57c653de9741b583bfd4529115ab5c49175dfc2e2f1c162145268a3ca85a8c814dcf88fac38bfacaee881f7c17ae3f5b2e37cf00bbef7de7bd825eac01acb0e99c0bd7bf72a634bd22c90149984e22aa7ffe97fefbd704a18239852b30db309861eaad751f1340c03548bc58b1763c3c68df0481f181e12a7ca44686d09a7282a5587af303024fe22069a6df9ac6de3a64d58347fbeba2689c3fbd35f5131aa56adaada7ff8e1878ad0fc9d21b6247cfcd1476ae1d4904cac73e7ce6a5f3003da28fde3f537cbfd98ae17052bfe06ab8422f641d4af30d8df4dd24ea973c78eaad24c34bfe61aac5ab142d576981deedcb91307f6ef57e1bff0f70f0565569e92c0f0656afd277cffcd57d893938183e231cf9afcc8953bb098f81bf8598c0fb338efb933b0dddc113691dee2102d2bbf7bb76ea82613c05acbaf67cee007c962f86a06277fb7908aeac270756bcf9e68d4e8c23fdde171aa0795e25b49815911665bfa23864466632fc8fa29da962a36f08107708d0c36c3225f6760d1ee33519b2f962c51d915c34a697e8aa42a1ace8a4371e775122235943e91802c2ece993b573b121a82d754572d143a49ca8992c13134339b3b2a8b8363c2575eca8a0a230fbbb7b44d7b7897fc0bf51d51709a4db088ecf8c4e0b8e518eb978a4472a23f2d03bee4b3881ef4109c73de86b966092f41c997ff8b789a69afbd862eb2aaa920aceaa688a2d06ff0330761d4e8d1e8d7af9fd6e877d0d3903c8f0c19a206924a949494a45ee3e00b65f5c467bc23a18b042d0e7c1cc0facc800103546861fbb342e06469cf6ceacf6ddaa075ebd6aa1a9c74f6acaa3e07c16226b7c2e9fb0590bef17b9c95eb91c445f18ca4eebc2ec93b6bc60c55e90e05fcce7c867746fa9a247de633b2c2a0299f2136a063a74e4addd94f962aca8a0a790dd5ebf3e28baa35e0c873c3292a611596580392cab3f623c769670c92da07dc5ef8524ec0d2b42daa2d98ab8a906501573943160785995483860d51ab84b7e1582f61ed84e9f36a09610443104311c3421349dfcb5ab53d28f27e5488c2dacfd592e2d313f1d9d92e917ed69bda0a99aac831828f3da81abc47dbb6257b912f972f57e69861920f6a8bead4fa0d1b9029c462c6c717df48d65070f4e85115bab8b8581ca5f72b0e54ed6d127ee9b1e8b7ca8272932755066e9d284eac74324e06cae2072cbe80645105f51fa35c9ecfc924c8caea97419aff21226fbb556bfdc7e137f2885ab104afa3e251aeb07572f1126cbebe03aa4a06e68c8985cd1b904d0c9f5f88c3f8949b8780a4f146c9bd1c4306a36e6ef225218e8e4b83b0c8c30ce9f06b6fe0c08383e0b4d9116b8f864dd2738b228d01469f284d46268c926ada7adf8a1adb7e80f3d597b5d69706e719461d7f08ca4c1eaf18abc3e3c6e3d7175f449cd98228bb0356095316bff81b3195aaea2ca263efde15cef7de42d54f3f80b96e68efa15424989d31c34a2fa6b8a8a3625026cfe3cd15e20c1f81b44fe621d26c8535c22a843188b791d43b4b2649c294ad734738fe76af2a1a1a2be025eb703167ce1cf5ac2adfebc58be3c6697b75542442268f4756f0a1871f856bd972d823254c99235448308919f64bda6d69dc0c314f3e0a7bef1e305f51b7a0d17f10acedb070c7e75e15f197023a2e4448e4719f3b878377f787f7a7adb047c7c062b2a8bf06f52725c1249e27faf121881ef43f30376ca0b5d07139e0a2e4c93b790afb6eea045352aa228ed1688651bc44c09509c71d7d1033fe9f88687ab57a3ea5e3f242a9e471edda8d031d3ac21a30c1ee8881c19d077fea19581a3481737a226cb776d3b399cb1825665b694b96e060ab76883246c01661832135454e0ec0993815750eed845d27ce658f6295873b0effa91dfc3bf7c1c227e7568baad7c4274e82b19c7f3aace3bf07c52a0f1525eeaf7f85f58a3ab0b56f8d842fe623e183b775e2e8380fa57a9efcbd0710d144ff3f94ea281e21a5ea3a741487723d18d5717943278f8e3001fc3f2aad944cb0de5ed20000000049454e44ae426082, NULL)')
SET IDENTITY_INSERT [Shared].[Company] OFF
SET IDENTITY_INSERT [Shared].[City] ON
INSERT INTO [Shared].[City] ([Id], [Code], [Label], [IdPays], [IsDeleted], [TransactionUserId], [City_int_1], [City_int_2], [City_int_3], [City_int_4], [City_int_5], [City_int_6], [City_int_7], [City_int_8], [City_int_9], [City_int_10], [City_bit_1], [City_bit_2], [City_bit_3], [City_bit_4], [City_bit_5], [City_bit_6], [City_bit_7], [City_bit_8], [City_bit_9], [City_bit_10], [City_float_1], [City_float_2], [City_float_3], [City_float_4], [City_float_5], [City_float_6], [City_float_7], [City_float_8], [City_float_9], [City_float_10], [City_varchar_1], [City_varchar_2], [City_varchar_3], [City_varchar_4], [City_varchar_5], [City_varchar_6], [City_varchar_7], [City_varchar_8], [City_varchar_9], [City_varchar_10], [City_date_1], [City_date_2], [City_date_3], [City_date_4], [City_date_5], [City_date_6], [City_date_7], [City_date_8], [City_date_9], [City_date_10], [Deleted_Token]) VALUES (1, N'Paris', N'Paris', 1, 0, 0, NULL, NULL, NULL, NULL, NULL, NULL, NULL, NULL, NULL, NULL, NULL, NULL, NULL, NULL, NULL, NULL, NULL, NULL, NULL, NULL, NULL, NULL, NULL, NULL, NULL, NULL, NULL, NULL, NULL, NULL, NULL, NULL, NULL, NULL, NULL, NULL, NULL, NULL, NULL, NULL, NULL, NULL, NULL, NULL, NULL, NULL, NULL, NULL, NULL, NULL, NULL)
INSERT INTO [Shared].[City] ([Id], [Code], [Label], [IdPays], [IsDeleted], [TransactionUserId], [City_int_1], [City_int_2], [City_int_3], [City_int_4], [City_int_5], [City_int_6], [City_int_7], [City_int_8], [City_int_9], [City_int_10], [City_bit_1], [City_bit_2], [City_bit_3], [City_bit_4], [City_bit_5], [City_bit_6], [City_bit_7], [City_bit_8], [City_bit_9], [City_bit_10], [City_float_1], [City_float_2], [City_float_3], [City_float_4], [City_float_5], [City_float_6], [City_float_7], [City_float_8], [City_float_9], [City_float_10], [City_varchar_1], [City_varchar_2], [City_varchar_3], [City_varchar_4], [City_varchar_5], [City_varchar_6], [City_varchar_7], [City_varchar_8], [City_varchar_9], [City_varchar_10], [City_date_1], [City_date_2], [City_date_3], [City_date_4], [City_date_5], [City_date_6], [City_date_7], [City_date_8], [City_date_9], [City_date_10], [Deleted_Token]) VALUES (2, N'Courbevoie', N'Courbevoie', 1, 0, 0, NULL, NULL, NULL, NULL, NULL, NULL, NULL, NULL, NULL, NULL, NULL, NULL, NULL, NULL, NULL, NULL, NULL, NULL, NULL, NULL, NULL, NULL, NULL, NULL, NULL, NULL, NULL, NULL, NULL, NULL, NULL, NULL, NULL, NULL, NULL, NULL, NULL, NULL, NULL, NULL, NULL, NULL, NULL, NULL, NULL, NULL, NULL, NULL, NULL, NULL, NULL)
INSERT INTO [Shared].[City] ([Id], [Code], [Label], [IdPays], [IsDeleted], [TransactionUserId], [City_int_1], [City_int_2], [City_int_3], [City_int_4], [City_int_5], [City_int_6], [City_int_7], [City_int_8], [City_int_9], [City_int_10], [City_bit_1], [City_bit_2], [City_bit_3], [City_bit_4], [City_bit_5], [City_bit_6], [City_bit_7], [City_bit_8], [City_bit_9], [City_bit_10], [City_float_1], [City_float_2], [City_float_3], [City_float_4], [City_float_5], [City_float_6], [City_float_7], [City_float_8], [City_float_9], [City_float_10], [City_varchar_1], [City_varchar_2], [City_varchar_3], [City_varchar_4], [City_varchar_5], [City_varchar_6], [City_varchar_7], [City_varchar_8], [City_varchar_9], [City_varchar_10], [City_date_1], [City_date_2], [City_date_3], [City_date_4], [City_date_5], [City_date_6], [City_date_7], [City_date_8], [City_date_9], [City_date_10], [Deleted_Token]) VALUES (3, N'Tunis', N'Tunis', 2, 0, 0, NULL, NULL, NULL, NULL, NULL, NULL, NULL, NULL, NULL, NULL, NULL, NULL, NULL, NULL, NULL, NULL, NULL, NULL, NULL, NULL, NULL, NULL, NULL, NULL, NULL, NULL, NULL, NULL, NULL, NULL, NULL, NULL, NULL, NULL, NULL, NULL, NULL, NULL, NULL, NULL, NULL, NULL, NULL, NULL, NULL, NULL, NULL, NULL, NULL, NULL, NULL)
INSERT INTO [Shared].[City] ([Id], [Code], [Label], [IdPays], [IsDeleted], [TransactionUserId], [City_int_1], [City_int_2], [City_int_3], [City_int_4], [City_int_5], [City_int_6], [City_int_7], [City_int_8], [City_int_9], [City_int_10], [City_bit_1], [City_bit_2], [City_bit_3], [City_bit_4], [City_bit_5], [City_bit_6], [City_bit_7], [City_bit_8], [City_bit_9], [City_bit_10], [City_float_1], [City_float_2], [City_float_3], [City_float_4], [City_float_5], [City_float_6], [City_float_7], [City_float_8], [City_float_9], [City_float_10], [City_varchar_1], [City_varchar_2], [City_varchar_3], [City_varchar_4], [City_varchar_5], [City_varchar_6], [City_varchar_7], [City_varchar_8], [City_varchar_9], [City_varchar_10], [City_date_1], [City_date_2], [City_date_3], [City_date_4], [City_date_5], [City_date_6], [City_date_7], [City_date_8], [City_date_9], [City_date_10], [Deleted_Token]) VALUES (4, N'Sfax', N'Sfax', 2, 0, 0, NULL, NULL, NULL, NULL, NULL, NULL, NULL, NULL, NULL, NULL, NULL, NULL, NULL, NULL, NULL, NULL, NULL, NULL, NULL, NULL, NULL, NULL, NULL, NULL, NULL, NULL, NULL, NULL, NULL, NULL, NULL, NULL, NULL, NULL, NULL, NULL, NULL, NULL, NULL, NULL, NULL, NULL, NULL, NULL, NULL, NULL, NULL, NULL, NULL, NULL, NULL)
INSERT INTO [Shared].[City] ([Id], [Code], [Label], [IdPays], [IsDeleted], [TransactionUserId], [City_int_1], [City_int_2], [City_int_3], [City_int_4], [City_int_5], [City_int_6], [City_int_7], [City_int_8], [City_int_9], [City_int_10], [City_bit_1], [City_bit_2], [City_bit_3], [City_bit_4], [City_bit_5], [City_bit_6], [City_bit_7], [City_bit_8], [City_bit_9], [City_bit_10], [City_float_1], [City_float_2], [City_float_3], [City_float_4], [City_float_5], [City_float_6], [City_float_7], [City_float_8], [City_float_9], [City_float_10], [City_varchar_1], [City_varchar_2], [City_varchar_3], [City_varchar_4], [City_varchar_5], [City_varchar_6], [City_varchar_7], [City_varchar_8], [City_varchar_9], [City_varchar_10], [City_date_1], [City_date_2], [City_date_3], [City_date_4], [City_date_5], [City_date_6], [City_date_7], [City_date_8], [City_date_9], [City_date_10], [Deleted_Token]) VALUES (5, N'Kebili', N'Kebili', 2, 0, 0, NULL, NULL, NULL, NULL, NULL, NULL, NULL, NULL, NULL, NULL, NULL, NULL, NULL, NULL, NULL, NULL, NULL, NULL, NULL, NULL, NULL, NULL, NULL, NULL, NULL, NULL, NULL, NULL, NULL, NULL, NULL, NULL, NULL, NULL, NULL, NULL, NULL, NULL, NULL, NULL, NULL, NULL, NULL, NULL, NULL, NULL, NULL, NULL, NULL, NULL, NULL)
INSERT INTO [Shared].[City] ([Id], [Code], [Label], [IdPays], [IsDeleted], [TransactionUserId], [City_int_1], [City_int_2], [City_int_3], [City_int_4], [City_int_5], [City_int_6], [City_int_7], [City_int_8], [City_int_9], [City_int_10], [City_bit_1], [City_bit_2], [City_bit_3], [City_bit_4], [City_bit_5], [City_bit_6], [City_bit_7], [City_bit_8], [City_bit_9], [City_bit_10], [City_float_1], [City_float_2], [City_float_3], [City_float_4], [City_float_5], [City_float_6], [City_float_7], [City_float_8], [City_float_9], [City_float_10], [City_varchar_1], [City_varchar_2], [City_varchar_3], [City_varchar_4], [City_varchar_5], [City_varchar_6], [City_varchar_7], [City_varchar_8], [City_varchar_9], [City_varchar_10], [City_date_1], [City_date_2], [City_date_3], [City_date_4], [City_date_5], [City_date_6], [City_date_7], [City_date_8], [City_date_9], [City_date_10], [Deleted_Token]) VALUES (6, N'Kairaouane ', N'Kairaouane ', 2, 0, 0, NULL, NULL, NULL, NULL, NULL, NULL, NULL, NULL, NULL, NULL, NULL, NULL, NULL, NULL, NULL, NULL, NULL, NULL, NULL, NULL, NULL, NULL, NULL, NULL, NULL, NULL, NULL, NULL, NULL, NULL, NULL, NULL, NULL, NULL, NULL, NULL, NULL, NULL, NULL, NULL, NULL, NULL, NULL, NULL, NULL, NULL, NULL, NULL, NULL, NULL, NULL)
INSERT INTO [Shared].[City] ([Id], [Code], [Label], [IdPays], [IsDeleted], [TransactionUserId], [City_int_1], [City_int_2], [City_int_3], [City_int_4], [City_int_5], [City_int_6], [City_int_7], [City_int_8], [City_int_9], [City_int_10], [City_bit_1], [City_bit_2], [City_bit_3], [City_bit_4], [City_bit_5], [City_bit_6], [City_bit_7], [City_bit_8], [City_bit_9], [City_bit_10], [City_float_1], [City_float_2], [City_float_3], [City_float_4], [City_float_5], [City_float_6], [City_float_7], [City_float_8], [City_float_9], [City_float_10], [City_varchar_1], [City_varchar_2], [City_varchar_3], [City_varchar_4], [City_varchar_5], [City_varchar_6], [City_varchar_7], [City_varchar_8], [City_varchar_9], [City_varchar_10], [City_date_1], [City_date_2], [City_date_3], [City_date_4], [City_date_5], [City_date_6], [City_date_7], [City_date_8], [City_date_9], [City_date_10], [Deleted_Token]) VALUES (7, N'Ariana', N'Ariana', 2, 0, 0, NULL, NULL, NULL, NULL, NULL, NULL, NULL, NULL, NULL, NULL, NULL, NULL, NULL, NULL, NULL, NULL, NULL, NULL, NULL, NULL, NULL, NULL, NULL, NULL, NULL, NULL, NULL, NULL, NULL, NULL, NULL, NULL, NULL, NULL, NULL, NULL, NULL, NULL, NULL, NULL, NULL, NULL, NULL, NULL, NULL, NULL, NULL, NULL, NULL, NULL, NULL)
INSERT INTO [Shared].[City] ([Id], [Code], [Label], [IdPays], [IsDeleted], [TransactionUserId], [City_int_1], [City_int_2], [City_int_3], [City_int_4], [City_int_5], [City_int_6], [City_int_7], [City_int_8], [City_int_9], [City_int_10], [City_bit_1], [City_bit_2], [City_bit_3], [City_bit_4], [City_bit_5], [City_bit_6], [City_bit_7], [City_bit_8], [City_bit_9], [City_bit_10], [City_float_1], [City_float_2], [City_float_3], [City_float_4], [City_float_5], [City_float_6], [City_float_7], [City_float_8], [City_float_9], [City_float_10], [City_varchar_1], [City_varchar_2], [City_varchar_3], [City_varchar_4], [City_varchar_5], [City_varchar_6], [City_varchar_7], [City_varchar_8], [City_varchar_9], [City_varchar_10], [City_date_1], [City_date_2], [City_date_3], [City_date_4], [City_date_5], [City_date_6], [City_date_7], [City_date_8], [City_date_9], [City_date_10], [Deleted_Token]) VALUES (8, N'Sidi Bouzid', N'Sidi Bouzid', 2, 0, 0, NULL, NULL, NULL, NULL, NULL, NULL, NULL, NULL, NULL, NULL, NULL, NULL, NULL, NULL, NULL, NULL, NULL, NULL, NULL, NULL, NULL, NULL, NULL, NULL, NULL, NULL, NULL, NULL, NULL, NULL, NULL, NULL, NULL, NULL, NULL, NULL, NULL, NULL, NULL, NULL, NULL, NULL, NULL, NULL, NULL, NULL, NULL, NULL, NULL, NULL, NULL)
INSERT INTO [Shared].[City] ([Id], [Code], [Label], [IdPays], [IsDeleted], [TransactionUserId], [City_int_1], [City_int_2], [City_int_3], [City_int_4], [City_int_5], [City_int_6], [City_int_7], [City_int_8], [City_int_9], [City_int_10], [City_bit_1], [City_bit_2], [City_bit_3], [City_bit_4], [City_bit_5], [City_bit_6], [City_bit_7], [City_bit_8], [City_bit_9], [City_bit_10], [City_float_1], [City_float_2], [City_float_3], [City_float_4], [City_float_5], [City_float_6], [City_float_7], [City_float_8], [City_float_9], [City_float_10], [City_varchar_1], [City_varchar_2], [City_varchar_3], [City_varchar_4], [City_varchar_5], [City_varchar_6], [City_varchar_7], [City_varchar_8], [City_varchar_9], [City_varchar_10], [City_date_1], [City_date_2], [City_date_3], [City_date_4], [City_date_5], [City_date_6], [City_date_7], [City_date_8], [City_date_9], [City_date_10], [Deleted_Token]) VALUES (10, N'London', N'London', 4, 0, 0, NULL, NULL, NULL, NULL, NULL, NULL, NULL, NULL, NULL, NULL, NULL, NULL, NULL, NULL, NULL, NULL, NULL, NULL, NULL, NULL, NULL, NULL, NULL, NULL, NULL, NULL, NULL, NULL, NULL, NULL, NULL, NULL, NULL, NULL, NULL, NULL, NULL, NULL, NULL, NULL, NULL, NULL, NULL, NULL, NULL, NULL, NULL, NULL, NULL, NULL, NULL)
SET IDENTITY_INSERT [Shared].[City] OFF
SET IDENTITY_INSERT [Shared].[BankAccount] ON
INSERT INTO [Shared].[BankAccount] ([Id], [Rib], [IBAN], [IsDeleted], [TransactionUserId], [Code], [Agence], [Locality], [BankAccount_int_1], [BankAccount_int_2], [BankAccount_int_3], [BankAccount_int_4], [BankAccount_int_5], [BankAccount_int_6], [BankAccount_int_7], [BankAccount_int_8], [BankAccount_int_9], [BankAccount_int_10], [BankAccount_bit_1], [BankAccount_bit_2], [BankAccount_bit_3], [BankAccount_bit_4], [BankAccount_bit_5], [BankAccount_bit_6], [BankAccount_bit_7], [BankAccount_bit_8], [BankAccount_bit_9], [BankAccount_bit_10], [BankAccount_float_1], [BankAccount_float_2], [BankAccount_float_3], [BankAccount_float_4], [BankAccount_float_5], [BankAccount_float_6], [BankAccount_float_7], [BankAccount_float_8], [BankAccount_float_9], [BankAccount_float_10], [BankAccount_varchar_1], [BankAccount_varchar_2], [BankAccount_varchar_3], [BankAccount_varchar_4], [BankAccount_varchar_5], [BankAccount_varchar_6], [BankAccount_varchar_7], [BankAccount_varchar_8], [BankAccount_varchar_9], [BankAccount_varchar_10], [BankAccount_date_1], [BankAccount_date_2], [BankAccount_date_3], [BankAccount_date_4], [BankAccount_date_5], [BankAccount_date_6], [BankAccount_date_7], [BankAccount_date_8], [BankAccount_date_9], [BankAccount_date_10], [Deleted_Token], [BIC], [Bank], [Country]) VALUES (1, N'MIDL40010612722976', N'GB52MIDL40010612722976', 0, NULL, N'HSBC BANK PLC', N'BAKER STREET, 90 BRANCH', N'90 BAKER STREET, LONDON', NULL, NULL, NULL, NULL, NULL, NULL, NULL, NULL, NULL, NULL, NULL, NULL, NULL, NULL, NULL, NULL, NULL, NULL, NULL, NULL, NULL, NULL, NULL, NULL, NULL, NULL, NULL, NULL, NULL, NULL, NULL, NULL, NULL, NULL, NULL, NULL, NULL, NULL, NULL, NULL, NULL, NULL, NULL, NULL, NULL, NULL, NULL, NULL, NULL, NULL, NULL, N' MIDLGB2105F', N'HSBC BANK PLC', N'EN')
SET IDENTITY_INSERT [Shared].[BankAccount] OFF
SET IDENTITY_INSERT [Shared].[ZipCode] ON
INSERT INTO [Shared].[ZipCode] ([Id], [Region], [Code], [IdCity], [IsDeleted], [TransactionUserId], [Deleted_Token]) VALUES (1, N'207 Regent Street', N'W1B3HH    ', 10, 0, 0, NULL)
INSERT INTO [Shared].[ZipCode] ([Id], [Region], [Code], [IdCity], [IsDeleted], [TransactionUserId], [Deleted_Token]) VALUES (2, N'IDF', N'75015     ', 1, 0, 0, NULL)
SET IDENTITY_INSERT [Shared].[ZipCode] OFF
SET IDENTITY_INSERT [Administration].[Currency] ON
INSERT INTO [Administration].[Currency] ([Id], [Code], [Symbole], [Description], [CurrencyInLetter], [FloatInLetter], [SalePrecision], [PurchasePrecision], [IsActive], [IsDeleted], [TransactionUserId], [Deleted_Token]) VALUES (2, N'TND', N'TND', N'Dinar Tunisien', N'Dinar', N'Millime', 3, 3, 1, 0, 0, NULL)
INSERT INTO [Administration].[Currency] ([Id], [Code], [Symbole], [Description], [CurrencyInLetter], [FloatInLetter], [SalePrecision], [PurchasePrecision], [IsActive], [IsDeleted], [TransactionUserId], [Deleted_Token]) VALUES (3, N'EURO', N'€', N'Euro', N'Euros', N'Cent', 2, 2, 1, 0, 0, NULL)
INSERT INTO [Administration].[Currency] ([Id], [Code], [Symbole], [Description], [CurrencyInLetter], [FloatInLetter], [SalePrecision], [PurchasePrecision], [IsActive], [IsDeleted], [TransactionUserId], [Deleted_Token]) VALUES (5, N'DOLLAR', N'$', N'Dollar', N'Dollar', N'Penny', 3, 3, 1, 0, 0, NULL)
SET IDENTITY_INSERT [Administration].[Currency] OFF
ALTER TABLE [Shared].[ZipCode]
    ADD CONSTRAINT [FK_ZipCode_City] FOREIGN KEY ([IdCity]) REFERENCES [Shared].[City] ([Id])
ALTER TABLE [Shared].[City]
    ADD CONSTRAINT [FK_Ville_Pays] FOREIGN KEY ([IdPays]) REFERENCES [Shared].[Country] ([Id]) ON DELETE CASCADE
ALTER TABLE [Shared].[Company]
    ADD CONSTRAINT [FK_Company_ZipCode] FOREIGN KEY ([IdZipCode]) REFERENCES [Shared].[ZipCode] ([Id])
ALTER TABLE [Shared].[Company]
    ADD CONSTRAINT [FK_Company_Currency] FOREIGN KEY ([IdCurrency]) REFERENCES [Administration].[Currency] ([Id])
ALTER TABLE [Shared].[Company]
    ADD CONSTRAINT [FK_Company_BankAccount] FOREIGN KEY ([IdBankAccount]) REFERENCES [Shared].[BankAccount] ([Id])
COMMIT TRANSACTION

--------Axis-----
BEGIN TRANSACTION
ALTER TABLE [Administration].[AxisRelationShip] DROP CONSTRAINT [FK_AxisRelationShip_Axis1]
ALTER TABLE [Administration].[AxisRelationShip] DROP CONSTRAINT [FK_AxisRelationShip_Axis]
ALTER TABLE [Administration].[AxisValueRelationShip] DROP CONSTRAINT [FK_AxisValueRelationShip_AxisValue]
ALTER TABLE [Administration].[AxisValueRelationShip] DROP CONSTRAINT [FK__AxisRelat__IdAxi__6A3191A0]
ALTER TABLE [Administration].[AxisValue] DROP CONSTRAINT [FK__AxisValue__IdAxi__675524F5]
ALTER TABLE [Administration].[AxisEntity] DROP CONSTRAINT [FK_AxisEntity_Entity]
ALTER TABLE [Administration].[AxisEntity] DROP CONSTRAINT [FK__AxisEntit__IdAxi__72C6D7A1]
SET IDENTITY_INSERT [Administration].[AxisEntity] ON
INSERT INTO [Administration].[AxisEntity] ([Id], [IdAxis], [IdTableEntity], [TransactionUserId], [IsDeleted], [Deleted_Token], [IsRequired]) VALUES (1, 100011, 126, NULL, 0, NULL, NULL)
INSERT INTO [Administration].[AxisEntity] ([Id], [IdAxis], [IdTableEntity], [TransactionUserId], [IsDeleted], [Deleted_Token], [IsRequired]) VALUES (3, 100012, 126, NULL, 0, NULL, NULL)
INSERT INTO [Administration].[AxisEntity] ([Id], [IdAxis], [IdTableEntity], [TransactionUserId], [IsDeleted], [Deleted_Token], [IsRequired]) VALUES (4, 100012, 137, NULL, 1, NULL, NULL)
INSERT INTO [Administration].[AxisEntity] ([Id], [IdAxis], [IdTableEntity], [TransactionUserId], [IsDeleted], [Deleted_Token], [IsRequired]) VALUES (5, 100013, 126, NULL, 1, N'2d46e6ef-687b-4962-b612-bd61018ddfa9', NULL)
INSERT INTO [Administration].[AxisEntity] ([Id], [IdAxis], [IdTableEntity], [TransactionUserId], [IsDeleted], [Deleted_Token], [IsRequired]) VALUES (6, 100013, 137, NULL, 1, N'acab12e2-c6e4-4a2e-89a8-c823f4282cf9', NULL)
INSERT INTO [Administration].[AxisEntity] ([Id], [IdAxis], [IdTableEntity], [TransactionUserId], [IsDeleted], [Deleted_Token], [IsRequired]) VALUES (7, 100014, 126, NULL, 1, N'08134b42-71c0-424e-99e6-699183ca1cbe', NULL)
INSERT INTO [Administration].[AxisEntity] ([Id], [IdAxis], [IdTableEntity], [TransactionUserId], [IsDeleted], [Deleted_Token], [IsRequired]) VALUES (8, 100014, 137, NULL, 1, N'b1442e29-e315-450f-8eb9-dd474422f3d3', NULL)
INSERT INTO [Administration].[AxisEntity] ([Id], [IdAxis], [IdTableEntity], [TransactionUserId], [IsDeleted], [Deleted_Token], [IsRequired]) VALUES (9, 100016, 95, NULL, 0, NULL, NULL)
INSERT INTO [Administration].[AxisEntity] ([Id], [IdAxis], [IdTableEntity], [TransactionUserId], [IsDeleted], [Deleted_Token], [IsRequired]) VALUES (10, 100017, 95, NULL, 0, NULL, NULL)
INSERT INTO [Administration].[AxisEntity] ([Id], [IdAxis], [IdTableEntity], [TransactionUserId], [IsDeleted], [Deleted_Token], [IsRequired]) VALUES (11, 100018, 95, NULL, 0, NULL, NULL)
INSERT INTO [Administration].[AxisEntity] ([Id], [IdAxis], [IdTableEntity], [TransactionUserId], [IsDeleted], [Deleted_Token], [IsRequired]) VALUES (12, 100019, 95, NULL, 0, NULL, NULL)
INSERT INTO [Administration].[AxisEntity] ([Id], [IdAxis], [IdTableEntity], [TransactionUserId], [IsDeleted], [Deleted_Token], [IsRequired]) VALUES (13, 100020, 95, NULL, 0, NULL, NULL)
INSERT INTO [Administration].[AxisEntity] ([Id], [IdAxis], [IdTableEntity], [TransactionUserId], [IsDeleted], [Deleted_Token], [IsRequired]) VALUES (17, 100011, 137, NULL, 1, NULL, NULL)
INSERT INTO [Administration].[AxisEntity] ([Id], [IdAxis], [IdTableEntity], [TransactionUserId], [IsDeleted], [Deleted_Token], [IsRequired]) VALUES (18, 100011, 137, NULL, 1, NULL, NULL)
INSERT INTO [Administration].[AxisEntity] ([Id], [IdAxis], [IdTableEntity], [TransactionUserId], [IsDeleted], [Deleted_Token], [IsRequired]) VALUES (19, 100012, 137, NULL, 1, NULL, NULL)
INSERT INTO [Administration].[AxisEntity] ([Id], [IdAxis], [IdTableEntity], [TransactionUserId], [IsDeleted], [Deleted_Token], [IsRequired]) VALUES (20, 100012, 137, NULL, 1, NULL, NULL)
INSERT INTO [Administration].[AxisEntity] ([Id], [IdAxis], [IdTableEntity], [TransactionUserId], [IsDeleted], [Deleted_Token], [IsRequired]) VALUES (21, 100011, 137, NULL, 0, NULL, NULL)
INSERT INTO [Administration].[AxisEntity] ([Id], [IdAxis], [IdTableEntity], [TransactionUserId], [IsDeleted], [Deleted_Token], [IsRequired]) VALUES (22, 100021, 126, NULL, 0, NULL, NULL)
INSERT INTO [Administration].[AxisEntity] ([Id], [IdAxis], [IdTableEntity], [TransactionUserId], [IsDeleted], [Deleted_Token], [IsRequired]) VALUES (23, 100022, 126, NULL, 0, NULL, NULL)
INSERT INTO [Administration].[AxisEntity] ([Id], [IdAxis], [IdTableEntity], [TransactionUserId], [IsDeleted], [Deleted_Token], [IsRequired]) VALUES (24, 100012, 137, NULL, 0, NULL, NULL)
INSERT INTO [Administration].[AxisEntity] ([Id], [IdAxis], [IdTableEntity], [TransactionUserId], [IsDeleted], [Deleted_Token], [IsRequired]) VALUES (57, 100072, 339, 0, 0, NULL, NULL)
INSERT INTO [Administration].[AxisEntity] ([Id], [IdAxis], [IdTableEntity], [TransactionUserId], [IsDeleted], [Deleted_Token], [IsRequired]) VALUES (58, 100073, 339, 0, 0, NULL, NULL)
SET IDENTITY_INSERT [Administration].[AxisEntity] OFF
SET IDENTITY_INSERT [Administration].[Axis] ON
INSERT INTO [Administration].[Axis] ([Id], [Rank], [Code], [Label], [TransactionUserId], [IsDeleted], [FR], [AR], [EN], [DE], [CH], [ES], [Deleted_Token]) VALUES (100011, NULL, N'CAT', N'Tech', NULL, 0, N'Technologie', NULL, N'Technology', NULL, NULL, NULL, NULL)
INSERT INTO [Administration].[Axis] ([Id], [Rank], [Code], [Label], [TransactionUserId], [IsDeleted], [FR], [AR], [EN], [DE], [CH], [ES], [Deleted_Token]) VALUES (100012, NULL, N'SUBCAT', N'Spec', NULL, 0, N'Spécialité', NULL, N'Specialty', NULL, NULL, NULL, NULL)
INSERT INTO [Administration].[Axis] ([Id], [Rank], [Code], [Label], [TransactionUserId], [IsDeleted], [FR], [AR], [EN], [DE], [CH], [ES], [Deleted_Token]) VALUES (100013, NULL, N'FAM', N'Famille', NULL, 1, N'Famille', N'Famille_AR', N'Famille_EN', N'Famille_DE', N'Famille_CH', N'Famille_ES', N'66b0fa44-440c-4306-9aa3-b78a79280e22')
INSERT INTO [Administration].[Axis] ([Id], [Rank], [Code], [Label], [TransactionUserId], [IsDeleted], [FR], [AR], [EN], [DE], [CH], [ES], [Deleted_Token]) VALUES (100014, NULL, N'SUBFAM', N'SubFamille', NULL, 1, N'Sous famille', N'Sous famille_AR', N'Sous famille_EN', N'Sous famille_DE', N'Sous famille_CH', N'Sous famille_ES', N'250182bf-d746-4e58-b926-09a4cb3d3d2c')
INSERT INTO [Administration].[Axis] ([Id], [Rank], [Code], [Label], [TransactionUserId], [IsDeleted], [FR], [AR], [EN], [DE], [CH], [ES], [Deleted_Token]) VALUES (100016, NULL, N'CAT_Tiers', N'CategoryTiers', NULL, 0, N'Type du client', NULL, N'Customer type', NULL, NULL, NULL, NULL)
INSERT INTO [Administration].[Axis] ([Id], [Rank], [Code], [Label], [TransactionUserId], [IsDeleted], [FR], [AR], [EN], [DE], [CH], [ES], [Deleted_Token]) VALUES (100017, NULL, N'SUBCAT_Tiers', N'SubCategoryTiers', NULL, 0, N'Sous catégorie tiers', N'Sous catégorie_AR', N'Sub category', N'Sous catégorie_DE', N'Sous catégorie_CH', N'Sous catégorie_ES', NULL)
INSERT INTO [Administration].[Axis] ([Id], [Rank], [Code], [Label], [TransactionUserId], [IsDeleted], [FR], [AR], [EN], [DE], [CH], [ES], [Deleted_Token]) VALUES (100018, NULL, N'FAM_Tiers', N'FamilleTiers', NULL, 0, N'Famille', N'Famille_AR', N'Group', N'Famille_DE', N'Famille_CH', N'Famille_ES', NULL)
INSERT INTO [Administration].[Axis] ([Id], [Rank], [Code], [Label], [TransactionUserId], [IsDeleted], [FR], [AR], [EN], [DE], [CH], [ES], [Deleted_Token]) VALUES (100019, NULL, N'SUBFAM_Tiers', N'SubFamilleTiers', NULL, 0, N'Sous famille', N'Sous famille_AR', N'Sub group', N'Sous famille_DE', N'Sous famille_CH', N'Sous famille_ES', NULL)
INSERT INTO [Administration].[Axis] ([Id], [Rank], [Code], [Label], [TransactionUserId], [IsDeleted], [FR], [AR], [EN], [DE], [CH], [ES], [Deleted_Token]) VALUES (100020, 1, N'SEC_Tiers', N'SecteurActiviteTiers', NULL, 0, N'Secteur d''activité', N'Secteur d''activité_AR', N'Activity area', N'Secteur d''activité_DE', N'Secteur d''activité_CH', N'Secteur d''activité_ES', NULL)
INSERT INTO [Administration].[Axis] ([Id], [Rank], [Code], [Label], [TransactionUserId], [IsDeleted], [FR], [AR], [EN], [DE], [CH], [ES], [Deleted_Token]) VALUES (100021, NULL, N'TypeContrat', N'TypeContrat', NULL, 0, N'Type Contrat', NULL, N'Contract type', NULL, NULL, NULL, NULL)
INSERT INTO [Administration].[Axis] ([Id], [Rank], [Code], [Label], [TransactionUserId], [IsDeleted], [FR], [AR], [EN], [DE], [CH], [ES], [Deleted_Token]) VALUES (100022, NULL, N'Activite', N'Activite', NULL, 0, N'Activité', NULL, N'Activity', NULL, NULL, NULL, NULL)
INSERT INTO [Administration].[Axis] ([Id], [Rank], [Code], [Label], [TransactionUserId], [IsDeleted], [FR], [AR], [EN], [DE], [CH], [ES], [Deleted_Token]) VALUES (100072, NULL, N'TECH_EMP', N'TechEmp', 0, 0, N'Technologie', NULL, N'Technology', NULL, NULL, NULL, NULL)
INSERT INTO [Administration].[Axis] ([Id], [Rank], [Code], [Label], [TransactionUserId], [IsDeleted], [FR], [AR], [EN], [DE], [CH], [ES], [Deleted_Token]) VALUES (100073, NULL, N'SPEC_EMP', N'Spec_Emp', 0, 0, N'Spécialité', NULL, N'Speciality', NULL, NULL, NULL, NULL)
SET IDENTITY_INSERT [Administration].[Axis] OFF
SET IDENTITY_INSERT [Administration].[AxisValue] ON
INSERT INTO [Administration].[AxisValue] ([Id], [Code], [Label], [IdAxis], [TransactionUserId], [IsDeleted], [Deleted_Token]) VALUES (1, N'PHP', N'PHP Consultant ', 100011, NULL, 0, NULL)
INSERT INTO [Administration].[AxisValue] ([Id], [Code], [Label], [IdAxis], [TransactionUserId], [IsDeleted], [Deleted_Token]) VALUES (2, N'JAVA', N'Java Consultant ', 100011, NULL, 0, NULL)
INSERT INTO [Administration].[AxisValue] ([Id], [Code], [Label], [IdAxis], [TransactionUserId], [IsDeleted], [Deleted_Token]) VALUES (3, N'.NET', N'.NET Consultant ', 100011, NULL, 0, NULL)
INSERT INTO [Administration].[AxisValue] ([Id], [Code], [Label], [IdAxis], [TransactionUserId], [IsDeleted], [Deleted_Token]) VALUES (4, N'SYMFONY', N'Symfony', 100012, NULL, 0, NULL)
INSERT INTO [Administration].[AxisValue] ([Id], [Code], [Label], [IdAxis], [TransactionUserId], [IsDeleted], [Deleted_Token]) VALUES (5, N'SSII', N'SSII', 100016, NULL, 0, NULL)
INSERT INTO [Administration].[AxisValue] ([Id], [Code], [Label], [IdAxis], [TransactionUserId], [IsDeleted], [Deleted_Token]) VALUES (6, N'Placement', N'
Investment company', 100016, NULL, 0, NULL)
INSERT INTO [Administration].[AxisValue] ([Id], [Code], [Label], [IdAxis], [TransactionUserId], [IsDeleted], [Deleted_Token]) VALUES (7, N'Final', N'
Final customer', 100016, NULL, 0, NULL)
INSERT INTO [Administration].[AxisValue] ([Id], [Code], [Label], [IdAxis], [TransactionUserId], [IsDeleted], [Deleted_Token]) VALUES (8, N'Plateforme', N'Plateform', 100016, NULL, 0, NULL)
INSERT INTO [Administration].[AxisValue] ([Id], [Code], [Label], [IdAxis], [TransactionUserId], [IsDeleted], [Deleted_Token]) VALUES (9, N'BI', N'BI Consultant ', 100011, NULL, 0, NULL)
INSERT INTO [Administration].[AxisValue] ([Id], [Code], [Label], [IdAxis], [TransactionUserId], [IsDeleted], [Deleted_Token]) VALUES (10, N'Regie', N'Governed contract', 100021, NULL, 0, NULL)
INSERT INTO [Administration].[AxisValue] ([Id], [Code], [Label], [IdAxis], [TransactionUserId], [IsDeleted], [Deleted_Token]) VALUES (11, N'Forfait', N'Contract in Package', 100021, NULL, 0, NULL)
INSERT INTO [Administration].[AxisValue] ([Id], [Code], [Label], [IdAxis], [TransactionUserId], [IsDeleted], [Deleted_Token]) VALUES (12, N'Consulting', N'Consulting', 100022, NULL, 0, NULL)
INSERT INTO [Administration].[AxisValue] ([Id], [Code], [Label], [IdAxis], [TransactionUserId], [IsDeleted], [Deleted_Token]) VALUES (13, N'Offshore', N'Offshore', 100022, NULL, 0, NULL)
INSERT INTO [Administration].[AxisValue] ([Id], [Code], [Label], [IdAxis], [TransactionUserId], [IsDeleted], [Deleted_Token]) VALUES (14, N'Laravel', N'Laravel', 100012, NULL, 0, NULL)
INSERT INTO [Administration].[AxisValue] ([Id], [Code], [Label], [IdAxis], [TransactionUserId], [IsDeleted], [Deleted_Token]) VALUES (15, N'SAS', N'SAS Consultant ', 100011, NULL, 0, NULL)
INSERT INTO [Administration].[AxisValue] ([Id], [Code], [Label], [IdAxis], [TransactionUserId], [IsDeleted], [Deleted_Token]) VALUES (16, N'PYTHON', N'Python Consultant ', 100011, NULL, 0, NULL)
INSERT INTO [Administration].[AxisValue] ([Id], [Code], [Label], [IdAxis], [TransactionUserId], [IsDeleted], [Deleted_Token]) VALUES (17, N'Django', N'Django', 100012, NULL, 0, NULL)
INSERT INTO [Administration].[AxisValue] ([Id], [Code], [Label], [IdAxis], [TransactionUserId], [IsDeleted], [Deleted_Token]) VALUES (78, N'EMP.NET', N'.Net', 100072, 0, 0, NULL)
INSERT INTO [Administration].[AxisValue] ([Id], [Code], [Label], [IdAxis], [TransactionUserId], [IsDeleted], [Deleted_Token]) VALUES (79, N'EMPJAVA', N'Java', 100072, 0, 0, NULL)
INSERT INTO [Administration].[AxisValue] ([Id], [Code], [Label], [IdAxis], [TransactionUserId], [IsDeleted], [Deleted_Token]) VALUES (80, N'EMPPHP', N'PHP', 100072, 0, 0, NULL)
INSERT INTO [Administration].[AxisValue] ([Id], [Code], [Label], [IdAxis], [TransactionUserId], [IsDeleted], [Deleted_Token]) VALUES (81, N'EMPBI', N'BI', 100072, 0, 0, NULL)
INSERT INTO [Administration].[AxisValue] ([Id], [Code], [Label], [IdAxis], [TransactionUserId], [IsDeleted], [Deleted_Token]) VALUES (82, N'EMPSAS', N'SAS', 100072, 0, 0, NULL)
INSERT INTO [Administration].[AxisValue] ([Id], [Code], [Label], [IdAxis], [TransactionUserId], [IsDeleted], [Deleted_Token]) VALUES (83, N'EMPSYMFONY', N'Symfony framework', 100073, 0, 0, NULL)
INSERT INTO [Administration].[AxisValue] ([Id], [Code], [Label], [IdAxis], [TransactionUserId], [IsDeleted], [Deleted_Token]) VALUES (84, N'EMPLARAVEL', N'Laravel framework', 100073, 0, 0, NULL)
INSERT INTO [Administration].[AxisValue] ([Id], [Code], [Label], [IdAxis], [TransactionUserId], [IsDeleted], [Deleted_Token]) VALUES (85, N'EMPPYTHON', N'Python', 100072, 0, 0, NULL)
INSERT INTO [Administration].[AxisValue] ([Id], [Code], [Label], [IdAxis], [TransactionUserId], [IsDeleted], [Deleted_Token]) VALUES (86, N'EMPDJANGO', N'Django framework', 100073, 0, 0, NULL)
SET IDENTITY_INSERT [Administration].[AxisValue] OFF
SET IDENTITY_INSERT [Administration].[AxisValueRelationShip] ON
INSERT INTO [Administration].[AxisValueRelationShip] ([Id], [IdAxisValue], [IdAxisValueParent], [TransactionUserId], [IsDeleted], [Deleted_Token]) VALUES (1, 4, 1, NULL, 0, NULL)
INSERT INTO [Administration].[AxisValueRelationShip] ([Id], [IdAxisValue], [IdAxisValueParent], [TransactionUserId], [IsDeleted], [Deleted_Token]) VALUES (2, 14, 1, NULL, 0, NULL)
INSERT INTO [Administration].[AxisValueRelationShip] ([Id], [IdAxisValue], [IdAxisValueParent], [TransactionUserId], [IsDeleted], [Deleted_Token]) VALUES (3, 17, 16, NULL, 0, NULL)
INSERT INTO [Administration].[AxisValueRelationShip] ([Id], [IdAxisValue], [IdAxisValueParent], [TransactionUserId], [IsDeleted], [Deleted_Token]) VALUES (46, 83, 80, 0, 0, NULL)
INSERT INTO [Administration].[AxisValueRelationShip] ([Id], [IdAxisValue], [IdAxisValueParent], [TransactionUserId], [IsDeleted], [Deleted_Token]) VALUES (47, 84, 80, 0, 0, NULL)
INSERT INTO [Administration].[AxisValueRelationShip] ([Id], [IdAxisValue], [IdAxisValueParent], [TransactionUserId], [IsDeleted], [Deleted_Token]) VALUES (48, 86, 85, 0, 0, NULL)
SET IDENTITY_INSERT [Administration].[AxisValueRelationShip] OFF
SET IDENTITY_INSERT [Administration].[AxisRelationShip] ON
INSERT INTO [Administration].[AxisRelationShip] ([Id], [IdAxis], [IdAxisParent], [TransactionUserId], [IsDeleted], [Deleted_Token]) VALUES (25, 100013, NULL, NULL, 1, N'5848f8d8-c540-4af0-96d0-66cafe12c157')
INSERT INTO [Administration].[AxisRelationShip] ([Id], [IdAxis], [IdAxisParent], [TransactionUserId], [IsDeleted], [Deleted_Token]) VALUES (26, 100014, 100013, NULL, 1, N'3037fa6e-47c5-4135-b80b-d439c5c3bdb5')
INSERT INTO [Administration].[AxisRelationShip] ([Id], [IdAxis], [IdAxisParent], [TransactionUserId], [IsDeleted], [Deleted_Token]) VALUES (27, 100011, NULL, NULL, 0, NULL)
INSERT INTO [Administration].[AxisRelationShip] ([Id], [IdAxis], [IdAxisParent], [TransactionUserId], [IsDeleted], [Deleted_Token]) VALUES (28, 100012, 100011, NULL, 0, NULL)
INSERT INTO [Administration].[AxisRelationShip] ([Id], [IdAxis], [IdAxisParent], [TransactionUserId], [IsDeleted], [Deleted_Token]) VALUES (31, 100018, NULL, NULL, 0, NULL)
INSERT INTO [Administration].[AxisRelationShip] ([Id], [IdAxis], [IdAxisParent], [TransactionUserId], [IsDeleted], [Deleted_Token]) VALUES (32, 100019, 100018, NULL, 0, NULL)
INSERT INTO [Administration].[AxisRelationShip] ([Id], [IdAxis], [IdAxisParent], [TransactionUserId], [IsDeleted], [Deleted_Token]) VALUES (33, 100016, NULL, NULL, 0, NULL)
INSERT INTO [Administration].[AxisRelationShip] ([Id], [IdAxis], [IdAxisParent], [TransactionUserId], [IsDeleted], [Deleted_Token]) VALUES (34, 100017, 100016, NULL, 0, NULL)
INSERT INTO [Administration].[AxisRelationShip] ([Id], [IdAxis], [IdAxisParent], [TransactionUserId], [IsDeleted], [Deleted_Token]) VALUES (35, 100020, NULL, NULL, 0, NULL)
INSERT INTO [Administration].[AxisRelationShip] ([Id], [IdAxis], [IdAxisParent], [TransactionUserId], [IsDeleted], [Deleted_Token]) VALUES (36, 100021, NULL, NULL, 0, NULL)
INSERT INTO [Administration].[AxisRelationShip] ([Id], [IdAxis], [IdAxisParent], [TransactionUserId], [IsDeleted], [Deleted_Token]) VALUES (37, 100022, NULL, NULL, 0, NULL)
INSERT INTO [Administration].[AxisRelationShip] ([Id], [IdAxis], [IdAxisParent], [TransactionUserId], [IsDeleted], [Deleted_Token]) VALUES (91, 100072, NULL, 0, 0, NULL)
INSERT INTO [Administration].[AxisRelationShip] ([Id], [IdAxis], [IdAxisParent], [TransactionUserId], [IsDeleted], [Deleted_Token]) VALUES (92, 100073, 100072, 0, 0, NULL)
SET IDENTITY_INSERT [Administration].[AxisRelationShip] OFF
ALTER TABLE [Administration].[AxisRelationShip]
    ADD CONSTRAINT [FK_AxisRelationShip_Axis1] FOREIGN KEY ([IdAxisParent]) REFERENCES [Administration].[Axis] ([Id])
ALTER TABLE [Administration].[AxisRelationShip]
    ADD CONSTRAINT [FK_AxisRelationShip_Axis] FOREIGN KEY ([IdAxis]) REFERENCES [Administration].[Axis] ([Id]) ON DELETE CASCADE
ALTER TABLE [Administration].[AxisValueRelationShip]
    ADD CONSTRAINT [FK_AxisValueRelationShip_AxisValue] FOREIGN KEY ([IdAxisValueParent]) REFERENCES [Administration].[AxisValue] ([Id])
ALTER TABLE [Administration].[AxisValueRelationShip]
    ADD CONSTRAINT [FK__AxisRelat__IdAxi__6A3191A0] FOREIGN KEY ([IdAxisValue]) REFERENCES [Administration].[AxisValue] ([Id]) ON DELETE CASCADE
ALTER TABLE [Administration].[AxisValue]
    ADD CONSTRAINT [FK__AxisValue__IdAxi__675524F5] FOREIGN KEY ([IdAxis]) REFERENCES [Administration].[Axis] ([Id]) ON DELETE CASCADE
ALTER TABLE [Administration].[AxisEntity]
    ADD CONSTRAINT [FK_AxisEntity_Entity] FOREIGN KEY ([IdTableEntity]) REFERENCES [ERPSettings].[Entity] ([Id])
ALTER TABLE [Administration].[AxisEntity]
    ADD CONSTRAINT [FK__AxisEntit__IdAxi__72C6D7A1] FOREIGN KEY ([IdAxis]) REFERENCES [Administration].[Axis] ([Id]) ON DELETE CASCADE
COMMIT TRANSACTION

---------- Nature + Stockdocumenttype + paymenttype + paymentmethod + documentstatus + documenttype + documenttyperelation + salesettings + purchasesettings
BEGIN TRANSACTION
ALTER TABLE [Sales].[PurchaseSettings] DROP CONSTRAINT [FK_PurchaseSetting_Company]
ALTER TABLE [Sales].[DocumentTypeRelation] DROP CONSTRAINT [FK_DocumentTypeRelation_DocumentTypeRelation]
ALTER TABLE [Sales].[DocumentTypeRelation] DROP CONSTRAINT [FK_DocumentTypeRelation_DocumentType]
ALTER TABLE [Sales].[DocumentType] DROP CONSTRAINT [FK_DocumentType_DocumentType]
ALTER TABLE [Sales].[SaleSettings] DROP CONSTRAINT [FK_SaleSetting_Company]
ALTER TABLE [Payment].[PaymentMethod] DROP CONSTRAINT [FK_PayementMethod_PayementType]
SET IDENTITY_INSERT [Inventory].[Nature] ON
INSERT INTO [Inventory].[Nature] ([Id], [Code], [Label], [IsStockManaged], [IsDeleted], [TransactionUserId], [Deleted_Token]) VALUES (1, N'Service', N'Service', 0, 0, 0, NULL)
INSERT INTO [Inventory].[Nature] ([Id], [Code], [Label], [IsStockManaged], [IsDeleted], [TransactionUserId], [Deleted_Token]) VALUES (2, N'Produit', N'Produit', 1, 0, 0, NULL)
SET IDENTITY_INSERT [Inventory].[Nature] OFF
SET IDENTITY_INSERT [Payment].[PaymentMethod] ON
INSERT INTO [Payment].[PaymentMethod] ([Id], [Code], [MethodName], [Description], [AuthorizedForExpenses], [AuthorizedForRecipes], [Immediate], [IsDeleted], [TransactionUserId], [IdPaymentType], [PaymentMethod_int_1], [PaymentMethod_int_2], [PaymentMethod_int_3], [PaymentMethod_int_4], [PaymentMethod_int_5], [PaymentMethod_int_6], [PaymentMethod_int_7], [PaymentMethod_int_8], [PaymentMethod_int_9], [PaymentMethod_int_10], [PaymentMethod_bit_1], [PaymentMethod_bit_2], [PaymentMethod_bit_3], [PaymentMethod_bit_4], [PaymentMethod_bit_5], [PaymentMethod_bit_6], [PaymentMethod_bit_7], [PaymentMethod_bit_8], [PaymentMethod_bit_9], [PaymentMethod_bit_10], [PaymentMethod_float_1], [PaymentMethod_float_2], [PaymentMethod_float_3], [PaymentMethod_float_4], [PaymentMethod_float_5], [PaymentMethod_float_6], [PaymentMethod_float_7], [PaymentMethod_float_8], [PaymentMethod_float_9], [PaymentMethod_float_10], [PaymentMethod_varchar_1], [PaymentMethod_varchar_2], [PaymentMethod_varchar_3], [PaymentMethod_varchar_4], [PaymentMethod_varchar_5], [PaymentMethod_varchar_6], [PaymentMethod_varchar_7], [PaymentMethod_varchar_8], [PaymentMethod_varchar_9], [PaymentMethod_varchar_10], [PaymentMethod_date_1], [PaymentMethod_date_2], [PaymentMethod_date_3], [PaymentMethod_date_4], [PaymentMethod_date_5], [PaymentMethod_date_6], [PaymentMethod_date_7], [PaymentMethod_date_8], [PaymentMethod_date_9], [PaymentMethod_date_10], [Deleted_Token]) VALUES (2, N'VIR', N'Virement', N'Virement', 1, 0, 0, 0, 0, NULL, NULL, NULL, NULL, NULL, NULL, NULL, NULL, NULL, NULL, NULL, NULL, NULL, NULL, NULL, NULL, NULL, NULL, NULL, NULL, NULL, NULL, NULL, NULL, NULL, NULL, NULL, NULL, NULL, NULL, NULL, NULL, NULL, NULL, NULL, NULL, NULL, NULL, NULL, NULL, NULL, NULL, NULL, NULL, NULL, NULL, NULL, NULL, NULL, NULL, NULL, NULL)
INSERT INTO [Payment].[PaymentMethod] ([Id], [Code], [MethodName], [Description], [AuthorizedForExpenses], [AuthorizedForRecipes], [Immediate], [IsDeleted], [TransactionUserId], [IdPaymentType], [PaymentMethod_int_1], [PaymentMethod_int_2], [PaymentMethod_int_3], [PaymentMethod_int_4], [PaymentMethod_int_5], [PaymentMethod_int_6], [PaymentMethod_int_7], [PaymentMethod_int_8], [PaymentMethod_int_9], [PaymentMethod_int_10], [PaymentMethod_bit_1], [PaymentMethod_bit_2], [PaymentMethod_bit_3], [PaymentMethod_bit_4], [PaymentMethod_bit_5], [PaymentMethod_bit_6], [PaymentMethod_bit_7], [PaymentMethod_bit_8], [PaymentMethod_bit_9], [PaymentMethod_bit_10], [PaymentMethod_float_1], [PaymentMethod_float_2], [PaymentMethod_float_3], [PaymentMethod_float_4], [PaymentMethod_float_5], [PaymentMethod_float_6], [PaymentMethod_float_7], [PaymentMethod_float_8], [PaymentMethod_float_9], [PaymentMethod_float_10], [PaymentMethod_varchar_1], [PaymentMethod_varchar_2], [PaymentMethod_varchar_3], [PaymentMethod_varchar_4], [PaymentMethod_varchar_5], [PaymentMethod_varchar_6], [PaymentMethod_varchar_7], [PaymentMethod_varchar_8], [PaymentMethod_varchar_9], [PaymentMethod_varchar_10], [PaymentMethod_date_1], [PaymentMethod_date_2], [PaymentMethod_date_3], [PaymentMethod_date_4], [PaymentMethod_date_5], [PaymentMethod_date_6], [PaymentMethod_date_7], [PaymentMethod_date_8], [PaymentMethod_date_9], [PaymentMethod_date_10], [Deleted_Token]) VALUES (3, N'ESP', N'Espèce', N'Espèce', 0, 0, 1, 0, 0, NULL, NULL, NULL, NULL, NULL, NULL, NULL, NULL, NULL, NULL, NULL, NULL, NULL, NULL, NULL, NULL, NULL, NULL, NULL, NULL, NULL, NULL, NULL, NULL, NULL, NULL, NULL, NULL, NULL, NULL, NULL, NULL, NULL, NULL, NULL, NULL, NULL, NULL, NULL, NULL, NULL, NULL, NULL, NULL, NULL, NULL, NULL, NULL, NULL, NULL, NULL, NULL)
INSERT INTO [Payment].[PaymentMethod] ([Id], [Code], [MethodName], [Description], [AuthorizedForExpenses], [AuthorizedForRecipes], [Immediate], [IsDeleted], [TransactionUserId], [IdPaymentType], [PaymentMethod_int_1], [PaymentMethod_int_2], [PaymentMethod_int_3], [PaymentMethod_int_4], [PaymentMethod_int_5], [PaymentMethod_int_6], [PaymentMethod_int_7], [PaymentMethod_int_8], [PaymentMethod_int_9], [PaymentMethod_int_10], [PaymentMethod_bit_1], [PaymentMethod_bit_2], [PaymentMethod_bit_3], [PaymentMethod_bit_4], [PaymentMethod_bit_5], [PaymentMethod_bit_6], [PaymentMethod_bit_7], [PaymentMethod_bit_8], [PaymentMethod_bit_9], [PaymentMethod_bit_10], [PaymentMethod_float_1], [PaymentMethod_float_2], [PaymentMethod_float_3], [PaymentMethod_float_4], [PaymentMethod_float_5], [PaymentMethod_float_6], [PaymentMethod_float_7], [PaymentMethod_float_8], [PaymentMethod_float_9], [PaymentMethod_float_10], [PaymentMethod_varchar_1], [PaymentMethod_varchar_2], [PaymentMethod_varchar_3], [PaymentMethod_varchar_4], [PaymentMethod_varchar_5], [PaymentMethod_varchar_6], [PaymentMethod_varchar_7], [PaymentMethod_varchar_8], [PaymentMethod_varchar_9], [PaymentMethod_varchar_10], [PaymentMethod_date_1], [PaymentMethod_date_2], [PaymentMethod_date_3], [PaymentMethod_date_4], [PaymentMethod_date_5], [PaymentMethod_date_6], [PaymentMethod_date_7], [PaymentMethod_date_8], [PaymentMethod_date_9], [PaymentMethod_date_10], [Deleted_Token]) VALUES (8, N'CB', N'Carte bancaire', N'Carte bancaire', 1, 1, 1, 0, 0, NULL, NULL, NULL, NULL, NULL, NULL, NULL, NULL, NULL, NULL, NULL, NULL, NULL, NULL, NULL, NULL, NULL, NULL, NULL, NULL, NULL, NULL, NULL, NULL, NULL, NULL, NULL, NULL, NULL, NULL, NULL, NULL, NULL, NULL, NULL, NULL, NULL, NULL, NULL, NULL, NULL, NULL, NULL, NULL, NULL, NULL, NULL, NULL, NULL, NULL, NULL, NULL)
INSERT INTO [Payment].[PaymentMethod] ([Id], [Code], [MethodName], [Description], [AuthorizedForExpenses], [AuthorizedForRecipes], [Immediate], [IsDeleted], [TransactionUserId], [IdPaymentType], [PaymentMethod_int_1], [PaymentMethod_int_2], [PaymentMethod_int_3], [PaymentMethod_int_4], [PaymentMethod_int_5], [PaymentMethod_int_6], [PaymentMethod_int_7], [PaymentMethod_int_8], [PaymentMethod_int_9], [PaymentMethod_int_10], [PaymentMethod_bit_1], [PaymentMethod_bit_2], [PaymentMethod_bit_3], [PaymentMethod_bit_4], [PaymentMethod_bit_5], [PaymentMethod_bit_6], [PaymentMethod_bit_7], [PaymentMethod_bit_8], [PaymentMethod_bit_9], [PaymentMethod_bit_10], [PaymentMethod_float_1], [PaymentMethod_float_2], [PaymentMethod_float_3], [PaymentMethod_float_4], [PaymentMethod_float_5], [PaymentMethod_float_6], [PaymentMethod_float_7], [PaymentMethod_float_8], [PaymentMethod_float_9], [PaymentMethod_float_10], [PaymentMethod_varchar_1], [PaymentMethod_varchar_2], [PaymentMethod_varchar_3], [PaymentMethod_varchar_4], [PaymentMethod_varchar_5], [PaymentMethod_varchar_6], [PaymentMethod_varchar_7], [PaymentMethod_varchar_8], [PaymentMethod_varchar_9], [PaymentMethod_varchar_10], [PaymentMethod_date_1], [PaymentMethod_date_2], [PaymentMethod_date_3], [PaymentMethod_date_4], [PaymentMethod_date_5], [PaymentMethod_date_6], [PaymentMethod_date_7], [PaymentMethod_date_8], [PaymentMethod_date_9], [PaymentMethod_date_10], [Deleted_Token]) VALUES (9, N'CHQ', N'Chèque', N'Chèque', 1, 1, 1, 0, 0, NULL, NULL, NULL, NULL, NULL, NULL, NULL, NULL, NULL, NULL, NULL, NULL, NULL, NULL, NULL, NULL, NULL, NULL, NULL, NULL, NULL, NULL, NULL, NULL, NULL, NULL, NULL, NULL, NULL, NULL, NULL, NULL, NULL, NULL, NULL, NULL, NULL, NULL, NULL, NULL, NULL, NULL, NULL, NULL, NULL, NULL, NULL, NULL, NULL, NULL, NULL, NULL)
INSERT INTO [Payment].[PaymentMethod] ([Id], [Code], [MethodName], [Description], [AuthorizedForExpenses], [AuthorizedForRecipes], [Immediate], [IsDeleted], [TransactionUserId], [IdPaymentType], [PaymentMethod_int_1], [PaymentMethod_int_2], [PaymentMethod_int_3], [PaymentMethod_int_4], [PaymentMethod_int_5], [PaymentMethod_int_6], [PaymentMethod_int_7], [PaymentMethod_int_8], [PaymentMethod_int_9], [PaymentMethod_int_10], [PaymentMethod_bit_1], [PaymentMethod_bit_2], [PaymentMethod_bit_3], [PaymentMethod_bit_4], [PaymentMethod_bit_5], [PaymentMethod_bit_6], [PaymentMethod_bit_7], [PaymentMethod_bit_8], [PaymentMethod_bit_9], [PaymentMethod_bit_10], [PaymentMethod_float_1], [PaymentMethod_float_2], [PaymentMethod_float_3], [PaymentMethod_float_4], [PaymentMethod_float_5], [PaymentMethod_float_6], [PaymentMethod_float_7], [PaymentMethod_float_8], [PaymentMethod_float_9], [PaymentMethod_float_10], [PaymentMethod_varchar_1], [PaymentMethod_varchar_2], [PaymentMethod_varchar_3], [PaymentMethod_varchar_4], [PaymentMethod_varchar_5], [PaymentMethod_varchar_6], [PaymentMethod_varchar_7], [PaymentMethod_varchar_8], [PaymentMethod_varchar_9], [PaymentMethod_varchar_10], [PaymentMethod_date_1], [PaymentMethod_date_2], [PaymentMethod_date_3], [PaymentMethod_date_4], [PaymentMethod_date_5], [PaymentMethod_date_6], [PaymentMethod_date_7], [PaymentMethod_date_8], [PaymentMethod_date_9], [PaymentMethod_date_10], [Deleted_Token]) VALUES (10, N'PRELEVEMENT', N'Prélèvement', N'Prélèvement', 0, 0, 0, 0, 0, NULL, NULL, NULL, NULL, NULL, NULL, NULL, NULL, NULL, NULL, NULL, NULL, NULL, NULL, NULL, NULL, NULL, NULL, NULL, NULL, NULL, NULL, NULL, NULL, NULL, NULL, NULL, NULL, NULL, NULL, NULL, NULL, NULL, NULL, NULL, NULL, NULL, NULL, NULL, NULL, NULL, NULL, NULL, NULL, NULL, NULL, NULL, NULL, NULL, NULL, NULL, NULL)
SET IDENTITY_INSERT [Payment].[PaymentMethod] OFF
SET IDENTITY_INSERT [Payment].[PaymentType] ON
INSERT INTO [Payment].[PaymentType] ([Id], [Label], [IsDeleted], [TransactionUserId], [PaymentType_int_1], [PaymentType_int_2], [PaymentType_int_3], [PaymentType_int_4], [PaymentType_int_5], [PaymentType_int_6], [PaymentType_int_7], [PaymentType_int_8], [PaymentType_int_9], [PaymentType_int_10], [PaymentType_bit_1], [PaymentType_bit_2], [PaymentType_bit_3], [PaymentType_bit_4], [PaymentType_bit_5], [PaymentType_bit_6], [PaymentType_bit_7], [PaymentType_bit_8], [PaymentType_bit_9], [PaymentType_bit_10], [PaymentType_float_1], [PaymentType_float_2], [PaymentType_float_3], [PaymentType_float_4], [PaymentType_float_5], [PaymentType_float_6], [PaymentType_float_7], [PaymentType_float_8], [PaymentType_float_9], [PaymentType_float_10], [PaymentType_varchar_1], [PaymentType_varchar_2], [PaymentType_varchar_3], [PaymentType_varchar_4], [PaymentType_varchar_5], [PaymentType_varchar_6], [PaymentType_varchar_7], [PaymentType_varchar_8], [PaymentType_varchar_9], [PaymentType_varchar_10], [PaymentType_date_1], [PaymentType_date_2], [PaymentType_date_3], [PaymentType_date_4], [PaymentType_date_5], [PaymentType_date_6], [PaymentType_date_7], [PaymentType_date_8], [PaymentType_date_9], [PaymentType_date_10], [Deleted_Token], [Code]) VALUES (4, N'Espèce', 0, 1, NULL, NULL, NULL, NULL, NULL, NULL, NULL, NULL, NULL, NULL, NULL, NULL, NULL, NULL, NULL, NULL, NULL, NULL, NULL, NULL, NULL, NULL, NULL, NULL, NULL, NULL, NULL, NULL, NULL, NULL, NULL, NULL, NULL, NULL, NULL, NULL, NULL, NULL, NULL, NULL, NULL, NULL, NULL, NULL, NULL, NULL, NULL, NULL, NULL, NULL, NULL, N'ESP')
INSERT INTO [Payment].[PaymentType] ([Id], [Label], [IsDeleted], [TransactionUserId], [PaymentType_int_1], [PaymentType_int_2], [PaymentType_int_3], [PaymentType_int_4], [PaymentType_int_5], [PaymentType_int_6], [PaymentType_int_7], [PaymentType_int_8], [PaymentType_int_9], [PaymentType_int_10], [PaymentType_bit_1], [PaymentType_bit_2], [PaymentType_bit_3], [PaymentType_bit_4], [PaymentType_bit_5], [PaymentType_bit_6], [PaymentType_bit_7], [PaymentType_bit_8], [PaymentType_bit_9], [PaymentType_bit_10], [PaymentType_float_1], [PaymentType_float_2], [PaymentType_float_3], [PaymentType_float_4], [PaymentType_float_5], [PaymentType_float_6], [PaymentType_float_7], [PaymentType_float_8], [PaymentType_float_9], [PaymentType_float_10], [PaymentType_varchar_1], [PaymentType_varchar_2], [PaymentType_varchar_3], [PaymentType_varchar_4], [PaymentType_varchar_5], [PaymentType_varchar_6], [PaymentType_varchar_7], [PaymentType_varchar_8], [PaymentType_varchar_9], [PaymentType_varchar_10], [PaymentType_date_1], [PaymentType_date_2], [PaymentType_date_3], [PaymentType_date_4], [PaymentType_date_5], [PaymentType_date_6], [PaymentType_date_7], [PaymentType_date_8], [PaymentType_date_9], [PaymentType_date_10], [Deleted_Token], [Code]) VALUES (5, N'Chèque', 0, 1, NULL, NULL, NULL, NULL, NULL, NULL, NULL, NULL, NULL, NULL, NULL, NULL, NULL, NULL, NULL, NULL, NULL, NULL, NULL, NULL, NULL, NULL, NULL, NULL, NULL, NULL, NULL, NULL, NULL, NULL, NULL, NULL, NULL, NULL, NULL, NULL, NULL, NULL, NULL, NULL, NULL, NULL, NULL, NULL, NULL, NULL, NULL, NULL, NULL, NULL, NULL, N'CHQ')
INSERT INTO [Payment].[PaymentType] ([Id], [Label], [IsDeleted], [TransactionUserId], [PaymentType_int_1], [PaymentType_int_2], [PaymentType_int_3], [PaymentType_int_4], [PaymentType_int_5], [PaymentType_int_6], [PaymentType_int_7], [PaymentType_int_8], [PaymentType_int_9], [PaymentType_int_10], [PaymentType_bit_1], [PaymentType_bit_2], [PaymentType_bit_3], [PaymentType_bit_4], [PaymentType_bit_5], [PaymentType_bit_6], [PaymentType_bit_7], [PaymentType_bit_8], [PaymentType_bit_9], [PaymentType_bit_10], [PaymentType_float_1], [PaymentType_float_2], [PaymentType_float_3], [PaymentType_float_4], [PaymentType_float_5], [PaymentType_float_6], [PaymentType_float_7], [PaymentType_float_8], [PaymentType_float_9], [PaymentType_float_10], [PaymentType_varchar_1], [PaymentType_varchar_2], [PaymentType_varchar_3], [PaymentType_varchar_4], [PaymentType_varchar_5], [PaymentType_varchar_6], [PaymentType_varchar_7], [PaymentType_varchar_8], [PaymentType_varchar_9], [PaymentType_varchar_10], [PaymentType_date_1], [PaymentType_date_2], [PaymentType_date_3], [PaymentType_date_4], [PaymentType_date_5], [PaymentType_date_6], [PaymentType_date_7], [PaymentType_date_8], [PaymentType_date_9], [PaymentType_date_10], [Deleted_Token], [Code]) VALUES (6, N'Virement', 0, 1, NULL, NULL, NULL, NULL, NULL, NULL, NULL, NULL, NULL, NULL, NULL, NULL, NULL, NULL, NULL, NULL, NULL, NULL, NULL, NULL, NULL, NULL, NULL, NULL, NULL, NULL, NULL, NULL, NULL, NULL, NULL, NULL, NULL, NULL, NULL, NULL, NULL, NULL, NULL, NULL, NULL, NULL, NULL, NULL, NULL, NULL, NULL, NULL, NULL, NULL, NULL, N'VIR')
INSERT INTO [Payment].[PaymentType] ([Id], [Label], [IsDeleted], [TransactionUserId], [PaymentType_int_1], [PaymentType_int_2], [PaymentType_int_3], [PaymentType_int_4], [PaymentType_int_5], [PaymentType_int_6], [PaymentType_int_7], [PaymentType_int_8], [PaymentType_int_9], [PaymentType_int_10], [PaymentType_bit_1], [PaymentType_bit_2], [PaymentType_bit_3], [PaymentType_bit_4], [PaymentType_bit_5], [PaymentType_bit_6], [PaymentType_bit_7], [PaymentType_bit_8], [PaymentType_bit_9], [PaymentType_bit_10], [PaymentType_float_1], [PaymentType_float_2], [PaymentType_float_3], [PaymentType_float_4], [PaymentType_float_5], [PaymentType_float_6], [PaymentType_float_7], [PaymentType_float_8], [PaymentType_float_9], [PaymentType_float_10], [PaymentType_varchar_1], [PaymentType_varchar_2], [PaymentType_varchar_3], [PaymentType_varchar_4], [PaymentType_varchar_5], [PaymentType_varchar_6], [PaymentType_varchar_7], [PaymentType_varchar_8], [PaymentType_varchar_9], [PaymentType_varchar_10], [PaymentType_date_1], [PaymentType_date_2], [PaymentType_date_3], [PaymentType_date_4], [PaymentType_date_5], [PaymentType_date_6], [PaymentType_date_7], [PaymentType_date_8], [PaymentType_date_9], [PaymentType_date_10], [Deleted_Token], [Code]) VALUES (7, N'Compte bancaire', 0, 1, NULL, NULL, NULL, NULL, NULL, NULL, NULL, NULL, NULL, NULL, NULL, NULL, NULL, NULL, NULL, NULL, NULL, NULL, NULL, NULL, NULL, NULL, NULL, NULL, NULL, NULL, NULL, NULL, NULL, NULL, NULL, NULL, NULL, NULL, NULL, NULL, NULL, NULL, NULL, NULL, NULL, NULL, NULL, NULL, NULL, NULL, NULL, NULL, NULL, NULL, NULL, N'CB')
INSERT INTO [Payment].[PaymentType] ([Id], [Label], [IsDeleted], [TransactionUserId], [PaymentType_int_1], [PaymentType_int_2], [PaymentType_int_3], [PaymentType_int_4], [PaymentType_int_5], [PaymentType_int_6], [PaymentType_int_7], [PaymentType_int_8], [PaymentType_int_9], [PaymentType_int_10], [PaymentType_bit_1], [PaymentType_bit_2], [PaymentType_bit_3], [PaymentType_bit_4], [PaymentType_bit_5], [PaymentType_bit_6], [PaymentType_bit_7], [PaymentType_bit_8], [PaymentType_bit_9], [PaymentType_bit_10], [PaymentType_float_1], [PaymentType_float_2], [PaymentType_float_3], [PaymentType_float_4], [PaymentType_float_5], [PaymentType_float_6], [PaymentType_float_7], [PaymentType_float_8], [PaymentType_float_9], [PaymentType_float_10], [PaymentType_varchar_1], [PaymentType_varchar_2], [PaymentType_varchar_3], [PaymentType_varchar_4], [PaymentType_varchar_5], [PaymentType_varchar_6], [PaymentType_varchar_7], [PaymentType_varchar_8], [PaymentType_varchar_9], [PaymentType_varchar_10], [PaymentType_date_1], [PaymentType_date_2], [PaymentType_date_3], [PaymentType_date_4], [PaymentType_date_5], [PaymentType_date_6], [PaymentType_date_7], [PaymentType_date_8], [PaymentType_date_9], [PaymentType_date_10], [Deleted_Token], [Code]) VALUES (8, N'Traite', 0, 1, NULL, NULL, NULL, NULL, NULL, NULL, NULL, NULL, NULL, NULL, NULL, NULL, NULL, NULL, NULL, NULL, NULL, NULL, NULL, NULL, NULL, NULL, NULL, NULL, NULL, NULL, NULL, NULL, NULL, NULL, NULL, NULL, NULL, NULL, NULL, NULL, NULL, NULL, NULL, NULL, NULL, NULL, NULL, NULL, NULL, NULL, NULL, NULL, NULL, NULL, NULL, N'TRT')
INSERT INTO [Payment].[PaymentType] ([Id], [Label], [IsDeleted], [TransactionUserId], [PaymentType_int_1], [PaymentType_int_2], [PaymentType_int_3], [PaymentType_int_4], [PaymentType_int_5], [PaymentType_int_6], [PaymentType_int_7], [PaymentType_int_8], [PaymentType_int_9], [PaymentType_int_10], [PaymentType_bit_1], [PaymentType_bit_2], [PaymentType_bit_3], [PaymentType_bit_4], [PaymentType_bit_5], [PaymentType_bit_6], [PaymentType_bit_7], [PaymentType_bit_8], [PaymentType_bit_9], [PaymentType_bit_10], [PaymentType_float_1], [PaymentType_float_2], [PaymentType_float_3], [PaymentType_float_4], [PaymentType_float_5], [PaymentType_float_6], [PaymentType_float_7], [PaymentType_float_8], [PaymentType_float_9], [PaymentType_float_10], [PaymentType_varchar_1], [PaymentType_varchar_2], [PaymentType_varchar_3], [PaymentType_varchar_4], [PaymentType_varchar_5], [PaymentType_varchar_6], [PaymentType_varchar_7], [PaymentType_varchar_8], [PaymentType_varchar_9], [PaymentType_varchar_10], [PaymentType_date_1], [PaymentType_date_2], [PaymentType_date_3], [PaymentType_date_4], [PaymentType_date_5], [PaymentType_date_6], [PaymentType_date_7], [PaymentType_date_8], [PaymentType_date_9], [PaymentType_date_10], [Deleted_Token], [Code]) VALUES (9, N'Prélèvement', 0, 1, NULL, NULL, NULL, NULL, NULL, NULL, NULL, NULL, NULL, NULL, NULL, NULL, NULL, NULL, NULL, NULL, NULL, NULL, NULL, NULL, NULL, NULL, NULL, NULL, NULL, NULL, NULL, NULL, NULL, NULL, NULL, NULL, NULL, NULL, NULL, NULL, NULL, NULL, NULL, NULL, NULL, NULL, NULL, NULL, NULL, NULL, NULL, NULL, NULL, NULL, NULL, NULL)
SET IDENTITY_INSERT [Payment].[PaymentType] OFF
SET IDENTITY_INSERT [Sales].[SaleSettings] ON
INSERT INTO [Sales].[SaleSettings] ([Id], [SaleOtherTaxes], [IsDeleted], [TransactionUserId], [Deleted_Token]) VALUES (2, 0, 0, 0, NULL)
SET IDENTITY_INSERT [Sales].[SaleSettings] OFF
INSERT INTO [Sales].[DocumentType] ([CodeType], [Code], [Label], [Description], [DefaultCodeDocumentTypeAssociated], [IsStockAffected], [StockOperation], [StockOperationStatus], [CreateAssociatedDocument], [IsDeleted], [TransactionUserId], [TypeDocument_int_1], [TypeDocument_int_2], [TypeDocument_int_3], [TypeDocument_int_4], [TypeDocument_int_5], [TypeDocument_int_6], [TypeDocument_int_7], [TypeDocument_int_8], [TypeDocument_int_9], [TypeDocument_int_10], [TypeDocument_bit_1], [TypeDocument_bit_2], [TypeDocument_bit_3], [TypeDocument_bit_4], [TypeDocument_bit_5], [TypeDocument_bit_6], [TypeDocument_bit_7], [TypeDocument_bit_8], [TypeDocument_bit_9], [TypeDocument_bit_10], [TypeDocument_float_1], [TypeDocument_float_2], [TypeDocument_float_3], [TypeDocument_float_4], [TypeDocument_float_5], [TypeDocument_float_6], [TypeDocument_float_7], [TypeDocument_float_8], [TypeDocument_float_9], [TypeDocument_float_10], [TypeDocument_varchar_1], [TypeDocument_varchar_2], [TypeDocument_varchar_3], [TypeDocument_varchar_4], [TypeDocument_varchar_5], [TypeDocument_varchar_6], [TypeDocument_varchar_7], [TypeDocument_varchar_8], [TypeDocument_varchar_9], [TypeDocument_varchar_10], [TypeDocument_date_1], [TypeDocument_date_2], [TypeDocument_date_3], [TypeDocument_date_4], [TypeDocument_date_5], [TypeDocument_date_6], [TypeDocument_date_7], [TypeDocument_date_8], [TypeDocument_date_9], [TypeDocument_date_10], [Deleted_Token], [IsSaleDocumentType], [IsFinancialCommitmentAffected]) VALUES (N'A-PU', N'A-PU', N'Asset', N'Facture d''avoir', NULL, 1, N'O', N'R', 0, 0, 0, NULL, NULL, NULL, NULL, NULL, NULL, NULL, NULL, NULL, NULL, NULL, NULL, NULL, NULL, NULL, NULL, NULL, NULL, NULL, NULL, NULL, NULL, NULL, NULL, NULL, NULL, NULL, NULL, NULL, NULL, NULL, NULL, NULL, NULL, NULL, NULL, NULL, NULL, NULL, NULL, NULL, NULL, NULL, NULL, NULL, NULL, NULL, NULL, NULL, NULL, NULL, 0, 0)
INSERT INTO [Sales].[DocumentType] ([CodeType], [Code], [Label], [Description], [DefaultCodeDocumentTypeAssociated], [IsStockAffected], [StockOperation], [StockOperationStatus], [CreateAssociatedDocument], [IsDeleted], [TransactionUserId], [TypeDocument_int_1], [TypeDocument_int_2], [TypeDocument_int_3], [TypeDocument_int_4], [TypeDocument_int_5], [TypeDocument_int_6], [TypeDocument_int_7], [TypeDocument_int_8], [TypeDocument_int_9], [TypeDocument_int_10], [TypeDocument_bit_1], [TypeDocument_bit_2], [TypeDocument_bit_3], [TypeDocument_bit_4], [TypeDocument_bit_5], [TypeDocument_bit_6], [TypeDocument_bit_7], [TypeDocument_bit_8], [TypeDocument_bit_9], [TypeDocument_bit_10], [TypeDocument_float_1], [TypeDocument_float_2], [TypeDocument_float_3], [TypeDocument_float_4], [TypeDocument_float_5], [TypeDocument_float_6], [TypeDocument_float_7], [TypeDocument_float_8], [TypeDocument_float_9], [TypeDocument_float_10], [TypeDocument_varchar_1], [TypeDocument_varchar_2], [TypeDocument_varchar_3], [TypeDocument_varchar_4], [TypeDocument_varchar_5], [TypeDocument_varchar_6], [TypeDocument_varchar_7], [TypeDocument_varchar_8], [TypeDocument_varchar_9], [TypeDocument_varchar_10], [TypeDocument_date_1], [TypeDocument_date_2], [TypeDocument_date_3], [TypeDocument_date_4], [TypeDocument_date_5], [TypeDocument_date_6], [TypeDocument_date_7], [TypeDocument_date_8], [TypeDocument_date_9], [TypeDocument_date_10], [Deleted_Token], [IsSaleDocumentType], [IsFinancialCommitmentAffected]) VALUES (N'A-SA', N'A-SA', N'Asset', N'Facture d''avoir', N'I-SA', 1, N'I', N'R', 0, 0, 0, NULL, NULL, NULL, NULL, NULL, NULL, NULL, NULL, NULL, NULL, NULL, NULL, NULL, NULL, NULL, NULL, NULL, NULL, NULL, NULL, NULL, NULL, NULL, NULL, NULL, NULL, NULL, NULL, NULL, NULL, NULL, NULL, NULL, NULL, NULL, NULL, NULL, NULL, NULL, NULL, NULL, NULL, NULL, NULL, NULL, NULL, NULL, NULL, NULL, NULL, NULL, 1, 0)
INSERT INTO [Sales].[DocumentType] ([CodeType], [Code], [Label], [Description], [DefaultCodeDocumentTypeAssociated], [IsStockAffected], [StockOperation], [StockOperationStatus], [CreateAssociatedDocument], [IsDeleted], [TransactionUserId], [TypeDocument_int_1], [TypeDocument_int_2], [TypeDocument_int_3], [TypeDocument_int_4], [TypeDocument_int_5], [TypeDocument_int_6], [TypeDocument_int_7], [TypeDocument_int_8], [TypeDocument_int_9], [TypeDocument_int_10], [TypeDocument_bit_1], [TypeDocument_bit_2], [TypeDocument_bit_3], [TypeDocument_bit_4], [TypeDocument_bit_5], [TypeDocument_bit_6], [TypeDocument_bit_7], [TypeDocument_bit_8], [TypeDocument_bit_9], [TypeDocument_bit_10], [TypeDocument_float_1], [TypeDocument_float_2], [TypeDocument_float_3], [TypeDocument_float_4], [TypeDocument_float_5], [TypeDocument_float_6], [TypeDocument_float_7], [TypeDocument_float_8], [TypeDocument_float_9], [TypeDocument_float_10], [TypeDocument_varchar_1], [TypeDocument_varchar_2], [TypeDocument_varchar_3], [TypeDocument_varchar_4], [TypeDocument_varchar_5], [TypeDocument_varchar_6], [TypeDocument_varchar_7], [TypeDocument_varchar_8], [TypeDocument_varchar_9], [TypeDocument_varchar_10], [TypeDocument_date_1], [TypeDocument_date_2], [TypeDocument_date_3], [TypeDocument_date_4], [TypeDocument_date_5], [TypeDocument_date_6], [TypeDocument_date_7], [TypeDocument_date_8], [TypeDocument_date_9], [TypeDocument_date_10], [Deleted_Token], [IsSaleDocumentType], [IsFinancialCommitmentAffected]) VALUES (N'D-PU', N'D-PU', N'Receipt form', N'Bon de reception', N'O-PU', 1, N'I', N'R', 0, 0, 0, NULL, NULL, NULL, NULL, NULL, NULL, NULL, NULL, NULL, NULL, NULL, NULL, NULL, NULL, NULL, NULL, NULL, NULL, NULL, NULL, NULL, NULL, NULL, NULL, NULL, NULL, NULL, NULL, NULL, NULL, NULL, NULL, NULL, NULL, NULL, NULL, NULL, NULL, NULL, NULL, NULL, NULL, NULL, NULL, NULL, NULL, NULL, NULL, NULL, NULL, NULL, 0, 0)
INSERT INTO [Sales].[DocumentType] ([CodeType], [Code], [Label], [Description], [DefaultCodeDocumentTypeAssociated], [IsStockAffected], [StockOperation], [StockOperationStatus], [CreateAssociatedDocument], [IsDeleted], [TransactionUserId], [TypeDocument_int_1], [TypeDocument_int_2], [TypeDocument_int_3], [TypeDocument_int_4], [TypeDocument_int_5], [TypeDocument_int_6], [TypeDocument_int_7], [TypeDocument_int_8], [TypeDocument_int_9], [TypeDocument_int_10], [TypeDocument_bit_1], [TypeDocument_bit_2], [TypeDocument_bit_3], [TypeDocument_bit_4], [TypeDocument_bit_5], [TypeDocument_bit_6], [TypeDocument_bit_7], [TypeDocument_bit_8], [TypeDocument_bit_9], [TypeDocument_bit_10], [TypeDocument_float_1], [TypeDocument_float_2], [TypeDocument_float_3], [TypeDocument_float_4], [TypeDocument_float_5], [TypeDocument_float_6], [TypeDocument_float_7], [TypeDocument_float_8], [TypeDocument_float_9], [TypeDocument_float_10], [TypeDocument_varchar_1], [TypeDocument_varchar_2], [TypeDocument_varchar_3], [TypeDocument_varchar_4], [TypeDocument_varchar_5], [TypeDocument_varchar_6], [TypeDocument_varchar_7], [TypeDocument_varchar_8], [TypeDocument_varchar_9], [TypeDocument_varchar_10], [TypeDocument_date_1], [TypeDocument_date_2], [TypeDocument_date_3], [TypeDocument_date_4], [TypeDocument_date_5], [TypeDocument_date_6], [TypeDocument_date_7], [TypeDocument_date_8], [TypeDocument_date_9], [TypeDocument_date_10], [Deleted_Token], [IsSaleDocumentType], [IsFinancialCommitmentAffected]) VALUES (N'D-SA', N'D-SA', N'Delivery form', N'Bon de livraison', N'O-SA', 1, N'O', N'R', 0, 0, 0, NULL, NULL, NULL, NULL, NULL, NULL, NULL, NULL, NULL, NULL, NULL, NULL, NULL, NULL, NULL, NULL, NULL, NULL, NULL, NULL, NULL, NULL, NULL, NULL, NULL, NULL, NULL, NULL, NULL, NULL, NULL, NULL, NULL, NULL, NULL, NULL, NULL, NULL, NULL, NULL, NULL, NULL, NULL, NULL, NULL, NULL, NULL, NULL, NULL, NULL, NULL, 1, 0)
INSERT INTO [Sales].[DocumentType] ([CodeType], [Code], [Label], [Description], [DefaultCodeDocumentTypeAssociated], [IsStockAffected], [StockOperation], [StockOperationStatus], [CreateAssociatedDocument], [IsDeleted], [TransactionUserId], [TypeDocument_int_1], [TypeDocument_int_2], [TypeDocument_int_3], [TypeDocument_int_4], [TypeDocument_int_5], [TypeDocument_int_6], [TypeDocument_int_7], [TypeDocument_int_8], [TypeDocument_int_9], [TypeDocument_int_10], [TypeDocument_bit_1], [TypeDocument_bit_2], [TypeDocument_bit_3], [TypeDocument_bit_4], [TypeDocument_bit_5], [TypeDocument_bit_6], [TypeDocument_bit_7], [TypeDocument_bit_8], [TypeDocument_bit_9], [TypeDocument_bit_10], [TypeDocument_float_1], [TypeDocument_float_2], [TypeDocument_float_3], [TypeDocument_float_4], [TypeDocument_float_5], [TypeDocument_float_6], [TypeDocument_float_7], [TypeDocument_float_8], [TypeDocument_float_9], [TypeDocument_float_10], [TypeDocument_varchar_1], [TypeDocument_varchar_2], [TypeDocument_varchar_3], [TypeDocument_varchar_4], [TypeDocument_varchar_5], [TypeDocument_varchar_6], [TypeDocument_varchar_7], [TypeDocument_varchar_8], [TypeDocument_varchar_9], [TypeDocument_varchar_10], [TypeDocument_date_1], [TypeDocument_date_2], [TypeDocument_date_3], [TypeDocument_date_4], [TypeDocument_date_5], [TypeDocument_date_6], [TypeDocument_date_7], [TypeDocument_date_8], [TypeDocument_date_9], [TypeDocument_date_10], [Deleted_Token], [IsSaleDocumentType], [IsFinancialCommitmentAffected]) VALUES (N'I-PU', N'I-PU', N'Invoice', N'Facture d''achat', N'D-PU', 1, N'O', N'R', 1, 0, 0, NULL, NULL, NULL, NULL, NULL, NULL, NULL, NULL, NULL, NULL, NULL, NULL, NULL, NULL, NULL, NULL, NULL, NULL, NULL, NULL, NULL, NULL, NULL, NULL, NULL, NULL, NULL, NULL, NULL, NULL, NULL, NULL, NULL, NULL, NULL, NULL, NULL, NULL, NULL, NULL, NULL, NULL, NULL, NULL, NULL, NULL, NULL, NULL, NULL, NULL, NULL, 0, 1)
INSERT INTO [Sales].[DocumentType] ([CodeType], [Code], [Label], [Description], [DefaultCodeDocumentTypeAssociated], [IsStockAffected], [StockOperation], [StockOperationStatus], [CreateAssociatedDocument], [IsDeleted], [TransactionUserId], [TypeDocument_int_1], [TypeDocument_int_2], [TypeDocument_int_3], [TypeDocument_int_4], [TypeDocument_int_5], [TypeDocument_int_6], [TypeDocument_int_7], [TypeDocument_int_8], [TypeDocument_int_9], [TypeDocument_int_10], [TypeDocument_bit_1], [TypeDocument_bit_2], [TypeDocument_bit_3], [TypeDocument_bit_4], [TypeDocument_bit_5], [TypeDocument_bit_6], [TypeDocument_bit_7], [TypeDocument_bit_8], [TypeDocument_bit_9], [TypeDocument_bit_10], [TypeDocument_float_1], [TypeDocument_float_2], [TypeDocument_float_3], [TypeDocument_float_4], [TypeDocument_float_5], [TypeDocument_float_6], [TypeDocument_float_7], [TypeDocument_float_8], [TypeDocument_float_9], [TypeDocument_float_10], [TypeDocument_varchar_1], [TypeDocument_varchar_2], [TypeDocument_varchar_3], [TypeDocument_varchar_4], [TypeDocument_varchar_5], [TypeDocument_varchar_6], [TypeDocument_varchar_7], [TypeDocument_varchar_8], [TypeDocument_varchar_9], [TypeDocument_varchar_10], [TypeDocument_date_1], [TypeDocument_date_2], [TypeDocument_date_3], [TypeDocument_date_4], [TypeDocument_date_5], [TypeDocument_date_6], [TypeDocument_date_7], [TypeDocument_date_8], [TypeDocument_date_9], [TypeDocument_date_10], [Deleted_Token], [IsSaleDocumentType], [IsFinancialCommitmentAffected]) VALUES (N'I-SA', N'I-SA', N'Invoice', N'Facture de vente', N'D-SA', 0, NULL, NULL, 0, 0, 0, NULL, NULL, NULL, NULL, NULL, NULL, NULL, NULL, NULL, NULL, NULL, NULL, NULL, NULL, NULL, NULL, NULL, NULL, NULL, NULL, NULL, NULL, NULL, NULL, NULL, NULL, NULL, NULL, NULL, NULL, NULL, NULL, NULL, NULL, NULL, NULL, NULL, NULL, NULL, NULL, NULL, NULL, NULL, NULL, NULL, NULL, NULL, NULL, NULL, NULL, NULL, 1, 1)
INSERT INTO [Sales].[DocumentType] ([CodeType], [Code], [Label], [Description], [DefaultCodeDocumentTypeAssociated], [IsStockAffected], [StockOperation], [StockOperationStatus], [CreateAssociatedDocument], [IsDeleted], [TransactionUserId], [TypeDocument_int_1], [TypeDocument_int_2], [TypeDocument_int_3], [TypeDocument_int_4], [TypeDocument_int_5], [TypeDocument_int_6], [TypeDocument_int_7], [TypeDocument_int_8], [TypeDocument_int_9], [TypeDocument_int_10], [TypeDocument_bit_1], [TypeDocument_bit_2], [TypeDocument_bit_3], [TypeDocument_bit_4], [TypeDocument_bit_5], [TypeDocument_bit_6], [TypeDocument_bit_7], [TypeDocument_bit_8], [TypeDocument_bit_9], [TypeDocument_bit_10], [TypeDocument_float_1], [TypeDocument_float_2], [TypeDocument_float_3], [TypeDocument_float_4], [TypeDocument_float_5], [TypeDocument_float_6], [TypeDocument_float_7], [TypeDocument_float_8], [TypeDocument_float_9], [TypeDocument_float_10], [TypeDocument_varchar_1], [TypeDocument_varchar_2], [TypeDocument_varchar_3], [TypeDocument_varchar_4], [TypeDocument_varchar_5], [TypeDocument_varchar_6], [TypeDocument_varchar_7], [TypeDocument_varchar_8], [TypeDocument_varchar_9], [TypeDocument_varchar_10], [TypeDocument_date_1], [TypeDocument_date_2], [TypeDocument_date_3], [TypeDocument_date_4], [TypeDocument_date_5], [TypeDocument_date_6], [TypeDocument_date_7], [TypeDocument_date_8], [TypeDocument_date_9], [TypeDocument_date_10], [Deleted_Token], [IsSaleDocumentType], [IsFinancialCommitmentAffected]) VALUES (N'O-PU', N'O-PU', N'Order form', N'Bon de commande', N'Q-PU', 1, N'I', N'P', 0, 0, 0, NULL, NULL, NULL, NULL, NULL, NULL, NULL, NULL, NULL, NULL, NULL, NULL, NULL, NULL, NULL, NULL, NULL, NULL, NULL, NULL, NULL, NULL, NULL, NULL, NULL, NULL, NULL, NULL, NULL, NULL, NULL, NULL, NULL, NULL, NULL, NULL, NULL, NULL, NULL, NULL, NULL, NULL, NULL, NULL, NULL, NULL, NULL, NULL, NULL, NULL, NULL, 0, 0)
INSERT INTO [Sales].[DocumentType] ([CodeType], [Code], [Label], [Description], [DefaultCodeDocumentTypeAssociated], [IsStockAffected], [StockOperation], [StockOperationStatus], [CreateAssociatedDocument], [IsDeleted], [TransactionUserId], [TypeDocument_int_1], [TypeDocument_int_2], [TypeDocument_int_3], [TypeDocument_int_4], [TypeDocument_int_5], [TypeDocument_int_6], [TypeDocument_int_7], [TypeDocument_int_8], [TypeDocument_int_9], [TypeDocument_int_10], [TypeDocument_bit_1], [TypeDocument_bit_2], [TypeDocument_bit_3], [TypeDocument_bit_4], [TypeDocument_bit_5], [TypeDocument_bit_6], [TypeDocument_bit_7], [TypeDocument_bit_8], [TypeDocument_bit_9], [TypeDocument_bit_10], [TypeDocument_float_1], [TypeDocument_float_2], [TypeDocument_float_3], [TypeDocument_float_4], [TypeDocument_float_5], [TypeDocument_float_6], [TypeDocument_float_7], [TypeDocument_float_8], [TypeDocument_float_9], [TypeDocument_float_10], [TypeDocument_varchar_1], [TypeDocument_varchar_2], [TypeDocument_varchar_3], [TypeDocument_varchar_4], [TypeDocument_varchar_5], [TypeDocument_varchar_6], [TypeDocument_varchar_7], [TypeDocument_varchar_8], [TypeDocument_varchar_9], [TypeDocument_varchar_10], [TypeDocument_date_1], [TypeDocument_date_2], [TypeDocument_date_3], [TypeDocument_date_4], [TypeDocument_date_5], [TypeDocument_date_6], [TypeDocument_date_7], [TypeDocument_date_8], [TypeDocument_date_9], [TypeDocument_date_10], [Deleted_Token], [IsSaleDocumentType], [IsFinancialCommitmentAffected]) VALUES (N'O-SA', N'O-SA', N'Order form', N'Bon de commande', N'Q-SA', 1, N'O', N'P', 0, 0, 0, NULL, NULL, NULL, NULL, NULL, NULL, NULL, NULL, NULL, NULL, NULL, NULL, NULL, NULL, NULL, NULL, NULL, NULL, NULL, NULL, NULL, NULL, NULL, NULL, NULL, NULL, NULL, NULL, NULL, NULL, NULL, NULL, NULL, NULL, NULL, NULL, NULL, NULL, NULL, NULL, NULL, NULL, NULL, NULL, NULL, NULL, NULL, NULL, NULL, NULL, NULL, 1, 0)
INSERT INTO [Sales].[DocumentType] ([CodeType], [Code], [Label], [Description], [DefaultCodeDocumentTypeAssociated], [IsStockAffected], [StockOperation], [StockOperationStatus], [CreateAssociatedDocument], [IsDeleted], [TransactionUserId], [TypeDocument_int_1], [TypeDocument_int_2], [TypeDocument_int_3], [TypeDocument_int_4], [TypeDocument_int_5], [TypeDocument_int_6], [TypeDocument_int_7], [TypeDocument_int_8], [TypeDocument_int_9], [TypeDocument_int_10], [TypeDocument_bit_1], [TypeDocument_bit_2], [TypeDocument_bit_3], [TypeDocument_bit_4], [TypeDocument_bit_5], [TypeDocument_bit_6], [TypeDocument_bit_7], [TypeDocument_bit_8], [TypeDocument_bit_9], [TypeDocument_bit_10], [TypeDocument_float_1], [TypeDocument_float_2], [TypeDocument_float_3], [TypeDocument_float_4], [TypeDocument_float_5], [TypeDocument_float_6], [TypeDocument_float_7], [TypeDocument_float_8], [TypeDocument_float_9], [TypeDocument_float_10], [TypeDocument_varchar_1], [TypeDocument_varchar_2], [TypeDocument_varchar_3], [TypeDocument_varchar_4], [TypeDocument_varchar_5], [TypeDocument_varchar_6], [TypeDocument_varchar_7], [TypeDocument_varchar_8], [TypeDocument_varchar_9], [TypeDocument_varchar_10], [TypeDocument_date_1], [TypeDocument_date_2], [TypeDocument_date_3], [TypeDocument_date_4], [TypeDocument_date_5], [TypeDocument_date_6], [TypeDocument_date_7], [TypeDocument_date_8], [TypeDocument_date_9], [TypeDocument_date_10], [Deleted_Token], [IsSaleDocumentType], [IsFinancialCommitmentAffected]) VALUES (N'Q-PU', N'Q-PU', N'Purchase quotation', N'Devis', NULL, 0, N'I', NULL, 0, 0, 0, NULL, NULL, NULL, NULL, NULL, NULL, NULL, NULL, NULL, NULL, NULL, NULL, NULL, NULL, NULL, NULL, NULL, NULL, NULL, NULL, NULL, NULL, NULL, NULL, NULL, NULL, NULL, NULL, NULL, NULL, NULL, NULL, NULL, NULL, NULL, NULL, NULL, NULL, NULL, NULL, NULL, NULL, NULL, NULL, NULL, NULL, NULL, NULL, NULL, NULL, NULL, 0, 0)
INSERT INTO [Sales].[DocumentType] ([CodeType], [Code], [Label], [Description], [DefaultCodeDocumentTypeAssociated], [IsStockAffected], [StockOperation], [StockOperationStatus], [CreateAssociatedDocument], [IsDeleted], [TransactionUserId], [TypeDocument_int_1], [TypeDocument_int_2], [TypeDocument_int_3], [TypeDocument_int_4], [TypeDocument_int_5], [TypeDocument_int_6], [TypeDocument_int_7], [TypeDocument_int_8], [TypeDocument_int_9], [TypeDocument_int_10], [TypeDocument_bit_1], [TypeDocument_bit_2], [TypeDocument_bit_3], [TypeDocument_bit_4], [TypeDocument_bit_5], [TypeDocument_bit_6], [TypeDocument_bit_7], [TypeDocument_bit_8], [TypeDocument_bit_9], [TypeDocument_bit_10], [TypeDocument_float_1], [TypeDocument_float_2], [TypeDocument_float_3], [TypeDocument_float_4], [TypeDocument_float_5], [TypeDocument_float_6], [TypeDocument_float_7], [TypeDocument_float_8], [TypeDocument_float_9], [TypeDocument_float_10], [TypeDocument_varchar_1], [TypeDocument_varchar_2], [TypeDocument_varchar_3], [TypeDocument_varchar_4], [TypeDocument_varchar_5], [TypeDocument_varchar_6], [TypeDocument_varchar_7], [TypeDocument_varchar_8], [TypeDocument_varchar_9], [TypeDocument_varchar_10], [TypeDocument_date_1], [TypeDocument_date_2], [TypeDocument_date_3], [TypeDocument_date_4], [TypeDocument_date_5], [TypeDocument_date_6], [TypeDocument_date_7], [TypeDocument_date_8], [TypeDocument_date_9], [TypeDocument_date_10], [Deleted_Token], [IsSaleDocumentType], [IsFinancialCommitmentAffected]) VALUES (N'Q-SA', N'Q-SA', N'Sale quotation', N'Devis', NULL, 0, N'I', NULL, 0, 0, 0, NULL, NULL, NULL, NULL, NULL, NULL, NULL, NULL, NULL, NULL, NULL, NULL, NULL, NULL, NULL, NULL, NULL, NULL, NULL, NULL, NULL, NULL, NULL, NULL, NULL, NULL, NULL, NULL, NULL, NULL, NULL, NULL, NULL, NULL, NULL, NULL, NULL, NULL, NULL, NULL, NULL, NULL, NULL, NULL, NULL, NULL, NULL, NULL, NULL, NULL, NULL, 1, 0)
INSERT INTO [Sales].[DocumentType] ([CodeType], [Code], [Label], [Description], [DefaultCodeDocumentTypeAssociated], [IsStockAffected], [StockOperation], [StockOperationStatus], [CreateAssociatedDocument], [IsDeleted], [TransactionUserId], [TypeDocument_int_1], [TypeDocument_int_2], [TypeDocument_int_3], [TypeDocument_int_4], [TypeDocument_int_5], [TypeDocument_int_6], [TypeDocument_int_7], [TypeDocument_int_8], [TypeDocument_int_9], [TypeDocument_int_10], [TypeDocument_bit_1], [TypeDocument_bit_2], [TypeDocument_bit_3], [TypeDocument_bit_4], [TypeDocument_bit_5], [TypeDocument_bit_6], [TypeDocument_bit_7], [TypeDocument_bit_8], [TypeDocument_bit_9], [TypeDocument_bit_10], [TypeDocument_float_1], [TypeDocument_float_2], [TypeDocument_float_3], [TypeDocument_float_4], [TypeDocument_float_5], [TypeDocument_float_6], [TypeDocument_float_7], [TypeDocument_float_8], [TypeDocument_float_9], [TypeDocument_float_10], [TypeDocument_varchar_1], [TypeDocument_varchar_2], [TypeDocument_varchar_3], [TypeDocument_varchar_4], [TypeDocument_varchar_5], [TypeDocument_varchar_6], [TypeDocument_varchar_7], [TypeDocument_varchar_8], [TypeDocument_varchar_9], [TypeDocument_varchar_10], [TypeDocument_date_1], [TypeDocument_date_2], [TypeDocument_date_3], [TypeDocument_date_4], [TypeDocument_date_5], [TypeDocument_date_6], [TypeDocument_date_7], [TypeDocument_date_8], [TypeDocument_date_9], [TypeDocument_date_10], [Deleted_Token], [IsSaleDocumentType], [IsFinancialCommitmentAffected]) VALUES (N'R-PU', N'R-PU', N'Return form', N'Bon de retour', NULL, 1, N'O', N'R', 0, 0, 0, NULL, NULL, NULL, NULL, NULL, NULL, NULL, NULL, NULL, NULL, NULL, NULL, NULL, NULL, NULL, NULL, NULL, NULL, NULL, NULL, NULL, NULL, NULL, NULL, NULL, NULL, NULL, NULL, NULL, NULL, NULL, NULL, NULL, NULL, NULL, NULL, NULL, NULL, NULL, NULL, NULL, NULL, NULL, NULL, NULL, NULL, NULL, NULL, NULL, NULL, NULL, 0, 0)
INSERT INTO [Sales].[DocumentType] ([CodeType], [Code], [Label], [Description], [DefaultCodeDocumentTypeAssociated], [IsStockAffected], [StockOperation], [StockOperationStatus], [CreateAssociatedDocument], [IsDeleted], [TransactionUserId], [TypeDocument_int_1], [TypeDocument_int_2], [TypeDocument_int_3], [TypeDocument_int_4], [TypeDocument_int_5], [TypeDocument_int_6], [TypeDocument_int_7], [TypeDocument_int_8], [TypeDocument_int_9], [TypeDocument_int_10], [TypeDocument_bit_1], [TypeDocument_bit_2], [TypeDocument_bit_3], [TypeDocument_bit_4], [TypeDocument_bit_5], [TypeDocument_bit_6], [TypeDocument_bit_7], [TypeDocument_bit_8], [TypeDocument_bit_9], [TypeDocument_bit_10], [TypeDocument_float_1], [TypeDocument_float_2], [TypeDocument_float_3], [TypeDocument_float_4], [TypeDocument_float_5], [TypeDocument_float_6], [TypeDocument_float_7], [TypeDocument_float_8], [TypeDocument_float_9], [TypeDocument_float_10], [TypeDocument_varchar_1], [TypeDocument_varchar_2], [TypeDocument_varchar_3], [TypeDocument_varchar_4], [TypeDocument_varchar_5], [TypeDocument_varchar_6], [TypeDocument_varchar_7], [TypeDocument_varchar_8], [TypeDocument_varchar_9], [TypeDocument_varchar_10], [TypeDocument_date_1], [TypeDocument_date_2], [TypeDocument_date_3], [TypeDocument_date_4], [TypeDocument_date_5], [TypeDocument_date_6], [TypeDocument_date_7], [TypeDocument_date_8], [TypeDocument_date_9], [TypeDocument_date_10], [Deleted_Token], [IsSaleDocumentType], [IsFinancialCommitmentAffected]) VALUES (N'R-SA', N'R-SA', N'Return form', N'Bon de retour', NULL, 1, N'I', N'R', 0, 0, 0, NULL, NULL, NULL, NULL, NULL, NULL, NULL, NULL, NULL, NULL, NULL, NULL, NULL, NULL, NULL, NULL, NULL, NULL, NULL, NULL, NULL, NULL, NULL, NULL, NULL, NULL, NULL, NULL, NULL, NULL, NULL, NULL, NULL, NULL, NULL, NULL, NULL, NULL, NULL, NULL, NULL, NULL, NULL, NULL, NULL, NULL, NULL, NULL, NULL, NULL, NULL, 1, 0)
SET IDENTITY_INSERT [Sales].[DocumentTypeRelation] ON
INSERT INTO [Sales].[DocumentTypeRelation] ([id], [CodeDocumentType], [CodeDocumentTypeAssociated]) VALUES (8, N'A-SA', N'I-SA')
INSERT INTO [Sales].[DocumentTypeRelation] ([id], [CodeDocumentType], [CodeDocumentTypeAssociated]) VALUES (9, N'D-PU', N'O-PU')
INSERT INTO [Sales].[DocumentTypeRelation] ([id], [CodeDocumentType], [CodeDocumentTypeAssociated]) VALUES (10, N'D-SA', N'O-SA')
INSERT INTO [Sales].[DocumentTypeRelation] ([id], [CodeDocumentType], [CodeDocumentTypeAssociated]) VALUES (11, N'I-PU', N'D-PU')
INSERT INTO [Sales].[DocumentTypeRelation] ([id], [CodeDocumentType], [CodeDocumentTypeAssociated]) VALUES (12, N'I-SA', N'D-SA')
INSERT INTO [Sales].[DocumentTypeRelation] ([id], [CodeDocumentType], [CodeDocumentTypeAssociated]) VALUES (13, N'O-PU', N'Q-PU')
INSERT INTO [Sales].[DocumentTypeRelation] ([id], [CodeDocumentType], [CodeDocumentTypeAssociated]) VALUES (14, N'O-SA', N'Q-SA')
INSERT INTO [Sales].[DocumentTypeRelation] ([id], [CodeDocumentType], [CodeDocumentTypeAssociated]) VALUES (15, N'A-PU', N'I-PU')
SET IDENTITY_INSERT [Sales].[DocumentTypeRelation] OFF
SET IDENTITY_INSERT [Sales].[DocumentStatus] ON
INSERT INTO [Sales].[DocumentStatus] ([Id], [Code], [Label], [IsDeleted], [TransactionUserId], [Deleted_Token]) VALUES (1, N'Provisoire', N'Provisoire', 0, 0, NULL)
INSERT INTO [Sales].[DocumentStatus] ([Id], [Code], [Label], [IsDeleted], [TransactionUserId], [Deleted_Token]) VALUES (2, N'Validé', N'Validé', 0, 0, NULL)
INSERT INTO [Sales].[DocumentStatus] ([Id], [Code], [Label], [IsDeleted], [TransactionUserId], [Deleted_Token]) VALUES (3, N'Soldé', N'Soldé', 0, 0, NULL)
SET IDENTITY_INSERT [Sales].[DocumentStatus] OFF
SET IDENTITY_INSERT [Sales].[PurchaseSettings] ON
INSERT INTO [Sales].[PurchaseSettings] ([Id], [PurchaseOtherTaxes], [IsDeleted], [TransactionUserId], [Deleted_Token]) VALUES (2, 0, 0, 0, NULL)
SET IDENTITY_INSERT [Sales].[PurchaseSettings] OFF
INSERT INTO [Inventory].[StockDocumentType] ([CodeType], [Type], [StockOperation], [Description], [IsDeleted], [TransactionUserId], [Deleted_Token]) VALUES (N'I', N'I', N'IN', N'Inventory', 0, 0, NULL)
INSERT INTO [Inventory].[StockDocumentType] ([CodeType], [Type], [StockOperation], [Description], [IsDeleted], [TransactionUserId], [Deleted_Token]) VALUES (N'IM', N'IM', N'I', N'Input Movement', 0, 0, NULL)
INSERT INTO [Inventory].[StockDocumentType] ([CodeType], [Type], [StockOperation], [Description], [IsDeleted], [TransactionUserId], [Deleted_Token]) VALUES (N'OM', N'OM', N'O', N'Output Movement', 0, 0, NULL)
INSERT INTO [Inventory].[StockDocumentType] ([CodeType], [Type], [StockOperation], [Description], [IsDeleted], [TransactionUserId], [Deleted_Token]) VALUES (N'TM', N'TM', N'T', N'Transfer Movement', 0, 0, NULL)
ALTER TABLE [Sales].[PurchaseSettings]
    ADD CONSTRAINT [FK_PurchaseSetting_Company] FOREIGN KEY ([Id]) REFERENCES [Shared].[Company] ([Id])
ALTER TABLE [Sales].[DocumentTypeRelation]
    ADD CONSTRAINT [FK_DocumentTypeRelation_DocumentTypeRelation] FOREIGN KEY ([CodeDocumentType]) REFERENCES [Sales].[DocumentType] ([CodeType])
ALTER TABLE [Sales].[DocumentTypeRelation]
    ADD CONSTRAINT [FK_DocumentTypeRelation_DocumentType] FOREIGN KEY ([CodeDocumentTypeAssociated]) REFERENCES [Sales].[DocumentType] ([CodeType])
ALTER TABLE [Sales].[DocumentType]
    ADD CONSTRAINT [FK_DocumentType_DocumentType] FOREIGN KEY ([DefaultCodeDocumentTypeAssociated]) REFERENCES [Sales].[DocumentType] ([CodeType])
ALTER TABLE [Sales].[SaleSettings]
    ADD CONSTRAINT [FK_SaleSetting_Company] FOREIGN KEY ([Id]) REFERENCES [Shared].[Company] ([Id])
ALTER TABLE [Payment].[PaymentMethod]
    ADD CONSTRAINT [FK_PayementMethod_PayementType] FOREIGN KEY ([IdPaymentType]) REFERENCES [Payment].[PaymentType] ([Id])
COMMIT TRANSACTION
----- DetailsSettlementMode + SettlementType + SettlementMode + TypeTiers + TaxeType + MeasureUnit
BEGIN TRANSACTION
ALTER TABLE [Sales].[DetailsSettlementMode] DROP CONSTRAINT [FK_DetailsSettlementMode_SettlementType]
ALTER TABLE [Sales].[DetailsSettlementMode] DROP CONSTRAINT [FK_DetailsSettlementMode_PaymentMethod]
ALTER TABLE [Sales].[DetailsSettlementMode] DROP CONSTRAINT [FK_DetailsSettlementMode_SettlementMode]
SET IDENTITY_INSERT [Stock].[MeasureUnit] ON
INSERT INTO [Stock].[MeasureUnit] ([Id], [MeasureUnitCode], [Label], [Description], [IsDeleted], [TransactionUserId], [Deleted_Token]) VALUES (4, N'PCE', N'Pièce', N'Unité de mesure des pièces.', 1, 0, N'cf8cac77-3eb3-4bdf-8df3-983e598a2bc5')
INSERT INTO [Stock].[MeasureUnit] ([Id], [MeasureUnitCode], [Label], [Description], [IsDeleted], [TransactionUserId], [Deleted_Token]) VALUES (5, N'Ma', N'Mètre', N'Mètre', 0, 0, NULL)
INSERT INTO [Stock].[MeasureUnit] ([Id], [MeasureUnitCode], [Label], [Description], [IsDeleted], [TransactionUserId], [Deleted_Token]) VALUES (6, N'Kg', N'Kilogramme', N'Kilogramme', 0, 0, NULL)
INSERT INTO [Stock].[MeasureUnit] ([Id], [MeasureUnitCode], [Label], [Description], [IsDeleted], [TransactionUserId], [Deleted_Token]) VALUES (7, N'JH', N'Jour/Homme', N'Jour/Homme', 0, 0, NULL)
INSERT INTO [Stock].[MeasureUnit] ([Id], [MeasureUnitCode], [Label], [Description], [IsDeleted], [TransactionUserId], [Deleted_Token]) VALUES (8, N'PCE', N'Pièce', NULL, 0, 0, NULL)
SET IDENTITY_INSERT [Stock].[MeasureUnit] OFF
SET IDENTITY_INSERT [Sales].[SettlementMode] ON
INSERT INTO [Sales].[SettlementMode] ([Id], [Code], [Label], [IsDeleted], [TransactionUserId], [Deleted_Token]) VALUES (1, N'VirImmediat', N'VirImmediat', 0, NULL, NULL)
INSERT INTO [Sales].[SettlementMode] ([Id], [Code], [Label], [IsDeleted], [TransactionUserId], [Deleted_Token]) VALUES (2, N'EspImmediat', N'EspImmediat', 0, NULL, NULL)
INSERT INTO [Sales].[SettlementMode] ([Id], [Code], [Label], [IsDeleted], [TransactionUserId], [Deleted_Token]) VALUES (3, N'CB', N'CB', 0, NULL, NULL)
INSERT INTO [Sales].[SettlementMode] ([Id], [Code], [Label], [IsDeleted], [TransactionUserId], [Deleted_Token]) VALUES (4, N'PrelevementImmediat', N'PrelevementImmediat', 0, NULL, NULL)
INSERT INTO [Sales].[SettlementMode] ([Id], [Code], [Label], [IsDeleted], [TransactionUserId], [Deleted_Token]) VALUES (5, N'45JrsFinMois', N'45JrsFinMois', 0, NULL, NULL)
INSERT INTO [Sales].[SettlementMode] ([Id], [Code], [Label], [IsDeleted], [TransactionUserId], [Deleted_Token]) VALUES (6, N'45JrsNet', N'45JrsNet', 0, NULL, NULL)
INSERT INTO [Sales].[SettlementMode] ([Id], [Code], [Label], [IsDeleted], [TransactionUserId], [Deleted_Token]) VALUES (7, N'30JrsFinDuMois', N'30JrsFinDuMois', 0, NULL, NULL)
INSERT INTO [Sales].[SettlementMode] ([Id], [Code], [Label], [IsDeleted], [TransactionUserId], [Deleted_Token]) VALUES (8, N'30JrsNet', N'30JrsNet', 0, NULL, NULL)
INSERT INTO [Sales].[SettlementMode] ([Id], [Code], [Label], [IsDeleted], [TransactionUserId], [Deleted_Token]) VALUES (9, N'60JrsFinDuMois', N'60JrsFinDuMois', 0, NULL, NULL)
INSERT INTO [Sales].[SettlementMode] ([Id], [Code], [Label], [IsDeleted], [TransactionUserId], [Deleted_Token]) VALUES (10, N'60JrsNet', N'60JrsNet', 0, NULL, NULL)
INSERT INTO [Sales].[SettlementMode] ([Id], [Code], [Label], [IsDeleted], [TransactionUserId], [Deleted_Token]) VALUES (11, N'6JrsFinDuMois', N'6JrsFinDuMois', 0, NULL, NULL)
INSERT INTO [Sales].[SettlementMode] ([Id], [Code], [Label], [IsDeleted], [TransactionUserId], [Deleted_Token]) VALUES (12, N'15JrsFinDuMois', N'15JrsFinDuMois', 0, NULL, NULL)
INSERT INTO [Sales].[SettlementMode] ([Id], [Code], [Label], [IsDeleted], [TransactionUserId], [Deleted_Token]) VALUES (13, N'6JrsNet', N'6JrsNet', 0, NULL, NULL)
INSERT INTO [Sales].[SettlementMode] ([Id], [Code], [Label], [IsDeleted], [TransactionUserId], [Deleted_Token]) VALUES (14, N'15JrsNet', N'15JrsNet', 0, NULL, NULL)
SET IDENTITY_INSERT [Sales].[SettlementMode] OFF
SET IDENTITY_INSERT [Sales].[DetailsSettlementMode] ON
INSERT INTO [Sales].[DetailsSettlementMode] ([Id], [IdSettlementMode], [IdSettlementType], [IdPaymentMethod], [Percentage], [NumberDays], [SettlementDay], [IsDeleted], [TransactionUserId], [Deleted_Token], [CompletePrinting]) VALUES (1, 1, 2, 2, 100, NULL, NULL, 0, NULL, NULL, N'
Payment by Transfer on receipt of the invoice. ')
INSERT INTO [Sales].[DetailsSettlementMode] ([Id], [IdSettlementMode], [IdSettlementType], [IdPaymentMethod], [Percentage], [NumberDays], [SettlementDay], [IsDeleted], [TransactionUserId], [Deleted_Token], [CompletePrinting]) VALUES (2, 2, 2, 3, 100, NULL, NULL, 0, NULL, NULL, N'Payment by Cash on receipt of the invoice. ')
INSERT INTO [Sales].[DetailsSettlementMode] ([Id], [IdSettlementMode], [IdSettlementType], [IdPaymentMethod], [Percentage], [NumberDays], [SettlementDay], [IsDeleted], [TransactionUserId], [Deleted_Token], [CompletePrinting]) VALUES (3, 3, 2, 8, 100, NULL, NULL, 0, NULL, NULL, N'Payment by Credit card on receipt of the invoice. ')
INSERT INTO [Sales].[DetailsSettlementMode] ([Id], [IdSettlementMode], [IdSettlementType], [IdPaymentMethod], [Percentage], [NumberDays], [SettlementDay], [IsDeleted], [TransactionUserId], [Deleted_Token], [CompletePrinting]) VALUES (4, 4, 2, 10, 100, NULL, NULL, 0, NULL, NULL, N'
Payment by Debit on receipt of the invoice. ')
INSERT INTO [Sales].[DetailsSettlementMode] ([Id], [IdSettlementMode], [IdSettlementType], [IdPaymentMethod], [Percentage], [NumberDays], [SettlementDay], [IsDeleted], [TransactionUserId], [Deleted_Token], [CompletePrinting]) VALUES (5, 5, 3, 2, 100, 45, NULL, 0, NULL, NULL, N'45 working days after the end of the month stated on the invoice')
INSERT INTO [Sales].[DetailsSettlementMode] ([Id], [IdSettlementMode], [IdSettlementType], [IdPaymentMethod], [Percentage], [NumberDays], [SettlementDay], [IsDeleted], [TransactionUserId], [Deleted_Token], [CompletePrinting]) VALUES (6, 6, 5, 2, 100, 45, NULL, 0, NULL, NULL, N'45 working days from receipt of the invoice')
INSERT INTO [Sales].[DetailsSettlementMode] ([Id], [IdSettlementMode], [IdSettlementType], [IdPaymentMethod], [Percentage], [NumberDays], [SettlementDay], [IsDeleted], [TransactionUserId], [Deleted_Token], [CompletePrinting]) VALUES (7, 7, 3, 2, 100, 30, NULL, 0, NULL, NULL, N'30 working days after the end of the month stated on the invoice')
INSERT INTO [Sales].[DetailsSettlementMode] ([Id], [IdSettlementMode], [IdSettlementType], [IdPaymentMethod], [Percentage], [NumberDays], [SettlementDay], [IsDeleted], [TransactionUserId], [Deleted_Token], [CompletePrinting]) VALUES (8, 8, 5, 2, 100, 30, NULL, 0, NULL, NULL, N'30 working days from receipt of the invoice')
INSERT INTO [Sales].[DetailsSettlementMode] ([Id], [IdSettlementMode], [IdSettlementType], [IdPaymentMethod], [Percentage], [NumberDays], [SettlementDay], [IsDeleted], [TransactionUserId], [Deleted_Token], [CompletePrinting]) VALUES (9, 9, 3, 2, 100, 60, NULL, 0, NULL, NULL, N'60 working days after the end of the month stated on the invoice')
INSERT INTO [Sales].[DetailsSettlementMode] ([Id], [IdSettlementMode], [IdSettlementType], [IdPaymentMethod], [Percentage], [NumberDays], [SettlementDay], [IsDeleted], [TransactionUserId], [Deleted_Token], [CompletePrinting]) VALUES (10, 10, 5, 2, 100, 60, NULL, 0, NULL, NULL, N'60 working days from receipt of the invoice')
INSERT INTO [Sales].[DetailsSettlementMode] ([Id], [IdSettlementMode], [IdSettlementType], [IdPaymentMethod], [Percentage], [NumberDays], [SettlementDay], [IsDeleted], [TransactionUserId], [Deleted_Token], [CompletePrinting]) VALUES (11, 11, 3, 2, 100, 6, NULL, 0, NULL, NULL, N'6 working days after the end of the month stated on the invoice')
INSERT INTO [Sales].[DetailsSettlementMode] ([Id], [IdSettlementMode], [IdSettlementType], [IdPaymentMethod], [Percentage], [NumberDays], [SettlementDay], [IsDeleted], [TransactionUserId], [Deleted_Token], [CompletePrinting]) VALUES (12, 12, 3, 2, 100, 15, NULL, 0, NULL, NULL, N'15 working days after the end of the month stated on the invoice')
INSERT INTO [Sales].[DetailsSettlementMode] ([Id], [IdSettlementMode], [IdSettlementType], [IdPaymentMethod], [Percentage], [NumberDays], [SettlementDay], [IsDeleted], [TransactionUserId], [Deleted_Token], [CompletePrinting]) VALUES (13, 13, 5, 2, 100, 6, NULL, 0, NULL, NULL, N'6 working days from receipt of the invoice')
INSERT INTO [Sales].[DetailsSettlementMode] ([Id], [IdSettlementMode], [IdSettlementType], [IdPaymentMethod], [Percentage], [NumberDays], [SettlementDay], [IsDeleted], [TransactionUserId], [Deleted_Token], [CompletePrinting]) VALUES (14, 14, 5, 2, 100, 15, NULL, 0, NULL, NULL, N'15 working days from receipt of the invoice')
SET IDENTITY_INSERT [Sales].[DetailsSettlementMode] OFF
SET IDENTITY_INSERT [Sales].[TypeTiers] ON
INSERT INTO [Sales].[TypeTiers] ([Id], [Label], [Description], [IsDeleted], [TransactionUserId], [Deleted_Token]) VALUES (1, N'Client', N'client', 0, 0, NULL)
INSERT INTO [Sales].[TypeTiers] ([Id], [Label], [Description], [IsDeleted], [TransactionUserId], [Deleted_Token]) VALUES (2, N'Fournisseur', N'fournisseur', 0, 0, NULL)
INSERT INTO [Sales].[TypeTiers] ([Id], [Label], [Description], [IsDeleted], [TransactionUserId], [Deleted_Token]) VALUES (3, N'Tier', N'Tier', 0, 0, NULL)
SET IDENTITY_INSERT [Sales].[TypeTiers] OFF
SET IDENTITY_INSERT [Sales].[SettlementType] ON
INSERT INTO [Sales].[SettlementType] ([Id], [Code], [Label], [IsDeleted], [TransactionUserId], [Deleted_Token]) VALUES (2, N'Comptant', N'Comptant', 0, NULL, NULL)
INSERT INTO [Sales].[SettlementType] ([Id], [Code], [Label], [IsDeleted], [TransactionUserId], [Deleted_Token]) VALUES (3, N'Fin de mois', N'Fin de mois', 0, NULL, NULL)
INSERT INTO [Sales].[SettlementType] ([Id], [Code], [Label], [IsDeleted], [TransactionUserId], [Deleted_Token]) VALUES (4, N'Fin de mois le', N'Fin de mois le', 0, NULL, NULL)
INSERT INTO [Sales].[SettlementType] ([Id], [Code], [Label], [IsDeleted], [TransactionUserId], [Deleted_Token]) VALUES (5, N'Net', N'Net', 0, NULL, NULL)
INSERT INTO [Sales].[SettlementType] ([Id], [Code], [Label], [IsDeleted], [TransactionUserId], [Deleted_Token]) VALUES (6, N'Net le', N'Net le', 0, NULL, NULL)
SET IDENTITY_INSERT [Sales].[SettlementType] OFF
SET IDENTITY_INSERT [Shared].[TaxeType] ON
INSERT INTO [Shared].[TaxeType] ([Id], [TaxeTypeCode], [Description], [IdTaxeTypeCalculation], [IsDeleted], [TransactionUserId], [Deleted_Token]) VALUES (1, N'TVA', N'TVA', 0, 0, 0, NULL)
SET IDENTITY_INSERT [Shared].[TaxeType] OFF
ALTER TABLE [Sales].[DetailsSettlementMode]
    ADD CONSTRAINT [FK_DetailsSettlementMode_SettlementType] FOREIGN KEY ([IdSettlementType]) REFERENCES [Sales].[SettlementType] ([Id]) ON DELETE SET NULL
ALTER TABLE [Sales].[DetailsSettlementMode]
    ADD CONSTRAINT [FK_DetailsSettlementMode_PaymentMethod] FOREIGN KEY ([IdPaymentMethod]) REFERENCES [Payment].[PaymentMethod] ([Id]) ON DELETE SET NULL
ALTER TABLE [Sales].[DetailsSettlementMode]
    ADD CONSTRAINT [FK_DetailsSettlementMode_SettlementMode] FOREIGN KEY ([IdSettlementMode]) REFERENCES [Sales].[SettlementMode] ([Id]) ON DELETE SET NULL
COMMIT TRANSACTION
----- taxe + taxegrouptiers + taxegrouptiersconfig
BEGIN TRANSACTION
ALTER TABLE [Sales].[TaxeGroupTiersConfig] DROP CONSTRAINT [FK_TaxeTiersConfig_TaxeGroupTiers]
ALTER TABLE [Sales].[TaxeGroupTiersConfig] DROP CONSTRAINT [FK_TaxeTiersConfig_Taxe]
ALTER TABLE [Shared].[Taxe] DROP CONSTRAINT [FK_Taxe_TaxeType]
SET IDENTITY_INSERT [Shared].[Taxe] ON
INSERT INTO [Shared].[Taxe] ([Id], [Label], [CodeTaxe], [TaxeValue], [IdTaxeType], [IsDeleted], [TransactionUserId], [Deleted_Token]) VALUES (1, N'TVA0', N'TVA0', 0, 1, 0, 0, NULL)
INSERT INTO [Shared].[Taxe] ([Id], [Label], [CodeTaxe], [TaxeValue], [IdTaxeType], [IsDeleted], [TransactionUserId], [Deleted_Token]) VALUES (2, N'TVA20', N'TVA20', 20, 1, 0, 0, NULL)
INSERT INTO [Shared].[Taxe] ([Id], [Label], [CodeTaxe], [TaxeValue], [IdTaxeType], [IsDeleted], [TransactionUserId], [Deleted_Token]) VALUES (3, N'TVA5', N'TVA5', 5, 1, 0, 0, NULL)
SET IDENTITY_INSERT [Shared].[Taxe] OFF
SET IDENTITY_INSERT [Sales].[TaxeGroupTiersConfig] ON
INSERT INTO [Sales].[TaxeGroupTiersConfig] ([Id], [IdTaxeGroupTiers], [IdTaxe], [Value], [TransactionUserId], [IsDeleted], [TaxeTiersConfig_int_1], [TaxeTiersConfig_int_2], [TaxeTiersConfig_int_3], [TaxeTiersConfig_int_4], [TaxeTiersConfig_int_5], [TaxeTiersConfig_int_6], [TaxeTiersConfig_int_7], [TaxeTiersConfig_int_8], [TaxeTiersConfig_int_9], [TaxeTiersConfig_int_10], [TaxeTiersConfig_bit_1], [TaxeTiersConfig_bit_2], [TaxeTiersConfig_bit_3], [TaxeTiersConfig_bit_4], [TaxeTiersConfig_bit_5], [TaxeTiersConfig_bit_6], [TaxeTiersConfig_bit_7], [TaxeTiersConfig_bit_8], [TaxeTiersConfig_bit_9], [TaxeTiersConfig_bit_10], [TaxeTiersConfig_float_1], [TaxeTiersConfig_float_2], [TaxeTiersConfig_float_3], [TaxeTiersConfig_float_4], [TaxeTiersConfig_float_5], [TaxeTiersConfig_float_6], [TaxeTiersConfig_float_7], [TaxeTiersConfig_float_8], [TaxeTiersConfig_float_9], [TaxeTiersConfig_float_10], [TaxeTiersConfig_varchar_1], [TaxeTiersConfig_varchar_2], [TaxeTiersConfig_varchar_3], [TaxeTiersConfig_varchar_4], [TaxeTiersConfig_varchar_5], [TaxeTiersConfig_varchar_6], [TaxeTiersConfig_varchar_7], [TaxeTiersConfig_varchar_8], [TaxeTiersConfig_varchar_9], [TaxeTiersConfig_varchar_10], [TaxeTiersConfig_date_1], [TaxeTiersConfig_date_2], [TaxeTiersConfig_date_3], [TaxeTiersConfig_date_4], [TaxeTiersConfig_date_5], [TaxeTiersConfig_date_6], [TaxeTiersConfig_date_7], [TaxeTiersConfig_date_8], [TaxeTiersConfig_date_9], [TaxeTiersConfig_date_10], [Deleted_Token]) VALUES (1, 1, 1, 0, 0, 0, NULL, NULL, NULL, NULL, NULL, NULL, NULL, NULL, NULL, NULL, NULL, NULL, NULL, NULL, NULL, NULL, NULL, NULL, NULL, NULL, NULL, NULL, NULL, NULL, NULL, NULL, NULL, NULL, NULL, NULL, NULL, NULL, NULL, NULL, NULL, NULL, NULL, NULL, NULL, NULL, NULL, NULL, NULL, NULL, NULL, NULL, NULL, NULL, NULL, NULL, NULL)
INSERT INTO [Sales].[TaxeGroupTiersConfig] ([Id], [IdTaxeGroupTiers], [IdTaxe], [Value], [TransactionUserId], [IsDeleted], [TaxeTiersConfig_int_1], [TaxeTiersConfig_int_2], [TaxeTiersConfig_int_3], [TaxeTiersConfig_int_4], [TaxeTiersConfig_int_5], [TaxeTiersConfig_int_6], [TaxeTiersConfig_int_7], [TaxeTiersConfig_int_8], [TaxeTiersConfig_int_9], [TaxeTiersConfig_int_10], [TaxeTiersConfig_bit_1], [TaxeTiersConfig_bit_2], [TaxeTiersConfig_bit_3], [TaxeTiersConfig_bit_4], [TaxeTiersConfig_bit_5], [TaxeTiersConfig_bit_6], [TaxeTiersConfig_bit_7], [TaxeTiersConfig_bit_8], [TaxeTiersConfig_bit_9], [TaxeTiersConfig_bit_10], [TaxeTiersConfig_float_1], [TaxeTiersConfig_float_2], [TaxeTiersConfig_float_3], [TaxeTiersConfig_float_4], [TaxeTiersConfig_float_5], [TaxeTiersConfig_float_6], [TaxeTiersConfig_float_7], [TaxeTiersConfig_float_8], [TaxeTiersConfig_float_9], [TaxeTiersConfig_float_10], [TaxeTiersConfig_varchar_1], [TaxeTiersConfig_varchar_2], [TaxeTiersConfig_varchar_3], [TaxeTiersConfig_varchar_4], [TaxeTiersConfig_varchar_5], [TaxeTiersConfig_varchar_6], [TaxeTiersConfig_varchar_7], [TaxeTiersConfig_varchar_8], [TaxeTiersConfig_varchar_9], [TaxeTiersConfig_varchar_10], [TaxeTiersConfig_date_1], [TaxeTiersConfig_date_2], [TaxeTiersConfig_date_3], [TaxeTiersConfig_date_4], [TaxeTiersConfig_date_5], [TaxeTiersConfig_date_6], [TaxeTiersConfig_date_7], [TaxeTiersConfig_date_8], [TaxeTiersConfig_date_9], [TaxeTiersConfig_date_10], [Deleted_Token]) VALUES (2, 1, 2, 0, 0, 0, NULL, NULL, NULL, NULL, NULL, NULL, NULL, NULL, NULL, NULL, NULL, NULL, NULL, NULL, NULL, NULL, NULL, NULL, NULL, NULL, NULL, NULL, NULL, NULL, NULL, NULL, NULL, NULL, NULL, NULL, NULL, NULL, NULL, NULL, NULL, NULL, NULL, NULL, NULL, NULL, NULL, NULL, NULL, NULL, NULL, NULL, NULL, NULL, NULL, NULL, NULL)
INSERT INTO [Sales].[TaxeGroupTiersConfig] ([Id], [IdTaxeGroupTiers], [IdTaxe], [Value], [TransactionUserId], [IsDeleted], [TaxeTiersConfig_int_1], [TaxeTiersConfig_int_2], [TaxeTiersConfig_int_3], [TaxeTiersConfig_int_4], [TaxeTiersConfig_int_5], [TaxeTiersConfig_int_6], [TaxeTiersConfig_int_7], [TaxeTiersConfig_int_8], [TaxeTiersConfig_int_9], [TaxeTiersConfig_int_10], [TaxeTiersConfig_bit_1], [TaxeTiersConfig_bit_2], [TaxeTiersConfig_bit_3], [TaxeTiersConfig_bit_4], [TaxeTiersConfig_bit_5], [TaxeTiersConfig_bit_6], [TaxeTiersConfig_bit_7], [TaxeTiersConfig_bit_8], [TaxeTiersConfig_bit_9], [TaxeTiersConfig_bit_10], [TaxeTiersConfig_float_1], [TaxeTiersConfig_float_2], [TaxeTiersConfig_float_3], [TaxeTiersConfig_float_4], [TaxeTiersConfig_float_5], [TaxeTiersConfig_float_6], [TaxeTiersConfig_float_7], [TaxeTiersConfig_float_8], [TaxeTiersConfig_float_9], [TaxeTiersConfig_float_10], [TaxeTiersConfig_varchar_1], [TaxeTiersConfig_varchar_2], [TaxeTiersConfig_varchar_3], [TaxeTiersConfig_varchar_4], [TaxeTiersConfig_varchar_5], [TaxeTiersConfig_varchar_6], [TaxeTiersConfig_varchar_7], [TaxeTiersConfig_varchar_8], [TaxeTiersConfig_varchar_9], [TaxeTiersConfig_varchar_10], [TaxeTiersConfig_date_1], [TaxeTiersConfig_date_2], [TaxeTiersConfig_date_3], [TaxeTiersConfig_date_4], [TaxeTiersConfig_date_5], [TaxeTiersConfig_date_6], [TaxeTiersConfig_date_7], [TaxeTiersConfig_date_8], [TaxeTiersConfig_date_9], [TaxeTiersConfig_date_10], [Deleted_Token]) VALUES (3, 1, 3, 0, 0, 0, NULL, NULL, NULL, NULL, NULL, NULL, NULL, NULL, NULL, NULL, NULL, NULL, NULL, NULL, NULL, NULL, NULL, NULL, NULL, NULL, NULL, NULL, NULL, NULL, NULL, NULL, NULL, NULL, NULL, NULL, NULL, NULL, NULL, NULL, NULL, NULL, NULL, NULL, NULL, NULL, NULL, NULL, NULL, NULL, NULL, NULL, NULL, NULL, NULL, NULL, NULL)
INSERT INTO [Sales].[TaxeGroupTiersConfig] ([Id], [IdTaxeGroupTiers], [IdTaxe], [Value], [TransactionUserId], [IsDeleted], [TaxeTiersConfig_int_1], [TaxeTiersConfig_int_2], [TaxeTiersConfig_int_3], [TaxeTiersConfig_int_4], [TaxeTiersConfig_int_5], [TaxeTiersConfig_int_6], [TaxeTiersConfig_int_7], [TaxeTiersConfig_int_8], [TaxeTiersConfig_int_9], [TaxeTiersConfig_int_10], [TaxeTiersConfig_bit_1], [TaxeTiersConfig_bit_2], [TaxeTiersConfig_bit_3], [TaxeTiersConfig_bit_4], [TaxeTiersConfig_bit_5], [TaxeTiersConfig_bit_6], [TaxeTiersConfig_bit_7], [TaxeTiersConfig_bit_8], [TaxeTiersConfig_bit_9], [TaxeTiersConfig_bit_10], [TaxeTiersConfig_float_1], [TaxeTiersConfig_float_2], [TaxeTiersConfig_float_3], [TaxeTiersConfig_float_4], [TaxeTiersConfig_float_5], [TaxeTiersConfig_float_6], [TaxeTiersConfig_float_7], [TaxeTiersConfig_float_8], [TaxeTiersConfig_float_9], [TaxeTiersConfig_float_10], [TaxeTiersConfig_varchar_1], [TaxeTiersConfig_varchar_2], [TaxeTiersConfig_varchar_3], [TaxeTiersConfig_varchar_4], [TaxeTiersConfig_varchar_5], [TaxeTiersConfig_varchar_6], [TaxeTiersConfig_varchar_7], [TaxeTiersConfig_varchar_8], [TaxeTiersConfig_varchar_9], [TaxeTiersConfig_varchar_10], [TaxeTiersConfig_date_1], [TaxeTiersConfig_date_2], [TaxeTiersConfig_date_3], [TaxeTiersConfig_date_4], [TaxeTiersConfig_date_5], [TaxeTiersConfig_date_6], [TaxeTiersConfig_date_7], [TaxeTiersConfig_date_8], [TaxeTiersConfig_date_9], [TaxeTiersConfig_date_10], [Deleted_Token]) VALUES (4, 2, 1, 0, 0, 0, NULL, NULL, NULL, NULL, NULL, NULL, NULL, NULL, NULL, NULL, NULL, NULL, NULL, NULL, NULL, NULL, NULL, NULL, NULL, NULL, NULL, NULL, NULL, NULL, NULL, NULL, NULL, NULL, NULL, NULL, NULL, NULL, NULL, NULL, NULL, NULL, NULL, NULL, NULL, NULL, NULL, NULL, NULL, NULL, NULL, NULL, NULL, NULL, NULL, NULL, NULL)
INSERT INTO [Sales].[TaxeGroupTiersConfig] ([Id], [IdTaxeGroupTiers], [IdTaxe], [Value], [TransactionUserId], [IsDeleted], [TaxeTiersConfig_int_1], [TaxeTiersConfig_int_2], [TaxeTiersConfig_int_3], [TaxeTiersConfig_int_4], [TaxeTiersConfig_int_5], [TaxeTiersConfig_int_6], [TaxeTiersConfig_int_7], [TaxeTiersConfig_int_8], [TaxeTiersConfig_int_9], [TaxeTiersConfig_int_10], [TaxeTiersConfig_bit_1], [TaxeTiersConfig_bit_2], [TaxeTiersConfig_bit_3], [TaxeTiersConfig_bit_4], [TaxeTiersConfig_bit_5], [TaxeTiersConfig_bit_6], [TaxeTiersConfig_bit_7], [TaxeTiersConfig_bit_8], [TaxeTiersConfig_bit_9], [TaxeTiersConfig_bit_10], [TaxeTiersConfig_float_1], [TaxeTiersConfig_float_2], [TaxeTiersConfig_float_3], [TaxeTiersConfig_float_4], [TaxeTiersConfig_float_5], [TaxeTiersConfig_float_6], [TaxeTiersConfig_float_7], [TaxeTiersConfig_float_8], [TaxeTiersConfig_float_9], [TaxeTiersConfig_float_10], [TaxeTiersConfig_varchar_1], [TaxeTiersConfig_varchar_2], [TaxeTiersConfig_varchar_3], [TaxeTiersConfig_varchar_4], [TaxeTiersConfig_varchar_5], [TaxeTiersConfig_varchar_6], [TaxeTiersConfig_varchar_7], [TaxeTiersConfig_varchar_8], [TaxeTiersConfig_varchar_9], [TaxeTiersConfig_varchar_10], [TaxeTiersConfig_date_1], [TaxeTiersConfig_date_2], [TaxeTiersConfig_date_3], [TaxeTiersConfig_date_4], [TaxeTiersConfig_date_5], [TaxeTiersConfig_date_6], [TaxeTiersConfig_date_7], [TaxeTiersConfig_date_8], [TaxeTiersConfig_date_9], [TaxeTiersConfig_date_10], [Deleted_Token]) VALUES (5, 2, 2, 20, 0, 0, NULL, NULL, NULL, NULL, NULL, NULL, NULL, NULL, NULL, NULL, NULL, NULL, NULL, NULL, NULL, NULL, NULL, NULL, NULL, NULL, NULL, NULL, NULL, NULL, NULL, NULL, NULL, NULL, NULL, NULL, NULL, NULL, NULL, NULL, NULL, NULL, NULL, NULL, NULL, NULL, NULL, NULL, NULL, NULL, NULL, NULL, NULL, NULL, NULL, NULL, NULL)
INSERT INTO [Sales].[TaxeGroupTiersConfig] ([Id], [IdTaxeGroupTiers], [IdTaxe], [Value], [TransactionUserId], [IsDeleted], [TaxeTiersConfig_int_1], [TaxeTiersConfig_int_2], [TaxeTiersConfig_int_3], [TaxeTiersConfig_int_4], [TaxeTiersConfig_int_5], [TaxeTiersConfig_int_6], [TaxeTiersConfig_int_7], [TaxeTiersConfig_int_8], [TaxeTiersConfig_int_9], [TaxeTiersConfig_int_10], [TaxeTiersConfig_bit_1], [TaxeTiersConfig_bit_2], [TaxeTiersConfig_bit_3], [TaxeTiersConfig_bit_4], [TaxeTiersConfig_bit_5], [TaxeTiersConfig_bit_6], [TaxeTiersConfig_bit_7], [TaxeTiersConfig_bit_8], [TaxeTiersConfig_bit_9], [TaxeTiersConfig_bit_10], [TaxeTiersConfig_float_1], [TaxeTiersConfig_float_2], [TaxeTiersConfig_float_3], [TaxeTiersConfig_float_4], [TaxeTiersConfig_float_5], [TaxeTiersConfig_float_6], [TaxeTiersConfig_float_7], [TaxeTiersConfig_float_8], [TaxeTiersConfig_float_9], [TaxeTiersConfig_float_10], [TaxeTiersConfig_varchar_1], [TaxeTiersConfig_varchar_2], [TaxeTiersConfig_varchar_3], [TaxeTiersConfig_varchar_4], [TaxeTiersConfig_varchar_5], [TaxeTiersConfig_varchar_6], [TaxeTiersConfig_varchar_7], [TaxeTiersConfig_varchar_8], [TaxeTiersConfig_varchar_9], [TaxeTiersConfig_varchar_10], [TaxeTiersConfig_date_1], [TaxeTiersConfig_date_2], [TaxeTiersConfig_date_3], [TaxeTiersConfig_date_4], [TaxeTiersConfig_date_5], [TaxeTiersConfig_date_6], [TaxeTiersConfig_date_7], [TaxeTiersConfig_date_8], [TaxeTiersConfig_date_9], [TaxeTiersConfig_date_10], [Deleted_Token]) VALUES (6, 2, 3, 5, 0, 0, NULL, NULL, NULL, NULL, NULL, NULL, NULL, NULL, NULL, NULL, NULL, NULL, NULL, NULL, NULL, NULL, NULL, NULL, NULL, NULL, NULL, NULL, NULL, NULL, NULL, NULL, NULL, NULL, NULL, NULL, NULL, NULL, NULL, NULL, NULL, NULL, NULL, NULL, NULL, NULL, NULL, NULL, NULL, NULL, NULL, NULL, NULL, NULL, NULL, NULL, NULL)
SET IDENTITY_INSERT [Sales].[TaxeGroupTiersConfig] OFF
SET IDENTITY_INSERT [Sales].[TaxeGroupTiers] ON
INSERT INTO [Sales].[TaxeGroupTiers] ([Id], [Code], [Label], [IsDeleted], [TransactionUserId], [Deleted_Token]) VALUES (1, N'Exonoré', N'Exonoré', 0, 0, NULL)
INSERT INTO [Sales].[TaxeGroupTiers] ([Id], [Code], [Label], [IsDeleted], [TransactionUserId], [Deleted_Token]) VALUES (2, N'NonEx', N'NonExonoré', 0, 0, NULL)
SET IDENTITY_INSERT [Sales].[TaxeGroupTiers] OFF
ALTER TABLE [Sales].[TaxeGroupTiersConfig]
    ADD CONSTRAINT [FK_TaxeTiersConfig_TaxeGroupTiers] FOREIGN KEY ([IdTaxeGroupTiers]) REFERENCES [Sales].[TaxeGroupTiers] ([Id]) ON DELETE CASCADE
ALTER TABLE [Sales].[TaxeGroupTiersConfig]
    ADD CONSTRAINT [FK_TaxeTiersConfig_Taxe] FOREIGN KEY ([IdTaxe]) REFERENCES [Shared].[Taxe] ([Id])
ALTER TABLE [Shared].[Taxe]
    ADD CONSTRAINT [FK_Taxe_TaxeType] FOREIGN KEY ([IdTaxeType]) REFERENCES [Shared].[TaxeType] ([Id])
COMMIT TRANSACTION

----- PayRoll
BEGIN TRANSACTION
ALTER TABLE [Payroll].[CommercialsCustomerContract] DROP CONSTRAINT [FK_CommercialsCustomerContract_Employee]
ALTER TABLE [Payroll].[CommercialsCustomerContract] DROP CONSTRAINT [FK_CommercialsCustomerContract_Prices]
ALTER TABLE [Payroll].[PayslipDetails] DROP CONSTRAINT [FK_PayslipDetails_Payslip]
ALTER TABLE [Payroll].[Payslip] DROP CONSTRAINT [FK_Payslip_Contract]
ALTER TABLE [Payroll].[Payslip] DROP CONSTRAINT [FK_Payslip_Employee]
ALTER TABLE [Payroll].[EmployeeSkills] DROP CONSTRAINT [FK_EmployeeSkills_Employee]
ALTER TABLE [Payroll].[EmployeeSkills] DROP CONSTRAINT [FK_EmployeeSkills_Skills]
ALTER TABLE [Payroll].[SalaryStructure] DROP CONSTRAINT [FK_SalaryStructure_SalaryStructureParent]
ALTER TABLE [Payroll].[Leave] DROP CONSTRAINT [FK_Leave_Employee]
ALTER TABLE [Payroll].[Leave] DROP CONSTRAINT [FK_Leave_LeaveStatus]
ALTER TABLE [Payroll].[Leave] DROP CONSTRAINT [FK_Leave_LeaveType]
ALTER TABLE [Payroll].[Manager] DROP CONSTRAINT [FK_Manager_Team]
ALTER TABLE [Payroll].[Manager] DROP CONSTRAINT [FK_Manager_Employee]
ALTER TABLE [Payroll].[Team] DROP CONSTRAINT [FK_Team_Department]
SET IDENTITY_INSERT [Payroll].[RuleCategory] ON
INSERT INTO [Payroll].[RuleCategory] ([Id], [Label], [IsDeleted], [TransactionUserId], [Deleted_Token]) VALUES (1, N'Patronnal', 0, NULL, NULL)
INSERT INTO [Payroll].[RuleCategory] ([Id], [Label], [IsDeleted], [TransactionUserId], [Deleted_Token]) VALUES (2, N'Salarial', 0, NULL, NULL)
SET IDENTITY_INSERT [Payroll].[RuleCategory] OFF
SET IDENTITY_INSERT [Payroll].[RuleType] ON
INSERT INTO [Payroll].[RuleType] ([Id], [Label], [IsDeleted], [TransactionUserId], [Deleted_Token]) VALUES (1, N'Gain', 0, NULL, NULL)
INSERT INTO [Payroll].[RuleType] ([Id], [Label], [IsDeleted], [TransactionUserId], [Deleted_Token]) VALUES (2, N'Retenue', 0, NULL, NULL)
SET IDENTITY_INSERT [Payroll].[RuleType] OFF
SET IDENTITY_INSERT [Payroll].[TypeIdentityPieces] ON
INSERT INTO [Payroll].[TypeIdentityPieces] ([Id], [Code], [Label], [IsDeleted], [TransactionUserId], [Deleted_Token]) VALUES (2, N'CIN', N'Carte d''identité nationale', 0, 0, NULL)
INSERT INTO [Payroll].[TypeIdentityPieces] ([Id], [Code], [Label], [IsDeleted], [TransactionUserId], [Deleted_Token]) VALUES (3, N'PASSEPORT', N'Passeport', 0, 0, NULL)
INSERT INTO [Payroll].[TypeIdentityPieces] ([Id], [Code], [Label], [IsDeleted], [TransactionUserId], [Deleted_Token]) VALUES (4, N'PERMIS', N'Permis de conduire', 0, 0, NULL)
INSERT INTO [Payroll].[TypeIdentityPieces] ([Id], [Code], [Label], [IsDeleted], [TransactionUserId], [Deleted_Token]) VALUES (5, N'Autre', N'Autre types de pièce d''identité', 0, 0, NULL)
SET IDENTITY_INSERT [Payroll].[TypeIdentityPieces] OFF
SET IDENTITY_INSERT [Payroll].[RuleUniqueReference] ON
INSERT INTO [Payroll].[RuleUniqueReference] ([Id], [Reference], [Type], [IsDeleted], [TransactionUserId], [DeletedToken]) VALUES (10, N'PRESENCE', 3, 0, 0, NULL)
INSERT INTO [Payroll].[RuleUniqueReference] ([Id], [Reference], [Type], [IsDeleted], [TransactionUserId], [DeletedToken]) VALUES (11, N'TRANSPORT', 3, 0, 0, NULL)
INSERT INTO [Payroll].[RuleUniqueReference] ([Id], [Reference], [Type], [IsDeleted], [TransactionUserId], [DeletedToken]) VALUES (12, N'BASE', 2, 0, 0, NULL)
INSERT INTO [Payroll].[RuleUniqueReference] ([Id], [Reference], [Type], [IsDeleted], [TransactionUserId], [DeletedToken]) VALUES (13, N'R_BASE', 1, 0, 0, NULL)
INSERT INTO [Payroll].[RuleUniqueReference] ([Id], [Reference], [Type], [IsDeleted], [TransactionUserId], [DeletedToken]) VALUES (14, N'R_PRESENCE', 1, 0, 0, NULL)
INSERT INTO [Payroll].[RuleUniqueReference] ([Id], [Reference], [Type], [IsDeleted], [TransactionUserId], [DeletedToken]) VALUES (15, N'R_TRANSPORT', 1, 0, 0, NULL)
INSERT INTO [Payroll].[RuleUniqueReference] ([Id], [Reference], [Type], [IsDeleted], [TransactionUserId], [DeletedToken]) VALUES (16, N'R_BRUT', 1, 0, 0, NULL)
INSERT INTO [Payroll].[RuleUniqueReference] ([Id], [Reference], [Type], [IsDeleted], [TransactionUserId], [DeletedToken]) VALUES (17, N'R_CNSS', 1, 0, 0, NULL)
INSERT INTO [Payroll].[RuleUniqueReference] ([Id], [Reference], [Type], [IsDeleted], [TransactionUserId], [DeletedToken]) VALUES (18, N'R_NET', 1, 0, 0, NULL)
INSERT INTO [Payroll].[RuleUniqueReference] ([Id], [Reference], [Type], [IsDeleted], [TransactionUserId], [DeletedToken]) VALUES (19, N'CV_Rsource', 3, 0, 0, NULL)
INSERT INTO [Payroll].[RuleUniqueReference] ([Id], [Reference], [Type], [IsDeleted], [TransactionUserId], [DeletedToken]) VALUES (20, N'R_SOURCE', 1, 0, 0, NULL)
INSERT INTO [Payroll].[RuleUniqueReference] ([Id], [Reference], [Type], [IsDeleted], [TransactionUserId], [DeletedToken]) VALUES (21, N'R_NETAPAYER', 1, 0, 0, NULL)
INSERT INTO [Payroll].[RuleUniqueReference] ([Id], [Reference], [Type], [IsDeleted], [TransactionUserId], [DeletedToken]) VALUES (22, N'CNSS', 4, 0, 0, NULL)
INSERT INTO [Payroll].[RuleUniqueReference] ([Id], [Reference], [Type], [IsDeleted], [TransactionUserId], [DeletedToken]) VALUES (23, N'Essai', 3, 0, 0, NULL)
SET IDENTITY_INSERT [Payroll].[RuleUniqueReference] OFF
SET IDENTITY_INSERT [Payroll].[Applicability] ON
INSERT INTO [Payroll].[Applicability] ([Id], [Label], [IsDeleted], [TransactionUserId], [Deleted_Token]) VALUES (1, N'BASE', 0, NULL, NULL)
INSERT INTO [Payroll].[Applicability] ([Id], [Label], [IsDeleted], [TransactionUserId], [Deleted_Token]) VALUES (2, N'BRUT', 0, NULL, NULL)
INSERT INTO [Payroll].[Applicability] ([Id], [Label], [IsDeleted], [TransactionUserId], [Deleted_Token]) VALUES (3, N'NET FISCAL', 0, NULL, NULL)
SET IDENTITY_INSERT [Payroll].[Applicability] OFF
SET IDENTITY_INSERT [Payroll].[SalaryStructure] ON
INSERT INTO [Payroll].[SalaryStructure] ([Id], [SalaryStructureReference], [Name], [Order], [IsDeleted], [TransactionUserId], [Deleted_Token], [IdParent]) VALUES (1, N'DevJunior', N'Développeur Junior', 1, 0, NULL, NULL, NULL)
SET IDENTITY_INSERT [Payroll].[SalaryStructure] OFF
SET IDENTITY_INSERT [Payroll].[ContractType] ON
INSERT INTO [Payroll].[ContractType] ([Id], [ContractTypeReference], [Label], [Description], [IsDeleted], [TransactionUserId], [Deleted_Token]) VALUES (1, N'TempPlein', N'Temp plein', N'Contrat à temp plein', 0, NULL, NULL)
SET IDENTITY_INSERT [Payroll].[ContractType] OFF
SET IDENTITY_INSERT [Payroll].[QualificationType] ON
INSERT INTO [Payroll].[QualificationType] ([Id], [Code], [Label], [IsDeleted], [TransactionUserId], [Deleted_Token]) VALUES (1, N'Licence', N'Licence', 0, 0, NULL)
INSERT INTO [Payroll].[QualificationType] ([Id], [Code], [Label], [IsDeleted], [TransactionUserId], [Deleted_Token]) VALUES (2, N'Maîtrise', N'Maîtrise', 0, 0, NULL)
INSERT INTO [Payroll].[QualificationType] ([Id], [Code], [Label], [IsDeleted], [TransactionUserId], [Deleted_Token]) VALUES (3, N'Master', N'Master', 0, 0, NULL)
INSERT INTO [Payroll].[QualificationType] ([Id], [Code], [Label], [IsDeleted], [TransactionUserId], [Deleted_Token]) VALUES (4, N'Ingénieur', N'Ingénieur', 0, 0, NULL)
INSERT INTO [Payroll].[QualificationType] ([Id], [Code], [Label], [IsDeleted], [TransactionUserId], [Deleted_Token]) VALUES (5, N'PhD', N'PhD', 0, 0, NULL)
SET IDENTITY_INSERT [Payroll].[QualificationType] OFF
SET IDENTITY_INSERT [Payroll].[ParentType] ON
INSERT INTO [Payroll].[ParentType] ([Id], [Label], [IsDeleted], [TransactionUserId], [Deleted_Token]) VALUES (1, N'Fils', 0, NULL, NULL)
INSERT INTO [Payroll].[ParentType] ([Id], [Label], [IsDeleted], [TransactionUserId], [Deleted_Token]) VALUES (2, N'Fille', 0, NULL, NULL)
INSERT INTO [Payroll].[ParentType] ([Id], [Label], [IsDeleted], [TransactionUserId], [Deleted_Token]) VALUES (3, N'Père', 0, NULL, NULL)
INSERT INTO [Payroll].[ParentType] ([Id], [Label], [IsDeleted], [TransactionUserId], [Deleted_Token]) VALUES (4, N'Mère', 0, NULL, NULL)
INSERT INTO [Payroll].[ParentType] ([Id], [Label], [IsDeleted], [TransactionUserId], [Deleted_Token]) VALUES (5, N'Grand-père', 0, NULL, NULL)
INSERT INTO [Payroll].[ParentType] ([Id], [Label], [IsDeleted], [TransactionUserId], [Deleted_Token]) VALUES (6, N'Grand-mère', 0, NULL, NULL)
INSERT INTO [Payroll].[ParentType] ([Id], [Label], [IsDeleted], [TransactionUserId], [Deleted_Token]) VALUES (7, N'Cousin', 0, NULL, NULL)
INSERT INTO [Payroll].[ParentType] ([Id], [Label], [IsDeleted], [TransactionUserId], [Deleted_Token]) VALUES (8, N'Neuveux', 0, NULL, NULL)
SET IDENTITY_INSERT [Payroll].[ParentType] OFF
SET IDENTITY_INSERT [Payroll].[PlannedPayroll] ON
INSERT INTO [Payroll].[PlannedPayroll] ([Id], [Value], [IsDeleted], [TransactionUserId], [Deleted_Token]) VALUES (1, N'Bi-Hebdomadaire', 0, NULL, NULL)
INSERT INTO [Payroll].[PlannedPayroll] ([Id], [Value], [IsDeleted], [TransactionUserId], [Deleted_Token]) VALUES (2, N'Hebdomadaire', 0, NULL, NULL)
INSERT INTO [Payroll].[PlannedPayroll] ([Id], [Value], [IsDeleted], [TransactionUserId], [Deleted_Token]) VALUES (3, N'Bi-Mensuel', 0, NULL, NULL)
INSERT INTO [Payroll].[PlannedPayroll] ([Id], [Value], [IsDeleted], [TransactionUserId], [Deleted_Token]) VALUES (5, N'Mensuel', 0, NULL, NULL)
INSERT INTO [Payroll].[PlannedPayroll] ([Id], [Value], [IsDeleted], [TransactionUserId], [Deleted_Token]) VALUES (6, N'Trimestriel', 0, NULL, NULL)
INSERT INTO [Payroll].[PlannedPayroll] ([Id], [Value], [IsDeleted], [TransactionUserId], [Deleted_Token]) VALUES (7, N'Semestriel', 0, NULL, NULL)
INSERT INTO [Payroll].[PlannedPayroll] ([Id], [Value], [IsDeleted], [TransactionUserId], [Deleted_Token]) VALUES (8, N'Annuel', 0, NULL, NULL)
SET IDENTITY_INSERT [Payroll].[PlannedPayroll] OFF
SET IDENTITY_INSERT [Payroll].[Job] ON
INSERT INTO [Payroll].[Job] ([Id], [Label], [IsDeleted], [TransactionUserId], [Deleted_Token]) VALUES (1, N'Développeur .NET', 0, NULL, NULL)
INSERT INTO [Payroll].[Job] ([Id], [Label], [IsDeleted], [TransactionUserId], [Deleted_Token]) VALUES (2, N'Ingenieur', 0, 0, NULL)
SET IDENTITY_INSERT [Payroll].[Job] OFF
ALTER TABLE [Payroll].[CommercialsCustomerContract]
    ADD CONSTRAINT [FK_CommercialsCustomerContract_Employee] FOREIGN KEY ([IdEmployee]) REFERENCES [Payroll].[Employee] ([Id])
ALTER TABLE [Payroll].[CommercialsCustomerContract]
    ADD CONSTRAINT [FK_CommercialsCustomerContract_Prices] FOREIGN KEY ([IdPrices]) REFERENCES [Sales].[Prices] ([Id]) ON DELETE CASCADE
ALTER TABLE [Payroll].[PayslipDetails]
    ADD CONSTRAINT [FK_PayslipDetails_Payslip] FOREIGN KEY ([IdPayslip]) REFERENCES [Payroll].[Payslip] ([Id])
ALTER TABLE [Payroll].[Payslip]
    ADD CONSTRAINT [FK_Payslip_Contract] FOREIGN KEY ([IdContract]) REFERENCES [Payroll].[Contract] ([Id])
ALTER TABLE [Payroll].[Payslip]
    ADD CONSTRAINT [FK_Payslip_Employee] FOREIGN KEY ([IdEmployee]) REFERENCES [Payroll].[Employee] ([Id])
ALTER TABLE [Payroll].[EmployeeSkills]
    ADD CONSTRAINT [FK_EmployeeSkills_Employee] FOREIGN KEY ([IdEmployee]) REFERENCES [Payroll].[Employee] ([Id])
ALTER TABLE [Payroll].[EmployeeSkills]
    ADD CONSTRAINT [FK_EmployeeSkills_Skills] FOREIGN KEY ([IdSkills]) REFERENCES [Payroll].[Skills] ([Id])
ALTER TABLE [Payroll].[SalaryStructure]
    ADD CONSTRAINT [FK_SalaryStructure_SalaryStructureParent] FOREIGN KEY ([IdParent]) REFERENCES [Payroll].[SalaryStructure] ([Id])
ALTER TABLE [Payroll].[Leave]
    ADD CONSTRAINT [FK_Leave_Employee] FOREIGN KEY ([IdEmployee]) REFERENCES [Payroll].[Employee] ([Id])
ALTER TABLE [Payroll].[Leave]
    ADD CONSTRAINT [FK_Leave_LeaveStatus] FOREIGN KEY ([IdLeaveStatus]) REFERENCES [Payroll].[LeaveStatus] ([Id])
ALTER TABLE [Payroll].[Leave]
    ADD CONSTRAINT [FK_Leave_LeaveType] FOREIGN KEY ([IdLeaveType]) REFERENCES [Payroll].[LeaveType] ([Id])
ALTER TABLE [Payroll].[Manager]
    ADD CONSTRAINT [FK_Manager_Team] FOREIGN KEY ([IdTeam]) REFERENCES [Payroll].[Team] ([Id])
ALTER TABLE [Payroll].[Manager]
    ADD CONSTRAINT [FK_Manager_Employee] FOREIGN KEY ([IdEmployee]) REFERENCES [Payroll].[Employee] ([Id])
ALTER TABLE [Payroll].[Team]
    ADD CONSTRAINT [FK_Team_Department] FOREIGN KEY ([IdDepartment]) REFERENCES [Payroll].[Department] ([Id])
COMMIT TRANSACTION
----- User + UserRole + Update report name
BEGIN TRANSACTION
ALTER TABLE [ERPSettings].[ReportComponent] DROP CONSTRAINT [FK_ReportViewerComponent_Component]
ALTER TABLE [ERPSettings].[UserRole] DROP CONSTRAINT [FK_UserRole_Role]
ALTER TABLE [ERPSettings].[UserRole] DROP CONSTRAINT [FK_UserRole_User]
SET IDENTITY_INSERT [ERPSettings].[User] ON
INSERT INTO [ERPSettings].[User] ([Id], [FirstName], [LastName], [Login], [Password], [Token], [Phone], [WorkPhone], [MobilePhone], [Email], [Birthday], [Picture], [IsDeleted], [TransactionUserId], [Deleted_Token]) VALUES (1, N'demo', N'demo', N'demo@spark-it.fr', N'9fd3ce560c85f097b2be8784844ad05da15132cfe1f1696e3e220f4a79cde33c9972dbe2aa750775b053ed12c723969f13e880ac66199a02e4d368b38cbdaeb8', N'eyJhbGciOiJIUzI1NiIsInR5cCI6IkpXVCJ9.eyJqdGkiOiI0ZGZiZWYyNi1kYjRkLTQwYWEtODMwOC1mMGYxNTQzNjMwNmUiLCJpYXQiOjE1MTYxMDk1NjQsIm5iZiI6MTUxNjEwOTU2NCwiZXhwIjoxNTE2MTA5ODY0LCJpc3MiOiJEZW1vSXNzdWVyIiwiYXVkIjoiRGVtb0F1ZGllbmNlIn0.jgGgAfcP-arJ6Idl_b4AIDKQkL_yPklL9p5tXitT-EE', NULL, N'5498445646', NULL, N'demo@spark-it.fr', NULL, NULL, 0, 0, NULL)
SET IDENTITY_INSERT [ERPSettings].[User] OFF

INSERT INTO [ERPSettings].[UserRole] ( [IdRole], [IdUser], [TransactionUserId], [IsDeleted], [Deleted_Token]) VALUES ( 1, 1, NULL, 0, NULL)

UPDATE [ERPSettings].[ReportComponent] SET [report]=N'InvoiceSparkItIntLimited.trdp' WHERE [IdComponent]=N'03f8ccc7-5621-43ca-ac30-3835082805e7'
UPDATE [ERPSettings].[ReportComponent] SET [report]=N'InvoiceSparkItIntLimited.trdp' WHERE [IdComponent]=N'156a2f80-bd06-4688-9263-a07c38e66b36'
UPDATE [ERPSettings].[ReportComponent] SET [report]=N'InvoiceSparkItIntLimited.trdp' WHERE [IdComponent]=N'5226e3c0-4c48-4e09-b939-cce78ce7b23e'
UPDATE [ERPSettings].[ReportComponent] SET [report]=N'InvoiceSparkItIntLimited.trdp' WHERE [IdComponent]=N'60431056-5ab6-47ac-84b3-568a56f3e485'
UPDATE [ERPSettings].[ReportComponent] SET [report]=N'InvoiceSparkItIntLimited.trdp' WHERE [IdComponent]=N'70ea30d6-bbc2-499c-bca0-2857ec05a148'
UPDATE [ERPSettings].[ReportComponent] SET [report]=N'InvoiceSparkItIntLimited.trdp' WHERE [IdComponent]=N'97b2feab-7e4f-4ee0-9b59-b40ff9221739'
UPDATE [ERPSettings].[ReportComponent] SET [report]=N'InvoiceSparkItIntLimited.trdp' WHERE [IdComponent]=N'ac80ef4c-02d7-4919-8ff9-b663bac57e39'
UPDATE [ERPSettings].[ReportComponent] SET [report]=N'InvoiceSparkItIntLimited.trdp' WHERE [IdComponent]=N'aed57d82-380f-4e69-a904-a67f17ba39b0'
UPDATE [ERPSettings].[ReportComponent] SET [report]=N'InvoiceSparkItIntLimited.trdp' WHERE [IdComponent]=N'bdd22f08-4630-4f09-8980-ade877c46ce0'
UPDATE [ERPSettings].[ReportComponent] SET [report]=N'InvoiceSparkItIntLimited.trdp' WHERE [IdComponent]=N'd86f6aa9-e999-406d-888b-36c86af49786'
UPDATE [ERPSettings].[ReportComponent] SET [report]=N'InvoiceSparkItIntLimited.trdp' WHERE [IdComponent]=N'edc5067b-619d-4e4f-b44b-07daf2aef8cf'
UPDATE [ERPSettings].[ReportComponent] SET [report]=N'InvoiceSparkItIntLimited.trdp' WHERE [IdComponent]=N'f0e44597-694e-443e-9525-185c48a29146'
UPDATE [ERPSettings].[ReportComponent] SET [report]=N'InvoiceSparkItIntLimited.trdp' WHERE [IdComponent]=N'fa4d54df-f49a-48db-a976-5409025ecded'
UPDATE [ERPSettings].[ReportComponent] SET [report]=N'InvoiceSparkItIntLimited.trdp' WHERE [IdComponent]=N'fe99c74f-9a52-4cfd-af37-20e0a2950c0a'
ALTER TABLE [ERPSettings].[ReportComponent]
    ADD CONSTRAINT [FK_ReportViewerComponent_Component] FOREIGN KEY ([IdComponent]) REFERENCES [ERPSettings].[Component] ([IdComponent])
ALTER TABLE [ERPSettings].[UserRole]
    ADD CONSTRAINT [FK_UserRole_Role] FOREIGN KEY ([IdRole]) REFERENCES [ERPSettings].[Role] ([Id]) ON DELETE CASCADE
ALTER TABLE [ERPSettings].[UserRole]
    ADD CONSTRAINT [FK_UserRole_User] FOREIGN KEY ([IdUser]) REFERENCES [ERPSettings].[User] ([Id]) ON DELETE CASCADE
COMMIT TRANSACTION



