

/*
This script was created by Visual Studio on 09/04/2020 at 15:46.
Run this script on ..emptyDB (SPARKIT\mksentini) to make it the same as 192.168.1.182.SopiqERP (sa).
This script performs its actions in the following order:
1. Disable foreign-key constraints.
2. Perform DELETE commands. 
3. Perform UPDATE commands.
4. Perform INSERT commands.
5. Re-enable foreign-key constraints.
Please back up your target database before running this script.
*/
SET NUMERIC_ROUNDABORT OFF
GO
SET XACT_ABORT, ANSI_PADDING, ANSI_WARNINGS, CONCAT_NULL_YIELDS_NULL, ARITHABORT, QUOTED_IDENTIFIER, ANSI_NULLS ON
GO
/*Pointer used for text / image updates. This might not be needed, but is declared here just in case*/
DECLARE @pv binary(16)
BEGIN TRANSACTION
SET IDENTITY_INSERT [Ecommerce].[JobTable] ON 
INSERT [Ecommerce].[JobTable] ([Id], [LastExecuteDate],[NextExecuteDate]) VALUES (1, 
DATETIMEFROMPARTS (DATEPART(year, GETUTCDATE()),DATEPART(month, GETUTCDATE()),DATEPART(day, GETUTCDATE()),0,0,0,0), 
DATEADD(Day,1,DATETIMEFROMPARTS (DATEPART(year, GETUTCDATE()),DATEPART(month, GETUTCDATE()),DATEPART(day, GETUTCDATE()),0,0,0,0))
)
SET IDENTITY_INSERT [Ecommerce].[JobTable] OFF

ALTER TABLE [Sales].[DetailsSettlementMode] DROP CONSTRAINT [FK_DetailsSettlementMode_SettlementType]
ALTER TABLE [Sales].[DetailsSettlementMode] DROP CONSTRAINT [FK_DetailsSettlementMode_PaymentMethod]
ALTER TABLE [Sales].[DetailsSettlementMode] DROP CONSTRAINT [FK_DetailsSettlementMode_SettlementMode]
ALTER TABLE [Sales].[DocumentTypeRelation] DROP CONSTRAINT [FK_DocumentTypeRelation_DocumentTypeRelation]
ALTER TABLE [Sales].[DocumentTypeRelation] DROP CONSTRAINT [FK_DocumentTypeRelation_DocumentType]
ALTER TABLE [Sales].[DocumentType] DROP CONSTRAINT [FK_DocumentType_DocumentType]
ALTER TABLE [Payment].[PaymentMethod] DROP CONSTRAINT [FK_PayementMethod_PayementType]
ALTER TABLE [Shared].[Company] DROP CONSTRAINT [FK_Company_Country]
ALTER TABLE [Shared].[Company] DROP CONSTRAINT [FK_Company_City]
ALTER TABLE [Shared].[Company] DROP CONSTRAINT [FK_Company_ZipCode]
ALTER TABLE [Shared].[Company] DROP CONSTRAINT [FK_Company_Currency]
ALTER TABLE [Shared].[ZipCode] DROP CONSTRAINT [FK_ZipCode_City]
ALTER TABLE [Shared].[City] DROP CONSTRAINT [FK_City_Country]
ALTER TABLE [Inventory].[Warehouse] DROP CONSTRAINT [FK_Warehouse_Employee]
ALTER TABLE [Inventory].[Warehouse] DROP CONSTRAINT [FK_Warehouse_Warehouse]
ALTER TABLE [Sales].[PurchaseSettings] DROP CONSTRAINT [FK_PurchaseSetting_Company]
ALTER TABLE [Sales].[PurchaseSettings] DROP CONSTRAINT [FK_PurchaseSettings_User]


SET IDENTITY_INSERT [Inventory].[Nature] ON
INSERT INTO [Inventory].[Nature] ([Id], [Code], [Label], [IsStockManaged], [IsDeleted], [TransactionUserId], [Deleted_Token]) VALUES (1, N'Service', N'Service', 0, 0, 0, NULL)
INSERT INTO [Inventory].[Nature] ([Id], [Code], [Label], [IsStockManaged], [IsDeleted], [TransactionUserId], [Deleted_Token]) VALUES (2, N'Produit', N'Produit', 1, 0, 0, NULL)
INSERT INTO [Inventory].[Nature] ([Id], [Code], [Label], [IsStockManaged], [IsDeleted], [TransactionUserId], [Deleted_Token]) VALUES (3, N'Expense', N'Expense', 0, 0, 0, NULL)
SET IDENTITY_INSERT [Inventory].[Nature] OFF

SET IDENTITY_INSERT [Sales].[DocumentStatus] ON
INSERT INTO [Sales].[DocumentStatus] ([Id], [Code], [Label], [IsDeleted], [TransactionUserId], [Deleted_Token]) VALUES (1, N'Provisional', N'Provisional', 0, 0, NULL)
INSERT INTO [Sales].[DocumentStatus] ([Id], [Code], [Label], [IsDeleted], [TransactionUserId], [Deleted_Token]) VALUES (2, N'Valid', N'Valid', 0, 0, NULL)
INSERT INTO [Sales].[DocumentStatus] ([Id], [Code], [Label], [IsDeleted], [TransactionUserId], [Deleted_Token]) VALUES (3, N'Balanced', N'Balanced', 0, 0, NULL)
INSERT INTO [Sales].[DocumentStatus] ([Id], [Code], [Label], [IsDeleted], [TransactionUserId], [Deleted_Token]) VALUES (4, N'Refused', N'Refused', 0, 0, NULL)
INSERT INTO [Sales].[DocumentStatus] ([Id], [Code], [Label], [IsDeleted], [TransactionUserId], [Deleted_Token]) VALUES (5, N'ToOrder', N'ToOrder', 0, 0, NULL)
INSERT INTO [Sales].[DocumentStatus] ([Id], [Code], [Label], [IsDeleted], [TransactionUserId], [Deleted_Token]) VALUES (6, N'TotallySatisfied', N'TotallySatisfied', 0, 0, NULL)
INSERT INTO [Sales].[DocumentStatus] ([Id], [Code], [Label], [IsDeleted], [TransactionUserId], [Deleted_Token]) VALUES (7, N'PartiallySatisfied', N'PartiallySatisfied', 0, 0, NULL)
INSERT INTO [Sales].[DocumentStatus] ([Id], [Code], [Label], [IsDeleted], [TransactionUserId], [Deleted_Token]) VALUES (8, N'NotSatisfied', N'NotSatisfied', 0, 0, NULL)
INSERT INTO [Sales].[DocumentStatus] ([Id], [Code], [Label], [IsDeleted], [TransactionUserId], [Deleted_Token]) VALUES (9, N'Transferred', N'Transferred', 0, 0, NULL)
INSERT INTO [Sales].[DocumentStatus] ([Id], [Code], [Label], [IsDeleted], [TransactionUserId], [Deleted_Token]) VALUES (10, N'Received', N'Received', 0, 0, NULL)
INSERT INTO [Sales].[DocumentStatus] ([Id], [Code], [Label], [IsDeleted], [TransactionUserId], [Deleted_Token]) VALUES (11, N'Printed', N'Printed', 0, 0, NULL)
INSERT INTO [Sales].[DocumentStatus] ([Id], [Code], [Label], [IsDeleted], [TransactionUserId], [Deleted_Token]) VALUES (12, N'Accounted', N'Accounted', 0, 0, NULL)
INSERT INTO [Sales].[DocumentStatus] ([Id], [Code], [Label], [IsDeleted], [TransactionUserId], [Deleted_Token]) VALUES (13, N'Draft', N'Draft', 0, 0, NULL)
SET IDENTITY_INSERT [Sales].[DocumentStatus] OFF
INSERT INTO [Helpdesk].[ClaimType] ([CodeType], [Type], [StockOperation], [Description], [IsDeleted], [TransactionUserId], [Deleted_Token], [TranslationCode]) VALUES (N'D', N'D', N'IN', N'Deffective', 0, 0, NULL, N'DEFECTIVE_CLAIM')
INSERT INTO [Helpdesk].[ClaimType] ([CodeType], [Type], [StockOperation], [Description], [IsDeleted], [TransactionUserId], [Deleted_Token], [TranslationCode]) VALUES (N'E', N'E', N'T', N'Extra', 0, 0, NULL, N'EXTRA_CLAIM')
INSERT INTO [Helpdesk].[ClaimType] ([CodeType], [Type], [StockOperation], [Description], [IsDeleted], [TransactionUserId], [Deleted_Token], [TranslationCode]) VALUES (N'M', N'M', N'I', N'Missing', 0, 0, NULL, N'MISSING_CLAIM')

SET IDENTITY_INSERT [Inventory].[Warehouse] ON
INSERT INTO [Inventory].[Warehouse] ([Id], [WarehouseCode], [WarehouseName], [WarehouseAdresse], [IsDeleted], [TransactionUserId], [IdWarehouseParent], [Deleted_Token], [IsCentral], [IsWarehouse], [IdResponsable], [IsEcommerce], [ForEcommerceModule]) VALUES (1, N'0001', N'Central', N'Central', 0, 0, NULL, NULL, 1, 0, NULL, 0, 0)
SET IDENTITY_INSERT [Inventory].[Warehouse] OFF
SET IDENTITY_INSERT [Shared].[Country] ON
INSERT INTO [Shared].[Country] ([Id], [Code], [Label], [IsDeleted], [TransactionUserId], [Deleted_Token], [Alpha2], [Alpha3], [NameEn], [NameFr]) VALUES (17, N'4', NULL, 0, 0, NULL, N'AF', N'AFG', N'Afghanistan', N'Afghanistan')
INSERT INTO [Shared].[Country] ([Id], [Code], [Label], [IsDeleted], [TransactionUserId], [Deleted_Token], [Alpha2], [Alpha3], [NameEn], [NameFr]) VALUES (18, N'8', NULL, 0, 0, NULL, N'AL', N'ALB', N'Albania', N'Albanie')
INSERT INTO [Shared].[Country] ([Id], [Code], [Label], [IsDeleted], [TransactionUserId], [Deleted_Token], [Alpha2], [Alpha3], [NameEn], [NameFr]) VALUES (19, N'10', NULL, 0, 0, NULL, N'AQ', N'ATA', N'Antarctica', N'Antarctique')
INSERT INTO [Shared].[Country] ([Id], [Code], [Label], [IsDeleted], [TransactionUserId], [Deleted_Token], [Alpha2], [Alpha3], [NameEn], [NameFr]) VALUES (20, N'12', NULL, 0, 0, NULL, N'DZ', N'DZA', N'Algeria', N'Algérie')
INSERT INTO [Shared].[Country] ([Id], [Code], [Label], [IsDeleted], [TransactionUserId], [Deleted_Token], [Alpha2], [Alpha3], [NameEn], [NameFr]) VALUES (21, N'16', NULL, 0, 0, NULL, N'AS', N'ASM', N'American Samoa', N'Samoa Américaines')
INSERT INTO [Shared].[Country] ([Id], [Code], [Label], [IsDeleted], [TransactionUserId], [Deleted_Token], [Alpha2], [Alpha3], [NameEn], [NameFr]) VALUES (22, N'20', NULL, 0, 0, NULL, N'AD', N'AND', N'Andorra', N'Andorre')
INSERT INTO [Shared].[Country] ([Id], [Code], [Label], [IsDeleted], [TransactionUserId], [Deleted_Token], [Alpha2], [Alpha3], [NameEn], [NameFr]) VALUES (23, N'24', NULL, 0, 0, NULL, N'AO', N'AGO', N'Angola', N'Angola')
INSERT INTO [Shared].[Country] ([Id], [Code], [Label], [IsDeleted], [TransactionUserId], [Deleted_Token], [Alpha2], [Alpha3], [NameEn], [NameFr]) VALUES (24, N'28', NULL, 0, 0, NULL, N'AG', N'ATG', N'Antigua and Barbuda', N'Antigua-et-Barbuda')
INSERT INTO [Shared].[Country] ([Id], [Code], [Label], [IsDeleted], [TransactionUserId], [Deleted_Token], [Alpha2], [Alpha3], [NameEn], [NameFr]) VALUES (25, N'31', NULL, 0, 0, NULL, N'AZ', N'AZE', N'Azerbaijan', N'Azerbaïdjan')
INSERT INTO [Shared].[Country] ([Id], [Code], [Label], [IsDeleted], [TransactionUserId], [Deleted_Token], [Alpha2], [Alpha3], [NameEn], [NameFr]) VALUES (26, N'32', NULL, 0, 0, NULL, N'AR', N'ARG', N'Argentina', N'Argentine')
INSERT INTO [Shared].[Country] ([Id], [Code], [Label], [IsDeleted], [TransactionUserId], [Deleted_Token], [Alpha2], [Alpha3], [NameEn], [NameFr]) VALUES (27, N'36', NULL, 0, 0, NULL, N'AU', N'AUS', N'Australia', N'Australie')
INSERT INTO [Shared].[Country] ([Id], [Code], [Label], [IsDeleted], [TransactionUserId], [Deleted_Token], [Alpha2], [Alpha3], [NameEn], [NameFr]) VALUES (28, N'40', NULL, 0, 0, NULL, N'AT', N'AUT', N'Austria', N'Autriche')
INSERT INTO [Shared].[Country] ([Id], [Code], [Label], [IsDeleted], [TransactionUserId], [Deleted_Token], [Alpha2], [Alpha3], [NameEn], [NameFr]) VALUES (29, N'44', NULL, 0, 0, NULL, N'BS', N'BHS', N'Bahamas', N'Bahamas')
INSERT INTO [Shared].[Country] ([Id], [Code], [Label], [IsDeleted], [TransactionUserId], [Deleted_Token], [Alpha2], [Alpha3], [NameEn], [NameFr]) VALUES (30, N'48', NULL, 0, 0, NULL, N'BH', N'BHR', N'Bahrain', N'Bahreïn')
INSERT INTO [Shared].[Country] ([Id], [Code], [Label], [IsDeleted], [TransactionUserId], [Deleted_Token], [Alpha2], [Alpha3], [NameEn], [NameFr]) VALUES (31, N'50', NULL, 0, 0, NULL, N'BD', N'BGD', N'Bangladesh', N'Bangladesh')
INSERT INTO [Shared].[Country] ([Id], [Code], [Label], [IsDeleted], [TransactionUserId], [Deleted_Token], [Alpha2], [Alpha3], [NameEn], [NameFr]) VALUES (32, N'51', NULL, 0, 0, NULL, N'AM', N'ARM', N'Armenia', N'Arménie')
INSERT INTO [Shared].[Country] ([Id], [Code], [Label], [IsDeleted], [TransactionUserId], [Deleted_Token], [Alpha2], [Alpha3], [NameEn], [NameFr]) VALUES (33, N'52', NULL, 0, 0, NULL, N'BB', N'BRB', N'Barbados', N'Barbade')
INSERT INTO [Shared].[Country] ([Id], [Code], [Label], [IsDeleted], [TransactionUserId], [Deleted_Token], [Alpha2], [Alpha3], [NameEn], [NameFr]) VALUES (34, N'56', NULL, 0, 0, NULL, N'BE', N'BEL', N'Belgium', N'Belgique')
INSERT INTO [Shared].[Country] ([Id], [Code], [Label], [IsDeleted], [TransactionUserId], [Deleted_Token], [Alpha2], [Alpha3], [NameEn], [NameFr]) VALUES (35, N'60', NULL, 0, 0, NULL, N'BM', N'BMU', N'Bermuda', N'Bermudes')
INSERT INTO [Shared].[Country] ([Id], [Code], [Label], [IsDeleted], [TransactionUserId], [Deleted_Token], [Alpha2], [Alpha3], [NameEn], [NameFr]) VALUES (36, N'64', NULL, 0, 0, NULL, N'BT', N'BTN', N'Bhutan', N'Bhoutan')
INSERT INTO [Shared].[Country] ([Id], [Code], [Label], [IsDeleted], [TransactionUserId], [Deleted_Token], [Alpha2], [Alpha3], [NameEn], [NameFr]) VALUES (37, N'68', NULL, 0, 0, NULL, N'BO', N'BOL', N'Bolivia', N'Bolivie')
INSERT INTO [Shared].[Country] ([Id], [Code], [Label], [IsDeleted], [TransactionUserId], [Deleted_Token], [Alpha2], [Alpha3], [NameEn], [NameFr]) VALUES (38, N'70', NULL, 0, 0, NULL, N'BA', N'BIH', N'Bosnia and Herzegovina', N'Bosnie-Herzégovine')
INSERT INTO [Shared].[Country] ([Id], [Code], [Label], [IsDeleted], [TransactionUserId], [Deleted_Token], [Alpha2], [Alpha3], [NameEn], [NameFr]) VALUES (39, N'72', NULL, 0, 0, NULL, N'BW', N'BWA', N'Botswana', N'Botswana')
INSERT INTO [Shared].[Country] ([Id], [Code], [Label], [IsDeleted], [TransactionUserId], [Deleted_Token], [Alpha2], [Alpha3], [NameEn], [NameFr]) VALUES (40, N'74', NULL, 0, 0, NULL, N'BV', N'BVT', N'Bouvet Island', N'Île Bouvet')
INSERT INTO [Shared].[Country] ([Id], [Code], [Label], [IsDeleted], [TransactionUserId], [Deleted_Token], [Alpha2], [Alpha3], [NameEn], [NameFr]) VALUES (41, N'76', NULL, 0, 0, NULL, N'BR', N'BRA', N'Brazil', N'Brésil')
INSERT INTO [Shared].[Country] ([Id], [Code], [Label], [IsDeleted], [TransactionUserId], [Deleted_Token], [Alpha2], [Alpha3], [NameEn], [NameFr]) VALUES (42, N'84', NULL, 0, 0, NULL, N'BZ', N'BLZ', N'Belize', N'Belize')
INSERT INTO [Shared].[Country] ([Id], [Code], [Label], [IsDeleted], [TransactionUserId], [Deleted_Token], [Alpha2], [Alpha3], [NameEn], [NameFr]) VALUES (43, N'86', NULL, 0, 0, NULL, N'IO', N'IOT', N'British Indian Ocean Territory', N'Territoire Britannique de l''Océan Indien')
INSERT INTO [Shared].[Country] ([Id], [Code], [Label], [IsDeleted], [TransactionUserId], [Deleted_Token], [Alpha2], [Alpha3], [NameEn], [NameFr]) VALUES (44, N'90', NULL, 0, 0, NULL, N'SB', N'SLB', N'Solomon Islands', N'Îles Salomon')
INSERT INTO [Shared].[Country] ([Id], [Code], [Label], [IsDeleted], [TransactionUserId], [Deleted_Token], [Alpha2], [Alpha3], [NameEn], [NameFr]) VALUES (45, N'92', NULL, 0, 0, NULL, N'VG', N'VGB', N'British Virgin Islands', N'Îles Vierges Britanniques')
INSERT INTO [Shared].[Country] ([Id], [Code], [Label], [IsDeleted], [TransactionUserId], [Deleted_Token], [Alpha2], [Alpha3], [NameEn], [NameFr]) VALUES (46, N'96', NULL, 0, 0, NULL, N'BN', N'BRN', N'Brunei Darussalam', N'Brunéi Darussalam')
INSERT INTO [Shared].[Country] ([Id], [Code], [Label], [IsDeleted], [TransactionUserId], [Deleted_Token], [Alpha2], [Alpha3], [NameEn], [NameFr]) VALUES (47, N'100', NULL, 0, 0, NULL, N'BG', N'BGR', N'Bulgaria', N'Bulgarie')
INSERT INTO [Shared].[Country] ([Id], [Code], [Label], [IsDeleted], [TransactionUserId], [Deleted_Token], [Alpha2], [Alpha3], [NameEn], [NameFr]) VALUES (48, N'104', NULL, 0, 0, NULL, N'MM', N'MMR', N'Myanmar', N'Myanmar')
INSERT INTO [Shared].[Country] ([Id], [Code], [Label], [IsDeleted], [TransactionUserId], [Deleted_Token], [Alpha2], [Alpha3], [NameEn], [NameFr]) VALUES (49, N'108', NULL, 0, 0, NULL, N'BI', N'BDI', N'Burundi', N'Burundi')
INSERT INTO [Shared].[Country] ([Id], [Code], [Label], [IsDeleted], [TransactionUserId], [Deleted_Token], [Alpha2], [Alpha3], [NameEn], [NameFr]) VALUES (50, N'112', NULL, 0, 0, NULL, N'BY', N'BLR', N'Belarus', N'Bélarus')
INSERT INTO [Shared].[Country] ([Id], [Code], [Label], [IsDeleted], [TransactionUserId], [Deleted_Token], [Alpha2], [Alpha3], [NameEn], [NameFr]) VALUES (51, N'116', NULL, 0, 0, NULL, N'KH', N'KHM', N'Cambodia', N'Cambodge')
INSERT INTO [Shared].[Country] ([Id], [Code], [Label], [IsDeleted], [TransactionUserId], [Deleted_Token], [Alpha2], [Alpha3], [NameEn], [NameFr]) VALUES (52, N'120', NULL, 0, 0, NULL, N'CM', N'CMR', N'Cameroon', N'Cameroun')
INSERT INTO [Shared].[Country] ([Id], [Code], [Label], [IsDeleted], [TransactionUserId], [Deleted_Token], [Alpha2], [Alpha3], [NameEn], [NameFr]) VALUES (53, N'124', NULL, 0, 0, NULL, N'CA', N'CAN', N'Canada', N'Canada')
INSERT INTO [Shared].[Country] ([Id], [Code], [Label], [IsDeleted], [TransactionUserId], [Deleted_Token], [Alpha2], [Alpha3], [NameEn], [NameFr]) VALUES (54, N'132', NULL, 0, 0, NULL, N'CV', N'CPV', N'Cape Verde', N'Cap-vert')
INSERT INTO [Shared].[Country] ([Id], [Code], [Label], [IsDeleted], [TransactionUserId], [Deleted_Token], [Alpha2], [Alpha3], [NameEn], [NameFr]) VALUES (55, N'136', NULL, 0, 0, NULL, N'KY', N'CYM', N'Cayman Islands', N'Îles Caïmanes')
INSERT INTO [Shared].[Country] ([Id], [Code], [Label], [IsDeleted], [TransactionUserId], [Deleted_Token], [Alpha2], [Alpha3], [NameEn], [NameFr]) VALUES (56, N'140', NULL, 0, 0, NULL, N'CF', N'CAF', N'Central African', N'République Centrafricaine')
INSERT INTO [Shared].[Country] ([Id], [Code], [Label], [IsDeleted], [TransactionUserId], [Deleted_Token], [Alpha2], [Alpha3], [NameEn], [NameFr]) VALUES (57, N'144', NULL, 0, 0, NULL, N'LK', N'LKA', N'Sri Lanka', N'Sri Lanka')
INSERT INTO [Shared].[Country] ([Id], [Code], [Label], [IsDeleted], [TransactionUserId], [Deleted_Token], [Alpha2], [Alpha3], [NameEn], [NameFr]) VALUES (58, N'148', NULL, 0, 0, NULL, N'TD', N'TCD', N'Chad', N'Tchad')
INSERT INTO [Shared].[Country] ([Id], [Code], [Label], [IsDeleted], [TransactionUserId], [Deleted_Token], [Alpha2], [Alpha3], [NameEn], [NameFr]) VALUES (59, N'152', NULL, 0, 0, NULL, N'CL', N'CHL', N'Chile', N'Chili')
INSERT INTO [Shared].[Country] ([Id], [Code], [Label], [IsDeleted], [TransactionUserId], [Deleted_Token], [Alpha2], [Alpha3], [NameEn], [NameFr]) VALUES (60, N'156', NULL, 0, 0, NULL, N'CN', N'CHN', N'China', N'Chine')
INSERT INTO [Shared].[Country] ([Id], [Code], [Label], [IsDeleted], [TransactionUserId], [Deleted_Token], [Alpha2], [Alpha3], [NameEn], [NameFr]) VALUES (61, N'158', NULL, 0, 0, NULL, N'TW', N'TWN', N'Taiwan', N'Taïwan')
INSERT INTO [Shared].[Country] ([Id], [Code], [Label], [IsDeleted], [TransactionUserId], [Deleted_Token], [Alpha2], [Alpha3], [NameEn], [NameFr]) VALUES (62, N'162', NULL, 0, 0, NULL, N'CX', N'CXR', N'Christmas Island', N'Île Christmas')
INSERT INTO [Shared].[Country] ([Id], [Code], [Label], [IsDeleted], [TransactionUserId], [Deleted_Token], [Alpha2], [Alpha3], [NameEn], [NameFr]) VALUES (63, N'166', NULL, 0, 0, NULL, N'CC', N'CCK', N'Cocos (Keeling) Islands', N'Îles Cocos (Keeling)')
INSERT INTO [Shared].[Country] ([Id], [Code], [Label], [IsDeleted], [TransactionUserId], [Deleted_Token], [Alpha2], [Alpha3], [NameEn], [NameFr]) VALUES (64, N'170', NULL, 0, 0, NULL, N'CO', N'COL', N'Colombia', N'Colombie')
INSERT INTO [Shared].[Country] ([Id], [Code], [Label], [IsDeleted], [TransactionUserId], [Deleted_Token], [Alpha2], [Alpha3], [NameEn], [NameFr]) VALUES (65, N'174', NULL, 0, 0, NULL, N'KM', N'COM', N'Comoros', N'Comores')
INSERT INTO [Shared].[Country] ([Id], [Code], [Label], [IsDeleted], [TransactionUserId], [Deleted_Token], [Alpha2], [Alpha3], [NameEn], [NameFr]) VALUES (66, N'175', NULL, 0, 0, NULL, N'YT', N'MYT', N'Mayotte', N'Mayotte')
INSERT INTO [Shared].[Country] ([Id], [Code], [Label], [IsDeleted], [TransactionUserId], [Deleted_Token], [Alpha2], [Alpha3], [NameEn], [NameFr]) VALUES (67, N'178', NULL, 0, 0, NULL, N'CG', N'COG', N'Republic of the Congo', N'République du Congo')
INSERT INTO [Shared].[Country] ([Id], [Code], [Label], [IsDeleted], [TransactionUserId], [Deleted_Token], [Alpha2], [Alpha3], [NameEn], [NameFr]) VALUES (68, N'180', NULL, 0, 0, NULL, N'CD', N'COD', N'The Democratic Republic Of The Congo', N'République Démocratique du Congo')
INSERT INTO [Shared].[Country] ([Id], [Code], [Label], [IsDeleted], [TransactionUserId], [Deleted_Token], [Alpha2], [Alpha3], [NameEn], [NameFr]) VALUES (69, N'184', NULL, 0, 0, NULL, N'CK', N'COK', N'Cook Islands', N'Îles Cook')
INSERT INTO [Shared].[Country] ([Id], [Code], [Label], [IsDeleted], [TransactionUserId], [Deleted_Token], [Alpha2], [Alpha3], [NameEn], [NameFr]) VALUES (70, N'188', NULL, 0, 0, NULL, N'CR', N'CRI', N'Costa Rica', N'Costa Rica')
INSERT INTO [Shared].[Country] ([Id], [Code], [Label], [IsDeleted], [TransactionUserId], [Deleted_Token], [Alpha2], [Alpha3], [NameEn], [NameFr]) VALUES (71, N'191', NULL, 0, 0, NULL, N'HR', N'HRV', N'Croatia', N'Croatie')
INSERT INTO [Shared].[Country] ([Id], [Code], [Label], [IsDeleted], [TransactionUserId], [Deleted_Token], [Alpha2], [Alpha3], [NameEn], [NameFr]) VALUES (72, N'192', NULL, 0, 0, NULL, N'CU', N'CUB', N'Cuba', N'Cuba')
INSERT INTO [Shared].[Country] ([Id], [Code], [Label], [IsDeleted], [TransactionUserId], [Deleted_Token], [Alpha2], [Alpha3], [NameEn], [NameFr]) VALUES (73, N'196', NULL, 0, 0, NULL, N'CY', N'CYP', N'Cyprus', N'Chypre')
INSERT INTO [Shared].[Country] ([Id], [Code], [Label], [IsDeleted], [TransactionUserId], [Deleted_Token], [Alpha2], [Alpha3], [NameEn], [NameFr]) VALUES (74, N'203', NULL, 0, 0, NULL, N'CZ', N'CZE', N'Czech Republic', N'République Tchèque')
INSERT INTO [Shared].[Country] ([Id], [Code], [Label], [IsDeleted], [TransactionUserId], [Deleted_Token], [Alpha2], [Alpha3], [NameEn], [NameFr]) VALUES (75, N'204', NULL, 0, 0, NULL, N'BJ', N'BEN', N'Benin', N'Bénin')
INSERT INTO [Shared].[Country] ([Id], [Code], [Label], [IsDeleted], [TransactionUserId], [Deleted_Token], [Alpha2], [Alpha3], [NameEn], [NameFr]) VALUES (76, N'208', NULL, 0, 0, NULL, N'DK', N'DNK', N'Denmark', N'Danemark')
INSERT INTO [Shared].[Country] ([Id], [Code], [Label], [IsDeleted], [TransactionUserId], [Deleted_Token], [Alpha2], [Alpha3], [NameEn], [NameFr]) VALUES (77, N'212', NULL, 0, 0, NULL, N'DM', N'DMA', N'Dominica', N'Dominique')
INSERT INTO [Shared].[Country] ([Id], [Code], [Label], [IsDeleted], [TransactionUserId], [Deleted_Token], [Alpha2], [Alpha3], [NameEn], [NameFr]) VALUES (78, N'214', NULL, 0, 0, NULL, N'DO', N'DOM', N'Dominican Republic', N'République Dominicaine')
INSERT INTO [Shared].[Country] ([Id], [Code], [Label], [IsDeleted], [TransactionUserId], [Deleted_Token], [Alpha2], [Alpha3], [NameEn], [NameFr]) VALUES (79, N'218', NULL, 0, 0, NULL, N'EC', N'ECU', N'Ecuador', N'Équateur')
INSERT INTO [Shared].[Country] ([Id], [Code], [Label], [IsDeleted], [TransactionUserId], [Deleted_Token], [Alpha2], [Alpha3], [NameEn], [NameFr]) VALUES (80, N'222', NULL, 0, 0, NULL, N'SV', N'SLV', N'El Salvador', N'El Salvador')
INSERT INTO [Shared].[Country] ([Id], [Code], [Label], [IsDeleted], [TransactionUserId], [Deleted_Token], [Alpha2], [Alpha3], [NameEn], [NameFr]) VALUES (81, N'226', NULL, 0, 0, NULL, N'GQ', N'GNQ', N'Equatorial Guinea', N'Guinée Équatoriale')
INSERT INTO [Shared].[Country] ([Id], [Code], [Label], [IsDeleted], [TransactionUserId], [Deleted_Token], [Alpha2], [Alpha3], [NameEn], [NameFr]) VALUES (82, N'231', NULL, 0, 0, NULL, N'ET', N'ETH', N'Ethiopia', N'Éthiopie')
INSERT INTO [Shared].[Country] ([Id], [Code], [Label], [IsDeleted], [TransactionUserId], [Deleted_Token], [Alpha2], [Alpha3], [NameEn], [NameFr]) VALUES (83, N'232', NULL, 0, 0, NULL, N'ER', N'ERI', N'Eritrea', N'Érythrée')
INSERT INTO [Shared].[Country] ([Id], [Code], [Label], [IsDeleted], [TransactionUserId], [Deleted_Token], [Alpha2], [Alpha3], [NameEn], [NameFr]) VALUES (84, N'233', NULL, 0, 0, NULL, N'EE', N'EST', N'Estonia', N'Estonie')
INSERT INTO [Shared].[Country] ([Id], [Code], [Label], [IsDeleted], [TransactionUserId], [Deleted_Token], [Alpha2], [Alpha3], [NameEn], [NameFr]) VALUES (85, N'234', NULL, 0, 0, NULL, N'FO', N'FRO', N'Faroe Islands', N'Îles Féroé')
INSERT INTO [Shared].[Country] ([Id], [Code], [Label], [IsDeleted], [TransactionUserId], [Deleted_Token], [Alpha2], [Alpha3], [NameEn], [NameFr]) VALUES (86, N'238', NULL, 0, 0, NULL, N'FK', N'FLK', N'Falkland Islands', N'Îles (malvinas) Falkland')
INSERT INTO [Shared].[Country] ([Id], [Code], [Label], [IsDeleted], [TransactionUserId], [Deleted_Token], [Alpha2], [Alpha3], [NameEn], [NameFr]) VALUES (87, N'239', NULL, 0, 0, NULL, N'GS', N'SGS', N'South Georgia and the South Sandwich Islands', N'Géorgie du Sud et les Îles Sandwich du Sud')
INSERT INTO [Shared].[Country] ([Id], [Code], [Label], [IsDeleted], [TransactionUserId], [Deleted_Token], [Alpha2], [Alpha3], [NameEn], [NameFr]) VALUES (88, N'242', NULL, 0, 0, NULL, N'FJ', N'FJI', N'Fiji', N'Fidji')
INSERT INTO [Shared].[Country] ([Id], [Code], [Label], [IsDeleted], [TransactionUserId], [Deleted_Token], [Alpha2], [Alpha3], [NameEn], [NameFr]) VALUES (89, N'246', NULL, 0, 0, NULL, N'FI', N'FIN', N'Finland', N'Finlande')
INSERT INTO [Shared].[Country] ([Id], [Code], [Label], [IsDeleted], [TransactionUserId], [Deleted_Token], [Alpha2], [Alpha3], [NameEn], [NameFr]) VALUES (90, N'248', NULL, 0, 0, NULL, N'AX', N'ALA', N'Åland Islands', N'Îles Åland')
INSERT INTO [Shared].[Country] ([Id], [Code], [Label], [IsDeleted], [TransactionUserId], [Deleted_Token], [Alpha2], [Alpha3], [NameEn], [NameFr]) VALUES (91, N'250', NULL, 0, 0, NULL, N'FR', N'FRA', N'France', N'France')
INSERT INTO [Shared].[Country] ([Id], [Code], [Label], [IsDeleted], [TransactionUserId], [Deleted_Token], [Alpha2], [Alpha3], [NameEn], [NameFr]) VALUES (92, N'254', NULL, 0, 0, NULL, N'GF', N'GUF', N'French Guiana', N'Guyane Française')
INSERT INTO [Shared].[Country] ([Id], [Code], [Label], [IsDeleted], [TransactionUserId], [Deleted_Token], [Alpha2], [Alpha3], [NameEn], [NameFr]) VALUES (93, N'258', NULL, 0, 0, NULL, N'PF', N'PYF', N'French Polynesia', N'Polynésie Française')
INSERT INTO [Shared].[Country] ([Id], [Code], [Label], [IsDeleted], [TransactionUserId], [Deleted_Token], [Alpha2], [Alpha3], [NameEn], [NameFr]) VALUES (94, N'260', NULL, 0, 0, NULL, N'TF', N'ATF', N'French Southern Territories', N'Terres Australes Françaises')
INSERT INTO [Shared].[Country] ([Id], [Code], [Label], [IsDeleted], [TransactionUserId], [Deleted_Token], [Alpha2], [Alpha3], [NameEn], [NameFr]) VALUES (95, N'262', NULL, 0, 0, NULL, N'DJ', N'DJI', N'Djibouti', N'Djibouti')
INSERT INTO [Shared].[Country] ([Id], [Code], [Label], [IsDeleted], [TransactionUserId], [Deleted_Token], [Alpha2], [Alpha3], [NameEn], [NameFr]) VALUES (96, N'266', NULL, 0, 0, NULL, N'GA', N'GAB', N'Gabon', N'Gabon')
INSERT INTO [Shared].[Country] ([Id], [Code], [Label], [IsDeleted], [TransactionUserId], [Deleted_Token], [Alpha2], [Alpha3], [NameEn], [NameFr]) VALUES (97, N'268', NULL, 0, 0, NULL, N'GE', N'GEO', N'Georgia', N'Géorgie')
INSERT INTO [Shared].[Country] ([Id], [Code], [Label], [IsDeleted], [TransactionUserId], [Deleted_Token], [Alpha2], [Alpha3], [NameEn], [NameFr]) VALUES (98, N'270', NULL, 0, 0, NULL, N'GM', N'GMB', N'Gambia', N'Gambie')
INSERT INTO [Shared].[Country] ([Id], [Code], [Label], [IsDeleted], [TransactionUserId], [Deleted_Token], [Alpha2], [Alpha3], [NameEn], [NameFr]) VALUES (99, N'275', NULL, 0, 0, NULL, N'PS', N'PSE', N'Occupied Palestinian Territory', N'Territoire Palestinien Occupé')
INSERT INTO [Shared].[Country] ([Id], [Code], [Label], [IsDeleted], [TransactionUserId], [Deleted_Token], [Alpha2], [Alpha3], [NameEn], [NameFr]) VALUES (100, N'276', NULL, 0, 0, NULL, N'DE', N'DEU', N'Germany', N'Allemagne')
INSERT INTO [Shared].[Country] ([Id], [Code], [Label], [IsDeleted], [TransactionUserId], [Deleted_Token], [Alpha2], [Alpha3], [NameEn], [NameFr]) VALUES (101, N'288', NULL, 0, 0, NULL, N'GH', N'GHA', N'Ghana', N'Ghana')
INSERT INTO [Shared].[Country] ([Id], [Code], [Label], [IsDeleted], [TransactionUserId], [Deleted_Token], [Alpha2], [Alpha3], [NameEn], [NameFr]) VALUES (102, N'292', NULL, 0, 0, NULL, N'GI', N'GIB', N'Gibraltar', N'Gibraltar')
INSERT INTO [Shared].[Country] ([Id], [Code], [Label], [IsDeleted], [TransactionUserId], [Deleted_Token], [Alpha2], [Alpha3], [NameEn], [NameFr]) VALUES (103, N'296', NULL, 0, 0, NULL, N'KI', N'KIR', N'Kiribati', N'Kiribati')
INSERT INTO [Shared].[Country] ([Id], [Code], [Label], [IsDeleted], [TransactionUserId], [Deleted_Token], [Alpha2], [Alpha3], [NameEn], [NameFr]) VALUES (104, N'300', NULL, 0, 0, NULL, N'GR', N'GRC', N'Greece', N'Grèce')
INSERT INTO [Shared].[Country] ([Id], [Code], [Label], [IsDeleted], [TransactionUserId], [Deleted_Token], [Alpha2], [Alpha3], [NameEn], [NameFr]) VALUES (105, N'304', NULL, 0, 0, NULL, N'GL', N'GRL', N'Greenland', N'Groenland')
INSERT INTO [Shared].[Country] ([Id], [Code], [Label], [IsDeleted], [TransactionUserId], [Deleted_Token], [Alpha2], [Alpha3], [NameEn], [NameFr]) VALUES (106, N'308', NULL, 0, 0, NULL, N'GD', N'GRD', N'Grenada', N'Grenade')
INSERT INTO [Shared].[Country] ([Id], [Code], [Label], [IsDeleted], [TransactionUserId], [Deleted_Token], [Alpha2], [Alpha3], [NameEn], [NameFr]) VALUES (107, N'312', NULL, 0, 0, NULL, N'GP', N'GLP', N'Guadeloupe', N'Guadeloupe')
INSERT INTO [Shared].[Country] ([Id], [Code], [Label], [IsDeleted], [TransactionUserId], [Deleted_Token], [Alpha2], [Alpha3], [NameEn], [NameFr]) VALUES (108, N'316', NULL, 0, 0, NULL, N'GU', N'GUM', N'Guam', N'Guam')
INSERT INTO [Shared].[Country] ([Id], [Code], [Label], [IsDeleted], [TransactionUserId], [Deleted_Token], [Alpha2], [Alpha3], [NameEn], [NameFr]) VALUES (109, N'320', NULL, 0, 0, NULL, N'GT', N'GTM', N'Guatemala', N'Guatemala')
INSERT INTO [Shared].[Country] ([Id], [Code], [Label], [IsDeleted], [TransactionUserId], [Deleted_Token], [Alpha2], [Alpha3], [NameEn], [NameFr]) VALUES (110, N'324', NULL, 0, 0, NULL, N'GN', N'GIN', N'Guinea', N'Guinée')
INSERT INTO [Shared].[Country] ([Id], [Code], [Label], [IsDeleted], [TransactionUserId], [Deleted_Token], [Alpha2], [Alpha3], [NameEn], [NameFr]) VALUES (111, N'328', NULL, 0, 0, NULL, N'GY', N'GUY', N'Guyana', N'Guyana')
INSERT INTO [Shared].[Country] ([Id], [Code], [Label], [IsDeleted], [TransactionUserId], [Deleted_Token], [Alpha2], [Alpha3], [NameEn], [NameFr]) VALUES (112, N'332', NULL, 0, 0, NULL, N'HT', N'HTI', N'Haiti', N'Haïti')
INSERT INTO [Shared].[Country] ([Id], [Code], [Label], [IsDeleted], [TransactionUserId], [Deleted_Token], [Alpha2], [Alpha3], [NameEn], [NameFr]) VALUES (113, N'334', NULL, 0, 0, NULL, N'HM', N'HMD', N'Heard Island and McDonald Islands', N'Îles Heard et Mcdonald')
INSERT INTO [Shared].[Country] ([Id], [Code], [Label], [IsDeleted], [TransactionUserId], [Deleted_Token], [Alpha2], [Alpha3], [NameEn], [NameFr]) VALUES (114, N'336', NULL, 0, 0, NULL, N'VA', N'VAT', N'Vatican City State', N'Saint-Siège (état de la Cité du Vatican)')
INSERT INTO [Shared].[Country] ([Id], [Code], [Label], [IsDeleted], [TransactionUserId], [Deleted_Token], [Alpha2], [Alpha3], [NameEn], [NameFr]) VALUES (115, N'340', NULL, 0, 0, NULL, N'HN', N'HND', N'Honduras', N'Honduras')
INSERT INTO [Shared].[Country] ([Id], [Code], [Label], [IsDeleted], [TransactionUserId], [Deleted_Token], [Alpha2], [Alpha3], [NameEn], [NameFr]) VALUES (116, N'344', NULL, 0, 0, NULL, N'HK', N'HKG', N'Hong Kong', N'Hong-Kong')
INSERT INTO [Shared].[Country] ([Id], [Code], [Label], [IsDeleted], [TransactionUserId], [Deleted_Token], [Alpha2], [Alpha3], [NameEn], [NameFr]) VALUES (117, N'348', NULL, 0, 0, NULL, N'HU', N'HUN', N'Hungary', N'Hongrie')
INSERT INTO [Shared].[Country] ([Id], [Code], [Label], [IsDeleted], [TransactionUserId], [Deleted_Token], [Alpha2], [Alpha3], [NameEn], [NameFr]) VALUES (118, N'352', NULL, 0, 0, NULL, N'IS', N'ISL', N'Iceland', N'Islande')
INSERT INTO [Shared].[Country] ([Id], [Code], [Label], [IsDeleted], [TransactionUserId], [Deleted_Token], [Alpha2], [Alpha3], [NameEn], [NameFr]) VALUES (119, N'356', NULL, 0, 0, NULL, N'IN', N'IND', N'India', N'Inde')
INSERT INTO [Shared].[Country] ([Id], [Code], [Label], [IsDeleted], [TransactionUserId], [Deleted_Token], [Alpha2], [Alpha3], [NameEn], [NameFr]) VALUES (120, N'360', NULL, 0, 0, NULL, N'ID', N'IDN', N'Indonesia', N'Indonésie')
INSERT INTO [Shared].[Country] ([Id], [Code], [Label], [IsDeleted], [TransactionUserId], [Deleted_Token], [Alpha2], [Alpha3], [NameEn], [NameFr]) VALUES (121, N'364', NULL, 0, 0, NULL, N'IR', N'IRN', N'Islamic Republic of Iran', N'République Islamique d''Iran')
INSERT INTO [Shared].[Country] ([Id], [Code], [Label], [IsDeleted], [TransactionUserId], [Deleted_Token], [Alpha2], [Alpha3], [NameEn], [NameFr]) VALUES (122, N'368', NULL, 0, 0, NULL, N'IQ', N'IRQ', N'Iraq', N'Iraq')
INSERT INTO [Shared].[Country] ([Id], [Code], [Label], [IsDeleted], [TransactionUserId], [Deleted_Token], [Alpha2], [Alpha3], [NameEn], [NameFr]) VALUES (123, N'372', NULL, 0, 0, NULL, N'IE', N'IRL', N'Ireland', N'Irlande')
INSERT INTO [Shared].[Country] ([Id], [Code], [Label], [IsDeleted], [TransactionUserId], [Deleted_Token], [Alpha2], [Alpha3], [NameEn], [NameFr]) VALUES (124, N'376', NULL, 0, 0, NULL, N'IL', N'ISR', N'Israel', N'Israël')
INSERT INTO [Shared].[Country] ([Id], [Code], [Label], [IsDeleted], [TransactionUserId], [Deleted_Token], [Alpha2], [Alpha3], [NameEn], [NameFr]) VALUES (125, N'380', NULL, 0, 0, NULL, N'IT', N'ITA', N'Italy', N'Italie')
INSERT INTO [Shared].[Country] ([Id], [Code], [Label], [IsDeleted], [TransactionUserId], [Deleted_Token], [Alpha2], [Alpha3], [NameEn], [NameFr]) VALUES (126, N'384', NULL, 0, 0, NULL, N'CI', N'CIV', N'Côte d''Ivoire', N'Côte d''Ivoire')
INSERT INTO [Shared].[Country] ([Id], [Code], [Label], [IsDeleted], [TransactionUserId], [Deleted_Token], [Alpha2], [Alpha3], [NameEn], [NameFr]) VALUES (127, N'388', NULL, 0, 0, NULL, N'JM', N'JAM', N'Jamaica', N'Jamaïque')
INSERT INTO [Shared].[Country] ([Id], [Code], [Label], [IsDeleted], [TransactionUserId], [Deleted_Token], [Alpha2], [Alpha3], [NameEn], [NameFr]) VALUES (128, N'392', NULL, 0, 0, NULL, N'JP', N'JPN', N'Japan', N'Japon')
INSERT INTO [Shared].[Country] ([Id], [Code], [Label], [IsDeleted], [TransactionUserId], [Deleted_Token], [Alpha2], [Alpha3], [NameEn], [NameFr]) VALUES (129, N'398', NULL, 0, 0, NULL, N'KZ', N'KAZ', N'Kazakhstan', N'Kazakhstan')
INSERT INTO [Shared].[Country] ([Id], [Code], [Label], [IsDeleted], [TransactionUserId], [Deleted_Token], [Alpha2], [Alpha3], [NameEn], [NameFr]) VALUES (130, N'400', NULL, 0, 0, NULL, N'JO', N'JOR', N'Jordan', N'Jordanie')
INSERT INTO [Shared].[Country] ([Id], [Code], [Label], [IsDeleted], [TransactionUserId], [Deleted_Token], [Alpha2], [Alpha3], [NameEn], [NameFr]) VALUES (131, N'404', NULL, 0, 0, NULL, N'KE', N'KEN', N'Kenya', N'Kenya')
INSERT INTO [Shared].[Country] ([Id], [Code], [Label], [IsDeleted], [TransactionUserId], [Deleted_Token], [Alpha2], [Alpha3], [NameEn], [NameFr]) VALUES (132, N'408', NULL, 0, 0, NULL, N'KP', N'PRK', N'Democratic People''s Republic of Korea', N'République Populaire Démocratique de Corée')
INSERT INTO [Shared].[Country] ([Id], [Code], [Label], [IsDeleted], [TransactionUserId], [Deleted_Token], [Alpha2], [Alpha3], [NameEn], [NameFr]) VALUES (133, N'410', NULL, 0, 0, NULL, N'KR', N'KOR', N'Republic of Korea', N'République de Corée')
INSERT INTO [Shared].[Country] ([Id], [Code], [Label], [IsDeleted], [TransactionUserId], [Deleted_Token], [Alpha2], [Alpha3], [NameEn], [NameFr]) VALUES (134, N'414', NULL, 0, 0, NULL, N'KW', N'KWT', N'Kuwait', N'Koweït')
INSERT INTO [Shared].[Country] ([Id], [Code], [Label], [IsDeleted], [TransactionUserId], [Deleted_Token], [Alpha2], [Alpha3], [NameEn], [NameFr]) VALUES (135, N'417', NULL, 0, 0, NULL, N'KG', N'KGZ', N'Kyrgyzstan', N'Kirghizistan')
INSERT INTO [Shared].[Country] ([Id], [Code], [Label], [IsDeleted], [TransactionUserId], [Deleted_Token], [Alpha2], [Alpha3], [NameEn], [NameFr]) VALUES (136, N'418', NULL, 0, 0, NULL, N'LA', N'LAO', N'Lao People''s Democratic Republic', N'République Démocratique Populaire Lao')
INSERT INTO [Shared].[Country] ([Id], [Code], [Label], [IsDeleted], [TransactionUserId], [Deleted_Token], [Alpha2], [Alpha3], [NameEn], [NameFr]) VALUES (137, N'422', NULL, 0, 0, NULL, N'LB', N'LBN', N'Lebanon', N'Liban')
INSERT INTO [Shared].[Country] ([Id], [Code], [Label], [IsDeleted], [TransactionUserId], [Deleted_Token], [Alpha2], [Alpha3], [NameEn], [NameFr]) VALUES (138, N'426', NULL, 0, 0, NULL, N'LS', N'LSO', N'Lesotho', N'Lesotho')
INSERT INTO [Shared].[Country] ([Id], [Code], [Label], [IsDeleted], [TransactionUserId], [Deleted_Token], [Alpha2], [Alpha3], [NameEn], [NameFr]) VALUES (139, N'428', NULL, 0, 0, NULL, N'LV', N'LVA', N'Latvia', N'Lettonie')
INSERT INTO [Shared].[Country] ([Id], [Code], [Label], [IsDeleted], [TransactionUserId], [Deleted_Token], [Alpha2], [Alpha3], [NameEn], [NameFr]) VALUES (140, N'430', NULL, 0, 0, NULL, N'LR', N'LBR', N'Liberia', N'Libéria')
INSERT INTO [Shared].[Country] ([Id], [Code], [Label], [IsDeleted], [TransactionUserId], [Deleted_Token], [Alpha2], [Alpha3], [NameEn], [NameFr]) VALUES (141, N'434', NULL, 0, 0, NULL, N'LY', N'LBY', N'Libyan Arab Jamahiriya', N'Jamahiriya Arabe Libyenne')
INSERT INTO [Shared].[Country] ([Id], [Code], [Label], [IsDeleted], [TransactionUserId], [Deleted_Token], [Alpha2], [Alpha3], [NameEn], [NameFr]) VALUES (142, N'438', NULL, 0, 0, NULL, N'LI', N'LIE', N'Liechtenstein', N'Liechtenstein')
INSERT INTO [Shared].[Country] ([Id], [Code], [Label], [IsDeleted], [TransactionUserId], [Deleted_Token], [Alpha2], [Alpha3], [NameEn], [NameFr]) VALUES (143, N'440', NULL, 0, 0, NULL, N'LT', N'LTU', N'Lithuania', N'Lituanie')
INSERT INTO [Shared].[Country] ([Id], [Code], [Label], [IsDeleted], [TransactionUserId], [Deleted_Token], [Alpha2], [Alpha3], [NameEn], [NameFr]) VALUES (144, N'442', NULL, 0, 0, NULL, N'LU', N'LUX', N'Luxembourg', N'Luxembourg')
INSERT INTO [Shared].[Country] ([Id], [Code], [Label], [IsDeleted], [TransactionUserId], [Deleted_Token], [Alpha2], [Alpha3], [NameEn], [NameFr]) VALUES (145, N'446', NULL, 0, 0, NULL, N'MO', N'MAC', N'Macao', N'Macao')
INSERT INTO [Shared].[Country] ([Id], [Code], [Label], [IsDeleted], [TransactionUserId], [Deleted_Token], [Alpha2], [Alpha3], [NameEn], [NameFr]) VALUES (146, N'450', NULL, 0, 0, NULL, N'MG', N'MDG', N'Madagascar', N'Madagascar')
INSERT INTO [Shared].[Country] ([Id], [Code], [Label], [IsDeleted], [TransactionUserId], [Deleted_Token], [Alpha2], [Alpha3], [NameEn], [NameFr]) VALUES (147, N'454', NULL, 0, 0, NULL, N'MW', N'MWI', N'Malawi', N'Malawi')
INSERT INTO [Shared].[Country] ([Id], [Code], [Label], [IsDeleted], [TransactionUserId], [Deleted_Token], [Alpha2], [Alpha3], [NameEn], [NameFr]) VALUES (148, N'458', NULL, 0, 0, NULL, N'MY', N'MYS', N'Malaysia', N'Malaisie')
INSERT INTO [Shared].[Country] ([Id], [Code], [Label], [IsDeleted], [TransactionUserId], [Deleted_Token], [Alpha2], [Alpha3], [NameEn], [NameFr]) VALUES (149, N'462', NULL, 0, 0, NULL, N'MV', N'MDV', N'Maldives', N'Maldives')
INSERT INTO [Shared].[Country] ([Id], [Code], [Label], [IsDeleted], [TransactionUserId], [Deleted_Token], [Alpha2], [Alpha3], [NameEn], [NameFr]) VALUES (150, N'466', NULL, 0, 0, NULL, N'ML', N'MLI', N'Mali', N'Mali')
INSERT INTO [Shared].[Country] ([Id], [Code], [Label], [IsDeleted], [TransactionUserId], [Deleted_Token], [Alpha2], [Alpha3], [NameEn], [NameFr]) VALUES (151, N'470', NULL, 0, 0, NULL, N'MT', N'MLT', N'Malta', N'Malte')
INSERT INTO [Shared].[Country] ([Id], [Code], [Label], [IsDeleted], [TransactionUserId], [Deleted_Token], [Alpha2], [Alpha3], [NameEn], [NameFr]) VALUES (152, N'474', NULL, 0, 0, NULL, N'MQ', N'MTQ', N'Martinique', N'Martinique')
INSERT INTO [Shared].[Country] ([Id], [Code], [Label], [IsDeleted], [TransactionUserId], [Deleted_Token], [Alpha2], [Alpha3], [NameEn], [NameFr]) VALUES (153, N'478', NULL, 0, 0, NULL, N'MR', N'MRT', N'Mauritania', N'Mauritanie')
INSERT INTO [Shared].[Country] ([Id], [Code], [Label], [IsDeleted], [TransactionUserId], [Deleted_Token], [Alpha2], [Alpha3], [NameEn], [NameFr]) VALUES (154, N'480', NULL, 0, 0, NULL, N'MU', N'MUS', N'Mauritius', N'Maurice')
INSERT INTO [Shared].[Country] ([Id], [Code], [Label], [IsDeleted], [TransactionUserId], [Deleted_Token], [Alpha2], [Alpha3], [NameEn], [NameFr]) VALUES (155, N'484', NULL, 0, 0, NULL, N'MX', N'MEX', N'Mexico', N'Mexique')
INSERT INTO [Shared].[Country] ([Id], [Code], [Label], [IsDeleted], [TransactionUserId], [Deleted_Token], [Alpha2], [Alpha3], [NameEn], [NameFr]) VALUES (156, N'492', NULL, 0, 0, NULL, N'MC', N'MCO', N'Monaco', N'Monaco')
INSERT INTO [Shared].[Country] ([Id], [Code], [Label], [IsDeleted], [TransactionUserId], [Deleted_Token], [Alpha2], [Alpha3], [NameEn], [NameFr]) VALUES (157, N'496', NULL, 0, 0, NULL, N'MN', N'MNG', N'Mongolia', N'Mongolie')
INSERT INTO [Shared].[Country] ([Id], [Code], [Label], [IsDeleted], [TransactionUserId], [Deleted_Token], [Alpha2], [Alpha3], [NameEn], [NameFr]) VALUES (158, N'498', NULL, 0, 0, NULL, N'MD', N'MDA', N'Republic of Moldova', N'République de Moldova')
INSERT INTO [Shared].[Country] ([Id], [Code], [Label], [IsDeleted], [TransactionUserId], [Deleted_Token], [Alpha2], [Alpha3], [NameEn], [NameFr]) VALUES (159, N'500', NULL, 0, 0, NULL, N'MS', N'MSR', N'Montserrat', N'Montserrat')
INSERT INTO [Shared].[Country] ([Id], [Code], [Label], [IsDeleted], [TransactionUserId], [Deleted_Token], [Alpha2], [Alpha3], [NameEn], [NameFr]) VALUES (160, N'504', NULL, 0, 0, NULL, N'MA', N'MAR', N'Morocco', N'Maroc')
INSERT INTO [Shared].[Country] ([Id], [Code], [Label], [IsDeleted], [TransactionUserId], [Deleted_Token], [Alpha2], [Alpha3], [NameEn], [NameFr]) VALUES (161, N'508', NULL, 0, 0, NULL, N'MZ', N'MOZ', N'Mozambique', N'Mozambique')
INSERT INTO [Shared].[Country] ([Id], [Code], [Label], [IsDeleted], [TransactionUserId], [Deleted_Token], [Alpha2], [Alpha3], [NameEn], [NameFr]) VALUES (162, N'512', NULL, 0, 0, NULL, N'OM', N'OMN', N'Oman', N'Oman')
INSERT INTO [Shared].[Country] ([Id], [Code], [Label], [IsDeleted], [TransactionUserId], [Deleted_Token], [Alpha2], [Alpha3], [NameEn], [NameFr]) VALUES (163, N'516', NULL, 0, 0, NULL, N'NA', N'NAM', N'Namibia', N'Namibie')
INSERT INTO [Shared].[Country] ([Id], [Code], [Label], [IsDeleted], [TransactionUserId], [Deleted_Token], [Alpha2], [Alpha3], [NameEn], [NameFr]) VALUES (164, N'520', NULL, 0, 0, NULL, N'NR', N'NRU', N'Nauru', N'Nauru')
INSERT INTO [Shared].[Country] ([Id], [Code], [Label], [IsDeleted], [TransactionUserId], [Deleted_Token], [Alpha2], [Alpha3], [NameEn], [NameFr]) VALUES (165, N'524', NULL, 0, 0, NULL, N'NP', N'NPL', N'Nepal', N'Népal')
INSERT INTO [Shared].[Country] ([Id], [Code], [Label], [IsDeleted], [TransactionUserId], [Deleted_Token], [Alpha2], [Alpha3], [NameEn], [NameFr]) VALUES (166, N'528', NULL, 0, 0, NULL, N'NL', N'NLD', N'Netherlands', N'Pays-Bas')
INSERT INTO [Shared].[Country] ([Id], [Code], [Label], [IsDeleted], [TransactionUserId], [Deleted_Token], [Alpha2], [Alpha3], [NameEn], [NameFr]) VALUES (167, N'530', NULL, 0, 0, NULL, N'AN', N'ANT', N'Netherlands Antilles', N'Antilles Néerlandaises')
INSERT INTO [Shared].[Country] ([Id], [Code], [Label], [IsDeleted], [TransactionUserId], [Deleted_Token], [Alpha2], [Alpha3], [NameEn], [NameFr]) VALUES (168, N'533', NULL, 0, 0, NULL, N'AW', N'ABW', N'Aruba', N'Aruba')
INSERT INTO [Shared].[Country] ([Id], [Code], [Label], [IsDeleted], [TransactionUserId], [Deleted_Token], [Alpha2], [Alpha3], [NameEn], [NameFr]) VALUES (169, N'540', NULL, 0, 0, NULL, N'NC', N'NCL', N'New Caledonia', N'Nouvelle-Calédonie')
INSERT INTO [Shared].[Country] ([Id], [Code], [Label], [IsDeleted], [TransactionUserId], [Deleted_Token], [Alpha2], [Alpha3], [NameEn], [NameFr]) VALUES (170, N'548', NULL, 0, 0, NULL, N'VU', N'VUT', N'Vanuatu', N'Vanuatu')
INSERT INTO [Shared].[Country] ([Id], [Code], [Label], [IsDeleted], [TransactionUserId], [Deleted_Token], [Alpha2], [Alpha3], [NameEn], [NameFr]) VALUES (171, N'554', NULL, 0, 0, NULL, N'NZ', N'NZL', N'New Zealand', N'Nouvelle-Zélande')
INSERT INTO [Shared].[Country] ([Id], [Code], [Label], [IsDeleted], [TransactionUserId], [Deleted_Token], [Alpha2], [Alpha3], [NameEn], [NameFr]) VALUES (172, N'558', NULL, 0, 0, NULL, N'NI', N'NIC', N'Nicaragua', N'Nicaragua')
INSERT INTO [Shared].[Country] ([Id], [Code], [Label], [IsDeleted], [TransactionUserId], [Deleted_Token], [Alpha2], [Alpha3], [NameEn], [NameFr]) VALUES (173, N'562', NULL, 0, 0, NULL, N'NE', N'NER', N'Niger', N'Niger')
INSERT INTO [Shared].[Country] ([Id], [Code], [Label], [IsDeleted], [TransactionUserId], [Deleted_Token], [Alpha2], [Alpha3], [NameEn], [NameFr]) VALUES (174, N'566', NULL, 0, 0, NULL, N'NG', N'NGA', N'Nigeria', N'Nigéria')
INSERT INTO [Shared].[Country] ([Id], [Code], [Label], [IsDeleted], [TransactionUserId], [Deleted_Token], [Alpha2], [Alpha3], [NameEn], [NameFr]) VALUES (175, N'570', NULL, 0, 0, NULL, N'NU', N'NIU', N'Niue', N'Niué')
INSERT INTO [Shared].[Country] ([Id], [Code], [Label], [IsDeleted], [TransactionUserId], [Deleted_Token], [Alpha2], [Alpha3], [NameEn], [NameFr]) VALUES (176, N'574', NULL, 0, 0, NULL, N'NF', N'NFK', N'Norfolk Island', N'Île Norfolk')
INSERT INTO [Shared].[Country] ([Id], [Code], [Label], [IsDeleted], [TransactionUserId], [Deleted_Token], [Alpha2], [Alpha3], [NameEn], [NameFr]) VALUES (177, N'578', NULL, 0, 0, NULL, N'NO', N'NOR', N'Norway', N'Norvège')
INSERT INTO [Shared].[Country] ([Id], [Code], [Label], [IsDeleted], [TransactionUserId], [Deleted_Token], [Alpha2], [Alpha3], [NameEn], [NameFr]) VALUES (178, N'580', NULL, 0, 0, NULL, N'MP', N'MNP', N'Northern Mariana Islands', N'Îles Mariannes du Nord')
INSERT INTO [Shared].[Country] ([Id], [Code], [Label], [IsDeleted], [TransactionUserId], [Deleted_Token], [Alpha2], [Alpha3], [NameEn], [NameFr]) VALUES (179, N'581', NULL, 0, 0, NULL, N'UM', N'UMI', N'United States Minor Outlying Islands', N'Îles Mineures Éloignées des États-Unis')
INSERT INTO [Shared].[Country] ([Id], [Code], [Label], [IsDeleted], [TransactionUserId], [Deleted_Token], [Alpha2], [Alpha3], [NameEn], [NameFr]) VALUES (180, N'583', NULL, 0, 0, NULL, N'FM', N'FSM', N'Federated States of Micronesia', N'États Fédérés de Micronésie')
INSERT INTO [Shared].[Country] ([Id], [Code], [Label], [IsDeleted], [TransactionUserId], [Deleted_Token], [Alpha2], [Alpha3], [NameEn], [NameFr]) VALUES (181, N'584', NULL, 0, 0, NULL, N'MH', N'MHL', N'Marshall Islands', N'Îles Marshall')
INSERT INTO [Shared].[Country] ([Id], [Code], [Label], [IsDeleted], [TransactionUserId], [Deleted_Token], [Alpha2], [Alpha3], [NameEn], [NameFr]) VALUES (182, N'585', NULL, 0, 0, NULL, N'PW', N'PLW', N'Palau', N'Palaos')
INSERT INTO [Shared].[Country] ([Id], [Code], [Label], [IsDeleted], [TransactionUserId], [Deleted_Token], [Alpha2], [Alpha3], [NameEn], [NameFr]) VALUES (183, N'586', NULL, 0, 0, NULL, N'PK', N'PAK', N'Pakistan', N'Pakistan')
INSERT INTO [Shared].[Country] ([Id], [Code], [Label], [IsDeleted], [TransactionUserId], [Deleted_Token], [Alpha2], [Alpha3], [NameEn], [NameFr]) VALUES (184, N'591', NULL, 0, 0, NULL, N'PA', N'PAN', N'Panama', N'Panama')
INSERT INTO [Shared].[Country] ([Id], [Code], [Label], [IsDeleted], [TransactionUserId], [Deleted_Token], [Alpha2], [Alpha3], [NameEn], [NameFr]) VALUES (185, N'598', NULL, 0, 0, NULL, N'PG', N'PNG', N'Papua New Guinea', N'Papouasie-Nouvelle-Guinée')
INSERT INTO [Shared].[Country] ([Id], [Code], [Label], [IsDeleted], [TransactionUserId], [Deleted_Token], [Alpha2], [Alpha3], [NameEn], [NameFr]) VALUES (186, N'600', NULL, 0, 0, NULL, N'PY', N'PRY', N'Paraguay', N'Paraguay')
INSERT INTO [Shared].[Country] ([Id], [Code], [Label], [IsDeleted], [TransactionUserId], [Deleted_Token], [Alpha2], [Alpha3], [NameEn], [NameFr]) VALUES (187, N'604', NULL, 0, 0, NULL, N'PE', N'PER', N'Peru', N'Pérou')
INSERT INTO [Shared].[Country] ([Id], [Code], [Label], [IsDeleted], [TransactionUserId], [Deleted_Token], [Alpha2], [Alpha3], [NameEn], [NameFr]) VALUES (188, N'608', NULL, 0, 0, NULL, N'PH', N'PHL', N'Philippines', N'Philippines')
INSERT INTO [Shared].[Country] ([Id], [Code], [Label], [IsDeleted], [TransactionUserId], [Deleted_Token], [Alpha2], [Alpha3], [NameEn], [NameFr]) VALUES (189, N'612', NULL, 0, 0, NULL, N'PN', N'PCN', N'Pitcairn', N'Pitcairn')
INSERT INTO [Shared].[Country] ([Id], [Code], [Label], [IsDeleted], [TransactionUserId], [Deleted_Token], [Alpha2], [Alpha3], [NameEn], [NameFr]) VALUES (190, N'616', NULL, 0, 0, NULL, N'PL', N'POL', N'Poland', N'Pologne')
INSERT INTO [Shared].[Country] ([Id], [Code], [Label], [IsDeleted], [TransactionUserId], [Deleted_Token], [Alpha2], [Alpha3], [NameEn], [NameFr]) VALUES (191, N'620', NULL, 0, 0, NULL, N'PT', N'PRT', N'Portugal', N'Portugal')
INSERT INTO [Shared].[Country] ([Id], [Code], [Label], [IsDeleted], [TransactionUserId], [Deleted_Token], [Alpha2], [Alpha3], [NameEn], [NameFr]) VALUES (192, N'624', NULL, 0, 0, NULL, N'GW', N'GNB', N'Guinea-Bissau', N'Guinée-Bissau')
INSERT INTO [Shared].[Country] ([Id], [Code], [Label], [IsDeleted], [TransactionUserId], [Deleted_Token], [Alpha2], [Alpha3], [NameEn], [NameFr]) VALUES (193, N'626', NULL, 0, 0, NULL, N'TL', N'TLS', N'Timor-Leste', N'Timor-Leste')
INSERT INTO [Shared].[Country] ([Id], [Code], [Label], [IsDeleted], [TransactionUserId], [Deleted_Token], [Alpha2], [Alpha3], [NameEn], [NameFr]) VALUES (194, N'630', NULL, 0, 0, NULL, N'PR', N'PRI', N'Puerto Rico', N'Porto Rico')
INSERT INTO [Shared].[Country] ([Id], [Code], [Label], [IsDeleted], [TransactionUserId], [Deleted_Token], [Alpha2], [Alpha3], [NameEn], [NameFr]) VALUES (195, N'634', NULL, 0, 0, NULL, N'QA', N'QAT', N'Qatar', N'Qatar')
INSERT INTO [Shared].[Country] ([Id], [Code], [Label], [IsDeleted], [TransactionUserId], [Deleted_Token], [Alpha2], [Alpha3], [NameEn], [NameFr]) VALUES (196, N'638', NULL, 0, 0, NULL, N'RE', N'REU', N'Réunion', N'Réunion')
INSERT INTO [Shared].[Country] ([Id], [Code], [Label], [IsDeleted], [TransactionUserId], [Deleted_Token], [Alpha2], [Alpha3], [NameEn], [NameFr]) VALUES (197, N'642', NULL, 0, 0, NULL, N'RO', N'ROU', N'Romania', N'Roumanie')
INSERT INTO [Shared].[Country] ([Id], [Code], [Label], [IsDeleted], [TransactionUserId], [Deleted_Token], [Alpha2], [Alpha3], [NameEn], [NameFr]) VALUES (198, N'643', NULL, 0, 0, NULL, N'RU', N'RUS', N'Russian Federation', N'Fédération de Russie')
INSERT INTO [Shared].[Country] ([Id], [Code], [Label], [IsDeleted], [TransactionUserId], [Deleted_Token], [Alpha2], [Alpha3], [NameEn], [NameFr]) VALUES (199, N'646', NULL, 0, 0, NULL, N'RW', N'RWA', N'Rwanda', N'Rwanda')
INSERT INTO [Shared].[Country] ([Id], [Code], [Label], [IsDeleted], [TransactionUserId], [Deleted_Token], [Alpha2], [Alpha3], [NameEn], [NameFr]) VALUES (200, N'654', NULL, 0, 0, NULL, N'SH', N'SHN', N'Saint Helena', N'Sainte-Hélène')
INSERT INTO [Shared].[Country] ([Id], [Code], [Label], [IsDeleted], [TransactionUserId], [Deleted_Token], [Alpha2], [Alpha3], [NameEn], [NameFr]) VALUES (201, N'659', NULL, 0, 0, NULL, N'KN', N'KNA', N'Saint Kitts and Nevis', N'Saint-Kitts-et-Nevis')
INSERT INTO [Shared].[Country] ([Id], [Code], [Label], [IsDeleted], [TransactionUserId], [Deleted_Token], [Alpha2], [Alpha3], [NameEn], [NameFr]) VALUES (202, N'660', NULL, 0, 0, NULL, N'AI', N'AIA', N'Anguilla', N'Anguilla')
INSERT INTO [Shared].[Country] ([Id], [Code], [Label], [IsDeleted], [TransactionUserId], [Deleted_Token], [Alpha2], [Alpha3], [NameEn], [NameFr]) VALUES (203, N'662', NULL, 0, 0, NULL, N'LC', N'LCA', N'Saint Lucia', N'Sainte-Lucie')
INSERT INTO [Shared].[Country] ([Id], [Code], [Label], [IsDeleted], [TransactionUserId], [Deleted_Token], [Alpha2], [Alpha3], [NameEn], [NameFr]) VALUES (204, N'666', NULL, 0, 0, NULL, N'PM', N'SPM', N'Saint-Pierre and Miquelon', N'Saint-Pierre-et-Miquelon')
INSERT INTO [Shared].[Country] ([Id], [Code], [Label], [IsDeleted], [TransactionUserId], [Deleted_Token], [Alpha2], [Alpha3], [NameEn], [NameFr]) VALUES (205, N'670', NULL, 0, 0, NULL, N'VC', N'VCT', N'Saint Vincent and the Grenadines', N'Saint-Vincent-et-les Grenadines')
INSERT INTO [Shared].[Country] ([Id], [Code], [Label], [IsDeleted], [TransactionUserId], [Deleted_Token], [Alpha2], [Alpha3], [NameEn], [NameFr]) VALUES (206, N'674', NULL, 0, 0, NULL, N'SM', N'SMR', N'San Marino', N'Saint-Marin')
INSERT INTO [Shared].[Country] ([Id], [Code], [Label], [IsDeleted], [TransactionUserId], [Deleted_Token], [Alpha2], [Alpha3], [NameEn], [NameFr]) VALUES (207, N'678', NULL, 0, 0, NULL, N'ST', N'STP', N'Sao Tome and Principe', N'Sao Tomé-et-Principe')
INSERT INTO [Shared].[Country] ([Id], [Code], [Label], [IsDeleted], [TransactionUserId], [Deleted_Token], [Alpha2], [Alpha3], [NameEn], [NameFr]) VALUES (208, N'682', NULL, 0, 0, NULL, N'SA', N'SAU', N'Saudi Arabia', N'Arabie Saoudite')
INSERT INTO [Shared].[Country] ([Id], [Code], [Label], [IsDeleted], [TransactionUserId], [Deleted_Token], [Alpha2], [Alpha3], [NameEn], [NameFr]) VALUES (209, N'686', NULL, 0, 0, NULL, N'SN', N'SEN', N'Senegal', N'Sénégal')
INSERT INTO [Shared].[Country] ([Id], [Code], [Label], [IsDeleted], [TransactionUserId], [Deleted_Token], [Alpha2], [Alpha3], [NameEn], [NameFr]) VALUES (210, N'690', NULL, 0, 0, NULL, N'SC', N'SYC', N'Seychelles', N'Seychelles')
INSERT INTO [Shared].[Country] ([Id], [Code], [Label], [IsDeleted], [TransactionUserId], [Deleted_Token], [Alpha2], [Alpha3], [NameEn], [NameFr]) VALUES (211, N'694', NULL, 0, 0, NULL, N'SL', N'SLE', N'Sierra Leone', N'Sierra Leone')
INSERT INTO [Shared].[Country] ([Id], [Code], [Label], [IsDeleted], [TransactionUserId], [Deleted_Token], [Alpha2], [Alpha3], [NameEn], [NameFr]) VALUES (212, N'702', NULL, 0, 0, NULL, N'SG', N'SGP', N'Singapore', N'Singapour')
INSERT INTO [Shared].[Country] ([Id], [Code], [Label], [IsDeleted], [TransactionUserId], [Deleted_Token], [Alpha2], [Alpha3], [NameEn], [NameFr]) VALUES (213, N'703', NULL, 0, 0, NULL, N'SK', N'SVK', N'Slovakia', N'Slovaquie')
INSERT INTO [Shared].[Country] ([Id], [Code], [Label], [IsDeleted], [TransactionUserId], [Deleted_Token], [Alpha2], [Alpha3], [NameEn], [NameFr]) VALUES (214, N'704', NULL, 0, 0, NULL, N'VN', N'VNM', N'Vietnam', N'Viet Nam')
INSERT INTO [Shared].[Country] ([Id], [Code], [Label], [IsDeleted], [TransactionUserId], [Deleted_Token], [Alpha2], [Alpha3], [NameEn], [NameFr]) VALUES (215, N'705', NULL, 0, 0, NULL, N'SI', N'SVN', N'Slovenia', N'Slovénie')
INSERT INTO [Shared].[Country] ([Id], [Code], [Label], [IsDeleted], [TransactionUserId], [Deleted_Token], [Alpha2], [Alpha3], [NameEn], [NameFr]) VALUES (216, N'706', NULL, 0, 0, NULL, N'SO', N'SOM', N'Somalia', N'Somalie')
INSERT INTO [Shared].[Country] ([Id], [Code], [Label], [IsDeleted], [TransactionUserId], [Deleted_Token], [Alpha2], [Alpha3], [NameEn], [NameFr]) VALUES (217, N'710', NULL, 0, 0, NULL, N'ZA', N'ZAF', N'South Africa', N'Afrique du Sud')
INSERT INTO [Shared].[Country] ([Id], [Code], [Label], [IsDeleted], [TransactionUserId], [Deleted_Token], [Alpha2], [Alpha3], [NameEn], [NameFr]) VALUES (218, N'716', NULL, 0, 0, NULL, N'ZW', N'ZWE', N'Zimbabwe', N'Zimbabwe')
INSERT INTO [Shared].[Country] ([Id], [Code], [Label], [IsDeleted], [TransactionUserId], [Deleted_Token], [Alpha2], [Alpha3], [NameEn], [NameFr]) VALUES (219, N'724', NULL, 0, 0, NULL, N'ES', N'ESP', N'Spain', N'Espagne')
INSERT INTO [Shared].[Country] ([Id], [Code], [Label], [IsDeleted], [TransactionUserId], [Deleted_Token], [Alpha2], [Alpha3], [NameEn], [NameFr]) VALUES (220, N'732', NULL, 0, 0, NULL, N'EH', N'ESH', N'Western Sahara', N'Sahara Occidental')
INSERT INTO [Shared].[Country] ([Id], [Code], [Label], [IsDeleted], [TransactionUserId], [Deleted_Token], [Alpha2], [Alpha3], [NameEn], [NameFr]) VALUES (221, N'736', NULL, 0, 0, NULL, N'SD', N'SDN', N'Sudan', N'Soudan')
INSERT INTO [Shared].[Country] ([Id], [Code], [Label], [IsDeleted], [TransactionUserId], [Deleted_Token], [Alpha2], [Alpha3], [NameEn], [NameFr]) VALUES (222, N'740', NULL, 0, 0, NULL, N'SR', N'SUR', N'Suriname', N'Suriname')
INSERT INTO [Shared].[Country] ([Id], [Code], [Label], [IsDeleted], [TransactionUserId], [Deleted_Token], [Alpha2], [Alpha3], [NameEn], [NameFr]) VALUES (223, N'744', NULL, 0, 0, NULL, N'SJ', N'SJM', N'Svalbard and Jan Mayen', N'Svalbard etÎle Jan Mayen')
INSERT INTO [Shared].[Country] ([Id], [Code], [Label], [IsDeleted], [TransactionUserId], [Deleted_Token], [Alpha2], [Alpha3], [NameEn], [NameFr]) VALUES (224, N'748', NULL, 0, 0, NULL, N'SZ', N'SWZ', N'Swaziland', N'Swaziland')
INSERT INTO [Shared].[Country] ([Id], [Code], [Label], [IsDeleted], [TransactionUserId], [Deleted_Token], [Alpha2], [Alpha3], [NameEn], [NameFr]) VALUES (225, N'752', NULL, 0, 0, NULL, N'SE', N'SWE', N'Sweden', N'Suède')
INSERT INTO [Shared].[Country] ([Id], [Code], [Label], [IsDeleted], [TransactionUserId], [Deleted_Token], [Alpha2], [Alpha3], [NameEn], [NameFr]) VALUES (226, N'756', NULL, 0, 0, NULL, N'CH', N'CHE', N'Switzerland', N'Suisse')
INSERT INTO [Shared].[Country] ([Id], [Code], [Label], [IsDeleted], [TransactionUserId], [Deleted_Token], [Alpha2], [Alpha3], [NameEn], [NameFr]) VALUES (227, N'760', NULL, 0, 0, NULL, N'SY', N'SYR', N'Syrian Arab Republic', N'République Arabe Syrienne')
INSERT INTO [Shared].[Country] ([Id], [Code], [Label], [IsDeleted], [TransactionUserId], [Deleted_Token], [Alpha2], [Alpha3], [NameEn], [NameFr]) VALUES (228, N'762', NULL, 0, 0, NULL, N'TJ', N'TJK', N'Tajikistan', N'Tadjikistan')
INSERT INTO [Shared].[Country] ([Id], [Code], [Label], [IsDeleted], [TransactionUserId], [Deleted_Token], [Alpha2], [Alpha3], [NameEn], [NameFr]) VALUES (229, N'764', NULL, 0, 0, NULL, N'TH', N'THA', N'Thailand', N'Thaïlande')
INSERT INTO [Shared].[Country] ([Id], [Code], [Label], [IsDeleted], [TransactionUserId], [Deleted_Token], [Alpha2], [Alpha3], [NameEn], [NameFr]) VALUES (230, N'768', NULL, 0, 0, NULL, N'TG', N'TGO', N'Togo', N'Togo')
INSERT INTO [Shared].[Country] ([Id], [Code], [Label], [IsDeleted], [TransactionUserId], [Deleted_Token], [Alpha2], [Alpha3], [NameEn], [NameFr]) VALUES (231, N'772', NULL, 0, 0, NULL, N'TK', N'TKL', N'Tokelau', N'Tokelau')
INSERT INTO [Shared].[Country] ([Id], [Code], [Label], [IsDeleted], [TransactionUserId], [Deleted_Token], [Alpha2], [Alpha3], [NameEn], [NameFr]) VALUES (232, N'776', NULL, 0, 0, NULL, N'TO', N'TON', N'Tonga', N'Tonga')
INSERT INTO [Shared].[Country] ([Id], [Code], [Label], [IsDeleted], [TransactionUserId], [Deleted_Token], [Alpha2], [Alpha3], [NameEn], [NameFr]) VALUES (233, N'780', NULL, 0, 0, NULL, N'TT', N'TTO', N'Trinidad and Tobago', N'Trinité-et-Tobago')
INSERT INTO [Shared].[Country] ([Id], [Code], [Label], [IsDeleted], [TransactionUserId], [Deleted_Token], [Alpha2], [Alpha3], [NameEn], [NameFr]) VALUES (234, N'784', NULL, 0, 0, NULL, N'AE', N'ARE', N'United Arab Emirates', N'Émirats Arabes Unis')
INSERT INTO [Shared].[Country] ([Id], [Code], [Label], [IsDeleted], [TransactionUserId], [Deleted_Token], [Alpha2], [Alpha3], [NameEn], [NameFr]) VALUES (235, N'788', NULL, 0, 0, NULL, N'TN', N'TUN', N'Tunisia', N'Tunisie')
INSERT INTO [Shared].[Country] ([Id], [Code], [Label], [IsDeleted], [TransactionUserId], [Deleted_Token], [Alpha2], [Alpha3], [NameEn], [NameFr]) VALUES (236, N'792', NULL, 0, 0, NULL, N'TR', N'TUR', N'Turkey', N'Turquie')
INSERT INTO [Shared].[Country] ([Id], [Code], [Label], [IsDeleted], [TransactionUserId], [Deleted_Token], [Alpha2], [Alpha3], [NameEn], [NameFr]) VALUES (237, N'795', NULL, 0, 0, NULL, N'TM', N'TKM', N'Turkmenistan', N'Turkménistan')
INSERT INTO [Shared].[Country] ([Id], [Code], [Label], [IsDeleted], [TransactionUserId], [Deleted_Token], [Alpha2], [Alpha3], [NameEn], [NameFr]) VALUES (238, N'796', NULL, 0, 0, NULL, N'TC', N'TCA', N'Turks and Caicos Islands', N'Îles Turks et Caïques')
INSERT INTO [Shared].[Country] ([Id], [Code], [Label], [IsDeleted], [TransactionUserId], [Deleted_Token], [Alpha2], [Alpha3], [NameEn], [NameFr]) VALUES (239, N'798', NULL, 0, 0, NULL, N'TV', N'TUV', N'Tuvalu', N'Tuvalu')
INSERT INTO [Shared].[Country] ([Id], [Code], [Label], [IsDeleted], [TransactionUserId], [Deleted_Token], [Alpha2], [Alpha3], [NameEn], [NameFr]) VALUES (240, N'800', NULL, 0, 0, NULL, N'UG', N'UGA', N'Uganda', N'Ouganda')
INSERT INTO [Shared].[Country] ([Id], [Code], [Label], [IsDeleted], [TransactionUserId], [Deleted_Token], [Alpha2], [Alpha3], [NameEn], [NameFr]) VALUES (241, N'804', NULL, 0, 0, NULL, N'UA', N'UKR', N'Ukraine', N'Ukraine')
INSERT INTO [Shared].[Country] ([Id], [Code], [Label], [IsDeleted], [TransactionUserId], [Deleted_Token], [Alpha2], [Alpha3], [NameEn], [NameFr]) VALUES (242, N'807', NULL, 0, 0, NULL, N'MK', N'MKD', N'The Former Yugoslav Republic of Macedonia', N'L''ex-République Yougoslave de Macédoine')
INSERT INTO [Shared].[Country] ([Id], [Code], [Label], [IsDeleted], [TransactionUserId], [Deleted_Token], [Alpha2], [Alpha3], [NameEn], [NameFr]) VALUES (243, N'818', NULL, 0, 0, NULL, N'EG', N'EGY', N'Egypt', N'Égypte')
INSERT INTO [Shared].[Country] ([Id], [Code], [Label], [IsDeleted], [TransactionUserId], [Deleted_Token], [Alpha2], [Alpha3], [NameEn], [NameFr]) VALUES (244, N'826', NULL, 0, 0, NULL, N'GB', N'GBR', N'United Kingdom', N'Royaume-Uni')
INSERT INTO [Shared].[Country] ([Id], [Code], [Label], [IsDeleted], [TransactionUserId], [Deleted_Token], [Alpha2], [Alpha3], [NameEn], [NameFr]) VALUES (245, N'833', NULL, 0, 0, NULL, N'IM', N'IMN', N'Isle of Man', N'Île de Man')
INSERT INTO [Shared].[Country] ([Id], [Code], [Label], [IsDeleted], [TransactionUserId], [Deleted_Token], [Alpha2], [Alpha3], [NameEn], [NameFr]) VALUES (246, N'834', NULL, 0, 0, NULL, N'TZ', N'TZA', N'United Republic Of Tanzania', N'République-Unie de Tanzanie')
INSERT INTO [Shared].[Country] ([Id], [Code], [Label], [IsDeleted], [TransactionUserId], [Deleted_Token], [Alpha2], [Alpha3], [NameEn], [NameFr]) VALUES (247, N'840', NULL, 0, 0, NULL, N'US', N'USA', N'United States', N'États-Unis')
INSERT INTO [Shared].[Country] ([Id], [Code], [Label], [IsDeleted], [TransactionUserId], [Deleted_Token], [Alpha2], [Alpha3], [NameEn], [NameFr]) VALUES (248, N'850', NULL, 0, 0, NULL, N'VI', N'VIR', N'U.S. Virgin Islands', N'Îles Vierges des États-Unis')
INSERT INTO [Shared].[Country] ([Id], [Code], [Label], [IsDeleted], [TransactionUserId], [Deleted_Token], [Alpha2], [Alpha3], [NameEn], [NameFr]) VALUES (249, N'854', NULL, 0, 0, NULL, N'BF', N'BFA', N'Burkina Faso', N'Burkina Faso')
INSERT INTO [Shared].[Country] ([Id], [Code], [Label], [IsDeleted], [TransactionUserId], [Deleted_Token], [Alpha2], [Alpha3], [NameEn], [NameFr]) VALUES (250, N'858', NULL, 0, 0, NULL, N'UY', N'URY', N'Uruguay', N'Uruguay')
INSERT INTO [Shared].[Country] ([Id], [Code], [Label], [IsDeleted], [TransactionUserId], [Deleted_Token], [Alpha2], [Alpha3], [NameEn], [NameFr]) VALUES (251, N'860', NULL, 0, 0, NULL, N'UZ', N'UZB', N'Uzbekistan', N'Ouzbékistan')
INSERT INTO [Shared].[Country] ([Id], [Code], [Label], [IsDeleted], [TransactionUserId], [Deleted_Token], [Alpha2], [Alpha3], [NameEn], [NameFr]) VALUES (252, N'862', NULL, 0, 0, NULL, N'VE', N'VEN', N'Venezuela', N'Venezuela')
INSERT INTO [Shared].[Country] ([Id], [Code], [Label], [IsDeleted], [TransactionUserId], [Deleted_Token], [Alpha2], [Alpha3], [NameEn], [NameFr]) VALUES (253, N'876', NULL, 0, 0, NULL, N'WF', N'WLF', N'Wallis and Futuna', N'Wallis et Futuna')
INSERT INTO [Shared].[Country] ([Id], [Code], [Label], [IsDeleted], [TransactionUserId], [Deleted_Token], [Alpha2], [Alpha3], [NameEn], [NameFr]) VALUES (254, N'882', NULL, 0, 0, NULL, N'WS', N'WSM', N'Samoa', N'Samoa')
INSERT INTO [Shared].[Country] ([Id], [Code], [Label], [IsDeleted], [TransactionUserId], [Deleted_Token], [Alpha2], [Alpha3], [NameEn], [NameFr]) VALUES (255, N'887', NULL, 0, 0, NULL, N'YE', N'YEM', N'Yemen', N'Yémen')
INSERT INTO [Shared].[Country] ([Id], [Code], [Label], [IsDeleted], [TransactionUserId], [Deleted_Token], [Alpha2], [Alpha3], [NameEn], [NameFr]) VALUES (256, N'891', NULL, 0, 0, NULL, N'CS', N'SCG', N'Serbia and Montenegro', N'Serbie-et-Monténégro')
INSERT INTO [Shared].[Country] ([Id], [Code], [Label], [IsDeleted], [TransactionUserId], [Deleted_Token], [Alpha2], [Alpha3], [NameEn], [NameFr]) VALUES (257, N'894', NULL, 0, 0, NULL, N'ZM', N'ZMB', N'Zambia', N'Zambie')
SET IDENTITY_INSERT [Shared].[Country] OFF

SET IDENTITY_INSERT [Shared].[City] ON
INSERT INTO [Shared].[City] ([Id], [Code], [Label], [IdCountry], [IsDeleted], [TransactionUserId], [Deleted_Token]) VALUES (84, N'Sfax', N'Sfax', 235, 0, 0, NULL)
INSERT INTO [Shared].[City] ([Id], [Code], [Label], [IdCountry], [IsDeleted], [TransactionUserId], [Deleted_Token]) VALUES (85, N'Tunis', N'gfdg', 235, 0, 0, NULL)
INSERT INTO [Shared].[City] ([Id], [Code], [Label], [IdCountry], [IsDeleted], [TransactionUserId], [Deleted_Token]) VALUES (87, N'Paris', N'Paris', 91, 0, 0, NULL)
INSERT INTO [Shared].[City] ([Id], [Code], [Label], [IdCountry], [IsDeleted], [TransactionUserId], [Deleted_Token]) VALUES (88, N'Nice', N'Nice', 91, 0, 0, NULL)
INSERT INTO [Shared].[City] ([Id], [Code], [Label], [IdCountry], [IsDeleted], [TransactionUserId], [Deleted_Token]) VALUES (89, N'Innaba', N'Innaba', 20, 0, 0, NULL)
SET IDENTITY_INSERT [Shared].[City] OFF

SET IDENTITY_INSERT [Payment].[PaymentType] ON
INSERT INTO [Payment].[PaymentType] ([Id], [Label], [IsDeleted], [TransactionUserId], [PaymentType_int_1], [PaymentType_int_2], [PaymentType_int_3], [PaymentType_int_4], [PaymentType_int_5], [PaymentType_int_6], [PaymentType_int_7], [PaymentType_int_8], [PaymentType_int_9], [PaymentType_int_10], [PaymentType_bit_1], [PaymentType_bit_2], [PaymentType_bit_3], [PaymentType_bit_4], [PaymentType_bit_5], [PaymentType_bit_6], [PaymentType_bit_7], [PaymentType_bit_8], [PaymentType_bit_9], [PaymentType_bit_10], [PaymentType_float_1], [PaymentType_float_2], [PaymentType_float_3], [PaymentType_float_4], [PaymentType_float_5], [PaymentType_float_6], [PaymentType_float_7], [PaymentType_float_8], [PaymentType_float_9], [PaymentType_float_10], [PaymentType_varchar_1], [PaymentType_varchar_2], [PaymentType_varchar_3], [PaymentType_varchar_4], [PaymentType_varchar_5], [PaymentType_varchar_6], [PaymentType_varchar_7], [PaymentType_varchar_8], [PaymentType_varchar_9], [PaymentType_varchar_10], [PaymentType_date_1], [PaymentType_date_2], [PaymentType_date_3], [PaymentType_date_4], [PaymentType_date_5], [PaymentType_date_6], [PaymentType_date_7], [PaymentType_date_8], [PaymentType_date_9], [PaymentType_date_10], [Deleted_Token], [Code]) VALUES (4, N'Espèce', 0, 1, NULL, NULL, NULL, NULL, NULL, NULL, NULL, NULL, NULL, NULL, NULL, NULL, NULL, NULL, NULL, NULL, NULL, NULL, NULL, NULL, NULL, NULL, NULL, NULL, NULL, NULL, NULL, NULL, NULL, NULL, NULL, NULL, NULL, NULL, NULL, NULL, NULL, NULL, NULL, NULL, NULL, NULL, NULL, NULL, NULL, NULL, NULL, NULL, NULL, NULL, NULL, N'ESP')
INSERT INTO [Payment].[PaymentType] ([Id], [Label], [IsDeleted], [TransactionUserId], [PaymentType_int_1], [PaymentType_int_2], [PaymentType_int_3], [PaymentType_int_4], [PaymentType_int_5], [PaymentType_int_6], [PaymentType_int_7], [PaymentType_int_8], [PaymentType_int_9], [PaymentType_int_10], [PaymentType_bit_1], [PaymentType_bit_2], [PaymentType_bit_3], [PaymentType_bit_4], [PaymentType_bit_5], [PaymentType_bit_6], [PaymentType_bit_7], [PaymentType_bit_8], [PaymentType_bit_9], [PaymentType_bit_10], [PaymentType_float_1], [PaymentType_float_2], [PaymentType_float_3], [PaymentType_float_4], [PaymentType_float_5], [PaymentType_float_6], [PaymentType_float_7], [PaymentType_float_8], [PaymentType_float_9], [PaymentType_float_10], [PaymentType_varchar_1], [PaymentType_varchar_2], [PaymentType_varchar_3], [PaymentType_varchar_4], [PaymentType_varchar_5], [PaymentType_varchar_6], [PaymentType_varchar_7], [PaymentType_varchar_8], [PaymentType_varchar_9], [PaymentType_varchar_10], [PaymentType_date_1], [PaymentType_date_2], [PaymentType_date_3], [PaymentType_date_4], [PaymentType_date_5], [PaymentType_date_6], [PaymentType_date_7], [PaymentType_date_8], [PaymentType_date_9], [PaymentType_date_10], [Deleted_Token], [Code]) VALUES (5, N'Chèque', 0, 1, NULL, NULL, NULL, NULL, NULL, NULL, NULL, NULL, NULL, NULL, NULL, NULL, NULL, NULL, NULL, NULL, NULL, NULL, NULL, NULL, NULL, NULL, NULL, NULL, NULL, NULL, NULL, NULL, NULL, NULL, NULL, NULL, NULL, NULL, NULL, NULL, NULL, NULL, NULL, NULL, NULL, NULL, NULL, NULL, NULL, NULL, NULL, NULL, NULL, NULL, NULL, N'CHQ')
INSERT INTO [Payment].[PaymentType] ([Id], [Label], [IsDeleted], [TransactionUserId], [PaymentType_int_1], [PaymentType_int_2], [PaymentType_int_3], [PaymentType_int_4], [PaymentType_int_5], [PaymentType_int_6], [PaymentType_int_7], [PaymentType_int_8], [PaymentType_int_9], [PaymentType_int_10], [PaymentType_bit_1], [PaymentType_bit_2], [PaymentType_bit_3], [PaymentType_bit_4], [PaymentType_bit_5], [PaymentType_bit_6], [PaymentType_bit_7], [PaymentType_bit_8], [PaymentType_bit_9], [PaymentType_bit_10], [PaymentType_float_1], [PaymentType_float_2], [PaymentType_float_3], [PaymentType_float_4], [PaymentType_float_5], [PaymentType_float_6], [PaymentType_float_7], [PaymentType_float_8], [PaymentType_float_9], [PaymentType_float_10], [PaymentType_varchar_1], [PaymentType_varchar_2], [PaymentType_varchar_3], [PaymentType_varchar_4], [PaymentType_varchar_5], [PaymentType_varchar_6], [PaymentType_varchar_7], [PaymentType_varchar_8], [PaymentType_varchar_9], [PaymentType_varchar_10], [PaymentType_date_1], [PaymentType_date_2], [PaymentType_date_3], [PaymentType_date_4], [PaymentType_date_5], [PaymentType_date_6], [PaymentType_date_7], [PaymentType_date_8], [PaymentType_date_9], [PaymentType_date_10], [Deleted_Token], [Code]) VALUES (6, N'Virement', 0, 1, NULL, NULL, NULL, NULL, NULL, NULL, NULL, NULL, NULL, NULL, NULL, NULL, NULL, NULL, NULL, NULL, NULL, NULL, NULL, NULL, NULL, NULL, NULL, NULL, NULL, NULL, NULL, NULL, NULL, NULL, NULL, NULL, NULL, NULL, NULL, NULL, NULL, NULL, NULL, NULL, NULL, NULL, NULL, NULL, NULL, NULL, NULL, NULL, NULL, NULL, NULL, N'VIR')
INSERT INTO [Payment].[PaymentType] ([Id], [Label], [IsDeleted], [TransactionUserId], [PaymentType_int_1], [PaymentType_int_2], [PaymentType_int_3], [PaymentType_int_4], [PaymentType_int_5], [PaymentType_int_6], [PaymentType_int_7], [PaymentType_int_8], [PaymentType_int_9], [PaymentType_int_10], [PaymentType_bit_1], [PaymentType_bit_2], [PaymentType_bit_3], [PaymentType_bit_4], [PaymentType_bit_5], [PaymentType_bit_6], [PaymentType_bit_7], [PaymentType_bit_8], [PaymentType_bit_9], [PaymentType_bit_10], [PaymentType_float_1], [PaymentType_float_2], [PaymentType_float_3], [PaymentType_float_4], [PaymentType_float_5], [PaymentType_float_6], [PaymentType_float_7], [PaymentType_float_8], [PaymentType_float_9], [PaymentType_float_10], [PaymentType_varchar_1], [PaymentType_varchar_2], [PaymentType_varchar_3], [PaymentType_varchar_4], [PaymentType_varchar_5], [PaymentType_varchar_6], [PaymentType_varchar_7], [PaymentType_varchar_8], [PaymentType_varchar_9], [PaymentType_varchar_10], [PaymentType_date_1], [PaymentType_date_2], [PaymentType_date_3], [PaymentType_date_4], [PaymentType_date_5], [PaymentType_date_6], [PaymentType_date_7], [PaymentType_date_8], [PaymentType_date_9], [PaymentType_date_10], [Deleted_Token], [Code]) VALUES (7, N'Carte bancaire', 0, 1, NULL, NULL, NULL, NULL, NULL, NULL, NULL, NULL, NULL, NULL, NULL, NULL, NULL, NULL, NULL, NULL, NULL, NULL, NULL, NULL, NULL, NULL, NULL, NULL, NULL, NULL, NULL, NULL, NULL, NULL, NULL, NULL, NULL, NULL, NULL, NULL, NULL, NULL, NULL, NULL, NULL, NULL, NULL, NULL, NULL, NULL, NULL, NULL, NULL, NULL, NULL, N'CB')
INSERT INTO [Payment].[PaymentType] ([Id], [Label], [IsDeleted], [TransactionUserId], [PaymentType_int_1], [PaymentType_int_2], [PaymentType_int_3], [PaymentType_int_4], [PaymentType_int_5], [PaymentType_int_6], [PaymentType_int_7], [PaymentType_int_8], [PaymentType_int_9], [PaymentType_int_10], [PaymentType_bit_1], [PaymentType_bit_2], [PaymentType_bit_3], [PaymentType_bit_4], [PaymentType_bit_5], [PaymentType_bit_6], [PaymentType_bit_7], [PaymentType_bit_8], [PaymentType_bit_9], [PaymentType_bit_10], [PaymentType_float_1], [PaymentType_float_2], [PaymentType_float_3], [PaymentType_float_4], [PaymentType_float_5], [PaymentType_float_6], [PaymentType_float_7], [PaymentType_float_8], [PaymentType_float_9], [PaymentType_float_10], [PaymentType_varchar_1], [PaymentType_varchar_2], [PaymentType_varchar_3], [PaymentType_varchar_4], [PaymentType_varchar_5], [PaymentType_varchar_6], [PaymentType_varchar_7], [PaymentType_varchar_8], [PaymentType_varchar_9], [PaymentType_varchar_10], [PaymentType_date_1], [PaymentType_date_2], [PaymentType_date_3], [PaymentType_date_4], [PaymentType_date_5], [PaymentType_date_6], [PaymentType_date_7], [PaymentType_date_8], [PaymentType_date_9], [PaymentType_date_10], [Deleted_Token], [Code]) VALUES (8, N'Traite', 0, 1, NULL, NULL, NULL, NULL, NULL, NULL, NULL, NULL, NULL, NULL, NULL, NULL, NULL, NULL, NULL, NULL, NULL, NULL, NULL, NULL, NULL, NULL, NULL, NULL, NULL, NULL, NULL, NULL, NULL, NULL, NULL, NULL, NULL, NULL, NULL, NULL, NULL, NULL, NULL, NULL, NULL, NULL, NULL, NULL, NULL, NULL, NULL, NULL, NULL, NULL, NULL, N'TRT')
SET IDENTITY_INSERT [Payment].[PaymentType] OFF
SET IDENTITY_INSERT [Shared].[ZipCode] ON
INSERT INTO [Shared].[ZipCode] ([Id], [Region], [Code], [IdCity], [IsDeleted], [TransactionUserId], [Deleted_Token]) VALUES (3, N'SFAX', N'3000      ', 84, 0, 0, NULL)
SET IDENTITY_INSERT [Shared].[ZipCode] OFF
SET IDENTITY_INSERT [Shared].[Company] ON
INSERT INTO [Shared].[Company] ([Id], [Code], [MatriculeFisc], [Name], [Description], [CommercialRegister], [TaxIdentNumber], [Picture], [Email], [WebSite], [Adress], [SIRET], [IdZipCode], [Region], [IdDaysOfWork], [IsDeleted], [TransactionUserId], [Tel1], [Tel2], [Fax], [FiscalStamp], [NIC], [IdNAF], [Capital], [PaymentOffset], [IdATRate], [HeuRef], [RegularisationMode], [IdCurrency], [Culture], [Deleted_Token], [AttachmentUrl], [DataLogoCompany], [VatNumber], [CnssAffiliation], [IdCountry], [IdCity], [AmputationPerHour], [TimeInterval], [WithholingTaxPercentage]) VALUES (1, N'C001', N'017981J/A/M/000', N'SOPIQ', N'SOPIQ', N'B113441997', N'2545414', NULL, N'demo@demo.fr', N'www.sopiq.tn', N'Imm El Yosr, Avenue Farhat Hached aaaaaaa aaaaaaa', NULL, 3, N'3000 SFAX', 26, 0, 0, N'(+216)74000000', N'', N'(+216)74000000', NULL, NULL, NULL, 1245487984, NULL, NULL, NULL, NULL, 2, N'fr', NULL, N'Administration\Company\SOPIQ\bccd2577-87a3-4486-9db5-325af69fd654', NULL, N'017981J', N'0000000000', 235, 84, NULL, NULL, 1)
SET IDENTITY_INSERT [Shared].[Company] OFF


SET IDENTITY_INSERT [Payment].[PaymentMethod] ON
INSERT INTO [Payment].[PaymentMethod] ([Id], [Code], [MethodName], [Description], [AuthorizedForExpenses], [AuthorizedForRecipes], [Immediate], [IsDeleted], [TransactionUserId], [IdPaymentType], [PaymentMethod_int_1], [PaymentMethod_int_2], [PaymentMethod_int_3], [PaymentMethod_int_4], [PaymentMethod_int_5], [PaymentMethod_int_6], [PaymentMethod_int_7], [PaymentMethod_int_8], [PaymentMethod_int_9], [PaymentMethod_int_10], [PaymentMethod_bit_1], [PaymentMethod_bit_2], [PaymentMethod_bit_3], [PaymentMethod_bit_4], [PaymentMethod_bit_5], [PaymentMethod_bit_6], [PaymentMethod_bit_7], [PaymentMethod_bit_8], [PaymentMethod_bit_9], [PaymentMethod_bit_10], [PaymentMethod_float_1], [PaymentMethod_float_2], [PaymentMethod_float_3], [PaymentMethod_float_4], [PaymentMethod_float_5], [PaymentMethod_float_6], [PaymentMethod_float_7], [PaymentMethod_float_8], [PaymentMethod_float_9], [PaymentMethod_float_10], [PaymentMethod_varchar_1], [PaymentMethod_varchar_2], [PaymentMethod_varchar_3], [PaymentMethod_varchar_4], [PaymentMethod_varchar_5], [PaymentMethod_varchar_6], [PaymentMethod_varchar_7], [PaymentMethod_varchar_8], [PaymentMethod_varchar_9], [PaymentMethod_varchar_10], [PaymentMethod_date_1], [PaymentMethod_date_2], [PaymentMethod_date_3], [PaymentMethod_date_4], [PaymentMethod_date_5], [PaymentMethod_date_6], [PaymentMethod_date_7], [PaymentMethod_date_8], [PaymentMethod_date_9], [PaymentMethod_date_10], [Deleted_Token], [Fr], [En]) VALUES (1, N'VIR', N'Virement', NULL, 1, 1, 1, 0, 0, 6, NULL, NULL, NULL, NULL, NULL, NULL, NULL, NULL, NULL, NULL, NULL, NULL, NULL, NULL, NULL, NULL, NULL, NULL, NULL, NULL, NULL, NULL, NULL, NULL, NULL, NULL, NULL, NULL, NULL, NULL, NULL, NULL, NULL, NULL, NULL, NULL, NULL, NULL, NULL, NULL, NULL, NULL, NULL, NULL, NULL, NULL, NULL, NULL, NULL, NULL, NULL, NULL, NULL)
INSERT INTO [Payment].[PaymentMethod] ([Id], [Code], [MethodName], [Description], [AuthorizedForExpenses], [AuthorizedForRecipes], [Immediate], [IsDeleted], [TransactionUserId], [IdPaymentType], [PaymentMethod_int_1], [PaymentMethod_int_2], [PaymentMethod_int_3], [PaymentMethod_int_4], [PaymentMethod_int_5], [PaymentMethod_int_6], [PaymentMethod_int_7], [PaymentMethod_int_8], [PaymentMethod_int_9], [PaymentMethod_int_10], [PaymentMethod_bit_1], [PaymentMethod_bit_2], [PaymentMethod_bit_3], [PaymentMethod_bit_4], [PaymentMethod_bit_5], [PaymentMethod_bit_6], [PaymentMethod_bit_7], [PaymentMethod_bit_8], [PaymentMethod_bit_9], [PaymentMethod_bit_10], [PaymentMethod_float_1], [PaymentMethod_float_2], [PaymentMethod_float_3], [PaymentMethod_float_4], [PaymentMethod_float_5], [PaymentMethod_float_6], [PaymentMethod_float_7], [PaymentMethod_float_8], [PaymentMethod_float_9], [PaymentMethod_float_10], [PaymentMethod_varchar_1], [PaymentMethod_varchar_2], [PaymentMethod_varchar_3], [PaymentMethod_varchar_4], [PaymentMethod_varchar_5], [PaymentMethod_varchar_6], [PaymentMethod_varchar_7], [PaymentMethod_varchar_8], [PaymentMethod_varchar_9], [PaymentMethod_varchar_10], [PaymentMethod_date_1], [PaymentMethod_date_2], [PaymentMethod_date_3], [PaymentMethod_date_4], [PaymentMethod_date_5], [PaymentMethod_date_6], [PaymentMethod_date_7], [PaymentMethod_date_8], [PaymentMethod_date_9], [PaymentMethod_date_10], [Deleted_Token], [Fr], [En]) VALUES (2, N'ESP', N'Espèce', NULL, 1, 1, 1, 0, 0, 4, NULL, NULL, NULL, NULL, NULL, NULL, NULL, NULL, NULL, NULL, NULL, NULL, NULL, NULL, NULL, NULL, NULL, NULL, NULL, NULL, NULL, NULL, NULL, NULL, NULL, NULL, NULL, NULL, NULL, NULL, NULL, NULL, NULL, NULL, NULL, NULL, NULL, NULL, NULL, NULL, NULL, NULL, NULL, NULL, NULL, NULL, NULL, NULL, NULL, NULL, NULL, NULL, NULL)
INSERT INTO [Payment].[PaymentMethod] ([Id], [Code], [MethodName], [Description], [AuthorizedForExpenses], [AuthorizedForRecipes], [Immediate], [IsDeleted], [TransactionUserId], [IdPaymentType], [PaymentMethod_int_1], [PaymentMethod_int_2], [PaymentMethod_int_3], [PaymentMethod_int_4], [PaymentMethod_int_5], [PaymentMethod_int_6], [PaymentMethod_int_7], [PaymentMethod_int_8], [PaymentMethod_int_9], [PaymentMethod_int_10], [PaymentMethod_bit_1], [PaymentMethod_bit_2], [PaymentMethod_bit_3], [PaymentMethod_bit_4], [PaymentMethod_bit_5], [PaymentMethod_bit_6], [PaymentMethod_bit_7], [PaymentMethod_bit_8], [PaymentMethod_bit_9], [PaymentMethod_bit_10], [PaymentMethod_float_1], [PaymentMethod_float_2], [PaymentMethod_float_3], [PaymentMethod_float_4], [PaymentMethod_float_5], [PaymentMethod_float_6], [PaymentMethod_float_7], [PaymentMethod_float_8], [PaymentMethod_float_9], [PaymentMethod_float_10], [PaymentMethod_varchar_1], [PaymentMethod_varchar_2], [PaymentMethod_varchar_3], [PaymentMethod_varchar_4], [PaymentMethod_varchar_5], [PaymentMethod_varchar_6], [PaymentMethod_varchar_7], [PaymentMethod_varchar_8], [PaymentMethod_varchar_9], [PaymentMethod_varchar_10], [PaymentMethod_date_1], [PaymentMethod_date_2], [PaymentMethod_date_3], [PaymentMethod_date_4], [PaymentMethod_date_5], [PaymentMethod_date_6], [PaymentMethod_date_7], [PaymentMethod_date_8], [PaymentMethod_date_9], [PaymentMethod_date_10], [Deleted_Token], [Fr], [En]) VALUES (3, N'CB', N'Carte bancaire', NULL, 1, 1, 1, 0, 0, 7, NULL, NULL, NULL, NULL, NULL, NULL, NULL, NULL, NULL, NULL, NULL, NULL, NULL, NULL, NULL, NULL, NULL, NULL, NULL, NULL, NULL, NULL, NULL, NULL, NULL, NULL, NULL, NULL, NULL, NULL, NULL, NULL, NULL, NULL, NULL, NULL, NULL, NULL, NULL, NULL, NULL, NULL, NULL, NULL, NULL, NULL, NULL, NULL, NULL, NULL, NULL, NULL, NULL)
INSERT INTO [Payment].[PaymentMethod] ([Id], [Code], [MethodName], [Description], [AuthorizedForExpenses], [AuthorizedForRecipes], [Immediate], [IsDeleted], [TransactionUserId], [IdPaymentType], [PaymentMethod_int_1], [PaymentMethod_int_2], [PaymentMethod_int_3], [PaymentMethod_int_4], [PaymentMethod_int_5], [PaymentMethod_int_6], [PaymentMethod_int_7], [PaymentMethod_int_8], [PaymentMethod_int_9], [PaymentMethod_int_10], [PaymentMethod_bit_1], [PaymentMethod_bit_2], [PaymentMethod_bit_3], [PaymentMethod_bit_4], [PaymentMethod_bit_5], [PaymentMethod_bit_6], [PaymentMethod_bit_7], [PaymentMethod_bit_8], [PaymentMethod_bit_9], [PaymentMethod_bit_10], [PaymentMethod_float_1], [PaymentMethod_float_2], [PaymentMethod_float_3], [PaymentMethod_float_4], [PaymentMethod_float_5], [PaymentMethod_float_6], [PaymentMethod_float_7], [PaymentMethod_float_8], [PaymentMethod_float_9], [PaymentMethod_float_10], [PaymentMethod_varchar_1], [PaymentMethod_varchar_2], [PaymentMethod_varchar_3], [PaymentMethod_varchar_4], [PaymentMethod_varchar_5], [PaymentMethod_varchar_6], [PaymentMethod_varchar_7], [PaymentMethod_varchar_8], [PaymentMethod_varchar_9], [PaymentMethod_varchar_10], [PaymentMethod_date_1], [PaymentMethod_date_2], [PaymentMethod_date_3], [PaymentMethod_date_4], [PaymentMethod_date_5], [PaymentMethod_date_6], [PaymentMethod_date_7], [PaymentMethod_date_8], [PaymentMethod_date_9], [PaymentMethod_date_10], [Deleted_Token], [Fr], [En]) VALUES (4, N'CHQ', N'Chèque', NULL, 1, 1, 0, 0, 0, 5, NULL, NULL, NULL, NULL, NULL, NULL, NULL, NULL, NULL, NULL, NULL, NULL, NULL, NULL, NULL, NULL, NULL, NULL, NULL, NULL, NULL, NULL, NULL, NULL, NULL, NULL, NULL, NULL, NULL, NULL, NULL, NULL, NULL, NULL, NULL, NULL, NULL, NULL, NULL, NULL, NULL, NULL, NULL, NULL, NULL, NULL, NULL, NULL, NULL, NULL, NULL, NULL, NULL)
INSERT INTO [Payment].[PaymentMethod] ([Id], [Code], [MethodName], [Description], [AuthorizedForExpenses], [AuthorizedForRecipes], [Immediate], [IsDeleted], [TransactionUserId], [IdPaymentType], [PaymentMethod_int_1], [PaymentMethod_int_2], [PaymentMethod_int_3], [PaymentMethod_int_4], [PaymentMethod_int_5], [PaymentMethod_int_6], [PaymentMethod_int_7], [PaymentMethod_int_8], [PaymentMethod_int_9], [PaymentMethod_int_10], [PaymentMethod_bit_1], [PaymentMethod_bit_2], [PaymentMethod_bit_3], [PaymentMethod_bit_4], [PaymentMethod_bit_5], [PaymentMethod_bit_6], [PaymentMethod_bit_7], [PaymentMethod_bit_8], [PaymentMethod_bit_9], [PaymentMethod_bit_10], [PaymentMethod_float_1], [PaymentMethod_float_2], [PaymentMethod_float_3], [PaymentMethod_float_4], [PaymentMethod_float_5], [PaymentMethod_float_6], [PaymentMethod_float_7], [PaymentMethod_float_8], [PaymentMethod_float_9], [PaymentMethod_float_10], [PaymentMethod_varchar_1], [PaymentMethod_varchar_2], [PaymentMethod_varchar_3], [PaymentMethod_varchar_4], [PaymentMethod_varchar_5], [PaymentMethod_varchar_6], [PaymentMethod_varchar_7], [PaymentMethod_varchar_8], [PaymentMethod_varchar_9], [PaymentMethod_varchar_10], [PaymentMethod_date_1], [PaymentMethod_date_2], [PaymentMethod_date_3], [PaymentMethod_date_4], [PaymentMethod_date_5], [PaymentMethod_date_6], [PaymentMethod_date_7], [PaymentMethod_date_8], [PaymentMethod_date_9], [PaymentMethod_date_10], [Deleted_Token], [Fr], [En]) VALUES (5, N'TRT', N'Traite', NULL, 1, 1, 0, 0, 0, 8, NULL, NULL, NULL, NULL, NULL, NULL, NULL, NULL, NULL, NULL, NULL, NULL, NULL, NULL, NULL, NULL, NULL, NULL, NULL, NULL, NULL, NULL, NULL, NULL, NULL, NULL, NULL, NULL, NULL, NULL, NULL, NULL, NULL, NULL, NULL, NULL, NULL, NULL, NULL, NULL, NULL, NULL, NULL, NULL, NULL, NULL, NULL, NULL, NULL, NULL, NULL, NULL, NULL)
SET IDENTITY_INSERT [Payment].[PaymentMethod] OFF
INSERT INTO [Sales].[DocumentType] ([CodeType], [Code], [Label], [Description], [DefaultCodeDocumentTypeAssociated], [IsStockAffected], [StockOperation], [StockOperationStatus], [CreateAssociatedDocument], [IsDeleted], [TransactionUserId], [Deleted_Token], [IsSaleDocumentType], [IsFinancialCommitmentAffected], [FinancialCommitmentDirection], [IsActiveGeneration], [LabelEn]) VALUES (N'A-PU', N'A-PU', N'Avoir Fournisseur', N'Facture d''avoir', NULL, 1, N'O', N'R', 0, 0, 0, NULL, 0, 1, 1, 0, NULL)
INSERT INTO [Sales].[DocumentType] ([CodeType], [Code], [Label], [Description], [DefaultCodeDocumentTypeAssociated], [IsStockAffected], [StockOperation], [StockOperationStatus], [CreateAssociatedDocument], [IsDeleted], [TransactionUserId], [Deleted_Token], [IsSaleDocumentType], [IsFinancialCommitmentAffected], [FinancialCommitmentDirection], [IsActiveGeneration], [LabelEn]) VALUES (N'A-SA', N'A-SA', N'Avoir Client', N'Facture d''avoir', N'I-SA', 1, N'I', N'R', 0, 0, 0, NULL, 1, 0, NULL, 0, NULL)
INSERT INTO [Sales].[DocumentType] ([CodeType], [Code], [Label], [Description], [DefaultCodeDocumentTypeAssociated], [IsStockAffected], [StockOperation], [StockOperationStatus], [CreateAssociatedDocument], [IsDeleted], [TransactionUserId], [Deleted_Token], [IsSaleDocumentType], [IsFinancialCommitmentAffected], [FinancialCommitmentDirection], [IsActiveGeneration], [LabelEn]) VALUES (N'BE-PU', N'BE-PU', N'Bon d''entrée', N'Bon d''entrée', NULL, 1, N'I', N'R', 0, 0, 0, NULL, 0, 0, NULL, 0, NULL)
INSERT INTO [Sales].[DocumentType] ([CodeType], [Code], [Label], [Description], [DefaultCodeDocumentTypeAssociated], [IsStockAffected], [StockOperation], [StockOperationStatus], [CreateAssociatedDocument], [IsDeleted], [TransactionUserId], [Deleted_Token], [IsSaleDocumentType], [IsFinancialCommitmentAffected], [FinancialCommitmentDirection], [IsActiveGeneration], [LabelEn]) VALUES (N'B-PU', N'B-PU', N'Devis achat', N'Devis achat', NULL, 0, NULL, NULL, 0, 0, 0, NULL, 0, 0, NULL, 0, NULL)
INSERT INTO [Sales].[DocumentType] ([CodeType], [Code], [Label], [Description], [DefaultCodeDocumentTypeAssociated], [IsStockAffected], [StockOperation], [StockOperationStatus], [CreateAssociatedDocument], [IsDeleted], [TransactionUserId], [Deleted_Token], [IsSaleDocumentType], [IsFinancialCommitmentAffected], [FinancialCommitmentDirection], [IsActiveGeneration], [LabelEn]) VALUES (N'BS-SA', N'BS-SA', N'Bon de sortie', N'Bon de sortie', NULL, 1, N'O', N'R', 0, 0, 0, NULL, 1, 0, NULL, 0, NULL)
INSERT INTO [Sales].[DocumentType] ([CodeType], [Code], [Label], [Description], [DefaultCodeDocumentTypeAssociated], [IsStockAffected], [StockOperation], [StockOperationStatus], [CreateAssociatedDocument], [IsDeleted], [TransactionUserId], [Deleted_Token], [IsSaleDocumentType], [IsFinancialCommitmentAffected], [FinancialCommitmentDirection], [IsActiveGeneration], [LabelEn]) VALUES (N'D-PU', N'D-PU', N'Bon de reception', N'Bon de reception', N'FO-PU', 1, N'I', N'R', 0, 0, 0, NULL, 0, 0, NULL, 0, NULL)
INSERT INTO [Sales].[DocumentType] ([CodeType], [Code], [Label], [Description], [DefaultCodeDocumentTypeAssociated], [IsStockAffected], [StockOperation], [StockOperationStatus], [CreateAssociatedDocument], [IsDeleted], [TransactionUserId], [Deleted_Token], [IsSaleDocumentType], [IsFinancialCommitmentAffected], [FinancialCommitmentDirection], [IsActiveGeneration], [LabelEn]) VALUES (N'D-SA', N'D-SA', N'Bon de livraison', N'Bon de livraison', N'O-SA', 1, N'O', N'R', 0, 0, 0, NULL, 1, 0, NULL, 0, NULL)
INSERT INTO [Sales].[DocumentType] ([CodeType], [Code], [Label], [Description], [DefaultCodeDocumentTypeAssociated], [IsStockAffected], [StockOperation], [StockOperationStatus], [CreateAssociatedDocument], [IsDeleted], [TransactionUserId], [Deleted_Token], [IsSaleDocumentType], [IsFinancialCommitmentAffected], [FinancialCommitmentDirection], [IsActiveGeneration], [LabelEn]) VALUES (N'FO-PU', N'FO-PU', N'Bon de commande définitif', N'Bon de commande  achat définitif', N'O-PU', 1, N'I', N'P', 0, 0, 0, NULL, 0, 0, NULL, 0, NULL)
INSERT INTO [Sales].[DocumentType] ([CodeType], [Code], [Label], [Description], [DefaultCodeDocumentTypeAssociated], [IsStockAffected], [StockOperation], [StockOperationStatus], [CreateAssociatedDocument], [IsDeleted], [TransactionUserId], [Deleted_Token], [IsSaleDocumentType], [IsFinancialCommitmentAffected], [FinancialCommitmentDirection], [IsActiveGeneration], [LabelEn]) VALUES (N'IA-SA', N'IA-SA', N'Facture Avoir Client', N'Facture Avoir Client', N'A-SA', 0, NULL, NULL, 1, 0, 0, NULL, 1, 1, 2, 0, NULL)
INSERT INTO [Sales].[DocumentType] ([CodeType], [Code], [Label], [Description], [DefaultCodeDocumentTypeAssociated], [IsStockAffected], [StockOperation], [StockOperationStatus], [CreateAssociatedDocument], [IsDeleted], [TransactionUserId], [Deleted_Token], [IsSaleDocumentType], [IsFinancialCommitmentAffected], [FinancialCommitmentDirection], [IsActiveGeneration], [LabelEn]) VALUES (N'I-PU', N'I-PU', N'Facture d''achat', N'Facture d''achat', N'D-PU', 0, NULL, NULL, 1, 0, 0, NULL, 0, 1, 2, 1, NULL)
INSERT INTO [Sales].[DocumentType] ([CodeType], [Code], [Label], [Description], [DefaultCodeDocumentTypeAssociated], [IsStockAffected], [StockOperation], [StockOperationStatus], [CreateAssociatedDocument], [IsDeleted], [TransactionUserId], [Deleted_Token], [IsSaleDocumentType], [IsFinancialCommitmentAffected], [FinancialCommitmentDirection], [IsActiveGeneration], [LabelEn]) VALUES (N'I-SA', N'I-SA', N'Facture de vente', N'Facture de vente', N'D-SA', 0, NULL, NULL, 1, 0, 0, NULL, 1, 1, 1, 0, NULL)
INSERT INTO [Sales].[DocumentType] ([CodeType], [Code], [Label], [Description], [DefaultCodeDocumentTypeAssociated], [IsStockAffected], [StockOperation], [StockOperationStatus], [CreateAssociatedDocument], [IsDeleted], [TransactionUserId], [Deleted_Token], [IsSaleDocumentType], [IsFinancialCommitmentAffected], [FinancialCommitmentDirection], [IsActiveGeneration], [LabelEn]) VALUES (N'O-PU', N'O-PU', N'Bon de commande Achat', N'Bon de commande', N'B-PU', 0, NULL, NULL, 0, 0, 0, NULL, 0, 0, NULL, 0, NULL)
INSERT INTO [Sales].[DocumentType] ([CodeType], [Code], [Label], [Description], [DefaultCodeDocumentTypeAssociated], [IsStockAffected], [StockOperation], [StockOperationStatus], [CreateAssociatedDocument], [IsDeleted], [TransactionUserId], [Deleted_Token], [IsSaleDocumentType], [IsFinancialCommitmentAffected], [FinancialCommitmentDirection], [IsActiveGeneration], [LabelEn]) VALUES (N'O-SA', N'O-SA', N'Bon de commande vente', N'Bon de commande', N'Q-SA', 0, N'O', N'P', 0, 0, 0, NULL, 1, 0, NULL, 0, NULL)
INSERT INTO [Sales].[DocumentType] ([CodeType], [Code], [Label], [Description], [DefaultCodeDocumentTypeAssociated], [IsStockAffected], [StockOperation], [StockOperationStatus], [CreateAssociatedDocument], [IsDeleted], [TransactionUserId], [Deleted_Token], [IsSaleDocumentType], [IsFinancialCommitmentAffected], [FinancialCommitmentDirection], [IsActiveGeneration], [LabelEn]) VALUES (N'Q-PU', N'Q-PU', N'Demande de prix', N'Demande de prix', NULL, 0, N'I', NULL, 0, 0, 0, NULL, 0, 0, NULL, 0, NULL)
INSERT INTO [Sales].[DocumentType] ([CodeType], [Code], [Label], [Description], [DefaultCodeDocumentTypeAssociated], [IsStockAffected], [StockOperation], [StockOperationStatus], [CreateAssociatedDocument], [IsDeleted], [TransactionUserId], [Deleted_Token], [IsSaleDocumentType], [IsFinancialCommitmentAffected], [FinancialCommitmentDirection], [IsActiveGeneration], [LabelEn]) VALUES (N'Q-SA', N'Q-SA', N'Devis', N'Devis', NULL, 0, N'O', NULL, 0, 0, 0, NULL, 1, 0, NULL, 0, NULL)
INSERT INTO [Sales].[DocumentType] ([CodeType], [Code], [Label], [Description], [DefaultCodeDocumentTypeAssociated], [IsStockAffected], [StockOperation], [StockOperationStatus], [CreateAssociatedDocument], [IsDeleted], [TransactionUserId], [Deleted_Token], [IsSaleDocumentType], [IsFinancialCommitmentAffected], [FinancialCommitmentDirection], [IsActiveGeneration], [LabelEn]) VALUES (N'RQ-PU', N'RQ-PU', N'Demande d''achat', N'Demande d''achat', N'O-PU', 0, NULL, NULL, 0, 0, 0, NULL, 0, 0, NULL, 0, NULL)
SET IDENTITY_INSERT [Sales].[DocumentTypeRelation] ON
INSERT INTO [Sales].[DocumentTypeRelation] ([id], [CodeDocumentType], [CodeDocumentTypeAssociated]) VALUES (2, N'D-PU', N'FO-PU')
INSERT INTO [Sales].[DocumentTypeRelation] ([id], [CodeDocumentType], [CodeDocumentTypeAssociated]) VALUES (3, N'D-SA', N'O-SA')
INSERT INTO [Sales].[DocumentTypeRelation] ([id], [CodeDocumentType], [CodeDocumentTypeAssociated]) VALUES (4, N'I-PU', N'D-PU')
INSERT INTO [Sales].[DocumentTypeRelation] ([id], [CodeDocumentType], [CodeDocumentTypeAssociated]) VALUES (5, N'I-SA', N'D-SA')
INSERT INTO [Sales].[DocumentTypeRelation] ([id], [CodeDocumentType], [CodeDocumentTypeAssociated]) VALUES (6, N'O-PU', N'B-PU')
INSERT INTO [Sales].[DocumentTypeRelation] ([id], [CodeDocumentType], [CodeDocumentTypeAssociated]) VALUES (7, N'O-SA', N'Q-SA')
INSERT INTO [Sales].[DocumentTypeRelation] ([id], [CodeDocumentType], [CodeDocumentTypeAssociated]) VALUES (8, N'A-PU', N'I-PU')
INSERT INTO [Sales].[DocumentTypeRelation] ([id], [CodeDocumentType], [CodeDocumentTypeAssociated]) VALUES (9, N'A-SA', N'I-SA')
INSERT INTO [Sales].[DocumentTypeRelation] ([id], [CodeDocumentType], [CodeDocumentTypeAssociated]) VALUES (10, N'FO-PU', N'O-PU')
INSERT INTO [Sales].[DocumentTypeRelation] ([id], [CodeDocumentType], [CodeDocumentTypeAssociated]) VALUES (15, N'BS-SA', N'D-SA')
INSERT INTO [Sales].[DocumentTypeRelation] ([id], [CodeDocumentType], [CodeDocumentTypeAssociated]) VALUES (17, N'IA-SA', N'A-SA')
SET IDENTITY_INSERT [Sales].[DocumentTypeRelation] OFF
SET IDENTITY_INSERT [Sales].[SettlementType] ON
INSERT INTO [Sales].[SettlementType] ([Id], [Code], [Label], [IsDeleted], [TransactionUserId], [Deleted_Token]) VALUES (2, N'Comptant', N'Comptant', 0, NULL, NULL)
INSERT INTO [Sales].[SettlementType] ([Id], [Code], [Label], [IsDeleted], [TransactionUserId], [Deleted_Token]) VALUES (3, N'Fin de mois', N'Fin de mois', 0, NULL, NULL)
INSERT INTO [Sales].[SettlementType] ([Id], [Code], [Label], [IsDeleted], [TransactionUserId], [Deleted_Token]) VALUES (4, N'Fin de mois le', N'Fin de mois le', 0, NULL, NULL)
INSERT INTO [Sales].[SettlementType] ([Id], [Code], [Label], [IsDeleted], [TransactionUserId], [Deleted_Token]) VALUES (5, N'Net', N'Net', 0, NULL, NULL)
INSERT INTO [Sales].[SettlementType] ([Id], [Code], [Label], [IsDeleted], [TransactionUserId], [Deleted_Token]) VALUES (6, N'Net le', N'Net le', 0, NULL, NULL)
SET IDENTITY_INSERT [Sales].[SettlementType] OFF

SET IDENTITY_INSERT [Inventory].[MeasureUnit] ON
INSERT INTO [Inventory].[MeasureUnit] ([Id], [MeasureUnitCode], [Label], [Description], [IsDeleted], [TransactionUserId], [Deleted_Token]) VALUES (1, N'Pce', N'Pce', N'PCE', 0, 0, NULL)
SET IDENTITY_INSERT [Inventory].[MeasureUnit] OFF

SET IDENTITY_INSERT [Sales].[DeliveryType] ON
INSERT INTO [Sales].[DeliveryType] ([Id], [Code], [Label], [IsDeleted], [Deleted_Token]) VALUES (1, N'001', N'Transporteur', 0, NULL)
INSERT INTO [Sales].[DeliveryType] ([Id], [Code], [Label], [IsDeleted], [Deleted_Token]) VALUES (2, N'002', N'Comptoir', 0, NULL)
INSERT INTO [Sales].[DeliveryType] ([Id], [Code], [Label], [IsDeleted], [Deleted_Token]) VALUES (3, N'003', N'Louage', 0, NULL)
INSERT INTO [Sales].[DeliveryType] ([Id], [Code], [Label], [IsDeleted], [Deleted_Token]) VALUES (4, N'004', N'Avec nous', 0, NULL)
SET IDENTITY_INSERT [Sales].[DeliveryType] OFF


SET IDENTITY_INSERT [Helpdesk].[ClaimStatus] ON
INSERT INTO [Helpdesk].[ClaimStatus] ([IdStatus], [Id], [CodeStatus], [Code], [Label], [TranslationCode], [IsDeleted], [TransactionUserId], [Deleted_Token]) VALUES (1, 1, N'NC', N'Nouvelle Réclamation', N'Nouvelle Réclamation', N'NEW_CLAIM', 0, 0, NULL)
INSERT INTO [Helpdesk].[ClaimStatus] ([IdStatus], [Id], [CodeStatus], [Code], [Label], [TranslationCode], [IsDeleted], [TransactionUserId], [Deleted_Token]) VALUES (2, 2, N'SC', N'Soumise au fournisseur', N'Soumise au fournisseur', N'SUBMITTED_CLAIM', 0, 0, NULL)
INSERT INTO [Helpdesk].[ClaimStatus] ([IdStatus], [Id], [CodeStatus], [Code], [Label], [TranslationCode], [IsDeleted], [TransactionUserId], [Deleted_Token]) VALUES (3, 3, N'AC', N'Accepté', N'Acceptée', N'ACCEPTED_CLAIM', 0, 0, NULL)
SET IDENTITY_INSERT [Helpdesk].[ClaimStatus] OFF
SET IDENTITY_INSERT [Payment].[PaymentStatus] ON
INSERT INTO [Payment].[PaymentStatus] ([Id], [Code], [Label], [IsDeleted], [TransactionUserId], [Deleted_Token]) VALUES (1, N'NotCashed', N'Non encaissé', 0, 0, NULL)
INSERT INTO [Payment].[PaymentStatus] ([Id], [Code], [Label], [IsDeleted], [TransactionUserId], [Deleted_Token]) VALUES (2, N'Cashed', N'Encaissé', 0, 0, NULL)
INSERT INTO [Payment].[PaymentStatus] ([Id], [Code], [Label], [IsDeleted], [TransactionUserId], [Deleted_Token]) VALUES (3, N'Unpaid', N'Impayé', 0, 0, NULL)
SET IDENTITY_INSERT [Payment].[PaymentStatus] OFF
INSERT INTO [Inventory].[StockDocumentType] ([CodeType], [Type], [StockOperation], [Description], [IsDeleted], [TransactionUserId], [Deleted_Token]) VALUES (N'IM', N'IM', N'I', N'Input Movement', 0, 0, NULL)
INSERT INTO [Inventory].[StockDocumentType] ([CodeType], [Type], [StockOperation], [Description], [IsDeleted], [TransactionUserId], [Deleted_Token]) VALUES (N'INV', N'INV', N'INV', N'Inventory', 0, 0, NULL)
INSERT INTO [Inventory].[StockDocumentType] ([CodeType], [Type], [StockOperation], [Description], [IsDeleted], [TransactionUserId], [Deleted_Token]) VALUES (N'OM', N'OM', N'O', N'Output Movement', 0, 0, NULL)
INSERT INTO [Inventory].[StockDocumentType] ([CodeType], [Type], [StockOperation], [Description], [IsDeleted], [TransactionUserId], [Deleted_Token]) VALUES (N'TM', N'TM', N'T', N'Transfer Movement', 0, 0, NULL)
SET IDENTITY_INSERT [Sales].[PurchaseSettings] ON
INSERT INTO [Sales].[PurchaseSettings] ([Id], [PurchaseOtherTaxes], [IsDeleted], [TransactionUserId], [Deleted_Token], [IdPurchasingManager], [PurchaseAllowItemManagedInStock], [PurchaseAllowItemRelatedToSupplier]) VALUES (1, 0, 0, 0, NULL, 8, 1, 1)
SET IDENTITY_INSERT [Sales].[PurchaseSettings] OFF
SET IDENTITY_INSERT [Sales].[SaleSettings] ON
INSERT INTO [Sales].[SaleSettings] ([Id], [SaleOtherTaxes], [IsDeleted], [TransactionUserId], [Deleted_Token], [InvoicingDay], [InvoicingEndMonth], [SaleAllowItemManagedInStock]) VALUES (1, 0.6, 0, 0, NULL, NULL, 1, 1)
SET IDENTITY_INSERT [Sales].[SaleSettings] OFF

ALTER TABLE [Sales].[DetailsSettlementMode]
    ADD CONSTRAINT [FK_DetailsSettlementMode_SettlementType] FOREIGN KEY ([IdSettlementType]) REFERENCES [Sales].[SettlementType] ([Id]) ON DELETE SET NULL
ALTER TABLE [Sales].[DetailsSettlementMode]
    ADD CONSTRAINT [FK_DetailsSettlementMode_PaymentMethod] FOREIGN KEY ([IdPaymentMethod]) REFERENCES [Payment].[PaymentMethod] ([Id]) ON DELETE SET NULL
ALTER TABLE [Sales].[DetailsSettlementMode]
    ADD CONSTRAINT [FK_DetailsSettlementMode_SettlementMode] FOREIGN KEY ([IdSettlementMode]) REFERENCES [Sales].[SettlementMode] ([Id]) ON DELETE SET NULL
ALTER TABLE [Sales].[DocumentTypeRelation]
    ADD CONSTRAINT [FK_DocumentTypeRelation_DocumentTypeRelation] FOREIGN KEY ([CodeDocumentType]) REFERENCES [Sales].[DocumentType] ([CodeType])
ALTER TABLE [Sales].[DocumentTypeRelation]
    ADD CONSTRAINT [FK_DocumentTypeRelation_DocumentType] FOREIGN KEY ([CodeDocumentTypeAssociated]) REFERENCES [Sales].[DocumentType] ([CodeType])
ALTER TABLE [Sales].[DocumentType]
    ADD CONSTRAINT [FK_DocumentType_DocumentType] FOREIGN KEY ([DefaultCodeDocumentTypeAssociated]) REFERENCES [Sales].[DocumentType] ([CodeType])
ALTER TABLE [Payment].[PaymentMethod]
    ADD CONSTRAINT [FK_PayementMethod_PayementType] FOREIGN KEY ([IdPaymentType]) REFERENCES [Payment].[PaymentType] ([Id])
ALTER TABLE [Shared].[Company]
    ADD CONSTRAINT [FK_Company_Country] FOREIGN KEY ([IdCountry]) REFERENCES [Shared].[Country] ([Id])
ALTER TABLE [Shared].[Company]
    ADD CONSTRAINT [FK_Company_City] FOREIGN KEY ([IdCity]) REFERENCES [Shared].[City] ([Id])
ALTER TABLE [Shared].[Company]
    ADD CONSTRAINT [FK_Company_ZipCode] FOREIGN KEY ([IdZipCode]) REFERENCES [Shared].[ZipCode] ([Id])
ALTER TABLE [Shared].[Company]
    ADD CONSTRAINT [FK_Company_Currency] FOREIGN KEY ([IdCurrency]) REFERENCES [Administration].[Currency] ([Id])
ALTER TABLE [Shared].[ZipCode]
    ADD CONSTRAINT [FK_ZipCode_City] FOREIGN KEY ([IdCity]) REFERENCES [Shared].[City] ([Id])
ALTER TABLE [Shared].[City]
    ADD CONSTRAINT [FK_City_Country] FOREIGN KEY ([IdCountry]) REFERENCES [Shared].[Country] ([Id]) ON DELETE CASCADE
ALTER TABLE [Inventory].[Warehouse]
    ADD CONSTRAINT [FK_Warehouse_Employee] FOREIGN KEY ([IdResponsable]) REFERENCES [Payroll].[Employee] ([Id])
ALTER TABLE [Inventory].[Warehouse]
    ADD CONSTRAINT [FK_Warehouse_Warehouse] FOREIGN KEY ([IdWarehouseParent]) REFERENCES [Inventory].[Warehouse] ([Id])
ALTER TABLE [Sales].[PurchaseSettings]
    ADD CONSTRAINT [FK_PurchaseSetting_Company] FOREIGN KEY ([Id]) REFERENCES [Shared].[Company] ([Id])
ALTER TABLE [Sales].[PurchaseSettings]
    ADD CONSTRAINT [FK_PurchaseSettings_User] FOREIGN KEY ([IdPurchasingManager]) REFERENCES [ERPSettings].[User] ([Id])
COMMIT TRANSACTION

