BEGIN TRANSACTION
ALTER TABLE [ERPSettings].[InputComponent] DROP CONSTRAINT [FK_InputComponent_Component]
ALTER TABLE [ERPSettings].[Component] DROP CONSTRAINT [FK_Component_Component1]
ALTER TABLE [ERPSettings].[Component] DROP CONSTRAINT [FK_Component_Functionality]
ALTER TABLE [ERPSettings].[Component] DROP CONSTRAINT [FK_Component_Component]
INSERT INTO [ERPSettings].[Component] ([IdComponent], [rank], [ComponentName], [IdComponentType], [IdFunctionality], [IdComponentParent], [FR], [EN], [AR], [DE], [CH], [ES], [IdButton], [classDiv], [classLabel], [class], [IsEncapsulated], [IdComponentChangedBy], [EntityName], [style], [ng_hide], [IsToInitialize], [IdFunctionalityForm], [IsFireChange]) VALUES (N'0460247e-7063-4b3a-b188-4ccf2f4758ae', 2, N'DocumentVarchar3', 1, N'86ef34f3-b62f-4d0a-a673-bfecd5a8730e', N'e0090c84-276d-4894-9b84-494a35a4e68c', N'Période prestation', N'Delivery period', N'Delivery period', N'Delivery period', N'Delivery period', N'Delivery period', N'a05e911d-0c78-4e30-a62a-d4e81e0a9f3e', N'form-group col-lg-3 col-md-6 col-sm-12', N'col-lg-12 col-md-12 col-sm-12 ', N'k-textbox', 0, NULL, N'Document', NULL, NULL, 1, N'86ef34f3-b62f-4d0a-a673-bfecd5a8730e', NULL)
INSERT INTO [ERPSettings].[Component] ([IdComponent], [rank], [ComponentName], [IdComponentType], [IdFunctionality], [IdComponentParent], [FR], [EN], [AR], [DE], [CH], [ES], [IdButton], [classDiv], [classLabel], [class], [IsEncapsulated], [IdComponentChangedBy], [EntityName], [style], [ng_hide], [IsToInitialize], [IdFunctionalityForm], [IsFireChange]) VALUES (N'0a28eacc-4e95-4aab-9f9d-033e043ff702', 2, N'DocumentVarchar3', 1, N'c6e0724d-fc34-4235-b0fd-f5098312de8d', N'c7cf7744-7c2e-4aa6-8311-a5bee0cf9cf2', N'Période prestation', N'Delivery period', N'Delivery period', N'Delivery period', N'Delivery period', N'Delivery period', N'409b0259-04a3-4fe5-a455-3cdf18d08c6c', N'form-group col-lg-3 col-md-6 col-sm-12', N'col-lg-12 col-md-12 col-sm-12 ', N'k-textbox', 0, NULL, N'Document', NULL, NULL, 1, N'c6e0724d-fc34-4235-b0fd-f5098312de8d', NULL)
INSERT INTO [ERPSettings].[Component] ([IdComponent], [rank], [ComponentName], [IdComponentType], [IdFunctionality], [IdComponentParent], [FR], [EN], [AR], [DE], [CH], [ES], [IdButton], [classDiv], [classLabel], [class], [IsEncapsulated], [IdComponentChangedBy], [EntityName], [style], [ng_hide], [IsToInitialize], [IdFunctionalityForm], [IsFireChange]) VALUES (N'20f0aaa7-bc3f-4aeb-ab8d-ff7e054bf3d8', 3, N'Provisional', 17, N'a35adf1d-f4f6-494f-975a-0492fffa70db', N'e06f06e4-d104-459e-a65b-7adf07dda989', N'Provisoire', N'Provisional', N'Provisional', N'Provisional', N'Provisional', N'Provisional', NULL, N'', N'', N'', 0, NULL, N'Document', NULL, NULL, 1, N'a35adf1d-f4f6-494f-975a-0492fffa70db', NULL)
INSERT INTO [ERPSettings].[Component] ([IdComponent], [rank], [ComponentName], [IdComponentType], [IdFunctionality], [IdComponentParent], [FR], [EN], [AR], [DE], [CH], [ES], [IdButton], [classDiv], [classLabel], [class], [IsEncapsulated], [IdComponentChangedBy], [EntityName], [style], [ng_hide], [IsToInitialize], [IdFunctionalityForm], [IsFireChange]) VALUES (N'220e4676-cba5-400b-8cae-bdbc631b9326', 4, N'DocumentVarchar8', 1, N'a35adf1d-f4f6-494f-975a-0492fffa70db', N'7149d50c-56b5-47fa-8b24-958e67a8d4b2', N'Code Projet', N'Project code', N'Project code', N'Project code', N'Project codev', N'Project code', N'409b0259-04a3-4fe5-a455-3cdf18d08c6c', N'form-group col-lg-3 col-md-6 col-sm-12', N'col-lg-12 col-md-12 col-sm-12 ', N'k-textbox', 0, NULL, N'Document', NULL, NULL, 1, N'a35adf1d-f4f6-494f-975a-0492fffa70db', NULL)
INSERT INTO [ERPSettings].[Component] ([IdComponent], [rank], [ComponentName], [IdComponentType], [IdFunctionality], [IdComponentParent], [FR], [EN], [AR], [DE], [CH], [ES], [IdButton], [classDiv], [classLabel], [class], [IsEncapsulated], [IdComponentChangedBy], [EntityName], [style], [ng_hide], [IsToInitialize], [IdFunctionalityForm], [IsFireChange]) VALUES (N'3e7f5e03-7e9a-471f-8848-3e9c2491d926', 3, N'Provisional', 17, N'c6e0724d-fc34-4235-b0fd-f5098312de8d', N'b13bb5fc-19f1-4af3-b9c4-9dbcf5be95d2', N'Provisoire', N'Provisional', N'Provisional', N'Provisional', N'Provisional', N'Provisional', NULL, N'', N'', N'', 0, NULL, N'Document', NULL, NULL, 1, N'c6e0724d-fc34-4235-b0fd-f5098312de8d', NULL)
INSERT INTO [ERPSettings].[Component] ([IdComponent], [rank], [ComponentName], [IdComponentType], [IdFunctionality], [IdComponentParent], [FR], [EN], [AR], [DE], [CH], [ES], [IdButton], [classDiv], [classLabel], [class], [IsEncapsulated], [IdComponentChangedBy], [EntityName], [style], [ng_hide], [IsToInitialize], [IdFunctionalityForm], [IsFireChange]) VALUES (N'46e972a6-49e0-4162-b305-4efc3a91e260', 1, N'DocumentVarchar2', 1, N'c6e0724d-fc34-4235-b0fd-f5098312de8d', N'c7cf7744-7c2e-4aa6-8311-a5bee0cf9cf2', N'N° Marché', N'Market number', N'Market number', N'Market number', N'Market number', N'Market number', N'409b0259-04a3-4fe5-a455-3cdf18d08c6c', N'form-group col-lg-3 col-md-6 col-sm-12', N'col-lg-12 col-md-12 col-sm-12', N'k-textbox', 0, NULL, N'Document', NULL, NULL, 1, N'c6e0724d-fc34-4235-b0fd-f5098312de8d', NULL)
INSERT INTO [ERPSettings].[Component] ([IdComponent], [rank], [ComponentName], [IdComponentType], [IdFunctionality], [IdComponentParent], [FR], [EN], [AR], [DE], [CH], [ES], [IdButton], [classDiv], [classLabel], [class], [IsEncapsulated], [IdComponentChangedBy], [EntityName], [style], [ng_hide], [IsToInitialize], [IdFunctionalityForm], [IsFireChange]) VALUES (N'482a7b85-a0d0-4f6e-9498-30fd7ef71a16', 4, N'DocumentVarchar8', 1, N'86ef34f3-b62f-4d0a-a673-bfecd5a8730e', N'e0090c84-276d-4894-9b84-494a35a4e68c', N'Code Projet', N'Project code', N'Project code', N'Project code', N'Project codev', N'Project code', N'a05e911d-0c78-4e30-a62a-d4e81e0a9f3e', N'form-group col-lg-3 col-md-6 col-sm-12', N'col-lg-12 col-md-12 col-sm-12 ', N'k-textbox', 0, NULL, N'Document', NULL, NULL, 1, N'86ef34f3-b62f-4d0a-a673-bfecd5a8730e', NULL)
INSERT INTO [ERPSettings].[Component] ([IdComponent], [rank], [ComponentName], [IdComponentType], [IdFunctionality], [IdComponentParent], [FR], [EN], [AR], [DE], [CH], [ES], [IdButton], [classDiv], [classLabel], [class], [IsEncapsulated], [IdComponentChangedBy], [EntityName], [style], [ng_hide], [IsToInitialize], [IdFunctionalityForm], [IsFireChange]) VALUES (N'5e10be42-e439-4606-a730-1e012937372f', 1, N'DocumentVarchar2', 1, N'a35adf1d-f4f6-494f-975a-0492fffa70db', N'7149d50c-56b5-47fa-8b24-958e67a8d4b2', N'N° Marché', N'Market number', N'Market number', N'Market number', N'Market number', N'Market number', N'409b0259-04a3-4fe5-a455-3cdf18d08c6c', N'form-group col-lg-3 col-md-6 col-sm-12', N'col-lg-12 col-md-12 col-sm-12', N'k-textbox', 0, NULL, N'Document', NULL, NULL, 1, N'a35adf1d-f4f6-494f-975a-0492fffa70db', NULL)
INSERT INTO [ERPSettings].[Component] ([IdComponent], [rank], [ComponentName], [IdComponentType], [IdFunctionality], [IdComponentParent], [FR], [EN], [AR], [DE], [CH], [ES], [IdButton], [classDiv], [classLabel], [class], [IsEncapsulated], [IdComponentChangedBy], [EntityName], [style], [ng_hide], [IsToInitialize], [IdFunctionalityForm], [IsFireChange]) VALUES (N'712cf42b-e5c5-43b5-ada6-80d005bd699a', 3, N'Provisional', 17, N'86ef34f3-b62f-4d0a-a673-bfecd5a8730e', N'745bae8b-31e8-4e52-b425-08434310b441', N'Provisoire', N'Provisional', N'Provisional', N'Provisional', N'Provisional', N'Provisional', NULL, N'', N'', N'', 0, NULL, N'Document', NULL, NULL, 1, N'86ef34f3-b62f-4d0a-a673-bfecd5a8730e', NULL)
INSERT INTO [ERPSettings].[Component] ([IdComponent], [rank], [ComponentName], [IdComponentType], [IdFunctionality], [IdComponentParent], [FR], [EN], [AR], [DE], [CH], [ES], [IdButton], [classDiv], [classLabel], [class], [IsEncapsulated], [IdComponentChangedBy], [EntityName], [style], [ng_hide], [IsToInitialize], [IdFunctionalityForm], [IsFireChange]) VALUES (N'7149d50c-56b5-47fa-8b24-958e67a8d4b2', 1, N'DIV1', 9, N'a35adf1d-f4f6-494f-975a-0492fffa70db', N'20f0aaa7-bc3f-4aeb-ab8d-ff7e054bf3d8', N'DIV1', N'DIV1', N'DIV1_AR', N'DIV1_DE', N'DIV1_CH', N'DIV1_ES', NULL, N'', N'', N'row', 0, NULL, N'Document', NULL, NULL, 1, N'a35adf1d-f4f6-494f-975a-0492fffa70db', NULL)
INSERT INTO [ERPSettings].[Component] ([IdComponent], [rank], [ComponentName], [IdComponentType], [IdFunctionality], [IdComponentParent], [FR], [EN], [AR], [DE], [CH], [ES], [IdButton], [classDiv], [classLabel], [class], [IsEncapsulated], [IdComponentChangedBy], [EntityName], [style], [ng_hide], [IsToInitialize], [IdFunctionalityForm], [IsFireChange]) VALUES (N'776d2bfe-7c7f-4f22-8378-fd7d72a9a985', 1, N'DocumentVarchar2', 1, N'86ef34f3-b62f-4d0a-a673-bfecd5a8730e', N'e0090c84-276d-4894-9b84-494a35a4e68c', N'N° Marché', N'Market number', N'Market number', N'Market number', N'Market number', N'Market number', N'a05e911d-0c78-4e30-a62a-d4e81e0a9f3e', N'form-group col-lg-3 col-md-6 col-sm-12', N'col-lg-12 col-md-12 col-sm-12', N'k-textbox', 0, NULL, N'Document', NULL, NULL, 1, N'86ef34f3-b62f-4d0a-a673-bfecd5a8730e', NULL)
INSERT INTO [ERPSettings].[Component] ([IdComponent], [rank], [ComponentName], [IdComponentType], [IdFunctionality], [IdComponentParent], [FR], [EN], [AR], [DE], [CH], [ES], [IdButton], [classDiv], [classLabel], [class], [IsEncapsulated], [IdComponentChangedBy], [EntityName], [style], [ng_hide], [IsToInitialize], [IdFunctionalityForm], [IsFireChange]) VALUES (N'909064c0-6dd3-4b4b-b19c-992e5ce327f5', 4, N'DocumentVarchar8', 1, N'c6e0724d-fc34-4235-b0fd-f5098312de8d', N'c7cf7744-7c2e-4aa6-8311-a5bee0cf9cf2', N'Code Projet', N'Project code', N'Project code', N'Project code', N'Project codev', N'Project code', N'409b0259-04a3-4fe5-a455-3cdf18d08c6c', N'form-group col-lg-3 col-md-6 col-sm-12', N'col-lg-12 col-md-12 col-sm-12 ', N'k-textbox', 0, NULL, N'Document', NULL, NULL, 1, N'c6e0724d-fc34-4235-b0fd-f5098312de8d', NULL)
INSERT INTO [ERPSettings].[Component] ([IdComponent], [rank], [ComponentName], [IdComponentType], [IdFunctionality], [IdComponentParent], [FR], [EN], [AR], [DE], [CH], [ES], [IdButton], [classDiv], [classLabel], [class], [IsEncapsulated], [IdComponentChangedBy], [EntityName], [style], [ng_hide], [IsToInitialize], [IdFunctionalityForm], [IsFireChange]) VALUES (N'be0ef257-48cd-4bf6-b745-cb248e3fce5c', 2, N'DocumentVarchar3', 1, N'a35adf1d-f4f6-494f-975a-0492fffa70db', N'7149d50c-56b5-47fa-8b24-958e67a8d4b2', N'Période prestation', N'Delivery period', N'Delivery period', N'Delivery period', N'Delivery period', N'Delivery period', N'409b0259-04a3-4fe5-a455-3cdf18d08c6c', N'form-group col-lg-3 col-md-6 col-sm-12', N'col-lg-12 col-md-12 col-sm-12 ', N'k-textbox', 0, NULL, N'Document', NULL, NULL, 1, N'a35adf1d-f4f6-494f-975a-0492fffa70db', NULL)
INSERT INTO [ERPSettings].[Component] ([IdComponent], [rank], [ComponentName], [IdComponentType], [IdFunctionality], [IdComponentParent], [FR], [EN], [AR], [DE], [CH], [ES], [IdButton], [classDiv], [classLabel], [class], [IsEncapsulated], [IdComponentChangedBy], [EntityName], [style], [ng_hide], [IsToInitialize], [IdFunctionalityForm], [IsFireChange]) VALUES (N'c7cf7744-7c2e-4aa6-8311-a5bee0cf9cf2', 1, N'DIV1', 9, N'c6e0724d-fc34-4235-b0fd-f5098312de8d', N'3e7f5e03-7e9a-471f-8848-3e9c2491d926', N'DIV1', N'DIV1', N'DIV1_AR', N'DIV1_DE', N'DIV1_CH', N'DIV1_ES', NULL, N'', N'', N'row', 0, NULL, N'Document', NULL, NULL, 1, N'c6e0724d-fc34-4235-b0fd-f5098312de8d', NULL)
INSERT INTO [ERPSettings].[Component] ([IdComponent], [rank], [ComponentName], [IdComponentType], [IdFunctionality], [IdComponentParent], [FR], [EN], [AR], [DE], [CH], [ES], [IdButton], [classDiv], [classLabel], [class], [IsEncapsulated], [IdComponentChangedBy], [EntityName], [style], [ng_hide], [IsToInitialize], [IdFunctionalityForm], [IsFireChange]) VALUES (N'e0090c84-276d-4894-9b84-494a35a4e68c', 1, N'DIV1', 9, N'86ef34f3-b62f-4d0a-a673-bfecd5a8730e', N'712cf42b-e5c5-43b5-ada6-80d005bd699a', N'DIV1', N'DIV1', N'DIV1_AR', N'DIV1_DE', N'DIV1_CH', N'DIV1_ES', NULL, N'', N'', N'row', 0, NULL, N'Document', NULL, NULL, 1, N'86ef34f3-b62f-4d0a-a673-bfecd5a8730e', NULL)
INSERT INTO [ERPSettings].[Component] ([IdComponent], [rank], [ComponentName], [IdComponentType], [IdFunctionality], [IdComponentParent], [FR], [EN], [AR], [DE], [CH], [ES], [IdButton], [classDiv], [classLabel], [class], [IsEncapsulated], [IdComponentChangedBy], [EntityName], [style], [ng_hide], [IsToInitialize], [IdFunctionalityForm], [IsFireChange]) VALUES (N'e83a55d9-ecdc-4dae-b258-8c4ab5a271d7', 3, N'DocumentVarchar7', 1, N'86ef34f3-b62f-4d0a-a673-bfecd5a8730e', N'e0090c84-276d-4894-9b84-494a35a4e68c', N'Code BU', N'Code BU', N'Code BU', N'Code BU', N'Code BU', N'Code BU', N'a05e911d-0c78-4e30-a62a-d4e81e0a9f3e', N'form-group col-lg-3 col-md-6 col-sm-12', N'col-lg-12 col-md-12 col-sm-12 ', N'k-textbox', 0, NULL, N'Document', NULL, NULL, 1, N'86ef34f3-b62f-4d0a-a673-bfecd5a8730e', NULL)
INSERT INTO [ERPSettings].[Component] ([IdComponent], [rank], [ComponentName], [IdComponentType], [IdFunctionality], [IdComponentParent], [FR], [EN], [AR], [DE], [CH], [ES], [IdButton], [classDiv], [classLabel], [class], [IsEncapsulated], [IdComponentChangedBy], [EntityName], [style], [ng_hide], [IsToInitialize], [IdFunctionalityForm], [IsFireChange]) VALUES (N'f385a8fc-2ec2-443f-9d05-484b2aece6f1', 3, N'DocumentVarchar7', 1, N'c6e0724d-fc34-4235-b0fd-f5098312de8d', N'c7cf7744-7c2e-4aa6-8311-a5bee0cf9cf2', N'Code BU', N'Code BU', N'Code BU', N'Code BU', N'Code BU', N'Code BU', N'409b0259-04a3-4fe5-a455-3cdf18d08c6c', N'form-group col-lg-3 col-md-6 col-sm-12', N'col-lg-12 col-md-12 col-sm-12 ', N'k-textbox', 0, NULL, N'Document', NULL, NULL, 1, N'c6e0724d-fc34-4235-b0fd-f5098312de8d', NULL)
INSERT INTO [ERPSettings].[Component] ([IdComponent], [rank], [ComponentName], [IdComponentType], [IdFunctionality], [IdComponentParent], [FR], [EN], [AR], [DE], [CH], [ES], [IdButton], [classDiv], [classLabel], [class], [IsEncapsulated], [IdComponentChangedBy], [EntityName], [style], [ng_hide], [IsToInitialize], [IdFunctionalityForm], [IsFireChange]) VALUES (N'f67263d9-f439-443c-acf7-36c20df5ef4d', 3, N'DocumentVarchar7', 1, N'a35adf1d-f4f6-494f-975a-0492fffa70db', N'7149d50c-56b5-47fa-8b24-958e67a8d4b2', N'Code BU', N'Code BU', N'Code BU', N'Code BU', N'Code BU', N'Code BU', N'409b0259-04a3-4fe5-a455-3cdf18d08c6c', N'form-group col-lg-3 col-md-6 col-sm-12', N'col-lg-12 col-md-12 col-sm-12 ', N'k-textbox', 0, NULL, N'Document', NULL, NULL, 1, N'a35adf1d-f4f6-494f-975a-0492fffa70db', NULL)

INSERT INTO [ERPSettings].[ComponentByRole] ([IdRole], [IdComponent], [IsActive], [IsVisible], [ReadFunction], [WriteFunction], [TransactionUserId]) VALUES (1, N'0460247e-7063-4b3a-b188-4ccf2f4758ae', 1, 1, NULL, NULL, NULL)
INSERT INTO [ERPSettings].[ComponentByRole] ([IdRole], [IdComponent], [IsActive], [IsVisible], [ReadFunction], [WriteFunction], [TransactionUserId]) VALUES (1, N'0a28eacc-4e95-4aab-9f9d-033e043ff702', 1, 1, NULL, NULL, NULL)
INSERT INTO [ERPSettings].[ComponentByRole] ([IdRole], [IdComponent], [IsActive], [IsVisible], [ReadFunction], [WriteFunction], [TransactionUserId]) VALUES (1, N'20f0aaa7-bc3f-4aeb-ab8d-ff7e054bf3d8', 1, 1, NULL, NULL, NULL)
INSERT INTO [ERPSettings].[ComponentByRole] ([IdRole], [IdComponent], [IsActive], [IsVisible], [ReadFunction], [WriteFunction], [TransactionUserId]) VALUES (1, N'220e4676-cba5-400b-8cae-bdbc631b9326', 1, 1, NULL, NULL, NULL)
INSERT INTO [ERPSettings].[ComponentByRole] ([IdRole], [IdComponent], [IsActive], [IsVisible], [ReadFunction], [WriteFunction], [TransactionUserId]) VALUES (1, N'3e7f5e03-7e9a-471f-8848-3e9c2491d926', 1, 1, NULL, NULL, NULL)
INSERT INTO [ERPSettings].[ComponentByRole] ([IdRole], [IdComponent], [IsActive], [IsVisible], [ReadFunction], [WriteFunction], [TransactionUserId]) VALUES (1, N'46e972a6-49e0-4162-b305-4efc3a91e260', 1, 1, NULL, NULL, NULL)
INSERT INTO [ERPSettings].[ComponentByRole] ([IdRole], [IdComponent], [IsActive], [IsVisible], [ReadFunction], [WriteFunction], [TransactionUserId]) VALUES (1, N'482a7b85-a0d0-4f6e-9498-30fd7ef71a16', 1, 1, NULL, NULL, NULL)
INSERT INTO [ERPSettings].[ComponentByRole] ([IdRole], [IdComponent], [IsActive], [IsVisible], [ReadFunction], [WriteFunction], [TransactionUserId]) VALUES (1, N'5e10be42-e439-4606-a730-1e012937372f', 1, 1, NULL, NULL, NULL)
INSERT INTO [ERPSettings].[ComponentByRole] ([IdRole], [IdComponent], [IsActive], [IsVisible], [ReadFunction], [WriteFunction], [TransactionUserId]) VALUES (1, N'712cf42b-e5c5-43b5-ada6-80d005bd699a', 1, 1, NULL, NULL, NULL)
INSERT INTO [ERPSettings].[ComponentByRole] ([IdRole], [IdComponent], [IsActive], [IsVisible], [ReadFunction], [WriteFunction], [TransactionUserId]) VALUES (1, N'7149d50c-56b5-47fa-8b24-958e67a8d4b2', 1, 1, NULL, NULL, NULL)
INSERT INTO [ERPSettings].[ComponentByRole] ([IdRole], [IdComponent], [IsActive], [IsVisible], [ReadFunction], [WriteFunction], [TransactionUserId]) VALUES (1, N'776d2bfe-7c7f-4f22-8378-fd7d72a9a985', 1, 1, NULL, NULL, NULL)
INSERT INTO [ERPSettings].[ComponentByRole] ([IdRole], [IdComponent], [IsActive], [IsVisible], [ReadFunction], [WriteFunction], [TransactionUserId]) VALUES (1, N'909064c0-6dd3-4b4b-b19c-992e5ce327f5', 1, 1, NULL, NULL, NULL)
INSERT INTO [ERPSettings].[ComponentByRole] ([IdRole], [IdComponent], [IsActive], [IsVisible], [ReadFunction], [WriteFunction], [TransactionUserId]) VALUES (1, N'be0ef257-48cd-4bf6-b745-cb248e3fce5c', 1, 1, NULL, NULL, NULL)
INSERT INTO [ERPSettings].[ComponentByRole] ([IdRole], [IdComponent], [IsActive], [IsVisible], [ReadFunction], [WriteFunction], [TransactionUserId]) VALUES (1, N'c7cf7744-7c2e-4aa6-8311-a5bee0cf9cf2', 1, 1, NULL, NULL, NULL)
INSERT INTO [ERPSettings].[ComponentByRole] ([IdRole], [IdComponent], [IsActive], [IsVisible], [ReadFunction], [WriteFunction], [TransactionUserId]) VALUES (1, N'e0090c84-276d-4894-9b84-494a35a4e68c', 1, 1, NULL, NULL, NULL)
INSERT INTO [ERPSettings].[ComponentByRole] ([IdRole], [IdComponent], [IsActive], [IsVisible], [ReadFunction], [WriteFunction], [TransactionUserId]) VALUES (1, N'e83a55d9-ecdc-4dae-b258-8c4ab5a271d7', 1, 1, NULL, NULL, NULL)
INSERT INTO [ERPSettings].[ComponentByRole] ([IdRole], [IdComponent], [IsActive], [IsVisible], [ReadFunction], [WriteFunction], [TransactionUserId]) VALUES (1, N'f385a8fc-2ec2-443f-9d05-484b2aece6f1', 1, 1, NULL, NULL, NULL)
INSERT INTO [ERPSettings].[ComponentByRole] ([IdRole], [IdComponent], [IsActive], [IsVisible], [ReadFunction], [WriteFunction], [TransactionUserId]) VALUES (1, N'f67263d9-f439-443c-acf7-36c20df5ef4d', 1, 1, NULL, NULL, NULL)

INSERT INTO [ERPSettings].[InputComponent] ([IdComponent], [inputType], [ng_model], [required], [ng_disabled], [ng_minlength], [ng_maxlength], [ng_change], [ng_bind], [ng_blur], [placeholder], [k_ng_model], [k_on_change], [k_format], [k_min], [k_max], [k_decimals], [k_step], [ui_date_mask], [pattern], [k_mask], [defaultValue], [ng_readonly], [formatPrecision], [IsCurrency], [Accept], [MaxFileSize], [MinFileSize]) VALUES (N'0460247e-7063-4b3a-b188-4ccf2f4758ae', 0, NULL, NULL, 0, NULL, NULL, NULL, NULL, NULL, N'', NULL, NULL, NULL, NULL, NULL, NULL, NULL, NULL, NULL, NULL, NULL, NULL, 0, NULL, NULL, NULL, NULL)
INSERT INTO [ERPSettings].[InputComponent] ([IdComponent], [inputType], [ng_model], [required], [ng_disabled], [ng_minlength], [ng_maxlength], [ng_change], [ng_bind], [ng_blur], [placeholder], [k_ng_model], [k_on_change], [k_format], [k_min], [k_max], [k_decimals], [k_step], [ui_date_mask], [pattern], [k_mask], [defaultValue], [ng_readonly], [formatPrecision], [IsCurrency], [Accept], [MaxFileSize], [MinFileSize]) VALUES (N'0a28eacc-4e95-4aab-9f9d-033e043ff702', 0, NULL, NULL, 0, NULL, NULL, NULL, NULL, NULL, N'', NULL, NULL, NULL, NULL, NULL, NULL, NULL, NULL, NULL, NULL, NULL, NULL, 0, NULL, NULL, NULL, NULL)
INSERT INTO [ERPSettings].[InputComponent] ([IdComponent], [inputType], [ng_model], [required], [ng_disabled], [ng_minlength], [ng_maxlength], [ng_change], [ng_bind], [ng_blur], [placeholder], [k_ng_model], [k_on_change], [k_format], [k_min], [k_max], [k_decimals], [k_step], [ui_date_mask], [pattern], [k_mask], [defaultValue], [ng_readonly], [formatPrecision], [IsCurrency], [Accept], [MaxFileSize], [MinFileSize]) VALUES (N'220e4676-cba5-400b-8cae-bdbc631b9326', 0, NULL, NULL, 0, NULL, NULL, NULL, NULL, NULL, N'', NULL, NULL, NULL, NULL, NULL, NULL, NULL, NULL, NULL, NULL, NULL, NULL, 0, NULL, NULL, NULL, NULL)
INSERT INTO [ERPSettings].[InputComponent] ([IdComponent], [inputType], [ng_model], [required], [ng_disabled], [ng_minlength], [ng_maxlength], [ng_change], [ng_bind], [ng_blur], [placeholder], [k_ng_model], [k_on_change], [k_format], [k_min], [k_max], [k_decimals], [k_step], [ui_date_mask], [pattern], [k_mask], [defaultValue], [ng_readonly], [formatPrecision], [IsCurrency], [Accept], [MaxFileSize], [MinFileSize]) VALUES (N'46e972a6-49e0-4162-b305-4efc3a91e260', 0, N'', NULL, 0, NULL, 4000, NULL, NULL, NULL, N'', NULL, NULL, NULL, NULL, NULL, NULL, NULL, NULL, NULL, NULL, NULL, NULL, 0, NULL, NULL, NULL, NULL)
INSERT INTO [ERPSettings].[InputComponent] ([IdComponent], [inputType], [ng_model], [required], [ng_disabled], [ng_minlength], [ng_maxlength], [ng_change], [ng_bind], [ng_blur], [placeholder], [k_ng_model], [k_on_change], [k_format], [k_min], [k_max], [k_decimals], [k_step], [ui_date_mask], [pattern], [k_mask], [defaultValue], [ng_readonly], [formatPrecision], [IsCurrency], [Accept], [MaxFileSize], [MinFileSize]) VALUES (N'482a7b85-a0d0-4f6e-9498-30fd7ef71a16', 0, NULL, NULL, 0, NULL, NULL, NULL, NULL, NULL, N'', NULL, NULL, NULL, NULL, NULL, NULL, NULL, NULL, NULL, NULL, NULL, NULL, 0, NULL, NULL, NULL, NULL)
INSERT INTO [ERPSettings].[InputComponent] ([IdComponent], [inputType], [ng_model], [required], [ng_disabled], [ng_minlength], [ng_maxlength], [ng_change], [ng_bind], [ng_blur], [placeholder], [k_ng_model], [k_on_change], [k_format], [k_min], [k_max], [k_decimals], [k_step], [ui_date_mask], [pattern], [k_mask], [defaultValue], [ng_readonly], [formatPrecision], [IsCurrency], [Accept], [MaxFileSize], [MinFileSize]) VALUES (N'5e10be42-e439-4606-a730-1e012937372f', 0, N'', NULL, 0, NULL, 4000, NULL, NULL, NULL, N'', NULL, NULL, NULL, NULL, NULL, NULL, NULL, NULL, NULL, NULL, NULL, NULL, 0, NULL, NULL, NULL, NULL)
INSERT INTO [ERPSettings].[InputComponent] ([IdComponent], [inputType], [ng_model], [required], [ng_disabled], [ng_minlength], [ng_maxlength], [ng_change], [ng_bind], [ng_blur], [placeholder], [k_ng_model], [k_on_change], [k_format], [k_min], [k_max], [k_decimals], [k_step], [ui_date_mask], [pattern], [k_mask], [defaultValue], [ng_readonly], [formatPrecision], [IsCurrency], [Accept], [MaxFileSize], [MinFileSize]) VALUES (N'776d2bfe-7c7f-4f22-8378-fd7d72a9a985', 0, N'', NULL, 0, NULL, 4000, NULL, NULL, NULL, N'', NULL, NULL, NULL, NULL, NULL, NULL, NULL, NULL, NULL, NULL, NULL, NULL, 0, NULL, NULL, NULL, NULL)
INSERT INTO [ERPSettings].[InputComponent] ([IdComponent], [inputType], [ng_model], [required], [ng_disabled], [ng_minlength], [ng_maxlength], [ng_change], [ng_bind], [ng_blur], [placeholder], [k_ng_model], [k_on_change], [k_format], [k_min], [k_max], [k_decimals], [k_step], [ui_date_mask], [pattern], [k_mask], [defaultValue], [ng_readonly], [formatPrecision], [IsCurrency], [Accept], [MaxFileSize], [MinFileSize]) VALUES (N'909064c0-6dd3-4b4b-b19c-992e5ce327f5', 0, NULL, NULL, 0, NULL, NULL, NULL, NULL, NULL, N'', NULL, NULL, NULL, NULL, NULL, NULL, NULL, NULL, NULL, NULL, NULL, NULL, 0, NULL, NULL, NULL, NULL)
INSERT INTO [ERPSettings].[InputComponent] ([IdComponent], [inputType], [ng_model], [required], [ng_disabled], [ng_minlength], [ng_maxlength], [ng_change], [ng_bind], [ng_blur], [placeholder], [k_ng_model], [k_on_change], [k_format], [k_min], [k_max], [k_decimals], [k_step], [ui_date_mask], [pattern], [k_mask], [defaultValue], [ng_readonly], [formatPrecision], [IsCurrency], [Accept], [MaxFileSize], [MinFileSize]) VALUES (N'be0ef257-48cd-4bf6-b745-cb248e3fce5c', 0, NULL, NULL, 0, NULL, NULL, NULL, NULL, NULL, N'', NULL, NULL, NULL, NULL, NULL, NULL, NULL, NULL, NULL, NULL, NULL, NULL, 0, NULL, NULL, NULL, NULL)
INSERT INTO [ERPSettings].[InputComponent] ([IdComponent], [inputType], [ng_model], [required], [ng_disabled], [ng_minlength], [ng_maxlength], [ng_change], [ng_bind], [ng_blur], [placeholder], [k_ng_model], [k_on_change], [k_format], [k_min], [k_max], [k_decimals], [k_step], [ui_date_mask], [pattern], [k_mask], [defaultValue], [ng_readonly], [formatPrecision], [IsCurrency], [Accept], [MaxFileSize], [MinFileSize]) VALUES (N'e83a55d9-ecdc-4dae-b258-8c4ab5a271d7', 0, NULL, NULL, 0, NULL, NULL, NULL, NULL, NULL, N'', NULL, NULL, NULL, NULL, NULL, NULL, NULL, NULL, NULL, NULL, NULL, NULL, 0, NULL, NULL, NULL, NULL)
INSERT INTO [ERPSettings].[InputComponent] ([IdComponent], [inputType], [ng_model], [required], [ng_disabled], [ng_minlength], [ng_maxlength], [ng_change], [ng_bind], [ng_blur], [placeholder], [k_ng_model], [k_on_change], [k_format], [k_min], [k_max], [k_decimals], [k_step], [ui_date_mask], [pattern], [k_mask], [defaultValue], [ng_readonly], [formatPrecision], [IsCurrency], [Accept], [MaxFileSize], [MinFileSize]) VALUES (N'f385a8fc-2ec2-443f-9d05-484b2aece6f1', 0, NULL, NULL, 0, NULL, NULL, NULL, NULL, NULL, N'', NULL, NULL, NULL, NULL, NULL, NULL, NULL, NULL, NULL, NULL, NULL, NULL, 0, NULL, NULL, NULL, NULL)
INSERT INTO [ERPSettings].[InputComponent] ([IdComponent], [inputType], [ng_model], [required], [ng_disabled], [ng_minlength], [ng_maxlength], [ng_change], [ng_bind], [ng_blur], [placeholder], [k_ng_model], [k_on_change], [k_format], [k_min], [k_max], [k_decimals], [k_step], [ui_date_mask], [pattern], [k_mask], [defaultValue], [ng_readonly], [formatPrecision], [IsCurrency], [Accept], [MaxFileSize], [MinFileSize]) VALUES (N'f67263d9-f439-443c-acf7-36c20df5ef4d', 0, NULL, NULL, 0, NULL, NULL, NULL, NULL, NULL, N'', NULL, NULL, NULL, NULL, NULL, NULL, NULL, NULL, NULL, NULL, NULL, NULL, 0, NULL, NULL, NULL, NULL)
ALTER TABLE [ERPSettings].[InputComponent]
    ADD CONSTRAINT [FK_InputComponent_Component] FOREIGN KEY ([IdComponent]) REFERENCES [ERPSettings].[Component] ([IdComponent])
ALTER TABLE [ERPSettings].[Component]
    ADD CONSTRAINT [FK_Component_Component1] FOREIGN KEY ([IdComponentChangedBy]) REFERENCES [ERPSettings].[Component] ([IdComponent])
ALTER TABLE [ERPSettings].[Component]
    ADD CONSTRAINT [FK_Component_Functionality] FOREIGN KEY ([IdFunctionality]) REFERENCES [ERPSettings].[Functionality] ([IdFunctionality])
ALTER TABLE [ERPSettings].[Component]
    ADD CONSTRAINT [FK_Component_Component] FOREIGN KEY ([IdComponentParent]) REFERENCES [ERPSettings].[Component] ([IdComponent])
COMMIT TRANSACTION

BEGIN TRANSACTION
ALTER TABLE [ERPSettings].[ReportComponent] DROP CONSTRAINT [FK_ReportViewerComponent_Component]
UPDATE [ERPSettings].[ReportComponent] SET [report]=N'InvoiceSparkItIntLimited.trdp' WHERE [IdComponent]=N'03f8ccc7-5621-43ca-ac30-3835082805e7'
UPDATE [ERPSettings].[ReportComponent] SET [report]=N'InvoiceSparkItIntLimited.trdp' WHERE [IdComponent]=N'156a2f80-bd06-4688-9263-a07c38e66b36'
UPDATE [ERPSettings].[ReportComponent] SET [report]=N'InvoiceSparkItIntLimited.trdp' WHERE [IdComponent]=N'5226e3c0-4c48-4e09-b939-cce78ce7b23e'
UPDATE [ERPSettings].[ReportComponent] SET [report]=N'InvoiceSparkItIntLimited.trdp' WHERE [IdComponent]=N'60431056-5ab6-47ac-84b3-568a56f3e485'
UPDATE [ERPSettings].[ReportComponent] SET [report]=N'InvoiceSparkItIntLimited.trdp' WHERE [IdComponent]=N'97b2feab-7e4f-4ee0-9b59-b40ff9221739'
UPDATE [ERPSettings].[ReportComponent] SET [report]=N'Asset.trdp' WHERE [IdComponent]=N'9f8d59b2-d974-43d8-9635-4b999cf305d5'
UPDATE [ERPSettings].[ReportComponent] SET [report]=N'Asset.trdp' WHERE [IdComponent]=N'a83e785f-bf4e-4e3d-9f54-088cea86c39a'
UPDATE [ERPSettings].[ReportComponent] SET [report]=N'InvoiceSparkItIntLimited.trdp' WHERE [IdComponent]=N'bdd22f08-4630-4f09-8980-ade877c46ce0'
UPDATE [ERPSettings].[ReportComponent] SET [report]=N'InvoiceSparkItIntLimited.trdp' WHERE [IdComponent]=N'f0e44597-694e-443e-9525-185c48a29146'
UPDATE [ERPSettings].[ReportComponent] SET [report]=N'InvoiceSparkItIntLimited.trdp' WHERE [IdComponent]=N'fa4d54df-f49a-48db-a976-5409025ecded'
ALTER TABLE [ERPSettings].[ReportComponent]
    ADD CONSTRAINT [FK_ReportViewerComponent_Component] FOREIGN KEY ([IdComponent]) REFERENCES [ERPSettings].[Component] ([IdComponent])
COMMIT TRANSACTION

BEGIN TRANSACTION
ALTER TABLE [ERPSettings].[InputComponent] DROP CONSTRAINT [FK_InputComponent_Component]
UPDATE [ERPSettings].[InputComponent] SET [required]=0 WHERE [IdComponent]=N'9ce23bd0-2925-4991-8db6-1b076ba5bc50'
UPDATE [ERPSettings].[InputComponent] SET [required]=0 WHERE [IdComponent]=N'e560c4a1-b672-4802-b9a2-4e6f0c7de0df'
ALTER TABLE [ERPSettings].[InputComponent]
    ADD CONSTRAINT [FK_InputComponent_Component] FOREIGN KEY ([IdComponent]) REFERENCES [ERPSettings].[Component] ([IdComponent])
COMMIT TRANSACTION

BEGIN TRANSACTION
SET IDENTITY_INSERT [Immobilisation].[Category] ON
INSERT INTO [Immobilisation].[Category] ([Id], [MinPeriod], [MaxPeriod], [ImmobilisationType], [Label], [Deleted_Token], [IsDeleted], [TransactionUserId], [Code]) VALUES (1, NULL, NULL, 2, N'PC fixe', NULL, 0, 0, N'PC fixe')
INSERT INTO [Immobilisation].[Category] ([Id], [MinPeriod], [MaxPeriod], [ImmobilisationType], [Label], [Deleted_Token], [IsDeleted], [TransactionUserId], [Code]) VALUES (2, NULL, NULL, 2, N'PC portable', NULL, 0, 0, N'PC portable')
INSERT INTO [Immobilisation].[Category] ([Id], [MinPeriod], [MaxPeriod], [ImmobilisationType], [Label], [Deleted_Token], [IsDeleted], [TransactionUserId], [Code]) VALUES (3, NULL, NULL, 2, N'Tél mobile', NULL, 0, 0, N'Tél mobile')
INSERT INTO [Immobilisation].[Category] ([Id], [MinPeriod], [MaxPeriod], [ImmobilisationType], [Label], [Deleted_Token], [IsDeleted], [TransactionUserId], [Code]) VALUES (4, NULL, NULL, 2, N'Tél fixe', NULL, 0, 0, N'Tél fixe')
INSERT INTO [Immobilisation].[Category] ([Id], [MinPeriod], [MaxPeriod], [ImmobilisationType], [Label], [Deleted_Token], [IsDeleted], [TransactionUserId], [Code]) VALUES (5, NULL, NULL, 2, N'Souris', NULL, 0, 0, N'Souris')
INSERT INTO [Immobilisation].[Category] ([Id], [MinPeriod], [MaxPeriod], [ImmobilisationType], [Label], [Deleted_Token], [IsDeleted], [TransactionUserId], [Code]) VALUES (6, NULL, NULL, 2, N'Clavier', NULL, 0, 0, N'Clavier')
INSERT INTO [Immobilisation].[Category] ([Id], [MinPeriod], [MaxPeriod], [ImmobilisationType], [Label], [Deleted_Token], [IsDeleted], [TransactionUserId], [Code]) VALUES (7, NULL, NULL, 2, N'Casque', NULL, 0, 0, N'Casque')
INSERT INTO [Immobilisation].[Category] ([Id], [MinPeriod], [MaxPeriod], [ImmobilisationType], [Label], [Deleted_Token], [IsDeleted], [TransactionUserId], [Code]) VALUES (8, NULL, NULL, 2, N'Vidéo projecteur', NULL, 0, 0, N'Vidéo projecteur')
INSERT INTO [Immobilisation].[Category] ([Id], [MinPeriod], [MaxPeriod], [ImmobilisationType], [Label], [Deleted_Token], [IsDeleted], [TransactionUserId], [Code]) VALUES (9, NULL, NULL, 2, N'Ecran', NULL, 0, 0, N'Ecran')
INSERT INTO [Immobilisation].[Category] ([Id], [MinPeriod], [MaxPeriod], [ImmobilisationType], [Label], [Deleted_Token], [IsDeleted], [TransactionUserId], [Code]) VALUES (10, NULL, NULL, 2, N'Switch', NULL, 0, 0, N'Switch')
INSERT INTO [Immobilisation].[Category] ([Id], [MinPeriod], [MaxPeriod], [ImmobilisationType], [Label], [Deleted_Token], [IsDeleted], [TransactionUserId], [Code]) VALUES (11, NULL, NULL, 2, N'Routeur', NULL, 0, 0, N'Routeur')
INSERT INTO [Immobilisation].[Category] ([Id], [MinPeriod], [MaxPeriod], [ImmobilisationType], [Label], [Deleted_Token], [IsDeleted], [TransactionUserId], [Code]) VALUES (12, NULL, NULL, 2, N'Modem', NULL, 0, 0, N'Modem')
INSERT INTO [Immobilisation].[Category] ([Id], [MinPeriod], [MaxPeriod], [ImmobilisationType], [Label], [Deleted_Token], [IsDeleted], [TransactionUserId], [Code]) VALUES (13, NULL, NULL, 2, N'Serveur', NULL, 0, 0, N'Serveur')
INSERT INTO [Immobilisation].[Category] ([Id], [MinPeriod], [MaxPeriod], [ImmobilisationType], [Label], [Deleted_Token], [IsDeleted], [TransactionUserId], [Code]) VALUES (14, NULL, NULL, 2, N'Firewall', NULL, 0, 0, N'Firewall')
INSERT INTO [Immobilisation].[Category] ([Id], [MinPeriod], [MaxPeriod], [ImmobilisationType], [Label], [Deleted_Token], [IsDeleted], [TransactionUserId], [Code]) VALUES (15, NULL, NULL, 2, N'Onduleur', NULL, 0, 0, N'Onduleur')
INSERT INTO [Immobilisation].[Category] ([Id], [MinPeriod], [MaxPeriod], [ImmobilisationType], [Label], [Deleted_Token], [IsDeleted], [TransactionUserId], [Code]) VALUES (16, NULL, NULL, 2, N'Imprimante', NULL, 0, 0, N'Imprimante')
INSERT INTO [Immobilisation].[Category] ([Id], [MinPeriod], [MaxPeriod], [ImmobilisationType], [Label], [Deleted_Token], [IsDeleted], [TransactionUserId], [Code]) VALUES (17, NULL, NULL, 1, N'Compte Utilisateur', NULL, 0, 0, N'Compte Utilisateur')
SET IDENTITY_INSERT [Immobilisation].[Category] OFF
COMMIT TRANSACTION

BEGIN TRANSACTION
ALTER TABLE [ERPSettings].[InputComponent] DROP CONSTRAINT [FK_InputComponent_Component]
UPDATE [ERPSettings].[InputComponent] SET [k_min]=N'0' WHERE [IdComponent]=N'3d724dc1-ae29-4551-82a7-a59eaee6c4c3'
UPDATE [ERPSettings].[InputComponent] SET [k_min]=N'0' WHERE [IdComponent]=N'5a4dc538-f32e-4aff-b33e-80d7c0ca4d9f'
UPDATE [ERPSettings].[InputComponent] SET [k_min]=N'0' WHERE [IdComponent]=N'7a896de4-a378-4068-a16d-556acd7a8a18'
UPDATE [ERPSettings].[InputComponent] SET [k_min]=N'0' WHERE [IdComponent]=N'9cac2ebf-34c0-4252-a40d-0b52f6756f22'
UPDATE [ERPSettings].[InputComponent] SET [k_min]=N'0' WHERE [IdComponent]=N'c2879f33-8f9c-45c9-be38-163fdf6a9ac2'
UPDATE [ERPSettings].[InputComponent] SET [k_min]=N'0' WHERE [IdComponent]=N'd2cac827-32fe-47a3-b21b-909770332402'
ALTER TABLE [ERPSettings].[InputComponent]
    ADD CONSTRAINT [FK_InputComponent_Component] FOREIGN KEY ([IdComponent]) REFERENCES [ERPSettings].[Component] ([IdComponent])
COMMIT TRANSACTION

BEGIN TRANSACTION
ALTER TABLE [ERPSettings].[DropDownListOptions] DROP CONSTRAINT [FK_DropDownListOptions_DropDownListComponent]
ALTER TABLE [ERPSettings].[DropDownListComponent] DROP CONSTRAINT [FK_DropDownListComponent_Component]
UPDATE [ERPSettings].[DropDownListOptions] SET [enable]=0 WHERE [IdDropDownListOptions]=N'770a0aa5-93d8-44a9-af16-bce0583512d9'
UPDATE [ERPSettings].[DropDownListComponent] SET [required]=0 WHERE [IdComponent]=N'770a0aa5-93d8-44a9-af16-bce0583512d9'
ALTER TABLE [ERPSettings].[DropDownListOptions]
    ADD CONSTRAINT [FK_DropDownListOptions_DropDownListComponent] FOREIGN KEY ([IdDropDownListOptions]) REFERENCES [ERPSettings].[DropDownListComponent] ([IdComponent])
ALTER TABLE [ERPSettings].[DropDownListComponent]
    ADD CONSTRAINT [FK_DropDownListComponent_Component] FOREIGN KEY ([IdComponent]) REFERENCES [ERPSettings].[Component] ([IdComponent])
COMMIT TRANSACTION

UPDATE [ERPSettings].[Codification] SET [LastCounterValue] = N'0001' WHERE Id = 99



