
--- Marwa: add filter to dropdown consultants and commercials
BEGIN TRANSACTION
ALTER TABLE [ERPSettings].[ServiceParameters] DROP CONSTRAINT [FK_ServiceParameters_PredicateFormat]
UPDATE [ERPSettings].[ServiceParameters] SET [IdPredicateFormat]=N'ec2d6423-d4a1-4a6b-8ec8-702dc952f253' WHERE [IdServiceParameters]=N'04d46325-b860-4b03-9715-a6cab88ab803'
UPDATE [ERPSettings].[ServiceParameters] SET [IdPredicateFormat]=N'32063d47-2bae-4719-8793-5ade3a9d41b3' WHERE [IdServiceParameters]=N'19197cf4-60ea-4358-88b0-735ed8bb1262'
UPDATE [ERPSettings].[ServiceParameters] SET [IdPredicateFormat]=N'a9977989-4f1f-4103-8b79-d1f0daac0aca' WHERE [IdServiceParameters]=N'a52a694f-d11c-49a6-9de4-40903de28b66'
UPDATE [ERPSettings].[ServiceParameters] SET [IdPredicateFormat]=N'7676d97b-2639-47ab-9ac3-b755ca2609a0' WHERE [IdServiceParameters]=N'ba086732-bfc0-46f9-a8b0-46dd81596c85'
INSERT INTO [ERPSettings].[PredicateFormat] ([IdPredicateFormat], [PredicateName], [Operator], [TransactionUserId], [IsDeleted], [Deleted_Token]) VALUES (N'32063d47-2bae-4719-8793-5ade3a9d41b3', NULL, NULL, NULL, 0, NULL)
INSERT INTO [ERPSettings].[PredicateFormat] ([IdPredicateFormat], [PredicateName], [Operator], [TransactionUserId], [IsDeleted], [Deleted_Token]) VALUES (N'7676d97b-2639-47ab-9ac3-b755ca2609a0', NULL, NULL, NULL, 0, NULL)
INSERT INTO [ERPSettings].[PredicateFormat] ([IdPredicateFormat], [PredicateName], [Operator], [TransactionUserId], [IsDeleted], [Deleted_Token]) VALUES (N'a9977989-4f1f-4103-8b79-d1f0daac0aca', NULL, NULL, NULL, 0, NULL)
INSERT INTO [ERPSettings].[PredicateFormat] ([IdPredicateFormat], [PredicateName], [Operator], [TransactionUserId], [IsDeleted], [Deleted_Token]) VALUES (N'ec2d6423-d4a1-4a6b-8ec8-702dc952f253', NULL, NULL, NULL, 0, NULL)
INSERT INTO [ERPSettings].[Filter] ([IdFilter], [IdPredicateFormat], [Prop], [Operation], [Value], [IsDynamicValue], [TransactionUserId], [IsDeleted], [IsSearchPredicate], [Deleted_Token], [Type]) VALUES (N'1170d2b1-c5de-4320-8fb7-bffa293ab8d8', N'32063d47-2bae-4719-8793-5ade3a9d41b3', N'LastName', 2, NULL, 0, NULL, 0, 1, NULL, NULL)
INSERT INTO [ERPSettings].[Filter] ([IdFilter], [IdPredicateFormat], [Prop], [Operation], [Value], [IsDynamicValue], [TransactionUserId], [IsDeleted], [IsSearchPredicate], [Deleted_Token], [Type]) VALUES (N'32cfd3bf-b5c3-413a-af26-c486de1a8684', N'ec2d6423-d4a1-4a6b-8ec8-702dc952f253', N'LastName', 2, NULL, 0, NULL, 0, 1, NULL, NULL)
INSERT INTO [ERPSettings].[Filter] ([IdFilter], [IdPredicateFormat], [Prop], [Operation], [Value], [IsDynamicValue], [TransactionUserId], [IsDeleted], [IsSearchPredicate], [Deleted_Token], [Type]) VALUES (N'5f73bd6f-c085-4f90-8f44-a4b9c8386b82', N'7676d97b-2639-47ab-9ac3-b755ca2609a0', N'FirstName', 2, NULL, 0, NULL, 0, 1, NULL, NULL)
INSERT INTO [ERPSettings].[Filter] ([IdFilter], [IdPredicateFormat], [Prop], [Operation], [Value], [IsDynamicValue], [TransactionUserId], [IsDeleted], [IsSearchPredicate], [Deleted_Token], [Type]) VALUES (N'6b7d7138-3d75-432b-8bb5-7188f4330e67', N'ec2d6423-d4a1-4a6b-8ec8-702dc952f253', N'FirstName', 2, NULL, 0, NULL, 0, 1, NULL, NULL)
INSERT INTO [ERPSettings].[Filter] ([IdFilter], [IdPredicateFormat], [Prop], [Operation], [Value], [IsDynamicValue], [TransactionUserId], [IsDeleted], [IsSearchPredicate], [Deleted_Token], [Type]) VALUES (N'9294652b-db86-48ea-9ba5-a7564a3a146b', N'7676d97b-2639-47ab-9ac3-b755ca2609a0', N'LastName', 2, NULL, 0, NULL, 0, 1, NULL, NULL)
INSERT INTO [ERPSettings].[Filter] ([IdFilter], [IdPredicateFormat], [Prop], [Operation], [Value], [IsDynamicValue], [TransactionUserId], [IsDeleted], [IsSearchPredicate], [Deleted_Token], [Type]) VALUES (N'9bbb714f-e730-4be1-b607-18193f4ff37d', N'32063d47-2bae-4719-8793-5ade3a9d41b3', N'FirstName', 2, NULL, 0, NULL, 0, 1, NULL, NULL)
INSERT INTO [ERPSettings].[Filter] ([IdFilter], [IdPredicateFormat], [Prop], [Operation], [Value], [IsDynamicValue], [TransactionUserId], [IsDeleted], [IsSearchPredicate], [Deleted_Token], [Type]) VALUES (N'aeaccb94-6336-4c54-97da-e195bb6905f2', N'a9977989-4f1f-4103-8b79-d1f0daac0aca', N'LastName', 2, NULL, 0, NULL, 0, 1, NULL, NULL)
INSERT INTO [ERPSettings].[Filter] ([IdFilter], [IdPredicateFormat], [Prop], [Operation], [Value], [IsDynamicValue], [TransactionUserId], [IsDeleted], [IsSearchPredicate], [Deleted_Token], [Type]) VALUES (N'ea413161-de43-4c37-9354-37455f64cb16', N'a9977989-4f1f-4103-8b79-d1f0daac0aca', N'FirstName', 2, NULL, 0, NULL, 0, 1, NULL, NULL)
ALTER TABLE [ERPSettings].[ServiceParameters]
    ADD CONSTRAINT [FK_ServiceParameters_PredicateFormat] FOREIGN KEY ([IdPredicateFormat]) REFERENCES [ERPSettings].[PredicateFormat] ([IdPredicateFormat])
COMMIT TRANSACTION

-- houssem 
Begin transaction

DELETE FROM [ERPSettings].[ComboBoxDataSource] WHERE [IdComponent]=N'21831d6c-ea4f-40fa-92ad-fbbd86a2108e'
DELETE FROM [ERPSettings].[ComboBoxDataSource] WHERE [IdComponent]=N'ae7375ac-1298-41bb-ad0b-ac19d7fb3654'
DELETE FROM [ERPSettings].[Relation] WHERE [IdRelation]=N'977284f5-2c41-4389-82a7-fc7d2c0a16bb'
DELETE FROM [ERPSettings].[Relation] WHERE [IdRelation]=N'9b40dfae-ebaa-462a-b2a6-984f5892b8ee'
DELETE FROM [ERPSettings].[ComboBoxOptions] WHERE [IdComponent]=N'21831d6c-ea4f-40fa-92ad-fbbd86a2108e'
DELETE FROM [ERPSettings].[ComboBoxOptions] WHERE [IdComponent]=N'ae7375ac-1298-41bb-ad0b-ac19d7fb3654'
DELETE FROM [ERPSettings].[ComboBoxComponent] WHERE [IdComponent]=N'21831d6c-ea4f-40fa-92ad-fbbd86a2108e'
DELETE FROM [ERPSettings].[ComboBoxComponent] WHERE [IdComponent]=N'ae7375ac-1298-41bb-ad0b-ac19d7fb3654'

DELETE FROM [ERPSettings].[ComponentByRole] WHERE [IdComponent]=N'21831d6c-ea4f-40fa-92ad-fbbd86a2108e'
DELETE FROM [ERPSettings].[ComponentByRole] WHERE [IdComponent]=N'ae7375ac-1298-41bb-ad0b-ac19d7fb3654'

DELETE FROM [ERPSettings].[ServiceParameters] WHERE [IdServiceParameters]=N'61316584-e6b4-4f45-9947-73c531736967'
DELETE FROM [ERPSettings].[ServiceParameters] WHERE [IdServiceParameters]=N'7376955f-6325-4c50-a53e-c1e231d17570'

DELETE FROM [ERPSettings].[PredicateFormat] WHERE [IdPredicateFormat]=N'9776e8b0-ccfb-4d98-a902-e1ac83502d3e'

DELETE FROM [ERPSettings].[Component] WHERE [IdComponent]=N'21831d6c-ea4f-40fa-92ad-fbbd86a2108e'
DELETE FROM [ERPSettings].[Component] WHERE [IdComponent]=N'ae7375ac-1298-41bb-ad0b-ac19d7fb3654'

UPDATE [ERPSettings].[InputComponent] SET [inputType]=4 WHERE [IdComponent]=N'69634335-7bf8-4c64-a3f6-2629d0141c21'
UPDATE [ERPSettings].[Component] SET [rank]=3 WHERE [IdComponent]=N'0c24e9be-6aa6-4303-9fb6-400b6dbe9e20'
UPDATE [ERPSettings].[Component] SET [rank]=2 WHERE [IdComponent]=N'126c7bfd-a4df-42af-97fb-8d7b8cc5c669'
UPDATE [ERPSettings].[Component] SET [class]=N'' WHERE [IdComponent]=N'69634335-7bf8-4c64-a3f6-2629d0141c21'

INSERT INTO [ERPSettings].[Component] ([IdComponent], [rank], [ComponentName], [IdComponentType], [IdFunctionality], [IdComponentParent], [FR], [EN], [AR], [DE], [CH], [ES], [IdButton], [classDiv], [classLabel], [class], [IsEncapsulated], [IdComponentChangedBy], [EntityName], [style], [ng_hide], [IsToInitialize], [IdFunctionalityForm], [IsFireChange]) VALUES (N'765b8174-6220-4813-928f-e66abf4be51c', 2, N'IdCurrency', 8, N'da8aecae-09e6-4f74-bfab-314673238ac1', N'8c33531c-2245-46ff-bf8c-e9262b166acc', N'Devise', N'Currency', NULL, NULL, NULL, NULL, N'480fb66c-6e0b-492a-afee-f2a72040b11f', N'form-group col-lg-12 col-md-12 col-sm-12', N'col-lg-4 col-md-4 col-sm-4', N'', 0, NULL, N'Company', NULL, NULL, 1, N'da8aecae-09e6-4f74-bfab-314673238ac1', NULL)
INSERT INTO [ERPSettings].[Component] ([IdComponent], [rank], [ComponentName], [IdComponentType], [IdFunctionality], [IdComponentParent], [FR], [EN], [AR], [DE], [CH], [ES], [IdButton], [classDiv], [classLabel], [class], [IsEncapsulated], [IdComponentChangedBy], [EntityName], [style], [ng_hide], [IsToInitialize], [IdFunctionalityForm], [IsFireChange]) VALUES (N'dd1a5fb6-54e3-4b90-8ed5-dff9387c807a', 4, N'IdZipCode', 8, N'da8aecae-09e6-4f74-bfab-314673238ac1', N'e0d77543-a011-4cea-aa54-e9e1d1ddc4a2', N'Code postal ', N'Postal code', NULL, NULL, NULL, NULL, N'480fb66c-6e0b-492a-afee-f2a72040b11f', N'form-group col-lg-12 col-md-12 col-sm-12', N'col-lg-4 col-md-4 col-sm-4', N'', 0, NULL, N'Company', NULL, NULL, 1, N'da8aecae-09e6-4f74-bfab-314673238ac1', NULL)

INSERT INTO [ERPSettings].[DropDownListComponent] ([IdComponent], [ng_model], [required], [ng_blur], [ng_bind], [k_on_change], [DropdownType], [DropdownIndex], [ng_disabled], [urlValueMapper]) VALUES (N'765b8174-6220-4813-928f-e66abf4be51c', N'', NULL, NULL, NULL, N'', 1, NULL, NULL, NULL)
INSERT INTO [ERPSettings].[DropDownListComponent] ([IdComponent], [ng_model], [required], [ng_blur], [ng_bind], [k_on_change], [DropdownType], [DropdownIndex], [ng_disabled], [urlValueMapper]) VALUES (N'dd1a5fb6-54e3-4b90-8ed5-dff9387c807a', N'', NULL, NULL, NULL, N'bController.baseService.actionService.onChangeDataSource(''dd1a5fb6-54e3-4b90-8ed5-dff9387c807a'')', 1, NULL, NULL, NULL)

INSERT INTO [ERPSettings].[PredicateFormat] ([IdPredicateFormat], [PredicateName], [Operator], [TransactionUserId], [IsDeleted], [Deleted_Token]) VALUES (N'af285e95-d464-4714-9c1a-e4654f819d41', NULL, NULL, NULL, 0, NULL)
INSERT INTO [ERPSettings].[PredicateFormat] ([IdPredicateFormat], [PredicateName], [Operator], [TransactionUserId], [IsDeleted], [Deleted_Token]) VALUES (N'd8cff704-2fcd-4ca6-87e9-5744678a0707', NULL, NULL, NULL, 0, NULL)

INSERT INTO [ERPSettings].[Filter] ([IdFilter], [IdPredicateFormat], [Prop], [Operation], [Value], [IsDynamicValue], [TransactionUserId], [IsDeleted], [IsSearchPredicate], [Deleted_Token], [Type]) VALUES (N'0bf29108-2f9f-4f7e-9064-192b9c4b5351', N'd8cff704-2fcd-4ca6-87e9-5744678a0707', N'Code', 2, NULL, 0, NULL, 0, 1, NULL, NULL)
INSERT INTO [ERPSettings].[Filter] ([IdFilter], [IdPredicateFormat], [Prop], [Operation], [Value], [IsDynamicValue], [TransactionUserId], [IsDeleted], [IsSearchPredicate], [Deleted_Token], [Type]) VALUES (N'8f9a8cad-4529-41b3-a6cc-1b3c82bcca7e', N'af285e95-d464-4714-9c1a-e4654f819d41', N'Code', 2, NULL, 0, NULL, 0, 1, NULL, NULL)
INSERT INTO [ERPSettings].[Filter] ([IdFilter], [IdPredicateFormat], [Prop], [Operation], [Value], [IsDynamicValue], [TransactionUserId], [IsDeleted], [IsSearchPredicate], [Deleted_Token], [Type]) VALUES (N'bc64a577-0ca2-4634-8718-5bf87f53b7f3', N'af285e95-d464-4714-9c1a-e4654f819d41', N'Symbole', 2, NULL, 0, NULL, 0, 1, NULL, NULL)

INSERT INTO [ERPSettings].[ServiceParameters] ([IdServiceParameters], [Method], [URL], [TModel], [Module], [IdPredicateFormat], [TransactionUserId], [IsDeleted], [Deleted_Token]) VALUES (N'13bcabc6-cb62-446f-8fde-a7fc89ed2e76', N'POST', N'/api/base/getDataSourcePredicate', N'ZipCode', N'Shared', N'd8cff704-2fcd-4ca6-87e9-5744678a0707', NULL, 0, NULL)
INSERT INTO [ERPSettings].[ServiceParameters] ([IdServiceParameters], [Method], [URL], [TModel], [Module], [IdPredicateFormat], [TransactionUserId], [IsDeleted], [Deleted_Token]) VALUES (N'925baabe-4323-4007-bc25-43b7d75fd305', N'POST', N'/api/base/getDataSourcePredicate', N'Currency', N'Administration', N'af285e95-d464-4714-9c1a-e4654f819d41', NULL, 0, NULL)

INSERT INTO [ERPSettings].[DropDownListOptions] ([IdDropDownListOptions], [name], [autoBind], [dataTextField], [dataValueField], [delay], [enable], [filter], [fixedGroupTemplate], [groupTemplate], [height], [headerTemplate], [template], [valueTemplate], [footerTemplate], [close], [dataBound], [filtering], [open], [select], [cascadeFrom], [cascadeFromField]) VALUES (N'765b8174-6220-4813-928f-e66abf4be51c', NULL, 1, N'Code', N'Id', NULL, 1, N'contains', NULL, NULL, 200, N'<div class="dropdown-header k-widget k-header"><span>{{''194e77b8-0935-4955-b877-6a8194618330 '' | translate }}</span><span>{{''4e93c7e5-ee01-4d9b-bc1d-a55eb97d7e74 '' | translate }}</span></div>', N'<table class="customDropDown sz-40-60"><tr><td>#:data.Code#</td><td>#if(data.Symbole != null){# #:data.Symbole ## }#</td></tr></table>', N'<span>#if(data.Code != null){# #: data.Code.length>9 ? data.Code.substring(0,7)+".." : data.Code # #}#</span>', N'Total #: instance.dataSource.total() #', NULL, NULL, NULL, NULL, NULL, NULL, NULL)
INSERT INTO [ERPSettings].[DropDownListOptions] ([IdDropDownListOptions], [name], [autoBind], [dataTextField], [dataValueField], [delay], [enable], [filter], [fixedGroupTemplate], [groupTemplate], [height], [headerTemplate], [template], [valueTemplate], [footerTemplate], [close], [dataBound], [filtering], [open], [select], [cascadeFrom], [cascadeFromField]) VALUES (N'dd1a5fb6-54e3-4b90-8ed5-dff9387c807a', NULL, 1, N'Code', N'Id', NULL, 1, N'contains', NULL, NULL, 300, NULL, NULL, NULL, NULL, NULL, NULL, NULL, NULL, NULL, NULL, NULL)

INSERT INTO [ERPSettings].[DropDownListDataSource] ([IdDropDownListOptions], [IdServiceParameters], [error], [autoSync], [pageSize], [serverPaging], [serverSorting], [serverFiltering], [serverGrouping], [serverAggregates]) VALUES (N'765b8174-6220-4813-928f-e66abf4be51c', N'925baabe-4323-4007-bc25-43b7d75fd305', NULL, 0, 8, 1, 0, 1, 0, 0)
INSERT INTO [ERPSettings].[DropDownListDataSource] ([IdDropDownListOptions], [IdServiceParameters], [error], [autoSync], [pageSize], [serverPaging], [serverSorting], [serverFiltering], [serverGrouping], [serverAggregates]) VALUES (N'dd1a5fb6-54e3-4b90-8ed5-dff9387c807a', N'13bcabc6-cb62-446f-8fde-a7fc89ed2e76', NULL, 0, 20, 1, 0, 1, 0, 0)

INSERT INTO [ERPSettings].[ComponentByRole] ([IdRole], [IdComponent], [IsActive], [IsVisible], [ReadFunction], [WriteFunction], [TransactionUserId]) VALUES (1, N'765b8174-6220-4813-928f-e66abf4be51c', 1, 1, NULL, NULL, NULL)
INSERT INTO [ERPSettings].[ComponentByRole] ( [IdRole], [IdComponent], [IsActive], [IsVisible], [ReadFunction], [WriteFunction], [TransactionUserId]) VALUES (1, N'dd1a5fb6-54e3-4b90-8ed5-dff9387c807a', 1, 1, NULL, NULL, NULL)


INSERT INTO [ERPSettings].[Relation] ([IdRelation], [IdPredicateFormat], [Prop], [TransactionUserId], [IsDeleted], [Deleted_Token]) VALUES (N'338b27e9-f2c6-473e-acf3-47dba361f454', N'd8cff704-2fcd-4ca6-87e9-5744678a0707', N'IdCityNavigation', NULL, 0, NULL)
INSERT INTO [ERPSettings].[Relation] ([IdRelation], [IdPredicateFormat], [Prop], [TransactionUserId], [IsDeleted], [Deleted_Token]) VALUES (N'ad94d4be-b728-4f97-b06c-d075e2d286e5', N'd8cff704-2fcd-4ca6-87e9-5744678a0707', N'IdCityNavigation.IdPaysNavigation', NULL, 0, NULL)

UPDATE [ERPSettings].[InputComponent] SET [placeholder]=N'', [k_format]=N'''n0''', [k_min]=N'0', [k_step]=N'1', [formatPrecision]=0 WHERE [IdComponent]=N'69634335-7bf8-4c64-a3f6-2629d0141c21'

commit transaction
-- BOUBAKER ECHIEB : Stock 
BEGIN TRANSACTION
UPDATE [ERPSettings].[DropDownListOptions] SET [autoBind]=0, [dataTextField]=N'IdItemNavigation.Code', [dataValueField]=N'IdItem', [template]=N'<table class="customDropDown sz-40-60"><tr><td>#:data.IdItemNavigation.Code#</td><td>#if(data.IdItemNavigation.Description != null){# #:data.IdItemNavigation.Description ## }#</td></tr></table>', [valueTemplate]=N'<span>#if(data.IdItemNavigation.Code != null){# #: data.IdItemNavigation.Code.length>9 ? data.IdItemNavigation.Code.substring(0,7)+".." : data.IdItemNavigation.Code # #}#</span>', [cascadeFrom]=N'7e156a28-4287-4ba2-a649-59f21ab6814b', [cascadeFromField]=N'IdWarehouse' WHERE [IdDropDownListOptions]=N'00b99237-d10f-4106-8306-c1f56ea2f120'
UPDATE [ERPSettings].[DropDownListOptions] SET [autoBind]=0, [dataTextField]=N'IdItemNavigation.Code', [dataValueField]=N'IdItem', [template]=N'<table class="customDropDown sz-40-60"><tr><td>#:data.IdItemNavigation.Code#</td><td>#if(data.IdItemNavigation.Description != null){# #:data.IdItemNavigation.Description ## }#</td></tr></table>', [valueTemplate]=N'<span>#if(data.IdItemNavigation.Code != null){# #: data.IdItemNavigation.Code.length>9 ? data.IdItemNavigation.Code.substring(0,7)+".." : data.IdItemNavigation.Code # #}#</span>', [cascadeFrom]=N'21ee5d9e-565b-4e8d-8756-da81383b4cd3', [cascadeFromField]=N'IdWarhouse' WHERE [IdDropDownListOptions]=N'4d52e1cd-1aaa-4b09-945a-344552ec628a'
UPDATE [ERPSettings].[DropDownListOptions] SET [dataTextField]=N'IdItemNavigation.Code', [dataValueField]=N'IdItem', [template]=N'<table class="customDropDown sz-40-60"><tr><td>#:data.IdItemNavigation.Code#</td><td>#if(data.IdItemNavigation.Description != null){# #:data.IdItemNavigation.Description ## }#</td></tr></table>', [valueTemplate]=N'<span>#if(data.IdItemNavigation.Code != null){# #: data.IdItemNavigation.Code.length>9 ? data.IdItemNavigation.Code.substring(0,7)+".." : data.IdItemNavigation.Code # #}#</span>', [cascadeFrom]=N'602cd5e9-6757-43cb-a001-ca5d16af4242', [cascadeFromField]=N'IdWarehouse' WHERE [IdDropDownListOptions]=N'4e18e135-ca6f-47b8-ad93-0a788003bdbd'
UPDATE [ERPSettings].[DropDownListOptions] SET [autoBind]=0, [dataTextField]=N'IdItemNavigation.Code', [dataValueField]=N'IdItem', [template]=N'<table class="customDropDown sz-40-60"><tr><td>#:data.IdItemNavigation.Code#</td><td>#if(data.IdItemNavigation.Description != null){# #:data.IdItemNavigation.Description ## }#</td></tr></table>', [valueTemplate]=N'<span>#if(data.IdItemNavigation.Code != null){# #: data.IdItemNavigation.Code.length>9 ? data.IdItemNavigation.Code.substring(0,7)+".." : data.IdItemNavigation.Code # #}#</span>', [cascadeFrom]=N'2bc882e4-92ca-4b7c-b222-cb34222bb92a', [cascadeFromField]=N'' WHERE [IdDropDownListOptions]=N'ade8db30-a6da-4ea9-91b9-d9aa25e68093'
UPDATE [ERPSettings].[DropDownListOptions] SET [dataTextField]=N'IdItemNavigation.Code', [dataValueField]=N'IdItem', [template]=N'<table class="customDropDown sz-40-60"><tr><td>#:data.IdItemNavigation.Code#</td><td>#if(data.IdItemNavigation.Description != null){# #:data.IdItemNavigation.Description ## }#</td></tr></table>', [valueTemplate]=N'<span>#if(data.IdItemNavigation.Code != null){# #: data.IdItemNavigation.Code.length>9 ? data.IdItemNavigation.Code.substring(0,7)+".." : data.IdItemNavigation.Code # #}#</span>', [cascadeFrom]=N'4505665d-d48b-4c3a-8f42-459a483ddd1e', [cascadeFromField]=N'IdWarehouse' WHERE [IdDropDownListOptions]=N'cb741770-e17c-4214-a06d-785fe9c952a8'
UPDATE [ERPSettings].[DropDownListOptions] SET [dataTextField]=N'IdItemNavigation.Code', [dataValueField]=N'IdItem', [template]=N'<table class="customDropDown sz-40-60"><tr><td>#:data.IdItemNavigation.Code#</td><td>#if(data.IdItemNavigation.Description != null){# #:data.IdItemNavigation.Description ## }#</td></tr></table>', [valueTemplate]=N'<span>#if(data.IdItemNavigation.Code != null){# #: data.IdItemNavigation.Code.length>9 ? data.IdItemNavigation.Code.substring(0,7)+".." : data.IdItemNavigation.Code # #}#</span>', [cascadeFrom]=N'007996e5-8758-4898-be6d-9efd731d67b1', [cascadeFromField]=N'IdWarehouse' WHERE [IdDropDownListOptions]=N'f605e8f7-72f3-4e9c-a835-b6fe0ad0597f'
UPDATE [ERPSettings].[GridColumnComponent] SET [field]=N'Description' WHERE [IdComponent]=N'ac4c7604-7917-4327-bd6a-8c107ff3d097'
UPDATE [ERPSettings].[GridColumnComponent] SET [field]=N'Description' WHERE [IdComponent]=N'c024479c-425c-43e3-8b21-baef96bd9a75'
UPDATE [ERPSettings].[Component] SET [ComponentName]=N'Code' WHERE [IdComponent]=N'35341a28-f7e1-44cb-8855-b21dadad8f5f'
UPDATE [ERPSettings].[Component] SET [IdFunctionalityForm]=N'78dfa306-e1a5-4530-9be4-fea0cc1cc31f' WHERE [IdComponent]=N'e4c28f14-ae93-47fa-ab79-ac578c825a21'
UPDATE [ERPSettings].[Relation] SET [Prop]=N'IdItemNavigation' WHERE [IdRelation]=N'11af2d5d-79c7-41f5-a45b-e5f4bdd49692'
UPDATE [ERPSettings].[Relation] SET [Prop]=N'IdItemNavigation' WHERE [IdRelation]=N'73ce655d-c281-4d24-b2b5-d21ac0336c4f'
UPDATE [ERPSettings].[Relation] SET [Prop]=N'IdItemNavigation' WHERE [IdRelation]=N'7e81b3a0-7516-4317-bf56-818381d978fa'
UPDATE [ERPSettings].[Relation] SET [Prop]=N'IdItemNavigation' WHERE [IdRelation]=N'bd4f8e9d-f977-4ea0-a822-801b51d02b74'
UPDATE [ERPSettings].[ServiceParameters] SET [URL]=N'/api/base/getDataSourcePredicate', [TModel]=N'ItemWarehouse' WHERE [IdServiceParameters]=N'22ccf187-6451-4b45-8383-24944745b21b'
UPDATE [ERPSettings].[ServiceParameters] SET [URL]=N'/api/base/getDataSourcePredicate', [TModel]=N'ItemWarehouse' WHERE [IdServiceParameters]=N'38ea0088-8527-47d0-9ead-6cb0615a4d0d'
UPDATE [ERPSettings].[ServiceParameters] SET [URL]=N'/api/base/getDataSourcePredicate', [TModel]=N'ItemWarehouse' WHERE [IdServiceParameters]=N'4b96b76f-1084-4f47-a2cd-d1201504ce89'
UPDATE [ERPSettings].[ServiceParameters] SET [URL]=N'/api/base/getDataSourcePredicate', [TModel]=N'ItemWarehouse' WHERE [IdServiceParameters]=N'9b63fca6-692d-44ff-bf05-b8efb65de406'
UPDATE [ERPSettings].[ServiceParameters] SET [URL]=N'/api/base/getDataSourcePredicate', [TModel]=N'ItemWarehouse' WHERE [IdServiceParameters]=N'a0f4cf25-8282-42c0-8c75-80bc27a663d9'
UPDATE [ERPSettings].[ServiceParameters] SET [URL]=N'/api/base/getDataSourcePredicate', [TModel]=N'ItemWarehouse' WHERE [IdServiceParameters]=N'fa50e3b4-d54c-4db5-9ebb-83688e586ab2'
UPDATE [ERPSettings].[Filter] SET [Prop]=N'IdItemNavigation.Description' WHERE [IdFilter]=N'02b97b29-3333-4aa1-8079-c052eba2ea13'
UPDATE [ERPSettings].[Filter] SET [Prop]=N'IdItemNavigation.Description' WHERE [IdFilter]=N'0d05e17e-1e68-4fe2-bd1b-142bf98698a3'
UPDATE [ERPSettings].[Filter] SET [Prop]=N'IdItemNavigation.BarCode1D' WHERE [IdFilter]=N'134d13e8-ea67-4ee4-a62c-e0f0c132c122'
UPDATE [ERPSettings].[Filter] SET [Prop]=N'IdItemNavigation.BarCode1' WHERE [IdFilter]=N'15f2df9d-ec1d-4335-b85b-4a0d95d35ecc'
UPDATE [ERPSettings].[Filter] SET [Prop]=N'IdItemNavigation.Description' WHERE [IdFilter]=N'1933d2f6-7fb6-4925-9b38-ba35517fd76c'
UPDATE [ERPSettings].[Filter] SET [Prop]=N'IdItemNavigation.Code' WHERE [IdFilter]=N'228fd5dc-5335-4db4-aefd-1c9305bfd656'
UPDATE [ERPSettings].[Filter] SET [Prop]=N'IdItemNavigation.Code' WHERE [IdFilter]=N'4185cd23-25e2-437f-b111-6d287b2a8aa8'
UPDATE [ERPSettings].[Filter] SET [Prop]=N'IdItemNavigation.Code' WHERE [IdFilter]=N'73a60042-b4bc-444b-946a-f5f96cd4a2d9'
UPDATE [ERPSettings].[Filter] SET [Prop]=N'IdItemNavigation.BarCode1' WHERE [IdFilter]=N'805d0505-12de-47c4-ae70-bf5337d77865'
UPDATE [ERPSettings].[Filter] SET [Prop]=N'IdItemNavigation.BarCode1D' WHERE [IdFilter]=N'90da5533-e900-4402-860e-762402599bae'
UPDATE [ERPSettings].[Filter] SET [Prop]=N'IdItemNavigation.BarCode1D' WHERE [IdFilter]=N'941c5331-9a77-430a-b483-88ba259d731d'
UPDATE [ERPSettings].[Filter] SET [Prop]=N'IdItemNavigation.Code' WHERE [IdFilter]=N'adaf48b4-6c5e-4589-8505-bfafb3f45dfc'
UPDATE [ERPSettings].[Filter] SET [Prop]=N'IdItemNavigation.Code' WHERE [IdFilter]=N'b26db405-0fd0-4d30-8a37-a322edd5edbf'
UPDATE [ERPSettings].[Filter] SET [Prop]=N'IdItemNavigation.Code' WHERE [IdFilter]=N'c5bcbdf2-a6b9-4a3d-b01c-db27772f775f'
UPDATE [ERPSettings].[Filter] SET [Prop]=N'IdItemNavigation.Description' WHERE [IdFilter]=N'dcb35010-0209-4365-bed0-7e261684e752'
UPDATE [ERPSettings].[Filter] SET [Prop]=N'IdItemNavigation.Description' WHERE [IdFilter]=N'dd5edf04-f144-4e26-9768-7d1e9bcc008f'
UPDATE [ERPSettings].[Filter] SET [Prop]=N'IdItemNavigation.Description' WHERE [IdFilter]=N'e50b1b95-12ff-4f66-9d82-52c40096dbf3'
UPDATE [ERPSettings].[Filter] SET [Prop]=N'IdItemNavigation.BarCode1D' WHERE [IdFilter]=N'fab73058-0dd3-4f12-9bb3-ab97be38ab1c'
INSERT INTO [ERPSettings].[Filter] ([IdFilter], [IdPredicateFormat], [Prop], [Operation], [Value], [IsDynamicValue], [TransactionUserId], [IsDeleted], [IsSearchPredicate], [Deleted_Token], [Type]) VALUES (N'6ab064cb-407d-4ca4-b751-f8ed336e4851', N'41bf1eef-1cc1-42bc-bacd-af4b9a7edcf7', N'IdWarehouse', 1, NULL, 1, NULL, 0, NULL, NULL, NULL)
INSERT INTO [ERPSettings].[Filter] ([IdFilter], [IdPredicateFormat], [Prop], [Operation], [Value], [IsDynamicValue], [TransactionUserId], [IsDeleted], [IsSearchPredicate], [Deleted_Token], [Type]) VALUES (N'9f187939-2e4f-462d-a8b9-9254e135e7be', N'1ad5e713-d2f8-4d03-b1c3-ece669cebb29', N'IdWarehouse', 1, NULL, 1, NULL, 0, NULL, NULL, NULL)
INSERT INTO [ERPSettings].[Filter] ([IdFilter], [IdPredicateFormat], [Prop], [Operation], [Value], [IsDynamicValue], [TransactionUserId], [IsDeleted], [IsSearchPredicate], [Deleted_Token], [Type]) VALUES (N'af8bbda0-3a19-4322-a2cf-e072f9a64484', N'8b1e519b-510e-4a52-9696-53934c452d8b', N'IdWarehouse', 1, NULL, 1, NULL, 0, NULL, NULL, NULL)
INSERT INTO [ERPSettings].[Relation] ([IdRelation], [IdPredicateFormat], [Prop], [TransactionUserId], [IsDeleted], [Deleted_Token]) VALUES (N'0188ded9-25c2-4e50-8c42-0f3ef4f9b0f6', N'41bf1eef-1cc1-42bc-bacd-af4b9a7edcf7', N'IdItemNavigation', NULL, 0, NULL)
INSERT INTO [ERPSettings].[Relation] ([IdRelation], [IdPredicateFormat], [Prop], [TransactionUserId], [IsDeleted], [Deleted_Token]) VALUES (N'64fb4a73-9c18-4d48-9ad8-efdb6aa8f5cf', N'8b1e519b-510e-4a52-9696-53934c452d8b', N'IdItemNavigation', NULL, 0, NULL)
DELETE FROM [ERPSettings].[Relation] WHERE [IdRelation]=N'bc13930d-8aa2-44ef-9af9-2c2c24201cc4'
DELETE FROM [ERPSettings].[Filter] WHERE [IdFilter]=N'6ab064cb-407d-4ca4-b751-f8ed336e4851'
COMMIT TRANSACTION
--BOUBAKER ECHIEB : Interface change password
BEGIN TRANSACTION
ALTER TABLE [ERPSettings].[Component] DROP CONSTRAINT [FK_Component_Component]
DELETE FROM [ERPSettings].[ButtonComponent] WHERE [IdComponent]=N'c483d440-384b-474f-a922-a8b977321752'
DELETE FROM [ERPSettings].[ComponentByRole] WHERE [IdComponent]=N'29688eec-0341-4031-a3b7-c2c13b51840f'
DELETE FROM [ERPSettings].[ComponentByRole] WHERE [IdComponent]=N'c483d440-384b-474f-a922-a8b977321752'
DELETE FROM [ERPSettings].[ComponentByRole] WHERE [IdComponent]=N'e91e1197-6e93-453d-b5a9-439dc4c4d377'
DELETE FROM [ERPSettings].[Component] WHERE [IdComponent]=N'29688eec-0341-4031-a3b7-c2c13b51840f'
DELETE FROM [ERPSettings].[Component] WHERE [IdComponent]=N'c483d440-384b-474f-a922-a8b977321752'
DELETE FROM [ERPSettings].[Component] WHERE [IdComponent]=N'e91e1197-6e93-453d-b5a9-439dc4c4d377'
UPDATE [ERPSettings].[User] SET [Password]=N'9fd3ce560c85f097b2be8784844ad05da15132cfe1f1696e3e220f4a79cde33c9972dbe2aa750775b053ed12c723969f13e880ac66199a02e4d368b38cbdaeb8' WHERE [Id]=2
UPDATE [ERPSettings].[Component] SET [classLabel]=N'col-lg-8 col-md-8 col-sm-8', [style]=N'width: auto !important;' WHERE [IdComponent]=N'1b1e7f5c-15cc-405a-a8c8-f0816a8ef97e'
UPDATE [ERPSettings].[Component] SET [rank]=1 WHERE [IdComponent]=N'7c45de29-c64e-4264-84ee-fba7ee6ca5f3'
UPDATE [ERPSettings].[Component] SET [classLabel]=N'col-lg-8 col-md-8 col-sm-8', [style]=N'width: auto !important;' WHERE [IdComponent]=N'901dd6ea-d3b0-4767-b0d7-6d4a1e9a641e'
UPDATE [ERPSettings].[Component] SET [rank]=1 WHERE [IdComponent]=N'9f366ce1-66c8-4469-adf2-dae704123e58'
UPDATE [ERPSettings].[Component] SET [FR]=N'Confirmer mot de passe', [EN]=N'Confirm password', [AR]=N'', [DE]=N'' WHERE [IdComponent]=N'c1773a99-696f-4bc9-a237-16a40a1b551a'
UPDATE [ERPSettings].[Component] SET [FR]=N'Confirmer mot de passe', [EN]=N'Confirm new password', [AR]=N'', [DE]=N'', [classLabel]=N'col-lg-8 col-md-8 col-sm-8', [style]=N'width: auto !important;' WHERE [IdComponent]=N'cbc7aa32-a01b-4636-b757-0d6b95b754bd'
ALTER TABLE [ERPSettings].[Component]
    ADD CONSTRAINT [FK_Component_Component] FOREIGN KEY ([IdComponentParent]) REFERENCES [ERPSettings].[Component] ([IdComponent])
COMMIT TRANSACTION
--BOUBAKER ECHIEB: Mailing
BEGIN TRANSACTION

INSERT INTO [ERPSettings].[Component] ([IdComponent], [rank], [ComponentName], [IdComponentType], [IdFunctionality], [IdComponentParent], [FR], [EN], [AR], [DE], [CH], [ES], [IdButton], [classDiv], [classLabel], [class], [IsEncapsulated], [IdComponentChangedBy], [EntityName], [style], [ng_hide], [IsToInitialize], [IdFunctionalityForm], [IsFireChange]) VALUES (N'2b15b782-19eb-4b10-b035-8010a032b889', 1, N'DIV2', 9, N'fb782972-bcd1-4f36-ba23-577b5e83363d', N'51fd4bb7-d79c-4d15-aaf7-398bfe9792e5', NULL, NULL, NULL, NULL, NULL, NULL, NULL, N'', N'', N'form-group col-lg-6 col-md-6 col-sm-6', 0, NULL, N'Information', NULL, NULL, 1, N'fb782972-bcd1-4f36-ba23-577b5e83363d', NULL)
INSERT INTO [ERPSettings].[Component] ([IdComponent], [rank], [ComponentName], [IdComponentType], [IdFunctionality], [IdComponentParent], [FR], [EN], [AR], [DE], [CH], [ES], [IdButton], [classDiv], [classLabel], [class], [IsEncapsulated], [IdComponentChangedBy], [EntityName], [style], [ng_hide], [IsToInitialize], [IdFunctionalityForm], [IsFireChange]) VALUES (N'81286632-579d-4af2-8f56-bf01bbb7fa66', 2, N'MailSubject', 1, N'fb782972-bcd1-4f36-ba23-577b5e83363d', N'51fd4bb7-d79c-4d15-aaf7-398bfe9792e5', N'Sujet', N'Subject', NULL, NULL, NULL, NULL, N'28f86bd2-88f5-4cb6-8913-ddc0acfce832', N'form-group col-lg-6 col-md-6 col-sm-6', N'col-lg-4 col-md-4 col-sm-4', N'col-lg-8 col-md-8 col-sm-8', 0, NULL, N'Information', NULL, N'!bController.baseService.viewObject.Information$IsMail', 1, N'fb782972-bcd1-4f36-ba23-577b5e83363d', NULL)
INSERT INTO [ERPSettings].[Component] ([IdComponent], [rank], [ComponentName], [IdComponentType], [IdFunctionality], [IdComponentParent], [FR], [EN], [AR], [DE], [CH], [ES], [IdButton], [classDiv], [classLabel], [class], [IsEncapsulated], [IdComponentChangedBy], [EntityName], [style], [ng_hide], [IsToInitialize], [IdFunctionalityForm], [IsFireChange]) VALUES (N'88066fa9-150d-43a0-bdb3-e378a0c62182', 5, N'DIV6', 9, N'fb782972-bcd1-4f36-ba23-577b5e83363d', N'8aab46cf-18c4-4bce-b609-fd70209bdff3', NULL, NULL, NULL, NULL, NULL, NULL, NULL, N'', N'', N'col-lg-12 col-md-12 col-sm-12', 0, NULL, N'Information', NULL, NULL, 1, N'fb782972-bcd1-4f36-ba23-577b5e83363d', NULL)
INSERT INTO [ERPSettings].[InputComponent] ([IdComponent], [inputType], [ng_model], [required], [ng_disabled], [ng_minlength], [ng_maxlength], [ng_change], [ng_bind], [ng_blur], [placeholder], [k_ng_model], [k_on_change], [k_format], [k_min], [k_max], [k_decimals], [k_step], [ui_date_mask], [pattern], [k_mask], [defaultValue], [ng_readonly], [formatPrecision], [IsCurrency], [Accept]) VALUES (N'81286632-579d-4af2-8f56-bf01bbb7fa66', 0, NULL, NULL, NULL, NULL, NULL, NULL, NULL, NULL, N'{{''81286632-579d-4af2-8f56-bf01bbb7fa66'' | translate }}', NULL, NULL, NULL, NULL, NULL, NULL, NULL, NULL, NULL, NULL, NULL, NULL, NULL, NULL, NULL)

SET IDENTITY_INSERT [ERPSettings].[ComponentByRole] ON
INSERT INTO [ERPSettings].[ComponentByRole] ([Id], [IdRole], [IdComponent], [IsActive], [IsVisible], [ReadFunction], [WriteFunction], [TransactionUserId]) VALUES (38929, 1, N'88066fa9-150d-43a0-bdb3-e378a0c62182', 1, 1, NULL, NULL, NULL)
INSERT INTO [ERPSettings].[ComponentByRole] ([Id], [IdRole], [IdComponent], [IsActive], [IsVisible], [ReadFunction], [WriteFunction], [TransactionUserId]) VALUES (38930, 1, N'81286632-579d-4af2-8f56-bf01bbb7fa66', 1, 1, NULL, NULL, NULL)
INSERT INTO [ERPSettings].[ComponentByRole] ([Id], [IdRole], [IdComponent], [IsActive], [IsVisible], [ReadFunction], [WriteFunction], [TransactionUserId]) VALUES (38931, 1, N'2b15b782-19eb-4b10-b035-8010a032b889', 1, 1, NULL, NULL, NULL)
SET IDENTITY_INSERT [ERPSettings].[ComponentByRole] OFF

UPDATE [ERPSettings].[CheckBoxComponent] SET [ng_change]=N'' WHERE [IdComponent]=N'6f6aa744-61db-478b-8b6a-4d77ea074829'
UPDATE [ERPSettings].[InputComponent] SET [ng_disabled]=1, [ng_readonly]=0 WHERE [IdComponent]=N'c8407d0b-f4ec-4973-9a8b-405221d17b89'
UPDATE [ERPSettings].[Information] SET [FR]=N'Merci de valider le mouvement d''entrée' WHERE [IdInfo]=1000500009
UPDATE [ERPSettings].[DropDownListComponent] SET [required]=0 WHERE [IdComponent]=N'e496b74a-9f8a-4acd-8f85-bab5de792ba1'
UPDATE [ERPSettings].[Component] SET [FR]=N'Notification', [EN]=N'Notification', [AR]=N'Notification', [DE]=N'Notification', [CH]=N'Notification', [ES]=N'Notification' WHERE [IdComponent]=N'0a365622-80f6-4364-9e13-a81d0316129d'
UPDATE [ERPSettings].[Component] SET [FR]=N'Utilisateurs', [EN]=N'Users', [classDiv]=N'form-group col-lg-12 col-md-12 col-sm-12' WHERE [IdComponent]=N'1491facb-d394-4a25-b190-f625801fb276'
UPDATE [ERPSettings].[Component] SET [rank]=4, [IdComponentParent]=N'3a1b42fd-3503-4053-b16c-069c7bf8c62b' WHERE [IdComponent]=N'5731915c-8fba-46a0-95bc-189beb5e32df'
UPDATE [ERPSettings].[Component] SET [classDiv]=N'form-group col-lg-12 col-md-12 col-sm-12' WHERE [IdComponent]=N'661cf95a-9f6c-40c8-bbef-1fdbfc3c7430'
UPDATE [ERPSettings].[Component] SET [rank]=3 WHERE [IdComponent]=N'6af6efb9-4923-4df9-bd5e-4347b8033368'
UPDATE [ERPSettings].[Component] SET [rank]=2, [IdComponentParent]=N'6af6efb9-4923-4df9-bd5e-4347b8033368', [FR]=N'Email', [EN]=N'Email', [AR]=N'Email', [DE]=N'Email', [CH]=N'Email', [ES]=N'Email' WHERE [IdComponent]=N'6f6aa744-61db-478b-8b6a-4d77ea074829'
UPDATE [ERPSettings].[Component] SET [classDiv]=N'form-group col-lg-12 col-md-12 col-sm-12' WHERE [IdComponent]=N'7f32af6b-47f1-4c9f-b04c-0150c070265d'
UPDATE [ERPSettings].[Component] SET [rank]=1, [ng_hide]=N'true' WHERE [IdComponent]=N'9e834a87-c047-4f78-bf61-bb4a7f9abe2f'
UPDATE [ERPSettings].[Component] SET [rank]=2, [classDiv]=N'form-group col-lg-12 col-md-12 col-sm-12' WHERE [IdComponent]=N'c8407d0b-f4ec-4973-9a8b-405221d17b89'
UPDATE [ERPSettings].[Component] SET [FR]=N'Rôles', [EN]=N'Roles', [classDiv]=N'form-group col-lg-12 col-md-12 col-sm-12' WHERE [IdComponent]=N'e496b74a-9f8a-4acd-8f85-bab5de792ba1'
COMMIT TRANSACTION
BEGIN TRANSACTION
UPDATE [ERPSettings].[Information] set MailSubject='STARK-ERP Notification'
COMMIT TRANSACTION
-- Marwa Interface list of finnacial commitment --

BEGIN TRANSACTION
ALTER TABLE [ERPSettings].[GridComponent] DROP CONSTRAINT [FK_GridComponent_Component]
ALTER TABLE [ERPSettings].[GridOptions] DROP CONSTRAINT [FK_GridOptions_GridComponent]
ALTER TABLE [ERPSettings].[DropDownListDataSource] DROP CONSTRAINT [FK_DropDownListDataSource_DropDownListOptions]
ALTER TABLE [ERPSettings].[ServiceParameters] DROP CONSTRAINT [FK_ServiceParameters_PredicateFormat]
ALTER TABLE [ERPSettings].[Component] DROP CONSTRAINT [FK_Component_Component]
ALTER TABLE [ERPSettings].[Component] DROP CONSTRAINT [FK_Component_Functionality]
ALTER TABLE [ERPSettings].[Component] DROP CONSTRAINT [FK_Component_Component1]

UPDATE [ERPSettings].[Entity] SET [EntityName]=N'FinancialCommitment' WHERE [Id]=313
UPDATE [ERPSettings].[InputComponent] SET [defaultValue]=N'0' WHERE [IdComponent]=N'9e68c896-6341-4d54-8430-99de67bdd112'
INSERT INTO [ERPSettings].[Component] ([IdComponent], [rank], [ComponentName], [IdComponentType], [IdFunctionality], [IdComponentParent], [FR], [EN], [AR], [DE], [CH], [ES], [IdButton], [classDiv], [classLabel], [class], [IsEncapsulated], [IdComponentChangedBy], [EntityName], [style], [ng_hide], [IsToInitialize], [IdFunctionalityForm], [IsFireChange]) VALUES (N'1e73b0f2-c8b1-42ee-8f41-4d14263521dc', 3, N'DIV3', 9, N'0233afff-931a-48cc-86d9-c8a83b415efa', N'e70af328-81da-4aa2-8420-04f20ad28269', NULL, NULL, NULL, NULL, NULL, NULL, NULL, N'', N'', N'col-lg-12 col-md-12 col-sm-12', 0, NULL, N'FinancialCommitment', NULL, NULL, 1, N'0233afff-931a-48cc-86d9-c8a83b415efa', NULL)
INSERT INTO [ERPSettings].[Component] ([IdComponent], [rank], [ComponentName], [IdComponentType], [IdFunctionality], [IdComponentParent], [FR], [EN], [AR], [DE], [CH], [ES], [IdButton], [classDiv], [classLabel], [class], [IsEncapsulated], [IdComponentChangedBy], [EntityName], [style], [ng_hide], [IsToInitialize], [IdFunctionalityForm], [IsFireChange]) VALUES (N'213a6329-881d-4ed5-8a42-902e4b0bb433', 2, N'DIV2', 9, N'0233afff-931a-48cc-86d9-c8a83b415efa', N'e70af328-81da-4aa2-8420-04f20ad28269', N'DIV2', N'DIV2', N'DIV2_AR', N'DIV2_DE', N'DIV2_CH', N'DIV2_ES', NULL, N'', N'', N'form-group col-lg-12 col-md-12 col-sm-12', 0, NULL, N'FinancialCommitment', NULL, NULL, 1, N'0233afff-931a-48cc-86d9-c8a83b415efa', NULL)
INSERT INTO [ERPSettings].[Component] ([IdComponent], [rank], [ComponentName], [IdComponentType], [IdFunctionality], [IdComponentParent], [FR], [EN], [AR], [DE], [CH], [ES], [IdButton], [classDiv], [classLabel], [class], [IsEncapsulated], [IdComponentChangedBy], [EntityName], [style], [ng_hide], [IsToInitialize], [IdFunctionalityForm], [IsFireChange]) VALUES (N'28e2cd48-29b7-44f0-91ab-27101f99c768', 3, N'IdDocument', 4, N'0233afff-931a-48cc-86d9-c8a83b415efa', N'4e4d80b8-a133-4e89-8e20-0651563ef4a5', N'Numéro Facture', N'Invoice number', N'Numéro Facture_AR', N'Numéro Facture_DE', N'Numéro Facture_CH', N'Numéro Facture_ES', NULL, N'col-lg-12 col-md-12 col-sm-12', N'col-lg-4 col-md-4 col-sm-4', N'', 0, NULL, N'FinancialCommitment', NULL, NULL, 1, N'0233afff-931a-48cc-86d9-c8a83b415efa', NULL)
INSERT INTO [ERPSettings].[Component] ([IdComponent], [rank], [ComponentName], [IdComponentType], [IdFunctionality], [IdComponentParent], [FR], [EN], [AR], [DE], [CH], [ES], [IdButton], [classDiv], [classLabel], [class], [IsEncapsulated], [IdComponentChangedBy], [EntityName], [style], [ng_hide], [IsToInitialize], [IdFunctionalityForm], [IsFireChange]) VALUES (N'4635fea6-8fd0-4224-9c47-203951de1393', 5, N'AmountWithCurrency', 4, N'0233afff-931a-48cc-86d9-c8a83b415efa', N'4e4d80b8-a133-4e89-8e20-0651563ef4a5', N'Montant', N'Amount', N'Montant_AR', N'Montant_DE', N'Montant_CH', N'Montant_ES', NULL, N'col-lg-12 col-md-12 col-sm-12', N'col-lg-4 col-md-4 col-sm-4', N'', 0, NULL, N'FinancialCommitment', NULL, NULL, 1, N'0233afff-931a-48cc-86d9-c8a83b415efa', NULL)
INSERT INTO [ERPSettings].[Component] ([IdComponent], [rank], [ComponentName], [IdComponentType], [IdFunctionality], [IdComponentParent], [FR], [EN], [AR], [DE], [CH], [ES], [IdButton], [classDiv], [classLabel], [class], [IsEncapsulated], [IdComponentChangedBy], [EntityName], [style], [ng_hide], [IsToInitialize], [IdFunctionalityForm], [IsFireChange]) VALUES (N'4e4d80b8-a133-4e89-8e20-0651563ef4a5', 1, N'FinancialCommitment', 3, N'0233afff-931a-48cc-86d9-c8a83b415efa', N'213a6329-881d-4ed5-8a42-902e4b0bb433', N'Engagement de règlement', N'Settlement Commitment', N'SettlementCommitment_AR', N'SettlementCommitment_DE', N'SettlementCommitment_CH', N'SettlementCommitment_ES', N'9e7c78ee-d783-4283-9940-48973fe94ad5', N'col-lg-12 col-md-12 col-sm-12', N'col-lg-4 col-md-4 col-sm-4', N'', 0, N'686694e3-8697-422d-9011-6c91a2079c45', N'FinancialCommitment', NULL, NULL, 1, N'0233afff-931a-48cc-86d9-c8a83b415efa', NULL)
INSERT INTO [ERPSettings].[Component] ([IdComponent], [rank], [ComponentName], [IdComponentType], [IdFunctionality], [IdComponentParent], [FR], [EN], [AR], [DE], [CH], [ES], [IdButton], [classDiv], [classLabel], [class], [IsEncapsulated], [IdComponentChangedBy], [EntityName], [style], [ng_hide], [IsToInitialize], [IdFunctionalityForm], [IsFireChange]) VALUES (N'589f10ce-3c6f-43ba-8089-a8f29ace3af2', 1, N'CHECKBOX', 4, N'0233afff-931a-48cc-86d9-c8a83b415efa', N'4e4d80b8-a133-4e89-8e20-0651563ef4a5', N'', N'', N'', N'', N'', N'', NULL, N'col-lg-12 col-md-12 col-sm-12', N'col-lg-4 col-md-4 col-sm-4', N'', 0, NULL, N'FinancialCommitment', NULL, NULL, 1, N'0233afff-931a-48cc-86d9-c8a83b415efa', NULL)
INSERT INTO [ERPSettings].[Component] ([IdComponent], [rank], [ComponentName], [IdComponentType], [IdFunctionality], [IdComponentParent], [FR], [EN], [AR], [DE], [CH], [ES], [IdButton], [classDiv], [classLabel], [class], [IsEncapsulated], [IdComponentChangedBy], [EntityName], [style], [ng_hide], [IsToInitialize], [IdFunctionalityForm], [IsFireChange]) VALUES (N'59a55d69-8daa-4dc9-a419-fe1b4547dcb3', 7, N'RemainingAmountWithCurrency', 4, N'0233afff-931a-48cc-86d9-c8a83b415efa', N'4e4d80b8-a133-4e89-8e20-0651563ef4a5', N'Montant dûs', N'Amount due', N'Montant dûs_AR', N'Montant dûs_DE', N'Montant dûs_CH', N'Montant dûs_ES', NULL, N'col-lg-12 col-md-12 col-sm-12', N'col-lg-4 col-md-4 col-sm-4', N'', 0, NULL, N'FinancialCommitment', NULL, NULL, 1, N'0233afff-931a-48cc-86d9-c8a83b415efa', NULL)
INSERT INTO [ERPSettings].[Component] ([IdComponent], [rank], [ComponentName], [IdComponentType], [IdFunctionality], [IdComponentParent], [FR], [EN], [AR], [DE], [CH], [ES], [IdButton], [classDiv], [classLabel], [class], [IsEncapsulated], [IdComponentChangedBy], [EntityName], [style], [ng_hide], [IsToInitialize], [IdFunctionalityForm], [IsFireChange]) VALUES (N'686694e3-8697-422d-9011-6c91a2079c45', 1, N'IdTiers', 8, N'0233afff-931a-48cc-86d9-c8a83b415efa', N'b28a2303-2f50-4a43-aa04-5a461d1e78dc', N'Fournisseur', N'Supplier', N'Fournisseur_AR', N'Fournisseur_DE', N'Fournisseur_CH', N'Client_ES', N'9e7c78ee-d783-4283-9940-48973fe94ad5', N'form-group col-lg-12 col-md-12 col-sm-12', N'col-lg-4 col-md-4 col-sm-4', N'', 0, NULL, N'FinancialCommitment', NULL, NULL, 1, N'0233afff-931a-48cc-86d9-c8a83b415efa', NULL)
INSERT INTO [ERPSettings].[Component] ([IdComponent], [rank], [ComponentName], [IdComponentType], [IdFunctionality], [IdComponentParent], [FR], [EN], [AR], [DE], [CH], [ES], [IdButton], [classDiv], [classLabel], [class], [IsEncapsulated], [IdComponentChangedBy], [EntityName], [style], [ng_hide], [IsToInitialize], [IdFunctionalityForm], [IsFireChange]) VALUES (N'6c39b009-6354-4428-8696-ee2edede4627', 6, N'AllocatedAmountWithCurrency', 4, N'0233afff-931a-48cc-86d9-c8a83b415efa', N'4e4d80b8-a133-4e89-8e20-0651563ef4a5', N'Montant affecté', N'Affected amount', N'Montant_AR', N'Montant_DE', N'Montant_CH', N'Montant_ES', NULL, N'col-lg-12 col-md-12 col-sm-12', N'col-lg-4 col-md-4 col-sm-4', N'', 0, NULL, N'FinancialCommitment', NULL, NULL, 1, N'0233afff-931a-48cc-86d9-c8a83b415efa', NULL)
INSERT INTO [ERPSettings].[Component] ([IdComponent], [rank], [ComponentName], [IdComponentType], [IdFunctionality], [IdComponentParent], [FR], [EN], [AR], [DE], [CH], [ES], [IdButton], [classDiv], [classLabel], [class], [IsEncapsulated], [IdComponentChangedBy], [EntityName], [style], [ng_hide], [IsToInitialize], [IdFunctionalityForm], [IsFireChange]) VALUES (N'70f23e0a-14d5-4cdb-9af2-2e2594aa3050', 8, N'AssignedAmountWithCurrency', 4, N'0233afff-931a-48cc-86d9-c8a83b415efa', N'4e4d80b8-a133-4e89-8e20-0651563ef4a5', N'Montant à affecter', N'Amount to affect', N'Montant affecter_AR', N'Montant affecter_DE', N'Montant affecter_CH', N'Montant affecter_ES', NULL, N'col-lg-12 col-md-12 col-sm-12', N'col-lg-4 col-md-4 col-sm-4', N'', 0, NULL, N'FinancialCommitment', NULL, NULL, 1, N'0233afff-931a-48cc-86d9-c8a83b415efa', NULL)
INSERT INTO [ERPSettings].[Component] ([IdComponent], [rank], [ComponentName], [IdComponentType], [IdFunctionality], [IdComponentParent], [FR], [EN], [AR], [DE], [CH], [ES], [IdButton], [classDiv], [classLabel], [class], [IsEncapsulated], [IdComponentChangedBy], [EntityName], [style], [ng_hide], [IsToInitialize], [IdFunctionalityForm], [IsFireChange]) VALUES (N'9e7c78ee-d783-4283-9940-48973fe94ad5', 1, N'Regler', 7, N'0233afff-931a-48cc-86d9-c8a83b415efa', N'1e73b0f2-c8b1-42ee-8f41-4d14263521dc', N'Régler', N'adjust', NULL, NULL, NULL, NULL, NULL, N'form-group col-lg-12 col-md-12 col-sm-12', N'col-lg-4 col-md-4 col-sm-4', N'k-button', 0, NULL, N'FinancialCommitment', NULL, NULL, 1, N'0233afff-931a-48cc-86d9-c8a83b415efa', NULL)
INSERT INTO [ERPSettings].[Component] ([IdComponent], [rank], [ComponentName], [IdComponentType], [IdFunctionality], [IdComponentParent], [FR], [EN], [AR], [DE], [CH], [ES], [IdButton], [classDiv], [classLabel], [class], [IsEncapsulated], [IdComponentChangedBy], [EntityName], [style], [ng_hide], [IsToInitialize], [IdFunctionalityForm], [IsFireChange]) VALUES (N'b28a2303-2f50-4a43-aa04-5a461d1e78dc', 1, N'DIV1', 9, N'0233afff-931a-48cc-86d9-c8a83b415efa', N'e70af328-81da-4aa2-8420-04f20ad28269', N'DIV1', N'DIV1', N'DIV1_AR', N'DIV1_DE', N'DIV1_CH', N'DIV1_ES', NULL, N'', N'', N'', 0, NULL, N'FinancialCommitment', NULL, NULL, 1, N'0233afff-931a-48cc-86d9-c8a83b415efa', NULL)
INSERT INTO [ERPSettings].[Component] ([IdComponent], [rank], [ComponentName], [IdComponentType], [IdFunctionality], [IdComponentParent], [FR], [EN], [AR], [DE], [CH], [ES], [IdButton], [classDiv], [classLabel], [class], [IsEncapsulated], [IdComponentChangedBy], [EntityName], [style], [ng_hide], [IsToInitialize], [IdFunctionalityForm], [IsFireChange]) VALUES (N'e47e7cf6-d69a-44c0-89d6-77443673ceef', 1, N'FORM1', 6, N'0233afff-931a-48cc-86d9-c8a83b415efa', NULL, N'FORM1', N'FORM1', N'FORM1_AR', N'FORM1_DE', N'FORM1_CH', N'FORM1_ES', NULL, N'col-lg-12 col-md-12 col-sm-12', N'col-lg-4 col-md-4 col-sm-4', N'', 0, NULL, N'FinancialCommitment', NULL, NULL, 1, N'0233afff-931a-48cc-86d9-c8a83b415efa', NULL)
INSERT INTO [ERPSettings].[Component] ([IdComponent], [rank], [ComponentName], [IdComponentType], [IdFunctionality], [IdComponentParent], [FR], [EN], [AR], [DE], [CH], [ES], [IdButton], [classDiv], [classLabel], [class], [IsEncapsulated], [IdComponentChangedBy], [EntityName], [style], [ng_hide], [IsToInitialize], [IdFunctionalityForm], [IsFireChange]) VALUES (N'e70af328-81da-4aa2-8420-04f20ad28269', 1, N'DIVCONTAINER1', 17, N'0233afff-931a-48cc-86d9-c8a83b415efa', N'e47e7cf6-d69a-44c0-89d6-77443673ceef', N'Liste des échéances fournisseur', N'List of Financial commitment supplier', N'Liste des échéances fournisseur_AR', N'Liste des échéances fournisseur_DE', N'Liste des échéances fournisseur_CH', N'Liste des échéances fournisseur_ES', NULL, N'col-lg-12 col-md-12 col-sm-12', N'', N'', 0, NULL, N'FinancialCommitment', NULL, NULL, 1, N'0233afff-931a-48cc-86d9-c8a83b415efa', NULL)
INSERT INTO [ERPSettings].[Component] ([IdComponent], [rank], [ComponentName], [IdComponentType], [IdFunctionality], [IdComponentParent], [FR], [EN], [AR], [DE], [CH], [ES], [IdButton], [classDiv], [classLabel], [class], [IsEncapsulated], [IdComponentChangedBy], [EntityName], [style], [ng_hide], [IsToInitialize], [IdFunctionalityForm], [IsFireChange]) VALUES (N'f7691d74-8089-467a-8133-fdf0f8b01ccf', 4, N'Status', 4, N'0233afff-931a-48cc-86d9-c8a83b415efa', N'4e4d80b8-a133-4e89-8e20-0651563ef4a5', N'Statut', N'Status', NULL, NULL, NULL, NULL, NULL, N'col-lg-12 col-md-12 col-sm-12', N'col-lg-4 col-md-4 col-sm-4', N'', 0, NULL, N'FinancialCommitment', NULL, NULL, 1, N'0233afff-931a-48cc-86d9-c8a83b415efa', NULL)
INSERT INTO [ERPSettings].[Component] ([IdComponent], [rank], [ComponentName], [IdComponentType], [IdFunctionality], [IdComponentParent], [FR], [EN], [AR], [DE], [CH], [ES], [IdButton], [classDiv], [classLabel], [class], [IsEncapsulated], [IdComponentChangedBy], [EntityName], [style], [ng_hide], [IsToInitialize], [IdFunctionalityForm], [IsFireChange]) VALUES (N'fe831e71-fa5a-438b-a62c-e22c79cad3b3', 2, N'CommitmentDate', 4, N'0233afff-931a-48cc-86d9-c8a83b415efa', N'4e4d80b8-a133-4e89-8e20-0651563ef4a5', N'Date d''échéance', N'Due date', N'Date d''écheance_AR', N'Date d''écheance_DE', N'Date d''écheance_CH', N'Date d''écheance_ES', NULL, N'col-lg-12 col-md-12 col-sm-12', N'col-lg-4 col-md-4 col-sm-4', N'', 0, NULL, N'FinancialCommitment', NULL, NULL, 1, N'0233afff-931a-48cc-86d9-c8a83b415efa', NULL)
INSERT INTO [ERPSettings].[DropDownListComponent] ([IdComponent], [ng_model], [required], [ng_blur], [ng_bind], [k_on_change], [DropdownType], [DropdownIndex], [ng_disabled], [urlValueMapper]) VALUES (N'686694e3-8697-422d-9011-6c91a2079c45', N'', 1, NULL, NULL, N'bController.baseService.actionService.onChangeDataSource(''686694e3-8697-422d-9011-6c91a2079c45'')', 1, NULL, NULL, NULL)
INSERT INTO [ERPSettings].[ServiceParameters] ([IdServiceParameters], [Method], [URL], [TModel], [Module], [IdPredicateFormat], [TransactionUserId], [IsDeleted], [Deleted_Token]) VALUES (N'23d8e600-aa06-4171-bc2b-bfcd06b4ca63', NULL, NULL, NULL, NULL, NULL, NULL, 0, NULL)
INSERT INTO [ERPSettings].[ServiceParameters] ([IdServiceParameters], [Method], [URL], [TModel], [Module], [IdPredicateFormat], [TransactionUserId], [IsDeleted], [Deleted_Token]) VALUES (N'7007afa5-0b50-4cfa-ae97-0bf1c77345dd', N'POST', N'/api/Settlement/getCommitmentForAddOperation', N'SettlementCommitment', N'Payment', N'009ca1a0-b604-46cd-8559-23f994257709', NULL, 0, NULL)
INSERT INTO [ERPSettings].[ServiceParameters] ([IdServiceParameters], [Method], [URL], [TModel], [Module], [IdPredicateFormat], [TransactionUserId], [IsDeleted], [Deleted_Token]) VALUES (N'c4925f81-78ca-483c-a7a3-5c158e0a0885', N'POST', N'/api/base/getDataSourcePredicate', N'Tiers', N'Sales', N'dae340ee-0415-492a-ab9d-c0104cb88f1e', NULL, 0, NULL)
INSERT INTO [ERPSettings].[DropDownListDataSource] ([IdDropDownListOptions], [IdServiceParameters], [error], [autoSync], [pageSize], [serverPaging], [serverSorting], [serverFiltering], [serverGrouping], [serverAggregates]) VALUES (N'686694e3-8697-422d-9011-6c91a2079c45', N'c4925f81-78ca-483c-a7a3-5c158e0a0885', NULL, 0, 8, 1, 0, 1, 0, 0)
INSERT INTO [ERPSettings].[GridOptions] ([IdGridOptions], [name], [allowCopy], [altRowTemplate], [autoBind], [dataBound], [columnResizeHandleWidth], [columnMenu], [detailTemplate], [editable], [filterable], [groupable], [height], [mobile], [navigatable], [noRecords], [pageable], [reorderable], [resizable], [rowTemplate], [scrollable], [selectable], [sortable], [excel], [pdf], [checkboxes], [dataTextField], [select], [check], [expand], [loadOnDemand]) VALUES (N'4e4d80b8-a133-4e89-8e20-0651563ef4a5', NULL, 0, N'True', 1, NULL, NULL, 0, NULL, 1, 1, 1, NULL, 0, 0, 0, 1, 0, 1, NULL, 1, N'0', 1, 0, 0, NULL, NULL, NULL, NULL, NULL, NULL)
INSERT INTO [ERPSettings].[GridDataSource] ([IdGridOptions], [IdServiceParameters], [error], [autoSync], [pageSize], [serverPaging], [serverSorting], [serverFiltering], [serverGrouping], [serverAggregates], [batch], [Id], [ParentId], [children], [hasChildrens], [expanded]) VALUES (N'4e4d80b8-a133-4e89-8e20-0651563ef4a5', N'7007afa5-0b50-4cfa-ae97-0bf1c77345dd', NULL, 0, 5, 0, 0, 0, 0, 0, 1, NULL, NULL, NULL, NULL, NULL)
INSERT INTO [ERPSettings].[PredicateFormat] ([IdPredicateFormat], [PredicateName], [Operator], [TransactionUserId], [IsDeleted], [Deleted_Token]) VALUES (N'009ca1a0-b604-46cd-8559-23f994257709', NULL, 0, NULL, 0, NULL)
INSERT INTO [ERPSettings].[PredicateFormat] ([IdPredicateFormat], [PredicateName], [Operator], [TransactionUserId], [IsDeleted], [Deleted_Token]) VALUES (N'dae340ee-0415-492a-ab9d-c0104cb88f1e', NULL, NULL, NULL, 0, NULL)
INSERT INTO [ERPSettings].[Filter] ([IdFilter], [IdPredicateFormat], [Prop], [Operation], [Value], [IsDynamicValue], [TransactionUserId], [IsDeleted], [IsSearchPredicate], [Deleted_Token], [Type]) VALUES (N'1d49d046-e630-437c-a742-286bbfd5612f', N'dae340ee-0415-492a-ab9d-c0104cb88f1e', N'IdTypeTiers', 1, N'2', 0, NULL, 0, NULL, NULL, NULL)
INSERT INTO [ERPSettings].[Filter] ([IdFilter], [IdPredicateFormat], [Prop], [Operation], [Value], [IsDynamicValue], [TransactionUserId], [IsDeleted], [IsSearchPredicate], [Deleted_Token], [Type]) VALUES (N'2775a42f-12d8-4cb1-b8ce-e0496722416e', N'dae340ee-0415-492a-ab9d-c0104cb88f1e', N'Name', 2, NULL, 0, NULL, 0, 1, NULL, NULL)
INSERT INTO [ERPSettings].[Filter] ([IdFilter], [IdPredicateFormat], [Prop], [Operation], [Value], [IsDynamicValue], [TransactionUserId], [IsDeleted], [IsSearchPredicate], [Deleted_Token], [Type]) VALUES (N'743f127d-2ff3-4fe9-80b5-1b7512f17d10', N'dae340ee-0415-492a-ab9d-c0104cb88f1e', N'CodeTiers', 2, NULL, 0, NULL, 0, 1, NULL, NULL)
INSERT INTO [ERPSettings].[Filter] ([IdFilter], [IdPredicateFormat], [Prop], [Operation], [Value], [IsDynamicValue], [TransactionUserId], [IsDeleted], [IsSearchPredicate], [Deleted_Token], [Type]) VALUES (N'a2452654-1ca5-40ed-a316-9698286d9cf8', N'009ca1a0-b604-46cd-8559-23f994257709', N'RemainingAmountWithCurrency', 6, N'0', 0, NULL, 0, NULL, NULL, NULL)
INSERT INTO [ERPSettings].[Filter] ([IdFilter], [IdPredicateFormat], [Prop], [Operation], [Value], [IsDynamicValue], [TransactionUserId], [IsDeleted], [IsSearchPredicate], [Deleted_Token], [Type]) VALUES (N'b4025141-09ff-45ca-bf58-353a1f847b77', N'009ca1a0-b604-46cd-8559-23f994257709', N'IdDocumentNavigation.IdTiers', 1, NULL, 1, NULL, 0, NULL, NULL, NULL)
INSERT INTO [ERPSettings].[Filter] ([IdFilter], [IdPredicateFormat], [Prop], [Operation], [Value], [IsDynamicValue], [TransactionUserId], [IsDeleted], [IsSearchPredicate], [Deleted_Token], [Type]) VALUES (N'c58121a0-9687-41ca-a877-911f73d5e138', N'009ca1a0-b604-46cd-8559-23f994257709', N'IdStatus', 1, N'2', 0, NULL, 0, NULL, NULL, NULL)
INSERT INTO [ERPSettings].[FormComponent] ([IdComponent], [k_rules], [ng_controller], [ng_submit], [data_ng_init], [IdServiceParameter], [NameSpace]) VALUES (N'e47e7cf6-d69a-44c0-89d6-77443673ceef', NULL, N'BaseController as bController', NULL, N'bController.baseService.initService.initView()', N'23d8e600-aa06-4171-bc2b-bfcd06b4ca63', N'Payment.FinancialCommitment')
INSERT INTO [ERPSettings].[GridComponent] ([IdComponent], [TreeType], [k_on_change]) VALUES (N'4e4d80b8-a133-4e89-8e20-0651563ef4a5', 0, NULL)
INSERT INTO [ERPSettings].[ComponentByRole] ([IdRole], [IdComponent], [IsActive], [IsVisible], [ReadFunction], [WriteFunction], [TransactionUserId]) VALUES (1, N'e47e7cf6-d69a-44c0-89d6-77443673ceef', 1, 1, NULL, NULL, NULL)
INSERT INTO [ERPSettings].[ComponentByRole] ([IdRole], [IdComponent], [IsActive], [IsVisible], [ReadFunction], [WriteFunction], [TransactionUserId]) VALUES (1, N'e70af328-81da-4aa2-8420-04f20ad28269', 1, 1, NULL, NULL, NULL)
INSERT INTO [ERPSettings].[ComponentByRole] ([IdRole], [IdComponent], [IsActive], [IsVisible], [ReadFunction], [WriteFunction], [TransactionUserId]) VALUES (1, N'b28a2303-2f50-4a43-aa04-5a461d1e78dc', 1, 1, NULL, NULL, NULL)
INSERT INTO [ERPSettings].[ComponentByRole] ([IdRole], [IdComponent], [IsActive], [IsVisible], [ReadFunction], [WriteFunction], [TransactionUserId]) VALUES (1, N'213a6329-881d-4ed5-8a42-902e4b0bb433', 1, 1, NULL, NULL, NULL)
INSERT INTO [ERPSettings].[ComponentByRole] ([IdRole], [IdComponent], [IsActive], [IsVisible], [ReadFunction], [WriteFunction], [TransactionUserId]) VALUES (1, N'686694e3-8697-422d-9011-6c91a2079c45', 1, 1, NULL, NULL, NULL)
INSERT INTO [ERPSettings].[ComponentByRole] ([IdRole], [IdComponent], [IsActive], [IsVisible], [ReadFunction], [WriteFunction], [TransactionUserId]) VALUES (1, N'4e4d80b8-a133-4e89-8e20-0651563ef4a5', 1, 1, NULL, NULL, NULL)
INSERT INTO [ERPSettings].[ComponentByRole] ([IdRole], [IdComponent], [IsActive], [IsVisible], [ReadFunction], [WriteFunction], [TransactionUserId]) VALUES (1, N'f7691d74-8089-467a-8133-fdf0f8b01ccf', 1, 1, NULL, NULL, NULL)
INSERT INTO [ERPSettings].[ComponentByRole] ([IdRole], [IdComponent], [IsActive], [IsVisible], [ReadFunction], [WriteFunction], [TransactionUserId]) VALUES (1, N'589f10ce-3c6f-43ba-8089-a8f29ace3af2', 1, 1, NULL, NULL, NULL)
INSERT INTO [ERPSettings].[ComponentByRole] ([IdRole], [IdComponent], [IsActive], [IsVisible], [ReadFunction], [WriteFunction], [TransactionUserId]) VALUES (1, N'fe831e71-fa5a-438b-a62c-e22c79cad3b3', 1, 1, NULL, NULL, NULL)
INSERT INTO [ERPSettings].[ComponentByRole] ([IdRole], [IdComponent], [IsActive], [IsVisible], [ReadFunction], [WriteFunction], [TransactionUserId]) VALUES (1, N'59a55d69-8daa-4dc9-a419-fe1b4547dcb3', 1, 1, NULL, NULL, NULL)
INSERT INTO [ERPSettings].[ComponentByRole] ([IdRole], [IdComponent], [IsActive], [IsVisible], [ReadFunction], [WriteFunction], [TransactionUserId]) VALUES (1, N'28e2cd48-29b7-44f0-91ab-27101f99c768', 1, 1, NULL, NULL, NULL)
INSERT INTO [ERPSettings].[ComponentByRole] ([IdRole], [IdComponent], [IsActive], [IsVisible], [ReadFunction], [WriteFunction], [TransactionUserId]) VALUES (1, N'4635fea6-8fd0-4224-9c47-203951de1393', 1, 1, NULL, NULL, NULL)
INSERT INTO [ERPSettings].[ComponentByRole] ([IdRole], [IdComponent], [IsActive], [IsVisible], [ReadFunction], [WriteFunction], [TransactionUserId]) VALUES (1, N'70f23e0a-14d5-4cdb-9af2-2e2594aa3050', 1, 1, NULL, NULL, NULL)
INSERT INTO [ERPSettings].[ComponentByRole] ([IdRole], [IdComponent], [IsActive], [IsVisible], [ReadFunction], [WriteFunction], [TransactionUserId]) VALUES (1, N'6c39b009-6354-4428-8696-ee2edede4627', 1, 1, NULL, NULL, NULL)
INSERT INTO [ERPSettings].[ComponentByRole] ([IdRole], [IdComponent], [IsActive], [IsVisible], [ReadFunction], [WriteFunction], [TransactionUserId]) VALUES (1, N'1e73b0f2-c8b1-42ee-8f41-4d14263521dc', 1, 1, NULL, NULL, NULL)
INSERT INTO [ERPSettings].[ComponentByRole] ([IdRole], [IdComponent], [IsActive], [IsVisible], [ReadFunction], [WriteFunction], [TransactionUserId]) VALUES (1, N'9e7c78ee-d783-4283-9940-48973fe94ad5', 1, 1, NULL, NULL, NULL)
INSERT INTO [ERPSettings].[GridColumnComponent] ([IdComponent], [field], [title], [width], [format], [groupHeaderTemplate], [hidden], [template], [nullable], [type], [editable], [defaultValue], [menu]) VALUES (N'28e2cd48-29b7-44f0-91ab-27101f99c768', N'Commitment.IdDocumentNavigation.Code', N'{{''28e2cd48-29b7-44f0-91ab-27101f99c768'' | translate }}', NULL, NULL, N'#= value #', 0, NULL, 0, NULL, 0, NULL, NULL)
INSERT INTO [ERPSettings].[GridColumnComponent] ([IdComponent], [field], [title], [width], [format], [groupHeaderTemplate], [hidden], [template], [nullable], [type], [editable], [defaultValue], [menu]) VALUES (N'4635fea6-8fd0-4224-9c47-203951de1393', N'Commitment.AmountWithCurrency', N'{{''4635fea6-8fd0-4224-9c47-203951de1393'' | translate }}', NULL, NULL, N'#= value #', 0, NULL, 0, N'number', 0, NULL, NULL)
INSERT INTO [ERPSettings].[GridColumnComponent] ([IdComponent], [field], [title], [width], [format], [groupHeaderTemplate], [hidden], [template], [nullable], [type], [editable], [defaultValue], [menu]) VALUES (N'589f10ce-3c6f-43ba-8089-a8f29ace3af2', N'IsChecked ', N'{{''589f10ce-3c6f-43ba-8089-a8f29ace3af2'' | translate }}', N'50px', NULL, N'#= value #', 0, N'<input id=''#=CommitmentId#'' type=''checkbox'' class=''k-checkbox''  #= IsChecked ? checked=''checked'' : '''' # ng-click=''bController.baseService.actionService.selectRow(dataItem)'' ><label class=''k-checkbox-label'' for=''#=CommitmentId#''></label>', 0, NULL, 0, N'', NULL)
INSERT INTO [ERPSettings].[GridColumnComponent] ([IdComponent], [field], [title], [width], [format], [groupHeaderTemplate], [hidden], [template], [nullable], [type], [editable], [defaultValue], [menu]) VALUES (N'59a55d69-8daa-4dc9-a419-fe1b4547dcb3', N'Commitment.RemainingAmountWithCurrency', N'{{''59a55d69-8daa-4dc9-a419-fe1b4547dcb3'' | translate }}', NULL, NULL, N'#= value #', 0, N'', 0, N'number', 0, NULL, NULL)
INSERT INTO [ERPSettings].[GridColumnComponent] ([IdComponent], [field], [title], [width], [format], [groupHeaderTemplate], [hidden], [template], [nullable], [type], [editable], [defaultValue], [menu]) VALUES (N'6c39b009-6354-4428-8696-ee2edede4627', N'Commitment.AllocatedAmountWithCurrency', N'{{''6c39b009-6354-4428-8696-ee2edede4627'' | translate }}', NULL, NULL, N'#= value #', 0, NULL, 0, N'number', 0, NULL, NULL)
INSERT INTO [ERPSettings].[GridColumnComponent] ([IdComponent], [field], [title], [width], [format], [groupHeaderTemplate], [hidden], [template], [nullable], [type], [editable], [defaultValue], [menu]) VALUES (N'70f23e0a-14d5-4cdb-9af2-2e2594aa3050', N'AssignedAmountWithCurrency', N'{{''70f23e0a-14d5-4cdb-9af2-2e2594aa3050'' | translate }}', N'0', NULL, N'#= value #', 0, N'', 0, N'number', 1, NULL, NULL)
INSERT INTO [ERPSettings].[GridColumnComponent] ([IdComponent], [field], [title], [width], [format], [groupHeaderTemplate], [hidden], [template], [nullable], [type], [editable], [defaultValue], [menu]) VALUES (N'f7691d74-8089-467a-8133-fdf0f8b01ccf', N'Commitment.IdStatusNavigation.Label', N'{{''f7691d74-8089-467a-8133-fdf0f8b01ccf'' | translate }}', NULL, NULL, N'#= value #', 0, NULL, 0, NULL, 0, NULL, NULL)
INSERT INTO [ERPSettings].[GridColumnComponent] ([IdComponent], [field], [title], [width], [format], [groupHeaderTemplate], [hidden], [template], [nullable], [type], [editable], [defaultValue], [menu]) VALUES (N'fe831e71-fa5a-438b-a62c-e22c79cad3b3', N'Commitment.CommitmentDate', N'{{''fe831e71-fa5a-438b-a62c-e22c79cad3b3'' | translate }}', NULL, N'{0:d}', N'#= value #', 0, N'#= kendo.toString(kendo.parseDate(Commitment.CommitmentDate), ''d'') #', 0, N'date', 0, NULL, NULL)
INSERT INTO [ERPSettings].[Functionality] ([IdFunctionality], [FunctionalityName], [IdRequestType], [FR], [EN], [AR], [DE], [CH], [ES]) VALUES (N'0233afff-931a-48cc-86d9-c8a83b415efa', N'SupplierFinancialCommitment-LIST', 4, N'Lister échéances fournisseur', N'list of financial commitment supplier', N'Lister échéance_AR', N'Lister échéance_DE', N'Lister échéance_CH', N'Lister échéance_ES')
INSERT INTO [ERPSettings].[Relation] ([IdRelation], [IdPredicateFormat], [Prop], [TransactionUserId], [IsDeleted], [Deleted_Token]) VALUES (N'5036543e-f1a1-4d6e-a502-11f4a620d523', N'009ca1a0-b604-46cd-8559-23f994257709', N'IdDocumentNavigation', NULL, 0, NULL)
INSERT INTO [ERPSettings].[Relation] ([IdRelation], [IdPredicateFormat], [Prop], [TransactionUserId], [IsDeleted], [Deleted_Token]) VALUES (N'9a2aae11-d383-4c67-8329-e35f0739b90d', N'009ca1a0-b604-46cd-8559-23f994257709', N'IdStatusNavigation', NULL, 0, NULL)
INSERT INTO [ERPSettings].[Relation] ([IdRelation], [IdPredicateFormat], [Prop], [TransactionUserId], [IsDeleted], [Deleted_Token]) VALUES (N'fd9349ab-019b-4883-b008-db451fb65559', N'dae340ee-0415-492a-ab9d-c0104cb88f1e', N'IdCurrencyNavigation', NULL, 0, NULL)
INSERT INTO [ERPSettings].[DropDownListOptions] ([IdDropDownListOptions], [name], [autoBind], [dataTextField], [dataValueField], [delay], [enable], [filter], [fixedGroupTemplate], [groupTemplate], [height], [headerTemplate], [template], [valueTemplate], [footerTemplate], [close], [dataBound], [filtering], [open], [select], [cascadeFrom], [cascadeFromField]) VALUES (N'686694e3-8697-422d-9011-6c91a2079c45', NULL, 1, N'CodeTiers', N'Id', NULL, 1, N'contains', NULL, NULL, 300, N'<div class="dropdown-header k-widget k-header"><span>{{''d3904a3f-485d-4d9b-9edf-729ed3edcc43 '' | translate }}</span><span>{{''f1411d5e-cc82-4a56-9fc3-dc4168c09358 '' | translate }}</span></div>', N'<table class="customDropDown sz-40-60"><tr><td>#:data.CodeTiers#</td><td>#if(data.Name != null){# #:data.Name ## }#</td></tr></table>', N'<span>#if(data.CodeTiers != null){# #: data.CodeTiers.length>9 ? data.CodeTiers.substring(0,7)+".." : data.CodeTiers # #}#</span>', N'Total #: instance.dataSource.total() #', NULL, NULL, NULL, NULL, NULL, NULL, NULL)
INSERT INTO [ERPSettings].[Module] ([IdModule], [ModuleName], [IdModuleParent], [Rank], [FR], [EN], [AR], [DE], [CH], [ES], [class], [InMenuList]) VALUES (N'081ef980-e302-4386-89fa-ea31857b1c2d', N'SupplierFinancialCommitment', N'0b5ab8e8-2434-4631-b03c-58bc146ac66b', 5, N'Echéances fournisseur', N'Supplier Financial commitment', N'Supplier Financial commitment_AR', N'Supplier Financial commitment_DE', N'Supplier Financial commitment_CH', N'Supplier Financial commitment_ES', N'icon-note', 1)
INSERT INTO [ERPSettings].[FunctionnalityModule] ([IdFunctionnalityModule], [IdFunctionnality], [IdModule]) VALUES (N'02451e83-72ed-45e1-be6d-206294043f0e', N'0233afff-931a-48cc-86d9-c8a83b415efa', N'081ef980-e302-4386-89fa-ea31857b1c2d')
INSERT INTO [ERPSettings].[ButtonComponent] ([IdComponent], [ng_model], [ng_click], [type], [ButtonType], [IdServiceParameter], [ngDisabled]) VALUES (N'9e7c78ee-d783-4283-9940-48973fe94ad5', N'', N'bController.baseService.actionService.regler(''9e7c78ee-d783-4283-9940-48973fe94ad5'',''/payment/suppliersettlement/add'')', N'submit', 0, NULL, NULL)
INSERT INTO [ERPSettings].[ModuleByRole] ([IdRole], [IdModule], [IsActive], [IsVisible]) VALUES (1, N'081ef980-e302-4386-89fa-ea31857b1c2d', 1, 1)
INSERT INTO [ERPSettings].[Menu] ([IdMenu], [IdFunctionnality], [DefaultRoute], [Picture], [Rank], [FR], [EN], [AR], [DE], [CH], [ES], [class], [IsVisible], [InMenuList]) VALUES (N'0e02c6cb-ece0-4b4b-8282-fa1cdb2ba8ed', N'0233afff-931a-48cc-86d9-c8a83b415efa', N'/sales/supplierfinancialcommitment/list', NULL, 1, N'Lister échéances fournisseur', N'list of financial commitment supplier', N'Lister échéance_AR', N'Lister échéance_DE', N'Lister échéance_CH', N'Lister échéance_ES', N'fa fa-chevron-right', NULL, 1)
INSERT INTO [ERPSettings].[FunctionalityByRole] ([IdFunctionality], [IdRole], [IsActive], [IsVisible], [TransactionUserId]) VALUES (N'0233afff-931a-48cc-86d9-c8a83b415efa', 1, 1, 1, NULL)

ALTER TABLE [ERPSettings].[GridComponent]
    ADD CONSTRAINT [FK_GridComponent_Component] FOREIGN KEY ([IdComponent]) REFERENCES [ERPSettings].[Component] ([IdComponent])
ALTER TABLE [ERPSettings].[GridOptions]
    ADD CONSTRAINT [FK_GridOptions_GridComponent] FOREIGN KEY ([IdGridOptions]) REFERENCES [ERPSettings].[GridComponent] ([IdComponent])
ALTER TABLE [ERPSettings].[DropDownListDataSource]
    ADD CONSTRAINT [FK_DropDownListDataSource_DropDownListOptions] FOREIGN KEY ([IdDropDownListOptions]) REFERENCES [ERPSettings].[DropDownListOptions] ([IdDropDownListOptions])
ALTER TABLE [ERPSettings].[ServiceParameters]
    ADD CONSTRAINT [FK_ServiceParameters_PredicateFormat] FOREIGN KEY ([IdPredicateFormat]) REFERENCES [ERPSettings].[PredicateFormat] ([IdPredicateFormat])
ALTER TABLE [ERPSettings].[Component]
    ADD CONSTRAINT [FK_Component_Component] FOREIGN KEY ([IdComponentParent]) REFERENCES [ERPSettings].[Component] ([IdComponent])
ALTER TABLE [ERPSettings].[Component]
    ADD CONSTRAINT [FK_Component_Functionality] FOREIGN KEY ([IdFunctionality]) REFERENCES [ERPSettings].[Functionality] ([IdFunctionality])
ALTER TABLE [ERPSettings].[Component]
    ADD CONSTRAINT [FK_Component_Component1] FOREIGN KEY ([IdComponentChangedBy]) REFERENCES [ERPSettings].[Component] ([IdComponent])
COMMIT TRANSACTION

BEGIN TRANSACTION
update ERPSettings.OrderBy set Prop = 'Id'
where Prop = 'DocumentDate'
COMMIT TRANSACTION

-- Marwa Add Analytical axis in purchase invoice
BEGIN TRANSACTION
INSERT INTO [ERPSettings].[Component] ([IdComponent], [rank], [ComponentName], [IdComponentType], [IdFunctionality], [IdComponentParent], [FR], [EN], [AR], [DE], [CH], [ES], [IdButton], [classDiv], [classLabel], [class], [IsEncapsulated], [IdComponentChangedBy], [EntityName], [style], [ng_hide], [IsToInitialize], [IdFunctionalityForm], [IsFireChange]) VALUES (N'24da078f-9ccc-4314-b192-b27abbc69fdb', 2, N'DIVANALYTICALAXE', 18, N'7ae52d61-2e8f-40c1-9b16-55a1b016a286', N'0525fc9a-2f54-440a-b1b5-3bee18bbd958', N'Axes analytiques', N'Analytical axes', N'Axes analytiques_AR', N'Axes analytiques_DE', N'Axes analytiques_CH', N'Axes analytiques_ES', NULL, N'col-lg-12 col-md-12 col-sm-12', N'col-lg-4 col-md-4 col-sm-4', N'', 0, NULL, N'Document', NULL, NULL, 1, N'7ae52d61-2e8f-40c1-9b16-55a1b016a286', NULL)
INSERT INTO [ERPSettings].[Component] ([IdComponent], [rank], [ComponentName], [IdComponentType], [IdFunctionality], [IdComponentParent], [FR], [EN], [AR], [DE], [CH], [ES], [IdButton], [classDiv], [classLabel], [class], [IsEncapsulated], [IdComponentChangedBy], [EntityName], [style], [ng_hide], [IsToInitialize], [IdFunctionalityForm], [IsFireChange]) VALUES (N'424a8d04-3501-418c-a5db-818adce38cc3', 2, N'DIVANALYTICALAXE', 18, N'85e9bab0-c315-45b8-8922-51faeb4a7a9c', N'd51540da-b3b2-4aa1-a80b-7f19c8370039', N'Axes analytiques', N'Analytical axes', N'Axes analytiques_AR', N'Axes analytiques_DE', N'Axes analytiques_CH', N'Axes analytiques_ES', NULL, N'col-lg-12 col-md-12 col-sm-12', N'col-lg-4 col-md-4 col-sm-4', N'', 0, NULL, N'Document', NULL, NULL, 1, N'85e9bab0-c315-45b8-8922-51faeb4a7a9c', NULL)
INSERT INTO [ERPSettings].[Component] ([IdComponent], [rank], [ComponentName], [IdComponentType], [IdFunctionality], [IdComponentParent], [FR], [EN], [AR], [DE], [CH], [ES], [IdButton], [classDiv], [classLabel], [class], [IsEncapsulated], [IdComponentChangedBy], [EntityName], [style], [ng_hide], [IsToInitialize], [IdFunctionalityForm], [IsFireChange]) VALUES (N'fb186e2b-5297-4d02-b26a-02d546b121d3', 2, N'DIVANALYTICALAXE', 18, N'02268ec7-c879-47b8-b174-de3c359eff7a', N'61be29d5-6f26-4c2e-ae73-9dda87d0abcf', N'Axes analytiques', N'Analytical axes', N'Axes analytiques_AR', N'Axes analytiques_DE', N'Axes analytiques_CH', N'Axes analytiques_ES', NULL, N'col-lg-12 col-md-12 col-sm-12', N'col-lg-4 col-md-4 col-sm-4', N'', 0, NULL, N'Document', NULL, NULL, 1, N'02268ec7-c879-47b8-b174-de3c359eff7a', NULL)

INSERT INTO [ERPSettings].[ComponentByRole] ([IdRole], [IdComponent], [IsActive], [IsVisible], [ReadFunction], [WriteFunction], [TransactionUserId]) VALUES (1, N'fb186e2b-5297-4d02-b26a-02d546b121d3', 1, 1, NULL, NULL, NULL)
INSERT INTO [ERPSettings].[ComponentByRole] ([IdRole], [IdComponent], [IsActive], [IsVisible], [ReadFunction], [WriteFunction], [TransactionUserId]) VALUES (1, N'424a8d04-3501-418c-a5db-818adce38cc3', 1, 1, NULL, NULL, NULL)
INSERT INTO [ERPSettings].[ComponentByRole] ([IdRole], [IdComponent], [IsActive], [IsVisible], [ReadFunction], [WriteFunction], [TransactionUserId]) VALUES (1, N'24da078f-9ccc-4314-b192-b27abbc69fdb', 1, 1, NULL, NULL, NULL)
COMMIT TRANSACTION


BEGIN TRANSACTION

ALTER TABLE [ERPSettings].[Component] DROP CONSTRAINT [FK_Component_Component1]
ALTER TABLE [ERPSettings].[Component] DROP CONSTRAINT [FK_Component_Functionality]
ALTER TABLE [ERPSettings].[Component] DROP CONSTRAINT [FK_Component_Component]

INSERT INTO [ERPSettings].[Module] ([IdModule], [ModuleName], [IdModuleParent], [Rank], [FR], [EN], [AR], [DE], [CH], [ES], [class], [InMenuList]) VALUES (N'5c56d444-523c-4cb3-8554-1a88b3af0779', N'ConstantValue', N'24548e5d-76cc-4fc8-a7ee-02986b9274a7', 3, N'Constante Valeur', N'Constant Value', N'Constant Value_AR', N'Constant Value_DE', N'Constant Value_CH', N'Constant Value_ES', N'icon-note', 1)
INSERT INTO [ERPSettings].[Module] ([IdModule], [ModuleName], [IdModuleParent], [Rank], [FR], [EN], [AR], [DE], [CH], [ES], [class], [InMenuList]) VALUES (N'a49cd432-de82-40d6-8994-ce2f102039cc', N'ConstantRate', N'24548e5d-76cc-4fc8-a7ee-02986b9274a7', 4, N'Constante Taux', N'Constant Rate', N'Constant Rate_AR', N'Constant Rate_DE', N'Constant Rate_CH', N'Constant Rate_ES', N'icon-note', 1)
INSERT INTO [ERPSettings].[Module] ([IdModule], [ModuleName], [IdModuleParent], [Rank], [FR], [EN], [AR], [DE], [CH], [ES], [class], [InMenuList]) VALUES (N'ce31e87c-a47e-4c35-a81f-16f6aa695c11', N'SalaryRule', N'24548e5d-76cc-4fc8-a7ee-02986b9274a7', 5, N'Règle Salariale', N'Salary Rule', N'SalaryRule_AR', N'SalaryRule_DE', N'SalaryRule_CH', N'SalaryRule_ES', N'icon-note', 1)
INSERT INTO [ERPSettings].[Module] ([IdModule], [ModuleName], [IdModuleParent], [Rank], [FR], [EN], [AR], [DE], [CH], [ES], [class], [InMenuList]) VALUES (N'd2343785-b0e5-4d87-8f03-78d62c876d43', N'SalaryStructure', N'24548e5d-76cc-4fc8-a7ee-02986b9274a7', 6, N'Structure Salariale', N'Salary Structure', N'SalaryStructure_AR', N'SalaryStructure_DE', N'SalaryStructure_CH', N'SalaryStructure_ES', N'icon-note', 1)
INSERT INTO [ERPSettings].[Module] ([IdModule], [ModuleName], [IdModuleParent], [Rank], [FR], [EN], [AR], [DE], [CH], [ES], [class], [InMenuList]) VALUES (N'd23aaf9e-127b-417c-ba8a-a31c41c3a97e', N'Variable', N'24548e5d-76cc-4fc8-a7ee-02986b9274a7', 2, N'Variable', N'Variable', N'Variable_AR', N'Variable_DE', N'Variable_CH', N'Variable_ES', N'icon-note', 1)


INSERT INTO [ERPSettings].[PredicateFormat] ([IdPredicateFormat], [PredicateName], [Operator], [TransactionUserId], [IsDeleted], [Deleted_Token]) VALUES (N'131f03fd-018b-4e02-baa2-deb14ae6afb2', NULL, 0, NULL, 0, NULL)
INSERT INTO [ERPSettings].[PredicateFormat] ([IdPredicateFormat], [PredicateName], [Operator], [TransactionUserId], [IsDeleted], [Deleted_Token]) VALUES (N'1ffff7e1-24ec-4167-b105-f457088ca090', NULL, 0, NULL, 0, NULL)

INSERT INTO [ERPSettings].[Functionality] ([IdFunctionality], [FunctionalityName], [IdRequestType], [FR], [EN], [AR], [DE], [CH], [ES]) VALUES (N'05d45e13-6184-4085-b9b2-86015af49e11', N'SalaryRule-LIST', 4, N'Lister Règle Salariale', N'List Salary Rule', N'Lister Règle Salariale_AR', N'Lister Règle Salariale_DE', N'Lister Règle Salariale_CH', N'Lister Règle Salariale_ES')
INSERT INTO [ERPSettings].[Functionality] ([IdFunctionality], [FunctionalityName], [IdRequestType], [FR], [EN], [AR], [DE], [CH], [ES]) VALUES (N'12e2ecc5-d861-4680-9310-92422a3e2593', N'ConstantValue-UPDATE', 2, N'Modifier Constante Valeur', N'Update Constante Value', N'Modifier Constante Valeur_AR', N'Modifier Constante Valeur_DE', N'Modifier Constante Valeur_CH', N'Modifier Constante Valeur_ES')
INSERT INTO [ERPSettings].[Functionality] ([IdFunctionality], [FunctionalityName], [IdRequestType], [FR], [EN], [AR], [DE], [CH], [ES]) VALUES (N'322d8fea-9553-46c1-a83b-24276d046f53', N'Variable-LIST', 4, N'Lister', N'List', N'Lister-AR', N'Lister-DE', N'Lister-CH', N'Lister-ES')
INSERT INTO [ERPSettings].[Functionality] ([IdFunctionality], [FunctionalityName], [IdRequestType], [FR], [EN], [AR], [DE], [CH], [ES]) VALUES (N'336fdb14-6186-41c2-b2ff-98c99ea25c5f', N'SalaryRule-ADD', 1, N'Ajouter Règle Salariale', N'Add Salary Rule', N'Ajouter Règle Salariale_AR', N'Ajouter Règle SalarialeèDE', N'Ajouter Règle Salariale_CH', N'Ajouter Règle Salariale_ES')
INSERT INTO [ERPSettings].[Functionality] ([IdFunctionality], [FunctionalityName], [IdRequestType], [FR], [EN], [AR], [DE], [CH], [ES]) VALUES (N'712d6299-495e-45ce-9010-20e4ad36834a', N'SalaryStructure-ADD', 1, N'Ajouter Structure Salariale', N'Add Salary Structure', N'Ajouter Règle Salariale_AR', N'Ajouter Règle Salariale_DE', N'Ajouter Règle Salariale_CH', N'Ajouter Règle Salariale_ES')
INSERT INTO [ERPSettings].[Functionality] ([IdFunctionality], [FunctionalityName], [IdRequestType], [FR], [EN], [AR], [DE], [CH], [ES]) VALUES (N'7a7cebf1-3ed2-4c49-8e2a-2647ac09572e', N'ConstantRate-UPDATE', 2, N'Modifier Constante Taux', N'Update Constant Rate', N'Modifier Constante Taux_AR', N'Modifier Constante Taux_DE', N'Modifier Constante Taux_CH', N'Modifier Constante Taux_ES')
INSERT INTO [ERPSettings].[Functionality] ([IdFunctionality], [FunctionalityName], [IdRequestType], [FR], [EN], [AR], [DE], [CH], [ES]) VALUES (N'831becf0-0744-4fe4-b79c-dec135cee846', N'SalaryStructure-LIST', 4, N'Lister Structures Salariales', N'List Salary Structure', N'Lister Structures Salariales_AR', N'Lister Structures Salariales_DE', N'Lister Structures Salariales_CH', N'Lister Structures Salariales_ES')
INSERT INTO [ERPSettings].[Functionality] ([IdFunctionality], [FunctionalityName], [IdRequestType], [FR], [EN], [AR], [DE], [CH], [ES]) VALUES (N'95220f17-16d4-44c8-ad10-ac6bb25fdfbc', N'SalaryRule-UPDATE', 2, N'Modifier Règle Salariale', N'Update Salary Rule', N'Modifier Règle Salariale_AR', N'Modifier Règle Salariale_DE', N'Modifier Règle Salariale_CH', N'Modifier Règle Salariale_ES')
INSERT INTO [ERPSettings].[Functionality] ([IdFunctionality], [FunctionalityName], [IdRequestType], [FR], [EN], [AR], [DE], [CH], [ES]) VALUES (N'a1ca4007-d64e-4765-af61-42e753a61222', N'ConstantRate-ADD', 1, N'Ajouter Constante Taux', N'Add Constant Rate', N'Ajouter Constante Taux_AR', N'Ajouter Constante Taux_DE', N'Ajouter Constante Taux_CH', N'Ajouter Constante Taux_ES')
INSERT INTO [ERPSettings].[Functionality] ([IdFunctionality], [FunctionalityName], [IdRequestType], [FR], [EN], [AR], [DE], [CH], [ES]) VALUES (N'a6c247bc-d584-43a3-b995-f303e3b13c77', N'SalaryStructure-UPDATE', 2, N'Modifier Structure Salariale', N'Update Salary Structure', N'Modifier Structure Salariale_AR', N'Modifier Structure Salariale_DE', N'Modifier Structure Salariale_CH', N'Modifier Structure Salariale_ES')
INSERT INTO [ERPSettings].[Functionality] ([IdFunctionality], [FunctionalityName], [IdRequestType], [FR], [EN], [AR], [DE], [CH], [ES]) VALUES (N'd6ff08d7-ed69-48ee-b7ff-b96f6db1a79f', N'ConstantValue-LIST', 4, N'Lister les constantes valeur', N'List constant value', N'Lister les constantes valeur_AR', N'Lister les constantes valeur_DE', N'Lister les constantes valeur_CH', N'Lister les constantes valeur_ES')
INSERT INTO [ERPSettings].[Functionality] ([IdFunctionality], [FunctionalityName], [IdRequestType], [FR], [EN], [AR], [DE], [CH], [ES]) VALUES (N'd7c9f718-49fb-41e3-88a5-0197b286cd25', N'ConstantValue-ADD', 1, N'Ajouter Constante Valeur', N'Add Constant Value', N'Ajouter Constante Valeur_AR', N'Ajouter Constante Valeur_DE', N'Ajouter Constante Valeur_CH', N'Ajouter Constante Valeur_ES')
INSERT INTO [ERPSettings].[Functionality] ([IdFunctionality], [FunctionalityName], [IdRequestType], [FR], [EN], [AR], [DE], [CH], [ES]) VALUES (N'e741ea2c-4b8a-4f2c-b06f-b0da4cab8695', N'ConstantRate-LIST', 4, N'Lister Constante Taux', N'List Constant Rate', N'Lister Constante Taux_AR', N'Lister Constante Taux_DE', N'Lister Constante Taux_CH', N'Lister Constante Taux_ES')
INSERT INTO [ERPSettings].[Functionality] ([IdFunctionality], [FunctionalityName], [IdRequestType], [FR], [EN], [AR], [DE], [CH], [ES]) VALUES (N'e83a0045-89c6-459f-8d99-89c25077f4ef', N'Variable-ADD', 1, N'Ajouter', N'Add', N'', N'', N'', N'')

INSERT INTO [ERPSettings].[FunctionnalityModule] ([IdFunctionnalityModule], [IdFunctionnality], [IdModule]) VALUES (N'2c03d65d-b94e-4a25-8f1b-efe7b605671b', N'e741ea2c-4b8a-4f2c-b06f-b0da4cab8695', N'a49cd432-de82-40d6-8994-ce2f102039cc')
INSERT INTO [ERPSettings].[FunctionnalityModule] ([IdFunctionnalityModule], [IdFunctionnality], [IdModule]) VALUES (N'34677e46-2399-4a46-95e2-0f8ebc4bc36a', N'95220f17-16d4-44c8-ad10-ac6bb25fdfbc', N'ce31e87c-a47e-4c35-a81f-16f6aa695c11')
INSERT INTO [ERPSettings].[FunctionnalityModule] ([IdFunctionnalityModule], [IdFunctionnality], [IdModule]) VALUES (N'42e66f31-f51c-4d12-9947-81e48fb18767', N'322d8fea-9553-46c1-a83b-24276d046f53', N'd23aaf9e-127b-417c-ba8a-a31c41c3a97e')
INSERT INTO [ERPSettings].[FunctionnalityModule] ([IdFunctionnalityModule], [IdFunctionnality], [IdModule]) VALUES (N'42f860d5-fdff-4c64-8f51-6dec6ba313f9', N'336fdb14-6186-41c2-b2ff-98c99ea25c5f', N'ce31e87c-a47e-4c35-a81f-16f6aa695c11')
INSERT INTO [ERPSettings].[FunctionnalityModule] ([IdFunctionnalityModule], [IdFunctionnality], [IdModule]) VALUES (N'5c7401d0-dc48-49b4-aec5-368bf61a7591', N'e83a0045-89c6-459f-8d99-89c25077f4ef', N'd23aaf9e-127b-417c-ba8a-a31c41c3a97e')
INSERT INTO [ERPSettings].[FunctionnalityModule] ([IdFunctionnalityModule], [IdFunctionnality], [IdModule]) VALUES (N'7c4b2c35-c35f-42fd-adff-846193d6c3b3', N'712d6299-495e-45ce-9010-20e4ad36834a', N'd2343785-b0e5-4d87-8f03-78d62c876d43')
INSERT INTO [ERPSettings].[FunctionnalityModule] ([IdFunctionnalityModule], [IdFunctionnality], [IdModule]) VALUES (N'990f2264-084c-405e-903e-406864896a6c', N'a1ca4007-d64e-4765-af61-42e753a61222', N'a49cd432-de82-40d6-8994-ce2f102039cc')
INSERT INTO [ERPSettings].[FunctionnalityModule] ([IdFunctionnalityModule], [IdFunctionnality], [IdModule]) VALUES (N'a7978a73-fa13-416d-b1b0-542c2d7644f7', N'831becf0-0744-4fe4-b79c-dec135cee846', N'd2343785-b0e5-4d87-8f03-78d62c876d43')
INSERT INTO [ERPSettings].[FunctionnalityModule] ([IdFunctionnalityModule], [IdFunctionnality], [IdModule]) VALUES (N'ae6401b2-4a97-44ca-870e-72fa60124ada', N'05d45e13-6184-4085-b9b2-86015af49e11', N'ce31e87c-a47e-4c35-a81f-16f6aa695c11')
INSERT INTO [ERPSettings].[FunctionnalityModule] ([IdFunctionnalityModule], [IdFunctionnality], [IdModule]) VALUES (N'ba5f311f-ece6-4a3e-b727-f7f2f1ddc4d6', N'a6c247bc-d584-43a3-b995-f303e3b13c77', N'd2343785-b0e5-4d87-8f03-78d62c876d43')
INSERT INTO [ERPSettings].[FunctionnalityModule] ([IdFunctionnalityModule], [IdFunctionnality], [IdModule]) VALUES (N'be6d6bac-a281-4599-b884-6e4192ccba1e', N'd6ff08d7-ed69-48ee-b7ff-b96f6db1a79f', N'5c56d444-523c-4cb3-8554-1a88b3af0779')
INSERT INTO [ERPSettings].[FunctionnalityModule] ([IdFunctionnalityModule], [IdFunctionnality], [IdModule]) VALUES (N'c9fd2f39-37f4-4559-a9f9-93b91cec0c0a', N'12e2ecc5-d861-4680-9310-92422a3e2593', N'5c56d444-523c-4cb3-8554-1a88b3af0779')
INSERT INTO [ERPSettings].[FunctionnalityModule] ([IdFunctionnalityModule], [IdFunctionnality], [IdModule]) VALUES (N'ca1af57e-bbe8-4316-b48e-99d43beee67f', N'd7c9f718-49fb-41e3-88a5-0197b286cd25', N'5c56d444-523c-4cb3-8554-1a88b3af0779')
INSERT INTO [ERPSettings].[FunctionnalityModule] ([IdFunctionnalityModule], [IdFunctionnality], [IdModule]) VALUES (N'f3eb77cd-9d03-4cc5-bf4d-84a6787a0a5f', N'7a7cebf1-3ed2-4c49-8e2a-2647ac09572e', N'a49cd432-de82-40d6-8994-ce2f102039cc')

INSERT INTO [ERPSettings].[ServiceParameters] ([IdServiceParameters], [Method], [URL], [TModel], [Module], [IdPredicateFormat], [TransactionUserId], [IsDeleted], [Deleted_Token]) VALUES (N'2b431601-01f8-4a63-866c-b41a3824ff96', N'POST', N'/api/base/getPredicate', N'ConstantRate', N'PayRoll', N'131f03fd-018b-4e02-baa2-deb14ae6afb2', NULL, 0, NULL)
INSERT INTO [ERPSettings].[ServiceParameters] ([IdServiceParameters], [Method], [URL], [TModel], [Module], [IdPredicateFormat], [TransactionUserId], [IsDeleted], [Deleted_Token]) VALUES (N'30490522-7179-4d66-8251-efadb2726f52', N'POST', N'/api/base/getPredicate', N'ConstantValue', N'PayRoll', N'1ffff7e1-24ec-4167-b105-f457088ca090', NULL, 0, NULL)
INSERT INTO [ERPSettings].[ServiceParameters] ([IdServiceParameters], [Method], [URL], [TModel], [Module], [IdPredicateFormat], [TransactionUserId], [IsDeleted], [Deleted_Token]) VALUES (N'88d5390c-1db1-4101-bf72-137acc6d77e7', N'POST', N'/api/base/insert', N'ConstantRate', N'PayRoll', NULL, NULL, 0, NULL)
INSERT INTO [ERPSettings].[ServiceParameters] ([IdServiceParameters], [Method], [URL], [TModel], [Module], [IdPredicateFormat], [TransactionUserId], [IsDeleted], [Deleted_Token]) VALUES (N'9e914b0e-2acc-483a-a066-db1980e1db5c', N'POST', N'/api/base/insert', N'ConstantValue', N'PayRoll', NULL, NULL, 0, NULL)
INSERT INTO [ERPSettings].[ServiceParameters] ([IdServiceParameters], [Method], [URL], [TModel], [Module], [IdPredicateFormat], [TransactionUserId], [IsDeleted], [Deleted_Token]) VALUES (N'b651398c-7ee7-44df-8a76-929137c82138', N'POST', N'/api/base/insert', N'SalaryRule', N'PayRoll', NULL, NULL, 0, NULL)
INSERT INTO [ERPSettings].[ServiceParameters] ([IdServiceParameters], [Method], [URL], [TModel], [Module], [IdPredicateFormat], [TransactionUserId], [IsDeleted], [Deleted_Token]) VALUES (N'ed952132-dc36-4237-bff5-06ad38827eb3', N'POST', N'/api/base/insert', N'Variable', N'PayRoll', NULL, NULL, 0, NULL)

INSERT INTO [ERPSettings].[Component] ([IdComponent], [rank], [ComponentName], [IdComponentType], [IdFunctionality], [IdComponentParent], [FR], [EN], [AR], [DE], [CH], [ES], [IdButton], [classDiv], [classLabel], [class], [IsEncapsulated], [IdComponentChangedBy], [EntityName], [style], [ng_hide], [IsToInitialize], [IdFunctionalityForm], [IsFireChange]) VALUES (N'0c4baa62-dfc7-4253-9e66-43183942cf8f', 2, N'DIV5', 9, N'336fdb14-6186-41c2-b2ff-98c99ea25c5f', N'cfe5e6fa-d5c5-469f-8421-1dc9a8fca122', NULL, NULL, NULL, NULL, NULL, NULL, NULL, N'', N'', N'col-lg-6 col-md-6 col-sm-6', 0, NULL, N'User', NULL, NULL, 1, N'336fdb14-6186-41c2-b2ff-98c99ea25c5f', NULL)
INSERT INTO [ERPSettings].[Component] ([IdComponent], [rank], [ComponentName], [IdComponentType], [IdFunctionality], [IdComponentParent], [FR], [EN], [AR], [DE], [CH], [ES], [IdButton], [classDiv], [classLabel], [class], [IsEncapsulated], [IdComponentChangedBy], [EntityName], [style], [ng_hide], [IsToInitialize], [IdFunctionalityForm], [IsFireChange]) VALUES (N'0ead0e59-e42a-41c7-a66c-e0b3ecb53358', 2, N'Description', 1, N'a1ca4007-d64e-4765-af61-42e753a61222', N'c14aeb3d-3f19-4039-80a1-3d0d5b125362', N'Description', N'Description', N'Description', N'Description', N'Description', N'Description', N'fdf817d9-aae7-4f6a-8833-0183bbf22d7f', N'form-group col-lg-12 col-md-12 col-sm-12', N'col-lg-4 col-md-4 col-sm-4', N'k-textbox', 0, NULL, N'ConstantRate', N'height : 100px;', NULL, 1, N'a1ca4007-d64e-4765-af61-42e753a61222', NULL)
INSERT INTO [ERPSettings].[Component] ([IdComponent], [rank], [ComponentName], [IdComponentType], [IdFunctionality], [IdComponentParent], [FR], [EN], [AR], [DE], [CH], [ES], [IdButton], [classDiv], [classLabel], [class], [IsEncapsulated], [IdComponentChangedBy], [EntityName], [style], [ng_hide], [IsToInitialize], [IdFunctionalityForm], [IsFireChange]) VALUES (N'0fe01d0c-8b94-47a1-a54e-79fb4a3d39fa', 3, N'DIV3', 9, N'a1ca4007-d64e-4765-af61-42e753a61222', N'f48646f5-7406-4be8-9f50-77f848ee67ab', N'DIV3', N'DIV3_EN', N'DIV3_AR', N'DIV3_DE', N'DIV3_CH', N'DIV3_ES', NULL, N'', N'', N'col-lg-12 col-md-12 col-sm-12', 0, NULL, N'ConstantRate', NULL, NULL, 1, N'a1ca4007-d64e-4765-af61-42e753a61222', NULL)
INSERT INTO [ERPSettings].[Component] ([IdComponent], [rank], [ComponentName], [IdComponentType], [IdFunctionality], [IdComponentParent], [FR], [EN], [AR], [DE], [CH], [ES], [IdButton], [classDiv], [classLabel], [class], [IsEncapsulated], [IdComponentChangedBy], [EntityName], [style], [ng_hide], [IsToInitialize], [IdFunctionalityForm], [IsFireChange]) VALUES (N'104a9f29-bec9-44ee-bdee-58ba1a5c4863', 3, N'DIV3', 9, N'd7c9f718-49fb-41e3-88a5-0197b286cd25', N'a7d61d80-4cba-471d-84df-d167590b4bb8', N'DIV3', N'DIV3_EN', N'DIV3_AR', N'DIV3_DE', N'DIV3_CH', N'DIV3_ES', NULL, N'', N'', N'col-lg-12 col-md-12 col-sm-12', 0, NULL, N'ConstantValue', NULL, NULL, 1, N'd7c9f718-49fb-41e3-88a5-0197b286cd25', NULL)
INSERT INTO [ERPSettings].[Component] ([IdComponent], [rank], [ComponentName], [IdComponentType], [IdFunctionality], [IdComponentParent], [FR], [EN], [AR], [DE], [CH], [ES], [IdButton], [classDiv], [classLabel], [class], [IsEncapsulated], [IdComponentChangedBy], [EntityName], [style], [ng_hide], [IsToInitialize], [IdFunctionalityForm], [IsFireChange]) VALUES (N'11a42472-43bc-4db5-bc50-a2afabfbafb6', 2, N'DIV2', 9, N'336fdb14-6186-41c2-b2ff-98c99ea25c5f', N'6e29ac24-bc5b-494c-a0ae-90a6672d04dc', N'DIV2', N'DIV2_EN', N'DIV2_AR', N'DIV2_DE', N'DIV2_CH', N'DIV2_ES', NULL, N'', N'', N'', 0, NULL, N'SalaryRule', NULL, NULL, 1, N'336fdb14-6186-41c2-b2ff-98c99ea25c5f', NULL)
INSERT INTO [ERPSettings].[Component] ([IdComponent], [rank], [ComponentName], [IdComponentType], [IdFunctionality], [IdComponentParent], [FR], [EN], [AR], [DE], [CH], [ES], [IdButton], [classDiv], [classLabel], [class], [IsEncapsulated], [IdComponentChangedBy], [EntityName], [style], [ng_hide], [IsToInitialize], [IdFunctionalityForm], [IsFireChange]) VALUES (N'11d733a8-d587-4c03-918a-7c2bd26ab253', 1, N'DIV1', 9, N'e83a0045-89c6-459f-8d99-89c25077f4ef', N'6a9dcbd5-38a4-4b0e-b1ef-2bb1798082f3', N'DIV1', N'DIV1_EN', N'DIV1_AR', N'DIV1_DE', N'DIV1_CH', N'DIV1_ES', NULL, N'', N'', N'', 0, NULL, N'Variable', NULL, NULL, 1, N'e83a0045-89c6-459f-8d99-89c25077f4ef', NULL)
INSERT INTO [ERPSettings].[Component] ([IdComponent], [rank], [ComponentName], [IdComponentType], [IdFunctionality], [IdComponentParent], [FR], [EN], [AR], [DE], [CH], [ES], [IdButton], [classDiv], [classLabel], [class], [IsEncapsulated], [IdComponentChangedBy], [EntityName], [style], [ng_hide], [IsToInitialize], [IdFunctionalityForm], [IsFireChange]) VALUES (N'1363a729-451d-426b-b386-318bad5f5e12', 1, N'DIV2', 9, N'a1ca4007-d64e-4765-af61-42e753a61222', N'd0737cc3-6ecf-4343-9df9-d9890932a492', N'DIV2', N'DIV2_EN', N'DIV2_AR', N'DIV2_DE', N'DIV2_CH', N'DIV2_ES', NULL, N'', N'', N'row text-center', 0, NULL, N'ConstantRate', NULL, NULL, 1, N'a1ca4007-d64e-4765-af61-42e753a61222', NULL)
INSERT INTO [ERPSettings].[Component] ([IdComponent], [rank], [ComponentName], [IdComponentType], [IdFunctionality], [IdComponentParent], [FR], [EN], [AR], [DE], [CH], [ES], [IdButton], [classDiv], [classLabel], [class], [IsEncapsulated], [IdComponentChangedBy], [EntityName], [style], [ng_hide], [IsToInitialize], [IdFunctionalityForm], [IsFireChange]) VALUES (N'1558892c-7692-46a2-8b96-80efa03e286c', 2, N'DIV2', 9, N'd7c9f718-49fb-41e3-88a5-0197b286cd25', N'dee56ca2-94ac-45f3-a815-77d4947ae7a4', N'DIV2', N'DIV2_EN', N'DIV2_AR', N'DIV2_DE', N'DIV2_CH', N'DIV2_ES', NULL, N'', N'', N'', 0, NULL, N'ConstantRate', NULL, NULL, 1, N'd7c9f718-49fb-41e3-88a5-0197b286cd25', NULL)
INSERT INTO [ERPSettings].[Component] ([IdComponent], [rank], [ComponentName], [IdComponentType], [IdFunctionality], [IdComponentParent], [FR], [EN], [AR], [DE], [CH], [ES], [IdButton], [classDiv], [classLabel], [class], [IsEncapsulated], [IdComponentChangedBy], [EntityName], [style], [ng_hide], [IsToInitialize], [IdFunctionalityForm], [IsFireChange]) VALUES (N'157670aa-cabc-4854-b8f0-921025578b0e', 1, N'BUTTON1', 7, N'a1ca4007-d64e-4765-af61-42e753a61222', N'e931b71b-8e4d-4899-9375-21715714553a', N'Retourner à la liste', N'Back to list', N'Retourner à la liste_AR', N'Retourner à la liste_DE', N'Retourner à la liste_CH', N'Retourner à la liste_ES', NULL, N'form-group col-lg-12 col-md-12 col-sm-12', N'col-lg-4 col-md-4 col-sm-4', N'k-button', 0, NULL, N'ConstantRate', NULL, NULL, 1, N'a1ca4007-d64e-4765-af61-42e753a61222', NULL)
INSERT INTO [ERPSettings].[Component] ([IdComponent], [rank], [ComponentName], [IdComponentType], [IdFunctionality], [IdComponentParent], [FR], [EN], [AR], [DE], [CH], [ES], [IdButton], [classDiv], [classLabel], [class], [IsEncapsulated], [IdComponentChangedBy], [EntityName], [style], [ng_hide], [IsToInitialize], [IdFunctionalityForm], [IsFireChange]) VALUES (N'159af28b-2cf3-4941-a8a0-e2d79dce1664', 1, N'FORM1', 6, N'a1ca4007-d64e-4765-af61-42e753a61222', NULL, N'FORM1', N'FORM1_EN', N'FORM1_AR', N'FORM1_DE', N'FORM1_CH', N'FORM1_ES', NULL, N'col-lg-12 col-md-12 col-sm-12', N'col-lg-4 col-md-4 col-sm-4', N'', 0, NULL, N'ConstantRate', NULL, NULL, 1, N'a1ca4007-d64e-4765-af61-42e753a61222', NULL)
INSERT INTO [ERPSettings].[Component] ([IdComponent], [rank], [ComponentName], [IdComponentType], [IdFunctionality], [IdComponentParent], [FR], [EN], [AR], [DE], [CH], [ES], [IdButton], [classDiv], [classLabel], [class], [IsEncapsulated], [IdComponentChangedBy], [EntityName], [style], [ng_hide], [IsToInitialize], [IdFunctionalityForm], [IsFireChange]) VALUES (N'22b6ad6c-2cea-4aa0-bc07-dec2114c0ca0', 1, N'Value', 1, N'd7c9f718-49fb-41e3-88a5-0197b286cd25', N'cc80f03b-12cb-47b1-8fa3-f2c05d9263c7', N'Valeur', N'Value', N'', N'', N'', N'', N'f8e3b5d8-aa96-43bc-b0f4-d1e94c6f6e01', N'form-group col-lg-12 col-md-12 col-sm-12', N'col-lg-4 col-md-4 col-sm-4', N'', 0, NULL, N'ConstantValue', NULL, NULL, 1, N'd7c9f718-49fb-41e3-88a5-0197b286cd25', NULL)
INSERT INTO [ERPSettings].[Component] ([IdComponent], [rank], [ComponentName], [IdComponentType], [IdFunctionality], [IdComponentParent], [FR], [EN], [AR], [DE], [CH], [ES], [IdButton], [classDiv], [classLabel], [class], [IsEncapsulated], [IdComponentChangedBy], [EntityName], [style], [ng_hide], [IsToInitialize], [IdFunctionalityForm], [IsFireChange]) VALUES (N'26398807-2db3-4864-be5b-9db67beb9007', 2, N'DIV3', 9, N'336fdb14-6186-41c2-b2ff-98c99ea25c5f', N'7545f9b0-74c1-4c05-93b7-f42ddd5b05cd', NULL, NULL, NULL, NULL, NULL, NULL, NULL, N'', N'', N'col-lg-12 col-md-12 col-sm-12', 0, NULL, N'SalaryRule', NULL, NULL, 1, N'336fdb14-6186-41c2-b2ff-98c99ea25c5f', NULL)
INSERT INTO [ERPSettings].[Component] ([IdComponent], [rank], [ComponentName], [IdComponentType], [IdFunctionality], [IdComponentParent], [FR], [EN], [AR], [DE], [CH], [ES], [IdButton], [classDiv], [classLabel], [class], [IsEncapsulated], [IdComponentChangedBy], [EntityName], [style], [ng_hide], [IsToInitialize], [IdFunctionalityForm], [IsFireChange]) VALUES (N'2afea06f-7519-4dd3-9317-8a6d34434625', 1, N'DIV1', 9, N'd7c9f718-49fb-41e3-88a5-0197b286cd25', N'609556f9-a274-4ca5-b415-e968b435db42', N'DIV1', N'DIV1_EN', N'DIV1_AR', N'DIV1_DE', N'DIV1_CH', N'DIV1_ES', NULL, N'', N'', N'col-lg-6 col-md-6 col-sm-6', 0, NULL, N'ConstantValue', NULL, NULL, 1, N'd7c9f718-49fb-41e3-88a5-0197b286cd25', NULL)
INSERT INTO [ERPSettings].[Component] ([IdComponent], [rank], [ComponentName], [IdComponentType], [IdFunctionality], [IdComponentParent], [FR], [EN], [AR], [DE], [CH], [ES], [IdButton], [classDiv], [classLabel], [class], [IsEncapsulated], [IdComponentChangedBy], [EntityName], [style], [ng_hide], [IsToInitialize], [IdFunctionalityForm], [IsFireChange]) VALUES (N'2b359fd0-923b-406f-88cc-35de7812a7ec', 2, N'DIV4', 9, N'a1ca4007-d64e-4765-af61-42e753a61222', N'1363a729-451d-426b-b386-318bad5f5e12', N'DIV4', N'DIV4_EN', N'DIV4_AR', N'DIV4_DE', N'DIV4_CH', N'DIV4_ES', NULL, N'', N'', N'btn-group', 0, NULL, N'ConstantRate', N'display:inline-flex;float:right', NULL, 1, N'a1ca4007-d64e-4765-af61-42e753a61222', NULL)
INSERT INTO [ERPSettings].[Component] ([IdComponent], [rank], [ComponentName], [IdComponentType], [IdFunctionality], [IdComponentParent], [FR], [EN], [AR], [DE], [CH], [ES], [IdButton], [classDiv], [classLabel], [class], [IsEncapsulated], [IdComponentChangedBy], [EntityName], [style], [ng_hide], [IsToInitialize], [IdFunctionalityForm], [IsFireChange]) VALUES (N'2c474fe3-52b9-427a-a633-1585c99a1e46', 1, N'DIV1', 9, N'd7c9f718-49fb-41e3-88a5-0197b286cd25', N'ce9a2990-3c34-40b1-b8c3-024b871c6c3b', NULL, NULL, NULL, NULL, NULL, NULL, NULL, N'', N'', N'col-lg-12 col-md-12 col-sm-12', 0, NULL, N'ConstantValue', N'padding-left:0px; padding-right:0px;', NULL, 1, N'd7c9f718-49fb-41e3-88a5-0197b286cd25', NULL)
INSERT INTO [ERPSettings].[Component] ([IdComponent], [rank], [ComponentName], [IdComponentType], [IdFunctionality], [IdComponentParent], [FR], [EN], [AR], [DE], [CH], [ES], [IdButton], [classDiv], [classLabel], [class], [IsEncapsulated], [IdComponentChangedBy], [EntityName], [style], [ng_hide], [IsToInitialize], [IdFunctionalityForm], [IsFireChange]) VALUES (N'2c668cb2-7665-4b0d-97c0-40412dd04b78', 2, N'DIV2', 9, N'a1ca4007-d64e-4765-af61-42e753a61222', N'2b359fd0-923b-406f-88cc-35de7812a7ec', N'DIV2', N'DIV2_EN', N'DIV2_AR', N'DIV2_DE', N'DIV2_CH', N'DIV2_ES', NULL, N'', N'', N'', 0, NULL, N'ConstantRate', NULL, NULL, 1, N'a1ca4007-d64e-4765-af61-42e753a61222', NULL)
INSERT INTO [ERPSettings].[Component] ([IdComponent], [rank], [ComponentName], [IdComponentType], [IdFunctionality], [IdComponentParent], [FR], [EN], [AR], [DE], [CH], [ES], [IdButton], [classDiv], [classLabel], [class], [IsEncapsulated], [IdComponentChangedBy], [EntityName], [style], [ng_hide], [IsToInitialize], [IdFunctionalityForm], [IsFireChange]) VALUES (N'37255d52-982a-4db1-8afa-fe4d06fd0978', 1, N'BUTTON1', 7, N'e83a0045-89c6-459f-8d99-89c25077f4ef', N'11d733a8-d587-4c03-918a-7c2bd26ab253', N'Retourner à la liste', N'Back to list', N'Retourner à la liste_AR', N'Retourner à la liste_DE', N'Retourner à la liste_CH', N'Retourner à la liste_ES', NULL, N'form-group col-lg-12 col-md-12 col-sm-12', N'col-lg-4 col-md-4 col-sm-4', N'k-button', 0, NULL, N'Variable', NULL, NULL, 1, N'e83a0045-89c6-459f-8d99-89c25077f4ef', NULL)
INSERT INTO [ERPSettings].[Component] ([IdComponent], [rank], [ComponentName], [IdComponentType], [IdFunctionality], [IdComponentParent], [FR], [EN], [AR], [DE], [CH], [ES], [IdButton], [classDiv], [classLabel], [class], [IsEncapsulated], [IdComponentChangedBy], [EntityName], [style], [ng_hide], [IsToInitialize], [IdFunctionalityForm], [IsFireChange]) VALUES (N'37ad7fdd-89fd-4c6f-bd85-ebca2d264b28', 1, N'Period', 1, N'a1ca4007-d64e-4765-af61-42e753a61222', N'8cd48ff5-52d2-46f1-88fb-b1cea6d9b042', N'Début période', N'Start period', N'', N'', N'', N'', N'46407b89-4543-4e04-ad48-cf252d068285', N'form-group col-lg-12 col-md-12 col-sm-12', N'col-lg-4 col-md-4 col-sm-4', N'', 0, NULL, N'ConstantRate', NULL, NULL, 1, N'a1ca4007-d64e-4765-af61-42e753a61222', NULL)
INSERT INTO [ERPSettings].[Component] ([IdComponent], [rank], [ComponentName], [IdComponentType], [IdFunctionality], [IdComponentParent], [FR], [EN], [AR], [DE], [CH], [ES], [IdButton], [classDiv], [classLabel], [class], [IsEncapsulated], [IdComponentChangedBy], [EntityName], [style], [ng_hide], [IsToInitialize], [IdFunctionalityForm], [IsFireChange]) VALUES (N'46407b89-4543-4e04-ad48-cf252d068285', 1, N'Enregistrer periode', 7, N'a1ca4007-d64e-4765-af61-42e753a61222', N'a200977f-77ab-4922-80e9-b0a0ab7d951b', N'Enregistrer', N'Save', N'Enregistrer_AR', N'Enregistrer_DE', N'Enregistrer_CH', N'Enregistrer_ES', NULL, N'form-group col-lg-12 col-md-12 col-sm-12', N'', N'k-button pull-right', 0, NULL, N'ConstantRate', NULL, NULL, 1, N'a1ca4007-d64e-4765-af61-42e753a61222', NULL)
INSERT INTO [ERPSettings].[Component] ([IdComponent], [rank], [ComponentName], [IdComponentType], [IdFunctionality], [IdComponentParent], [FR], [EN], [AR], [DE], [CH], [ES], [IdButton], [classDiv], [classLabel], [class], [IsEncapsulated], [IdComponentChangedBy], [EntityName], [style], [ng_hide], [IsToInitialize], [IdFunctionalityForm], [IsFireChange]) VALUES (N'4eb12ff7-eb10-4d5f-ae11-0a13e7aa7b1a', 1, N'Order', 1, N'336fdb14-6186-41c2-b2ff-98c99ea25c5f', N'0c4baa62-dfc7-4253-9e66-43183942cf8f', N'Ordre', N'Order', N'', N'', N'', N'', N'cce50a45-1307-4202-8a0e-93753ea9279e', N'form-group col-lg-12 col-md-12 col-sm-12', N'col-lg-4 col-md-4 col-sm-4', N'k-textbox', 0, NULL, N'SalaryRule', NULL, NULL, 1, N'336fdb14-6186-41c2-b2ff-98c99ea25c5f', NULL)
INSERT INTO [ERPSettings].[Component] ([IdComponent], [rank], [ComponentName], [IdComponentType], [IdFunctionality], [IdComponentParent], [FR], [EN], [AR], [DE], [CH], [ES], [IdButton], [classDiv], [classLabel], [class], [IsEncapsulated], [IdComponentChangedBy], [EntityName], [style], [ng_hide], [IsToInitialize], [IdFunctionalityForm], [IsFireChange]) VALUES (N'50263732-7776-4556-909e-e8cd46819a35', 1, N'DIV3', 9, N'336fdb14-6186-41c2-b2ff-98c99ea25c5f', N'ae89abfb-6aae-40df-b834-21d40d3f0594', N'DIV3', N'DIV3_EN', N'DIV3_AR', N'DIV3_DE', N'DIV3_CH', N'DIV3_ES', NULL, N'', N'', N'', 0, NULL, N'SalaryRule', NULL, NULL, 1, N'336fdb14-6186-41c2-b2ff-98c99ea25c5f', NULL)
INSERT INTO [ERPSettings].[Component] ([IdComponent], [rank], [ComponentName], [IdComponentType], [IdFunctionality], [IdComponentParent], [FR], [EN], [AR], [DE], [CH], [ES], [IdButton], [classDiv], [classLabel], [class], [IsEncapsulated], [IdComponentChangedBy], [EntityName], [style], [ng_hide], [IsToInitialize], [IdFunctionalityForm], [IsFireChange]) VALUES (N'570e4ebb-e37b-4103-8d33-55665029f167', 1, N'BUTTON1', 7, N'd7c9f718-49fb-41e3-88a5-0197b286cd25', N'bb96d81f-7f18-4c0f-99d9-975bac9eeb98', N'Retourner à la liste', N'Back to list', N'Retourner à la liste_AR', N'Retourner à la liste_DE', N'Retourner à la liste_CH', N'Retourner à la liste_ES', NULL, N'form-group col-lg-12 col-md-12 col-sm-12', N'col-lg-4 col-md-4 col-sm-4', N'k-button', 0, NULL, N'ConstantValue', NULL, NULL, 1, N'd7c9f718-49fb-41e3-88a5-0197b286cd25', NULL)
INSERT INTO [ERPSettings].[Component] ([IdComponent], [rank], [ComponentName], [IdComponentType], [IdFunctionality], [IdComponentParent], [FR], [EN], [AR], [DE], [CH], [ES], [IdButton], [classDiv], [classLabel], [class], [IsEncapsulated], [IdComponentChangedBy], [EntityName], [style], [ng_hide], [IsToInitialize], [IdFunctionalityForm], [IsFireChange]) VALUES (N'57cc7496-827e-4297-8408-c2a022b88954', 2, N'DIV2', 9, N'e83a0045-89c6-459f-8d99-89c25077f4ef', N'6a9dcbd5-38a4-4b0e-b1ef-2bb1798082f3', N'DIV2', N'DIV2_EN', N'DIV2_AR', N'DIV2_DE', N'DIV2_CH', N'DIV2_ES', NULL, N'', N'', N'', 0, NULL, N'Variable', NULL, NULL, 1, N'e83a0045-89c6-459f-8d99-89c25077f4ef', NULL)
INSERT INTO [ERPSettings].[Component] ([IdComponent], [rank], [ComponentName], [IdComponentType], [IdFunctionality], [IdComponentParent], [FR], [EN], [AR], [DE], [CH], [ES], [IdButton], [classDiv], [classLabel], [class], [IsEncapsulated], [IdComponentChangedBy], [EntityName], [style], [ng_hide], [IsToInitialize], [IdFunctionalityForm], [IsFireChange]) VALUES (N'587ab7c7-1007-4409-ba9f-321a094087f5', 1, N'GRIDCOLUMN1', 4, N'd7c9f718-49fb-41e3-88a5-0197b286cd25', N'93f45383-0977-40cf-bdb6-bb7b6d96d2c3', N'Période', N'Period', N'Date de debut_AR', N'Date de debut_DE', N'Date de debut_CH', N'Date de debut_ES', NULL, N'col-lg-12 col-md-12 col-sm-12', N'col-lg-4 col-md-4 col-sm-4', N'', 0, NULL, N'ConstantValue', NULL, NULL, 1, N'd7c9f718-49fb-41e3-88a5-0197b286cd25', NULL)
INSERT INTO [ERPSettings].[Component] ([IdComponent], [rank], [ComponentName], [IdComponentType], [IdFunctionality], [IdComponentParent], [FR], [EN], [AR], [DE], [CH], [ES], [IdButton], [classDiv], [classLabel], [class], [IsEncapsulated], [IdComponentChangedBy], [EntityName], [style], [ng_hide], [IsToInitialize], [IdFunctionalityForm], [IsFireChange]) VALUES (N'59bb6456-ac5f-40c4-a433-5d239b987811', 1, N'DIV1', 9, N'336fdb14-6186-41c2-b2ff-98c99ea25c5f', N'6e29ac24-bc5b-494c-a0ae-90a6672d04dc', N'DIV1', N'DIV1_EN', N'DIV1_AR', N'DIV1_DE', N'DIV1_CH', N'DIV1_ES', NULL, N'', N'', N'', 0, NULL, N'SalaryRule', NULL, NULL, 1, N'336fdb14-6186-41c2-b2ff-98c99ea25c5f', NULL)
INSERT INTO [ERPSettings].[Component] ([IdComponent], [rank], [ComponentName], [IdComponentType], [IdFunctionality], [IdComponentParent], [FR], [EN], [AR], [DE], [CH], [ES], [IdButton], [classDiv], [classLabel], [class], [IsEncapsulated], [IdComponentChangedBy], [EntityName], [style], [ng_hide], [IsToInitialize], [IdFunctionalityForm], [IsFireChange]) VALUES (N'5a8c7d8b-60dd-4123-ab0d-14e612a727bc', 1, N'DIVCONTAINER1', 17, N'a1ca4007-d64e-4765-af61-42e753a61222', N'159af28b-2cf3-4941-a8a0-e2d79dce1664', N'Ajouter Constante Taux', N'Add Constant Rate', N'Ajouter Constante Taux_AR', N'Ajouter Constante Taux_DE', N'Ajouter Constante Taux_CH', N'Ajouter Constante Taux_ES', NULL, N'col-lg-12 col-md-12 col-sm-12', N'', N'', 0, NULL, N'ConstantRate', NULL, NULL, 1, N'a1ca4007-d64e-4765-af61-42e753a61222', NULL)
INSERT INTO [ERPSettings].[Component] ([IdComponent], [rank], [ComponentName], [IdComponentType], [IdFunctionality], [IdComponentParent], [FR], [EN], [AR], [DE], [CH], [ES], [IdButton], [classDiv], [classLabel], [class], [IsEncapsulated], [IdComponentChangedBy], [EntityName], [style], [ng_hide], [IsToInitialize], [IdFunctionalityForm], [IsFireChange]) VALUES (N'5de6d125-9ad9-4915-9348-b78209b48b31', 3, N'Formule', 1, N'e83a0045-89c6-459f-8d99-89c25077f4ef', N'a12cd340-1cc2-4a99-986f-239cf2a930e7', N'Formule', N'Formula', N'Formule_AR', N'Formule_DE', N'Formule', N'Formule', N'e83e98b5-eed5-41e2-86aa-470dc3958017', N'form-group col-lg-12 col-md-12 col-sm-12', N'col-lg-2 col-md-2 col-sm-2', N'k-textbox', 0, NULL, N'Variable', N'height: 600px; width:100%; margin-left:15px; margin-top:15px;', NULL, 1, N'e83a0045-89c6-459f-8d99-89c25077f4ef', NULL)
INSERT INTO [ERPSettings].[Component] ([IdComponent], [rank], [ComponentName], [IdComponentType], [IdFunctionality], [IdComponentParent], [FR], [EN], [AR], [DE], [CH], [ES], [IdButton], [classDiv], [classLabel], [class], [IsEncapsulated], [IdComponentChangedBy], [EntityName], [style], [ng_hide], [IsToInitialize], [IdFunctionalityForm], [IsFireChange]) VALUES (N'606467e2-605c-4c83-838c-5474945433e7', 1, N'DIV1', 9, N'a1ca4007-d64e-4765-af61-42e753a61222', N'f48646f5-7406-4be8-9f50-77f848ee67ab', N'DIV1', N'DIV1_EN', N'DIV1_AR', N'DIV1_DE', N'DIV1_CH', N'DIV1_ES', NULL, N'', N'', N'row', 0, NULL, N'ConstantRate', NULL, NULL, 1, N'a1ca4007-d64e-4765-af61-42e753a61222', NULL)
INSERT INTO [ERPSettings].[Component] ([IdComponent], [rank], [ComponentName], [IdComponentType], [IdFunctionality], [IdComponentParent], [FR], [EN], [AR], [DE], [CH], [ES], [IdButton], [classDiv], [classLabel], [class], [IsEncapsulated], [IdComponentChangedBy], [EntityName], [style], [ng_hide], [IsToInitialize], [IdFunctionalityForm], [IsFireChange]) VALUES (N'609556f9-a274-4ca5-b415-e968b435db42', 1, N'DIV1', 9, N'd7c9f718-49fb-41e3-88a5-0197b286cd25', N'a7d61d80-4cba-471d-84df-d167590b4bb8', N'DIV1', N'DIV1_EN', N'DIV1_AR', N'DIV1_DE', N'DIV1_CH', N'DIV1_ES', NULL, N'', N'', N'row', 0, NULL, N'ConstantValue', NULL, NULL, 1, N'd7c9f718-49fb-41e3-88a5-0197b286cd25', NULL)
INSERT INTO [ERPSettings].[Component] ([IdComponent], [rank], [ComponentName], [IdComponentType], [IdFunctionality], [IdComponentParent], [FR], [EN], [AR], [DE], [CH], [ES], [IdButton], [classDiv], [classLabel], [class], [IsEncapsulated], [IdComponentChangedBy], [EntityName], [style], [ng_hide], [IsToInitialize], [IdFunctionalityForm], [IsFireChange]) VALUES (N'6553bce5-4cbf-4f83-8471-d05bf96578f3', 1, N'DIV3', 9, N'd7c9f718-49fb-41e3-88a5-0197b286cd25', N'74deab90-c9af-4fa0-8300-3f4352b68d52', N'DIV3', N'DIV3_EN', N'DIV3_AR', N'DIV3_DE', N'DIV3_CH', N'DIV3_ES', NULL, N'', N'', N'', 0, NULL, N'ConstantValue', NULL, NULL, 1, N'd7c9f718-49fb-41e3-88a5-0197b286cd25', NULL)
INSERT INTO [ERPSettings].[Component] ([IdComponent], [rank], [ComponentName], [IdComponentType], [IdFunctionality], [IdComponentParent], [FR], [EN], [AR], [DE], [CH], [ES], [IdButton], [classDiv], [classLabel], [class], [IsEncapsulated], [IdComponentChangedBy], [EntityName], [style], [ng_hide], [IsToInitialize], [IdFunctionalityForm], [IsFireChange]) VALUES (N'6a9dcbd5-38a4-4b0e-b1ef-2bb1798082f3', 2, N'DIV4', 9, N'e83a0045-89c6-459f-8d99-89c25077f4ef', N'e6f177dc-ac63-4e50-802f-91eb0eaef4ac', N'DIV4', N'DIV4_EN', N'DIV4_AR', N'DIV4_DE', N'DIV4_CH', N'DIV4_ES', NULL, N'', N'', N'btn-group', 0, NULL, N'Variable', N'display:inline-flex;float:right', NULL, 1, N'e83a0045-89c6-459f-8d99-89c25077f4ef', NULL)
INSERT INTO [ERPSettings].[Component] ([IdComponent], [rank], [ComponentName], [IdComponentType], [IdFunctionality], [IdComponentParent], [FR], [EN], [AR], [DE], [CH], [ES], [IdButton], [classDiv], [classLabel], [class], [IsEncapsulated], [IdComponentChangedBy], [EntityName], [style], [ng_hide], [IsToInitialize], [IdFunctionalityForm], [IsFireChange]) VALUES (N'6e29ac24-bc5b-494c-a0ae-90a6672d04dc', 2, N'DIV4', 9, N'336fdb14-6186-41c2-b2ff-98c99ea25c5f', N'ae89abfb-6aae-40df-b834-21d40d3f0594', N'DIV4', N'DIV4_EN', N'DIV4_AR', N'DIV4_DE', N'DIV4_CH', N'DIV4_ES', NULL, N'', N'', N'btn-group', 0, NULL, N'SalaryRule', N'display:inline-flex;float:right', NULL, 1, N'336fdb14-6186-41c2-b2ff-98c99ea25c5f', NULL)
INSERT INTO [ERPSettings].[Component] ([IdComponent], [rank], [ComponentName], [IdComponentType], [IdFunctionality], [IdComponentParent], [FR], [EN], [AR], [DE], [CH], [ES], [IdButton], [classDiv], [classLabel], [class], [IsEncapsulated], [IdComponentChangedBy], [EntityName], [style], [ng_hide], [IsToInitialize], [IdFunctionalityForm], [IsFireChange]) VALUES (N'6fa48d9c-1b36-4994-95f4-c180c1837db9', 2, N'GRIDBUTTON1', 16, N'a1ca4007-d64e-4765-af61-42e753a61222', N'b1ca792d-9536-4dc0-bcfc-33ad3e337ef6', N'Supprimer', N'Delete', N'Delete_AR', N'Delete_DE', N'Delete_CH', N'Delete_ES', N'46407b89-4543-4e04-ad48-cf252d068285', N'col-lg-12 col-md-12 col-sm-12', N'col-lg-4 col-md-4 col-sm-4', N'glyphicon glyphicon-trash', 1, NULL, N'ConstantRate', NULL, NULL, 1, N'a1ca4007-d64e-4765-af61-42e753a61222', NULL)
INSERT INTO [ERPSettings].[Component] ([IdComponent], [rank], [ComponentName], [IdComponentType], [IdFunctionality], [IdComponentParent], [FR], [EN], [AR], [DE], [CH], [ES], [IdButton], [classDiv], [classLabel], [class], [IsEncapsulated], [IdComponentChangedBy], [EntityName], [style], [ng_hide], [IsToInitialize], [IdFunctionalityForm], [IsFireChange]) VALUES (N'721164dc-b059-432f-b96b-50d302d759c6', 2, N'Description', 1, N'e83a0045-89c6-459f-8d99-89c25077f4ef', N'a12cd340-1cc2-4a99-986f-239cf2a930e7', N'Description', N'Description_EN', N'Description_AR', N'Description_DE', N'Description_CH', N'Description_ES ', N'e83e98b5-eed5-41e2-86aa-470dc3958017', N'form-group col-lg-12 col-md-12 col-sm-12', N'col-lg-2 col-md-2 col-sm-2', N'k-textbox', 0, NULL, N'Variable', N'height: 100px;', NULL, 1, N'e83a0045-89c6-459f-8d99-89c25077f4ef', NULL)
INSERT INTO [ERPSettings].[Component] ([IdComponent], [rank], [ComponentName], [IdComponentType], [IdFunctionality], [IdComponentParent], [FR], [EN], [AR], [DE], [CH], [ES], [IdButton], [classDiv], [classLabel], [class], [IsEncapsulated], [IdComponentChangedBy], [EntityName], [style], [ng_hide], [IsToInitialize], [IdFunctionalityForm], [IsFireChange]) VALUES (N'73e79507-7fd2-4d68-a293-2cb82bbdbb12', 1, N'DIV7', 9, N'336fdb14-6186-41c2-b2ff-98c99ea25c5f', N'cfe5e6fa-d5c5-469f-8421-1dc9a8fca122', NULL, NULL, NULL, NULL, NULL, NULL, NULL, N'', N'', N'col-lg-6 col-md-6 col-sm-6', 0, NULL, N'User', NULL, NULL, 1, N'336fdb14-6186-41c2-b2ff-98c99ea25c5f', NULL)
INSERT INTO [ERPSettings].[Component] ([IdComponent], [rank], [ComponentName], [IdComponentType], [IdFunctionality], [IdComponentParent], [FR], [EN], [AR], [DE], [CH], [ES], [IdButton], [classDiv], [classLabel], [class], [IsEncapsulated], [IdComponentChangedBy], [EntityName], [style], [ng_hide], [IsToInitialize], [IdFunctionalityForm], [IsFireChange]) VALUES (N'74deab90-c9af-4fa0-8300-3f4352b68d52', 1, N'DIV2', 9, N'd7c9f718-49fb-41e3-88a5-0197b286cd25', N'be0c19bb-9009-4c8b-b963-ec209f457e23', N'DIV2', N'DIV2_EN', N'DIV2_AR', N'DIV2_DE', N'DIV2_CH', N'DIV2_ES', NULL, N'', N'', N'row text-center', 0, NULL, N'ConstantValue', NULL, NULL, 1, N'd7c9f718-49fb-41e3-88a5-0197b286cd25', NULL)
INSERT INTO [ERPSettings].[Component] ([IdComponent], [rank], [ComponentName], [IdComponentType], [IdFunctionality], [IdComponentParent], [FR], [EN], [AR], [DE], [CH], [ES], [IdButton], [classDiv], [classLabel], [class], [IsEncapsulated], [IdComponentChangedBy], [EntityName], [style], [ng_hide], [IsToInitialize], [IdFunctionalityForm], [IsFireChange]) VALUES (N'7545f9b0-74c1-4c05-93b7-f42ddd5b05cd', 1, N'FORM1', 6, N'336fdb14-6186-41c2-b2ff-98c99ea25c5f', NULL, N'FORM1', N'FORM1_EN', N'FORM1_AR', N'FORM1_DE', N'FORM1_CH', N'FORM1_ES', NULL, N'col-lg-12 col-md-12 col-sm-12', N'col-lg-4 col-md-4 col-sm-4', N'', 0, NULL, N'SalaryRule', NULL, NULL, 1, N'336fdb14-6186-41c2-b2ff-98c99ea25c5f', NULL)
INSERT INTO [ERPSettings].[Component] ([IdComponent], [rank], [ComponentName], [IdComponentType], [IdFunctionality], [IdComponentParent], [FR], [EN], [AR], [DE], [CH], [ES], [IdButton], [classDiv], [classLabel], [class], [IsEncapsulated], [IdComponentChangedBy], [EntityName], [style], [ng_hide], [IsToInitialize], [IdFunctionalityForm], [IsFireChange]) VALUES (N'7649bc70-4164-4e59-b0ce-c5a44412e74d', 1, N'FORM1', 6, N'd7c9f718-49fb-41e3-88a5-0197b286cd25', NULL, N'FORM1', N'FORM1_EN', N'FORM1_AR', N'FORM1_DE', N'FORM1_CH', N'FORM1_ES', NULL, N'col-lg-12 col-md-12 col-sm-12', N'col-lg-4 col-md-4 col-sm-4', N'', 0, NULL, N'ConstantValue', NULL, NULL, 1, N'd7c9f718-49fb-41e3-88a5-0197b286cd25', NULL)
INSERT INTO [ERPSettings].[Component] ([IdComponent], [rank], [ComponentName], [IdComponentType], [IdFunctionality], [IdComponentParent], [FR], [EN], [AR], [DE], [CH], [ES], [IdButton], [classDiv], [classLabel], [class], [IsEncapsulated], [IdComponentChangedBy], [EntityName], [style], [ng_hide], [IsToInitialize], [IdFunctionalityForm], [IsFireChange]) VALUES (N'7bfaf5b7-ee5f-4f98-aecc-4f7ad0d66656', 1, N'BUTTON1', 7, N'336fdb14-6186-41c2-b2ff-98c99ea25c5f', N'59bb6456-ac5f-40c4-a433-5d239b987811', N'Retourner à la liste', N'Back to list', N'Retourner à la liste_AR', N'Retourner à la liste_DE', N'Retourner à la liste_CH', N'Retourner à la liste_ES', NULL, N'form-group col-lg-12 col-md-12 col-sm-12', N'col-lg-4 col-md-4 col-sm-4', N'k-button', 0, NULL, N'SalaryRule', NULL, NULL, 1, N'336fdb14-6186-41c2-b2ff-98c99ea25c5f', NULL)
INSERT INTO [ERPSettings].[Component] ([IdComponent], [rank], [ComponentName], [IdComponentType], [IdFunctionality], [IdComponentParent], [FR], [EN], [AR], [DE], [CH], [ES], [IdButton], [classDiv], [classLabel], [class], [IsEncapsulated], [IdComponentChangedBy], [EntityName], [style], [ng_hide], [IsToInitialize], [IdFunctionalityForm], [IsFireChange]) VALUES (N'7e9e5cb7-350b-4ec0-9b04-30bd5613f2c3', 1, N'GRIDBUTTON2', 16, N'a1ca4007-d64e-4765-af61-42e753a61222', N'b1ca792d-9536-4dc0-bcfc-33ad3e337ef6', N'Mettre à jour', N'Update', N'Update_AR', N'Update_DE', N'Update_CH', N'Update_ES', N'46407b89-4543-4e04-ad48-cf252d068285', N'col-lg-12 col-md-12 col-sm-12', N'col-lg-4 col-md-4 col-sm-4', N'glyphicon glyphicon-edit', 1, NULL, N'ConstantRate', NULL, NULL, 1, N'a1ca4007-d64e-4765-af61-42e753a61222', NULL)
INSERT INTO [ERPSettings].[Component] ([IdComponent], [rank], [ComponentName], [IdComponentType], [IdFunctionality], [IdComponentParent], [FR], [EN], [AR], [DE], [CH], [ES], [IdButton], [classDiv], [classLabel], [class], [IsEncapsulated], [IdComponentChangedBy], [EntityName], [style], [ng_hide], [IsToInitialize], [IdFunctionalityForm], [IsFireChange]) VALUES (N'7f2ed301-374f-4a64-aad9-84b8164734fd', 2, N'Name', 1, N'336fdb14-6186-41c2-b2ff-98c99ea25c5f', N'73e79507-7fd2-4d68-a293-2cb82bbdbb12', N'Name', N'Nom', N'', N'', N'', N'', N'cce50a45-1307-4202-8a0e-93753ea9279e', N'form-group col-lg-12 col-md-12 col-sm-12', N'col-lg-4 col-md-4 col-sm-4', N'k-textbox', 0, NULL, N'SalaryRule', NULL, NULL, 1, N'336fdb14-6186-41c2-b2ff-98c99ea25c5f', NULL)
INSERT INTO [ERPSettings].[Component] ([IdComponent], [rank], [ComponentName], [IdComponentType], [IdFunctionality], [IdComponentParent], [FR], [EN], [AR], [DE], [CH], [ES], [IdButton], [classDiv], [classLabel], [class], [IsEncapsulated], [IdComponentChangedBy], [EntityName], [style], [ng_hide], [IsToInitialize], [IdFunctionalityForm], [IsFireChange]) VALUES (N'7fa2bdb8-363d-4a00-9c2f-234051e82e13', 2, N'GRIDCOLUMN3', 4, N'd7c9f718-49fb-41e3-88a5-0197b286cd25', N'93f45383-0977-40cf-bdb6-bb7b6d96d2c3', N'Valeur', N'Valuer', N'', N'', N'', N'', NULL, N'col-lg-12 col-md-12 col-sm-12', N'col-lg-4 col-md-4 col-sm-4', N'', 0, NULL, N'ConstantValue', NULL, NULL, 1, N'd7c9f718-49fb-41e3-88a5-0197b286cd25', NULL)
INSERT INTO [ERPSettings].[Component] ([IdComponent], [rank], [ComponentName], [IdComponentType], [IdFunctionality], [IdComponentParent], [FR], [EN], [AR], [DE], [CH], [ES], [IdButton], [classDiv], [classLabel], [class], [IsEncapsulated], [IdComponentChangedBy], [EntityName], [style], [ng_hide], [IsToInitialize], [IdFunctionalityForm], [IsFireChange]) VALUES (N'88662035-2164-4b3f-8452-e9a118a97be7', 2, N'DIV2', 9, N'd7c9f718-49fb-41e3-88a5-0197b286cd25', N'a7d61d80-4cba-471d-84df-d167590b4bb8', N'DIV2', N'DIV2_EN', N'DIV2_AR', N'DIV2_DE', N'DIV2_CH', N'DIV2_ES', NULL, N'', N'', N'col-lg-12 col-md-12 col-sm-12', 0, NULL, N'ConstantValue', NULL, NULL, 1, N'd7c9f718-49fb-41e3-88a5-0197b286cd25', NULL)
INSERT INTO [ERPSettings].[Component] ([IdComponent], [rank], [ComponentName], [IdComponentType], [IdFunctionality], [IdComponentParent], [FR], [EN], [AR], [DE], [CH], [ES], [IdButton], [classDiv], [classLabel], [class], [IsEncapsulated], [IdComponentChangedBy], [EntityName], [style], [ng_hide], [IsToInitialize], [IdFunctionalityForm], [IsFireChange]) VALUES (N'8ae5652d-1247-430f-b0f3-92aeac65c492', 1, N'Reference', 1, N'a1ca4007-d64e-4765-af61-42e753a61222', N'c14aeb3d-3f19-4039-80a1-3d0d5b125362', N'Reference', N'Reference', N'Reference', N'Reference', N'Reference', N'Reference', N'fdf817d9-aae7-4f6a-8833-0183bbf22d7f', N'form-group col-lg-12 col-md-12 col-sm-12', N'col-lg-4 col-md-4 col-sm-4', N'k-textbox', 0, NULL, N'ConstantRate', NULL, NULL, 1, N'a1ca4007-d64e-4765-af61-42e753a61222', NULL)
INSERT INTO [ERPSettings].[Component] ([IdComponent], [rank], [ComponentName], [IdComponentType], [IdFunctionality], [IdComponentParent], [FR], [EN], [AR], [DE], [CH], [ES], [IdButton], [classDiv], [classLabel], [class], [IsEncapsulated], [IdComponentChangedBy], [EntityName], [style], [ng_hide], [IsToInitialize], [IdFunctionalityForm], [IsFireChange]) VALUES (N'8cd48ff5-52d2-46f1-88fb-b1cea6d9b042', 1, N'DIV1', 9, N'a1ca4007-d64e-4765-af61-42e753a61222', N'606467e2-605c-4c83-838c-5474945433e7', N'DIV1', N'DIV1_EN', N'DIV1_AR', N'DIV1_DE', N'DIV1_CH', N'DIV1_ES', NULL, N'', N'', N'col-lg-4 col-md-4 col-sm-4', 0, NULL, N'ConstantRate', NULL, NULL, 1, N'a1ca4007-d64e-4765-af61-42e753a61222', NULL)
INSERT INTO [ERPSettings].[Component] ([IdComponent], [rank], [ComponentName], [IdComponentType], [IdFunctionality], [IdComponentParent], [FR], [EN], [AR], [DE], [CH], [ES], [IdButton], [classDiv], [classLabel], [class], [IsEncapsulated], [IdComponentChangedBy], [EntityName], [style], [ng_hide], [IsToInitialize], [IdFunctionalityForm], [IsFireChange]) VALUES (N'8dffc72a-5d02-4739-a423-611c2270ad1e', 1, N'GRIDBUTTON2', 16, N'd7c9f718-49fb-41e3-88a5-0197b286cd25', N'cb63a73b-39ed-4c05-b0ce-090d2d769ba3', N'Mettre à jour', N'Update', N'Update_AR', N'Update_DE', N'Update_CH', N'Update_ES', N'f8e3b5d8-aa96-43bc-b0f4-d1e94c6f6e01', N'col-lg-12 col-md-12 col-sm-12', N'col-lg-4 col-md-4 col-sm-4', N'glyphicon glyphicon-edit', 1, NULL, N'ConstantValue', NULL, NULL, 1, N'd7c9f718-49fb-41e3-88a5-0197b286cd25', NULL)
INSERT INTO [ERPSettings].[Component] ([IdComponent], [rank], [ComponentName], [IdComponentType], [IdFunctionality], [IdComponentParent], [FR], [EN], [AR], [DE], [CH], [ES], [IdButton], [classDiv], [classLabel], [class], [IsEncapsulated], [IdComponentChangedBy], [EntityName], [style], [ng_hide], [IsToInitialize], [IdFunctionalityForm], [IsFireChange]) VALUES (N'915a1adf-2db1-4e8c-91fd-5a198afd6e4a', 1, N'Period', 1, N'd7c9f718-49fb-41e3-88a5-0197b286cd25', N'2afea06f-7519-4dd3-9317-8a6d34434625', N'Début période', N'
Start period', N'', N'', N'', N'', N'f8e3b5d8-aa96-43bc-b0f4-d1e94c6f6e01', N'form-group col-lg-12 col-md-12 col-sm-12', N'col-lg-4 col-md-4 col-sm-4', N'', 0, NULL, N'ConstantValue', NULL, NULL, 1, N'd7c9f718-49fb-41e3-88a5-0197b286cd25', NULL)
INSERT INTO [ERPSettings].[Component] ([IdComponent], [rank], [ComponentName], [IdComponentType], [IdFunctionality], [IdComponentParent], [FR], [EN], [AR], [DE], [CH], [ES], [IdButton], [classDiv], [classLabel], [class], [IsEncapsulated], [IdComponentChangedBy], [EntityName], [style], [ng_hide], [IsToInitialize], [IdFunctionalityForm], [IsFireChange]) VALUES (N'92e81b2d-b729-4242-9255-aec2d01b67d7', 2, N'DIV1', 9, N'a1ca4007-d64e-4765-af61-42e753a61222', N'606467e2-605c-4c83-838c-5474945433e7', N'DIV1', N'DIV1_EN', N'DIV1_AR', N'DIV1_DE', N'DIV1_CH', N'DIV1_ES', NULL, N'', N'', N'col-lg-4 col-md-4 col-sm-4', 0, NULL, N'ConstantRate', NULL, NULL, 1, N'a1ca4007-d64e-4765-af61-42e753a61222', NULL)
INSERT INTO [ERPSettings].[Component] ([IdComponent], [rank], [ComponentName], [IdComponentType], [IdFunctionality], [IdComponentParent], [FR], [EN], [AR], [DE], [CH], [ES], [IdButton], [classDiv], [classLabel], [class], [IsEncapsulated], [IdComponentChangedBy], [EntityName], [style], [ng_hide], [IsToInitialize], [IdFunctionalityForm], [IsFireChange]) VALUES (N'9325cb11-ec51-449b-a843-b598aacf3fa4', 1, N'Reference', 1, N'd7c9f718-49fb-41e3-88a5-0197b286cd25', N'2c474fe3-52b9-427a-a633-1585c99a1e46', N'Reference', N'Reference', N'Reference', N'Reference', N'Reference', N'Reference', N'e793b94f-af29-4cdd-a8f7-0d7553eca4b0', N'form-group col-lg-12 col-md-12 col-sm-12', N'col-lg-4 col-md-4 col-sm-4', N'k-textbox', 0, NULL, N'ConstantValue', NULL, NULL, 1, N'd7c9f718-49fb-41e3-88a5-0197b286cd25', NULL)
INSERT INTO [ERPSettings].[Component] ([IdComponent], [rank], [ComponentName], [IdComponentType], [IdFunctionality], [IdComponentParent], [FR], [EN], [AR], [DE], [CH], [ES], [IdButton], [classDiv], [classLabel], [class], [IsEncapsulated], [IdComponentChangedBy], [EntityName], [style], [ng_hide], [IsToInitialize], [IdFunctionalityForm], [IsFireChange]) VALUES (N'93f45383-0977-40cf-bdb6-bb7b6d96d2c3', 1, N'ConstantValue', 3, N'd7c9f718-49fb-41e3-88a5-0197b286cd25', N'104a9f29-bec9-44ee-bdee-58ba1a5c4863', N'Constante valeur', N'Constant value', N'', N'', N'', N'', N'01453336-1416-4471-b77f-18fcb1c1b865', N'col-lg-12 col-md-12 col-sm-12', N'col-lg-4 col-md-4 col-sm-4', N'', 0, NULL, N'ConstantValue', NULL, NULL, 1, N'd7c9f718-49fb-41e3-88a5-0197b286cd25', NULL)
INSERT INTO [ERPSettings].[Component] ([IdComponent], [rank], [ComponentName], [IdComponentType], [IdFunctionality], [IdComponentParent], [FR], [EN], [AR], [DE], [CH], [ES], [IdButton], [classDiv], [classLabel], [class], [IsEncapsulated], [IdComponentChangedBy], [EntityName], [style], [ng_hide], [IsToInitialize], [IdFunctionalityForm], [IsFireChange]) VALUES (N'9a585997-181a-4543-8659-590657cd3c64', 1, N'Reference', 1, N'336fdb14-6186-41c2-b2ff-98c99ea25c5f', N'73e79507-7fd2-4d68-a293-2cb82bbdbb12', N'Reference', N'Reference', N'Reference', N'Reference', N'Reference', N'Reference', N'cce50a45-1307-4202-8a0e-93753ea9279e', N'form-group col-lg-12 col-md-12 col-sm-12', N'col-lg-4 col-md-4 col-sm-4', N'k-textbox', 0, NULL, N'SalaryRule', NULL, NULL, 1, N'336fdb14-6186-41c2-b2ff-98c99ea25c5f', NULL)
INSERT INTO [ERPSettings].[Component] ([IdComponent], [rank], [ComponentName], [IdComponentType], [IdFunctionality], [IdComponentParent], [FR], [EN], [AR], [DE], [CH], [ES], [IdButton], [classDiv], [classLabel], [class], [IsEncapsulated], [IdComponentChangedBy], [EntityName], [style], [ng_hide], [IsToInitialize], [IdFunctionalityForm], [IsFireChange]) VALUES (N'9e0137d4-99a8-44fb-80c1-b371bea0e67d', 1, N'FORM1', 6, N'e83a0045-89c6-459f-8d99-89c25077f4ef', NULL, N'FORM1', N'FORM1_EN', N'FORM1_AR', N'FORM1_DE', N'FORM1_CH', N'FORM1_ES', NULL, N'col-lg-12 col-md-12 col-sm-12', N'col-lg-4 col-md-4 col-sm-4', N'', 0, NULL, N'Variable', NULL, NULL, 1, N'e83a0045-89c6-459f-8d99-89c25077f4ef', NULL)
INSERT INTO [ERPSettings].[Component] ([IdComponent], [rank], [ComponentName], [IdComponentType], [IdFunctionality], [IdComponentParent], [FR], [EN], [AR], [DE], [CH], [ES], [IdButton], [classDiv], [classLabel], [class], [IsEncapsulated], [IdComponentChangedBy], [EntityName], [style], [ng_hide], [IsToInitialize], [IdFunctionalityForm], [IsFireChange]) VALUES (N'a12cd340-1cc2-4a99-986f-239cf2a930e7', 1, N'DIV1', 9, N'e83a0045-89c6-459f-8d99-89c25077f4ef', N'a6fefc61-16ea-4311-b235-4bf7677fa3c9', NULL, NULL, NULL, NULL, NULL, NULL, NULL, N'', N'', N'col-lg-12 col-md-12 col-sm-12', 0, NULL, N'Variable', N'padding-left:0px; padding-right:0px;', NULL, 1, N'e83a0045-89c6-459f-8d99-89c25077f4ef', NULL)
INSERT INTO [ERPSettings].[Component] ([IdComponent], [rank], [ComponentName], [IdComponentType], [IdFunctionality], [IdComponentParent], [FR], [EN], [AR], [DE], [CH], [ES], [IdButton], [classDiv], [classLabel], [class], [IsEncapsulated], [IdComponentChangedBy], [EntityName], [style], [ng_hide], [IsToInitialize], [IdFunctionalityForm], [IsFireChange]) VALUES (N'a200977f-77ab-4922-80e9-b0a0ab7d951b', 2, N'DIV2', 9, N'a1ca4007-d64e-4765-af61-42e753a61222', N'f48646f5-7406-4be8-9f50-77f848ee67ab', N'DIV2', N'DIV2_EN', N'DIV2_AR', N'DIV2_DE', N'DIV2_CH', N'DIV2_ES', NULL, N'', N'', N'col-lg-12 col-md-12 col-sm-12', 0, NULL, N'ConstantRate', NULL, NULL, 1, N'a1ca4007-d64e-4765-af61-42e753a61222', NULL)
INSERT INTO [ERPSettings].[Component] ([IdComponent], [rank], [ComponentName], [IdComponentType], [IdFunctionality], [IdComponentParent], [FR], [EN], [AR], [DE], [CH], [ES], [IdButton], [classDiv], [classLabel], [class], [IsEncapsulated], [IdComponentChangedBy], [EntityName], [style], [ng_hide], [IsToInitialize], [IdFunctionalityForm], [IsFireChange]) VALUES (N'a2f281f3-5423-44d7-9628-31e9f1856ca5', 2, N'Description', 1, N'd7c9f718-49fb-41e3-88a5-0197b286cd25', N'2c474fe3-52b9-427a-a633-1585c99a1e46', N'Description', N'Description', N'Description', N'Description', N'Description', N'Description', N'e793b94f-af29-4cdd-a8f7-0d7553eca4b0', N'form-group col-lg-12 col-md-12 col-sm-12', N'col-lg-4 col-md-4 col-sm-4', N'k-textbox', 0, NULL, N'ConstantValue', N'height : 100px;', NULL, 1, N'd7c9f718-49fb-41e3-88a5-0197b286cd25', NULL)
INSERT INTO [ERPSettings].[Component] ([IdComponent], [rank], [ComponentName], [IdComponentType], [IdFunctionality], [IdComponentParent], [FR], [EN], [AR], [DE], [CH], [ES], [IdButton], [classDiv], [classLabel], [class], [IsEncapsulated], [IdComponentChangedBy], [EntityName], [style], [ng_hide], [IsToInitialize], [IdFunctionalityForm], [IsFireChange]) VALUES (N'a64c2f40-942f-49e5-a18b-091ba1a5d608', 2, N'DIV2', 9, N'336fdb14-6186-41c2-b2ff-98c99ea25c5f', N'd3afb1be-1b77-4e5b-8ca7-3d89a8d76569', NULL, NULL, NULL, NULL, NULL, NULL, NULL, N'', N'', N'col-lg-12 col-md-12 col-sm-12', 0, NULL, N'User', NULL, NULL, 1, N'336fdb14-6186-41c2-b2ff-98c99ea25c5f', NULL)
INSERT INTO [ERPSettings].[Component] ([IdComponent], [rank], [ComponentName], [IdComponentType], [IdFunctionality], [IdComponentParent], [FR], [EN], [AR], [DE], [CH], [ES], [IdButton], [classDiv], [classLabel], [class], [IsEncapsulated], [IdComponentChangedBy], [EntityName], [style], [ng_hide], [IsToInitialize], [IdFunctionalityForm], [IsFireChange]) VALUES (N'a6fefc61-16ea-4311-b235-4bf7677fa3c9', 1, N'DIVCONTAINER1', 17, N'e83a0045-89c6-459f-8d99-89c25077f4ef', N'9e0137d4-99a8-44fb-80c1-b371bea0e67d', N'Ajouter variable', N'Add variable', N'Ajouter variable_AR', N'Ajouter variable_DE', N'Ajouter variable_CH', N'Ajouter variable_ES', NULL, N'col-lg-12 col-md-12 col-sm-12', N'', N'', 0, NULL, N'Variable', NULL, NULL, 1, N'e83a0045-89c6-459f-8d99-89c25077f4ef', NULL)
INSERT INTO [ERPSettings].[Component] ([IdComponent], [rank], [ComponentName], [IdComponentType], [IdFunctionality], [IdComponentParent], [FR], [EN], [AR], [DE], [CH], [ES], [IdButton], [classDiv], [classLabel], [class], [IsEncapsulated], [IdComponentChangedBy], [EntityName], [style], [ng_hide], [IsToInitialize], [IdFunctionalityForm], [IsFireChange]) VALUES (N'a7d61d80-4cba-471d-84df-d167590b4bb8', 2, N'DIVCONTAINER2', 17, N'd7c9f718-49fb-41e3-88a5-0197b286cd25', N'7649bc70-4164-4e59-b0ce-c5a44412e74d', N'Periode', N'Period', N'', N'', N'', N'', NULL, N'col-lg-12 col-md-12 col-sm-12', N'', N'', 0, NULL, N'ConstantValue', NULL, NULL, 1, N'd7c9f718-49fb-41e3-88a5-0197b286cd25', NULL)
INSERT INTO [ERPSettings].[Component] ([IdComponent], [rank], [ComponentName], [IdComponentType], [IdFunctionality], [IdComponentParent], [FR], [EN], [AR], [DE], [CH], [ES], [IdButton], [classDiv], [classLabel], [class], [IsEncapsulated], [IdComponentChangedBy], [EntityName], [style], [ng_hide], [IsToInitialize], [IdFunctionalityForm], [IsFireChange]) VALUES (N'a7fcab93-36f8-4280-a804-0afa8ad47dd7', 1, N'DIV3', 9, N'a1ca4007-d64e-4765-af61-42e753a61222', N'1363a729-451d-426b-b386-318bad5f5e12', N'DIV3', N'DIV3_EN', N'DIV3_AR', N'DIV3_DE', N'DIV3_CH', N'DIV3_ES', NULL, N'', N'', N'', 0, NULL, N'ConstantRate', NULL, NULL, 1, N'a1ca4007-d64e-4765-af61-42e753a61222', NULL)
INSERT INTO [ERPSettings].[Component] ([IdComponent], [rank], [ComponentName], [IdComponentType], [IdFunctionality], [IdComponentParent], [FR], [EN], [AR], [DE], [CH], [ES], [IdButton], [classDiv], [classLabel], [class], [IsEncapsulated], [IdComponentChangedBy], [EntityName], [style], [ng_hide], [IsToInitialize], [IdFunctionalityForm], [IsFireChange]) VALUES (N'a7feac0c-3467-43bf-b501-af347ec3044f', 1, N'GRIDCOLUMN1', 4, N'a1ca4007-d64e-4765-af61-42e753a61222', N'c2296ff4-d68c-49a1-ba84-330d59f32f7f', N'Période', N'Period', N'Date de debut_AR', N'Date de debut_DE', N'Date de debut_CH', N'Date de debut_ES', NULL, N'col-lg-12 col-md-12 col-sm-12', N'col-lg-4 col-md-4 col-sm-4', N'', 0, NULL, N'ConstantRate', NULL, NULL, 1, N'a1ca4007-d64e-4765-af61-42e753a61222', NULL)
INSERT INTO [ERPSettings].[Component] ([IdComponent], [rank], [ComponentName], [IdComponentType], [IdFunctionality], [IdComponentParent], [FR], [EN], [AR], [DE], [CH], [ES], [IdButton], [classDiv], [classLabel], [class], [IsEncapsulated], [IdComponentChangedBy], [EntityName], [style], [ng_hide], [IsToInitialize], [IdFunctionalityForm], [IsFireChange]) VALUES (N'aa14bf7f-bc7f-460e-8fa7-2b441d1db4aa', 3, N'DIV1', 9, N'a1ca4007-d64e-4765-af61-42e753a61222', N'606467e2-605c-4c83-838c-5474945433e7', N'DIV1', N'DIV1_EN', N'DIV1_AR', N'DIV1_DE', N'DIV1_CH', N'DIV1_ES', NULL, N'', N'', N'col-lg-4 col-md-4 col-sm-4', 0, NULL, N'ConstantRate', NULL, NULL, 1, N'a1ca4007-d64e-4765-af61-42e753a61222', NULL)
INSERT INTO [ERPSettings].[Component] ([IdComponent], [rank], [ComponentName], [IdComponentType], [IdFunctionality], [IdComponentParent], [FR], [EN], [AR], [DE], [CH], [ES], [IdButton], [classDiv], [classLabel], [class], [IsEncapsulated], [IdComponentChangedBy], [EntityName], [style], [ng_hide], [IsToInitialize], [IdFunctionalityForm], [IsFireChange]) VALUES (N'ae89abfb-6aae-40df-b834-21d40d3f0594', 1, N'DIV2', 9, N'336fdb14-6186-41c2-b2ff-98c99ea25c5f', N'26398807-2db3-4864-be5b-9db67beb9007', N'DIV2', N'DIV2_EN', N'DIV2_AR', N'DIV2_DE', N'DIV2_CH', N'DIV2_ES', NULL, N'', N'', N'row text-center', 0, NULL, N'SalaryRule', NULL, NULL, 1, N'336fdb14-6186-41c2-b2ff-98c99ea25c5f', NULL)
INSERT INTO [ERPSettings].[Component] ([IdComponent], [rank], [ComponentName], [IdComponentType], [IdFunctionality], [IdComponentParent], [FR], [EN], [AR], [DE], [CH], [ES], [IdButton], [classDiv], [classLabel], [class], [IsEncapsulated], [IdComponentChangedBy], [EntityName], [style], [ng_hide], [IsToInitialize], [IdFunctionalityForm], [IsFireChange]) VALUES (N'afa01b19-7c81-4e65-8752-6c95977a5984', 3, N'AppearsOnPaySlip', 13, N'336fdb14-6186-41c2-b2ff-98c99ea25c5f', N'73e79507-7fd2-4d68-a293-2cb82bbdbb12', N'Apparait sur le bulletin', N'Appears on paySlip', NULL, NULL, NULL, NULL, N'cce50a45-1307-4202-8a0e-93753ea9279e', N'form-group col-lg-12 col-md-12 col-sm-12', N'col-lg-4 col-md-4 col-sm-4', N'', 0, NULL, N'SalaryRule', NULL, NULL, 1, N'336fdb14-6186-41c2-b2ff-98c99ea25c5f', NULL)
INSERT INTO [ERPSettings].[Component] ([IdComponent], [rank], [ComponentName], [IdComponentType], [IdFunctionality], [IdComponentParent], [FR], [EN], [AR], [DE], [CH], [ES], [IdButton], [classDiv], [classLabel], [class], [IsEncapsulated], [IdComponentChangedBy], [EntityName], [style], [ng_hide], [IsToInitialize], [IdFunctionalityForm], [IsFireChange]) VALUES (N'afcd0b50-86d3-4d2a-a503-a0f7ccfa727e', 2, N'DIV3', 9, N'e83a0045-89c6-459f-8d99-89c25077f4ef', N'9e0137d4-99a8-44fb-80c1-b371bea0e67d', NULL, NULL, NULL, NULL, NULL, NULL, NULL, N'', N'', N'col-lg-12 col-md-12 col-sm-12', 0, NULL, N'Variable', NULL, NULL, 1, N'e83a0045-89c6-459f-8d99-89c25077f4ef', NULL)
INSERT INTO [ERPSettings].[Component] ([IdComponent], [rank], [ComponentName], [IdComponentType], [IdFunctionality], [IdComponentParent], [FR], [EN], [AR], [DE], [CH], [ES], [IdButton], [classDiv], [classLabel], [class], [IsEncapsulated], [IdComponentChangedBy], [EntityName], [style], [ng_hide], [IsToInitialize], [IdFunctionalityForm], [IsFireChange]) VALUES (N'b1ca792d-9536-4dc0-bcfc-33ad3e337ef6', 4, N'GRIDCOLUMN5', 4, N'a1ca4007-d64e-4765-af61-42e753a61222', N'c2296ff4-d68c-49a1-ba84-330d59f32f7f', N'GRIDCOLUMN5', N'GRIDCOLUMN5_EN', N'GRIDCOLUMN5_AR', N'GRIDCOLUMN5_DE', N'GRIDCOLUMN5_CH', N'GRIDCOLUMN5_ES', NULL, N'col-lg-12 col-md-12 col-sm-12', N'col-lg-4 col-md-4 col-sm-4', N'', 0, NULL, N'ConstantRate', NULL, NULL, 1, N'a1ca4007-d64e-4765-af61-42e753a61222', NULL)
INSERT INTO [ERPSettings].[Component] ([IdComponent], [rank], [ComponentName], [IdComponentType], [IdFunctionality], [IdComponentParent], [FR], [EN], [AR], [DE], [CH], [ES], [IdButton], [classDiv], [classLabel], [class], [IsEncapsulated], [IdComponentChangedBy], [EntityName], [style], [ng_hide], [IsToInitialize], [IdFunctionalityForm], [IsFireChange]) VALUES (N'bb96d81f-7f18-4c0f-99d9-975bac9eeb98', 1, N'DIV1', 9, N'd7c9f718-49fb-41e3-88a5-0197b286cd25', N'dee56ca2-94ac-45f3-a815-77d4947ae7a4', N'DIV1', N'DIV1_EN', N'DIV1_AR', N'DIV1_DE', N'DIV1_CH', N'DIV1_ES', NULL, N'', N'', N'', 0, NULL, N'ConstantValue', NULL, NULL, 1, N'd7c9f718-49fb-41e3-88a5-0197b286cd25', NULL)
INSERT INTO [ERPSettings].[Component] ([IdComponent], [rank], [ComponentName], [IdComponentType], [IdFunctionality], [IdComponentParent], [FR], [EN], [AR], [DE], [CH], [ES], [IdButton], [classDiv], [classLabel], [class], [IsEncapsulated], [IdComponentChangedBy], [EntityName], [style], [ng_hide], [IsToInitialize], [IdFunctionalityForm], [IsFireChange]) VALUES (N'bdbad67f-cdf9-48d5-9a09-b0d0b8681321', 1, N'SalaryRate', 1, N'a1ca4007-d64e-4765-af61-42e753a61222', N'92e81b2d-b729-4242-9255-aec2d01b67d7', N'Taux salariale', N'Salary rate', N'', N'', N'', N'', N'46407b89-4543-4e04-ad48-cf252d068285', N'form-group col-lg-12 col-md-12 col-sm-12', N'col-lg-4 col-md-4 col-sm-4', N'', 0, NULL, N'ConstantRate', NULL, NULL, 1, N'a1ca4007-d64e-4765-af61-42e753a61222', NULL)
INSERT INTO [ERPSettings].[Component] ([IdComponent], [rank], [ComponentName], [IdComponentType], [IdFunctionality], [IdComponentParent], [FR], [EN], [AR], [DE], [CH], [ES], [IdButton], [classDiv], [classLabel], [class], [IsEncapsulated], [IdComponentChangedBy], [EntityName], [style], [ng_hide], [IsToInitialize], [IdFunctionalityForm], [IsFireChange]) VALUES (N'be0c19bb-9009-4c8b-b963-ec209f457e23', 3, N'DIV3', 9, N'd7c9f718-49fb-41e3-88a5-0197b286cd25', N'7649bc70-4164-4e59-b0ce-c5a44412e74d', NULL, NULL, NULL, NULL, NULL, NULL, NULL, N'', N'', N'col-lg-12 col-md-12 col-sm-12', 0, NULL, N'ConstantValue', NULL, NULL, 1, N'd7c9f718-49fb-41e3-88a5-0197b286cd25', NULL)
INSERT INTO [ERPSettings].[Component] ([IdComponent], [rank], [ComponentName], [IdComponentType], [IdFunctionality], [IdComponentParent], [FR], [EN], [AR], [DE], [CH], [ES], [IdButton], [classDiv], [classLabel], [class], [IsEncapsulated], [IdComponentChangedBy], [EntityName], [style], [ng_hide], [IsToInitialize], [IdFunctionalityForm], [IsFireChange]) VALUES (N'c14aeb3d-3f19-4039-80a1-3d0d5b125362', 1, N'DIV1', 9, N'a1ca4007-d64e-4765-af61-42e753a61222', N'5a8c7d8b-60dd-4123-ab0d-14e612a727bc', NULL, NULL, NULL, NULL, NULL, NULL, NULL, N'', N'', N'col-lg-12 col-md-12 col-sm-12', 0, NULL, N'ConstantRate', N'padding-left:0px; padding-right:0px;', NULL, 1, N'a1ca4007-d64e-4765-af61-42e753a61222', NULL)
INSERT INTO [ERPSettings].[Component] ([IdComponent], [rank], [ComponentName], [IdComponentType], [IdFunctionality], [IdComponentParent], [FR], [EN], [AR], [DE], [CH], [ES], [IdButton], [classDiv], [classLabel], [class], [IsEncapsulated], [IdComponentChangedBy], [EntityName], [style], [ng_hide], [IsToInitialize], [IdFunctionalityForm], [IsFireChange]) VALUES (N'c2296ff4-d68c-49a1-ba84-330d59f32f7f', 1, N'ConstantRate', 3, N'a1ca4007-d64e-4765-af61-42e753a61222', N'0fe01d0c-8b94-47a1-a54e-79fb4a3d39fa', N'Constante taux', N'Constant rate', N'', N'', N'', N'', N'01453336-1416-4471-b77f-18fcb1c1b865', N'col-lg-12 col-md-12 col-sm-12', N'col-lg-4 col-md-4 col-sm-4', N'', 0, NULL, N'ConstantRate', NULL, NULL, 1, N'a1ca4007-d64e-4765-af61-42e753a61222', NULL)
INSERT INTO [ERPSettings].[Component] ([IdComponent], [rank], [ComponentName], [IdComponentType], [IdFunctionality], [IdComponentParent], [FR], [EN], [AR], [DE], [CH], [ES], [IdButton], [classDiv], [classLabel], [class], [IsEncapsulated], [IdComponentChangedBy], [EntityName], [style], [ng_hide], [IsToInitialize], [IdFunctionalityForm], [IsFireChange]) VALUES (N'c92b8e2e-1031-45e8-84b8-656c6ce15b8f', 2, N'GRIDCOLUMN3', 4, N'a1ca4007-d64e-4765-af61-42e753a61222', N'c2296ff4-d68c-49a1-ba84-330d59f32f7f', N'Taux salarial', N'Salary rate', N'', N'', N'', N'', NULL, N'col-lg-12 col-md-12 col-sm-12', N'col-lg-4 col-md-4 col-sm-4', N'', 0, NULL, N'ConstantRate', NULL, NULL, 1, N'a1ca4007-d64e-4765-af61-42e753a61222', NULL)
INSERT INTO [ERPSettings].[Component] ([IdComponent], [rank], [ComponentName], [IdComponentType], [IdFunctionality], [IdComponentParent], [FR], [EN], [AR], [DE], [CH], [ES], [IdButton], [classDiv], [classLabel], [class], [IsEncapsulated], [IdComponentChangedBy], [EntityName], [style], [ng_hide], [IsToInitialize], [IdFunctionalityForm], [IsFireChange]) VALUES (N'cb63a73b-39ed-4c05-b0ce-090d2d769ba3', 3, N'GRIDCOLUMN5', 4, N'd7c9f718-49fb-41e3-88a5-0197b286cd25', N'93f45383-0977-40cf-bdb6-bb7b6d96d2c3', N'GRIDCOLUMN5', N'GRIDCOLUMN5_EN', N'GRIDCOLUMN5_AR', N'GRIDCOLUMN5_DE', N'GRIDCOLUMN5_CH', N'GRIDCOLUMN5_ES', NULL, N'col-lg-12 col-md-12 col-sm-12', N'col-lg-4 col-md-4 col-sm-4', N'', 0, NULL, N'ConstantValue', NULL, NULL, 1, N'd7c9f718-49fb-41e3-88a5-0197b286cd25', NULL)
INSERT INTO [ERPSettings].[Component] ([IdComponent], [rank], [ComponentName], [IdComponentType], [IdFunctionality], [IdComponentParent], [FR], [EN], [AR], [DE], [CH], [ES], [IdButton], [classDiv], [classLabel], [class], [IsEncapsulated], [IdComponentChangedBy], [EntityName], [style], [ng_hide], [IsToInitialize], [IdFunctionalityForm], [IsFireChange]) VALUES (N'cc80f03b-12cb-47b1-8fa3-f2c05d9263c7', 2, N'DIV1', 9, N'd7c9f718-49fb-41e3-88a5-0197b286cd25', N'609556f9-a274-4ca5-b415-e968b435db42', N'DIV1', N'DIV1_EN', N'DIV1_AR', N'DIV1_DE', N'DIV1_CH', N'DIV1_ES', NULL, N'', N'', N'col-lg-6 col-md-6 col-sm-6', 0, NULL, N'ConstantValue', NULL, NULL, 1, N'd7c9f718-49fb-41e3-88a5-0197b286cd25', NULL)
INSERT INTO [ERPSettings].[Component] ([IdComponent], [rank], [ComponentName], [IdComponentType], [IdFunctionality], [IdComponentParent], [FR], [EN], [AR], [DE], [CH], [ES], [IdButton], [classDiv], [classLabel], [class], [IsEncapsulated], [IdComponentChangedBy], [EntityName], [style], [ng_hide], [IsToInitialize], [IdFunctionalityForm], [IsFireChange]) VALUES (N'cce50a45-1307-4202-8a0e-93753ea9279e', 1, N'BUTTON1', 7, N'336fdb14-6186-41c2-b2ff-98c99ea25c5f', N'11a42472-43bc-4db5-bc50-a2afabfbafb6', N'Enregistrer', N'Save', N'Enregistrer_AR', N'Enregistrer_DE', N'Enregistrer_CH', N'Enregistrer_ES', NULL, N'form-group col-lg-12 col-md-12 col-sm-12', N'col-lg-4 col-md-4 col-sm-4', N'k-button', 0, NULL, N'SalaryRule', NULL, NULL, 1, N'336fdb14-6186-41c2-b2ff-98c99ea25c5f', NULL)
INSERT INTO [ERPSettings].[Component] ([IdComponent], [rank], [ComponentName], [IdComponentType], [IdFunctionality], [IdComponentParent], [FR], [EN], [AR], [DE], [CH], [ES], [IdButton], [classDiv], [classLabel], [class], [IsEncapsulated], [IdComponentChangedBy], [EntityName], [style], [ng_hide], [IsToInitialize], [IdFunctionalityForm], [IsFireChange]) VALUES (N'ce9a2990-3c34-40b1-b8c3-024b871c6c3b', 1, N'DIVCONTAINER1', 17, N'd7c9f718-49fb-41e3-88a5-0197b286cd25', N'7649bc70-4164-4e59-b0ce-c5a44412e74d', N'Ajouter Constante Valeur', N'Add Constant Value', N'Ajouter Constante Valeur_AR', N'Ajouter Constante Valeur_DE', N'Ajouter Constante Valeur_CH', N'Ajouter Constante Valeur_ES', NULL, N'col-lg-12 col-md-12 col-sm-12', N'', N'', 0, NULL, N'ConstantValue', NULL, NULL, 1, N'd7c9f718-49fb-41e3-88a5-0197b286cd25', NULL)
INSERT INTO [ERPSettings].[Component] ([IdComponent], [rank], [ComponentName], [IdComponentType], [IdFunctionality], [IdComponentParent], [FR], [EN], [AR], [DE], [CH], [ES], [IdButton], [classDiv], [classLabel], [class], [IsEncapsulated], [IdComponentChangedBy], [EntityName], [style], [ng_hide], [IsToInitialize], [IdFunctionalityForm], [IsFireChange]) VALUES (N'cfe5e6fa-d5c5-469f-8421-1dc9a8fca122', 1, N'DIV1', 9, N'336fdb14-6186-41c2-b2ff-98c99ea25c5f', N'd3afb1be-1b77-4e5b-8ca7-3d89a8d76569', NULL, NULL, NULL, NULL, NULL, NULL, NULL, N'', N'', N'col-lg-12 col-md-12 col-sm-12', 0, NULL, N'SalaryRule', N'padding-left:0px; padding-right:0px;', NULL, 1, N'336fdb14-6186-41c2-b2ff-98c99ea25c5f', NULL)
INSERT INTO [ERPSettings].[Component] ([IdComponent], [rank], [ComponentName], [IdComponentType], [IdFunctionality], [IdComponentParent], [FR], [EN], [AR], [DE], [CH], [ES], [IdButton], [classDiv], [classLabel], [class], [IsEncapsulated], [IdComponentChangedBy], [EntityName], [style], [ng_hide], [IsToInitialize], [IdFunctionalityForm], [IsFireChange]) VALUES (N'd0737cc3-6ecf-4343-9df9-d9890932a492', 3, N'DIV3', 9, N'a1ca4007-d64e-4765-af61-42e753a61222', N'159af28b-2cf3-4941-a8a0-e2d79dce1664', NULL, NULL, NULL, NULL, NULL, NULL, NULL, N'', N'', N'col-lg-12 col-md-12 col-sm-12', 0, NULL, N'ConstantRate', NULL, NULL, 1, N'a1ca4007-d64e-4765-af61-42e753a61222', NULL)
INSERT INTO [ERPSettings].[Component] ([IdComponent], [rank], [ComponentName], [IdComponentType], [IdFunctionality], [IdComponentParent], [FR], [EN], [AR], [DE], [CH], [ES], [IdButton], [classDiv], [classLabel], [class], [IsEncapsulated], [IdComponentChangedBy], [EntityName], [style], [ng_hide], [IsToInitialize], [IdFunctionalityForm], [IsFireChange]) VALUES (N'd3afb1be-1b77-4e5b-8ca7-3d89a8d76569', 1, N'DIVCONTAINER1', 17, N'336fdb14-6186-41c2-b2ff-98c99ea25c5f', N'7545f9b0-74c1-4c05-93b7-f42ddd5b05cd', N'Ajouter règle salariale', N'Add salary rule', N'', N'', N'', N'', NULL, N'col-lg-12 col-md-12 col-sm-12', N'', N'', 0, NULL, N'SalaryRule', NULL, NULL, 1, N'336fdb14-6186-41c2-b2ff-98c99ea25c5f', NULL)
INSERT INTO [ERPSettings].[Component] ([IdComponent], [rank], [ComponentName], [IdComponentType], [IdFunctionality], [IdComponentParent], [FR], [EN], [AR], [DE], [CH], [ES], [IdButton], [classDiv], [classLabel], [class], [IsEncapsulated], [IdComponentChangedBy], [EntityName], [style], [ng_hide], [IsToInitialize], [IdFunctionalityForm], [IsFireChange]) VALUES (N'd478cb67-4152-47ea-abeb-31376dd28c31', 1, N'Rule', 1, N'336fdb14-6186-41c2-b2ff-98c99ea25c5f', N'a64c2f40-942f-49e5-a18b-091ba1a5d608', N'Règle', N'Rule', N'', N'', N'', N'', N'cce50a45-1307-4202-8a0e-93753ea9279e', N'form-group col-lg-12 col-md-12 col-sm-12', N'col-lg-2 col-md-2 col-sm-2', N'k-textbox', 0, NULL, N'SalaryRule', N'height: 600px; width:100%; margin-left:15px; margin-top:15px;', NULL, 1, N'336fdb14-6186-41c2-b2ff-98c99ea25c5f', NULL)
INSERT INTO [ERPSettings].[Component] ([IdComponent], [rank], [ComponentName], [IdComponentType], [IdFunctionality], [IdComponentParent], [FR], [EN], [AR], [DE], [CH], [ES], [IdButton], [classDiv], [classLabel], [class], [IsEncapsulated], [IdComponentChangedBy], [EntityName], [style], [ng_hide], [IsToInitialize], [IdFunctionalityForm], [IsFireChange]) VALUES (N'd88ae0ad-a154-411c-baca-f93e43a48e74', 1, N'EmployerRate', 1, N'a1ca4007-d64e-4765-af61-42e753a61222', N'aa14bf7f-bc7f-460e-8fa7-2b441d1db4aa', N'Taux patronnal', N'Employer rate', N'', N'', N'', N'', N'46407b89-4543-4e04-ad48-cf252d068285', N'form-group col-lg-12 col-md-12 col-sm-12', N'col-lg-4 col-md-4 col-sm-4', N'', 0, NULL, N'ConstantRate', NULL, NULL, 1, N'a1ca4007-d64e-4765-af61-42e753a61222', NULL)
INSERT INTO [ERPSettings].[Component] ([IdComponent], [rank], [ComponentName], [IdComponentType], [IdFunctionality], [IdComponentParent], [FR], [EN], [AR], [DE], [CH], [ES], [IdButton], [classDiv], [classLabel], [class], [IsEncapsulated], [IdComponentChangedBy], [EntityName], [style], [ng_hide], [IsToInitialize], [IdFunctionalityForm], [IsFireChange]) VALUES (N'dde63dbb-cf12-43b1-8f17-1cf64c58a5d1', 1, N'Reference', 1, N'e83a0045-89c6-459f-8d99-89c25077f4ef', N'a12cd340-1cc2-4a99-986f-239cf2a930e7', N'Reference', N'Reference', N'Reference', N'Reference', N'Reference', N'Reference', N'e83e98b5-eed5-41e2-86aa-470dc3958017', N'form-group col-lg-12 col-md-12 col-sm-12', N'col-lg-2 col-md-2 col-sm-2', N'k-textbox', 0, NULL, N'Variable', NULL, NULL, 1, N'e83a0045-89c6-459f-8d99-89c25077f4ef', NULL)
INSERT INTO [ERPSettings].[Component] ([IdComponent], [rank], [ComponentName], [IdComponentType], [IdFunctionality], [IdComponentParent], [FR], [EN], [AR], [DE], [CH], [ES], [IdButton], [classDiv], [classLabel], [class], [IsEncapsulated], [IdComponentChangedBy], [EntityName], [style], [ng_hide], [IsToInitialize], [IdFunctionalityForm], [IsFireChange]) VALUES (N'de71bd0c-f31d-474e-833e-3b359a5b952a', 3, N'GRIDCOLUMN3', 4, N'a1ca4007-d64e-4765-af61-42e753a61222', N'c2296ff4-d68c-49a1-ba84-330d59f32f7f', N'Taux patronal', N'Employer rate', N'', N'', N'', N'', NULL, N'col-lg-12 col-md-12 col-sm-12', N'col-lg-4 col-md-4 col-sm-4', N'', 0, NULL, N'ConstantRate', NULL, NULL, 1, N'a1ca4007-d64e-4765-af61-42e753a61222', NULL)
INSERT INTO [ERPSettings].[Component] ([IdComponent], [rank], [ComponentName], [IdComponentType], [IdFunctionality], [IdComponentParent], [FR], [EN], [AR], [DE], [CH], [ES], [IdButton], [classDiv], [classLabel], [class], [IsEncapsulated], [IdComponentChangedBy], [EntityName], [style], [ng_hide], [IsToInitialize], [IdFunctionalityForm], [IsFireChange]) VALUES (N'dee56ca2-94ac-45f3-a815-77d4947ae7a4', 2, N'DIV4', 9, N'd7c9f718-49fb-41e3-88a5-0197b286cd25', N'74deab90-c9af-4fa0-8300-3f4352b68d52', N'DIV4', N'DIV4_EN', N'DIV4_AR', N'DIV4_DE', N'DIV4_CH', N'DIV4_ES', NULL, N'', N'', N'btn-group', 0, NULL, N'ConstantValue', N'display:inline-flex;float:right', NULL, 1, N'd7c9f718-49fb-41e3-88a5-0197b286cd25', NULL)
INSERT INTO [ERPSettings].[Component] ([IdComponent], [rank], [ComponentName], [IdComponentType], [IdFunctionality], [IdComponentParent], [FR], [EN], [AR], [DE], [CH], [ES], [IdButton], [classDiv], [classLabel], [class], [IsEncapsulated], [IdComponentChangedBy], [EntityName], [style], [ng_hide], [IsToInitialize], [IdFunctionalityForm], [IsFireChange]) VALUES (N'e59157b4-7d33-457c-9e22-43bb15bb7d42', 2, N'GRIDBUTTON1', 16, N'd7c9f718-49fb-41e3-88a5-0197b286cd25', N'cb63a73b-39ed-4c05-b0ce-090d2d769ba3', N'Supprimer', N'Delete', N'Delete_AR', N'Delete_DE', N'Delete_CH', N'Delete_ES', N'f8e3b5d8-aa96-43bc-b0f4-d1e94c6f6e01', N'col-lg-12 col-md-12 col-sm-12', N'col-lg-4 col-md-4 col-sm-4', N'glyphicon glyphicon-trash', 1, NULL, N'ConstantValue', NULL, NULL, 1, N'd7c9f718-49fb-41e3-88a5-0197b286cd25', NULL)
INSERT INTO [ERPSettings].[Component] ([IdComponent], [rank], [ComponentName], [IdComponentType], [IdFunctionality], [IdComponentParent], [FR], [EN], [AR], [DE], [CH], [ES], [IdButton], [classDiv], [classLabel], [class], [IsEncapsulated], [IdComponentChangedBy], [EntityName], [style], [ng_hide], [IsToInitialize], [IdFunctionalityForm], [IsFireChange]) VALUES (N'e6f177dc-ac63-4e50-802f-91eb0eaef4ac', 1, N'DIV2', 9, N'e83a0045-89c6-459f-8d99-89c25077f4ef', N'afcd0b50-86d3-4d2a-a503-a0f7ccfa727e', N'DIV2', N'DIV2_EN', N'DIV2_AR', N'DIV2_DE', N'DIV2_CH', N'DIV2_ES', NULL, N'', N'', N'row text-center', 0, NULL, N'Variable', NULL, NULL, 1, N'e83a0045-89c6-459f-8d99-89c25077f4ef', NULL)
INSERT INTO [ERPSettings].[Component] ([IdComponent], [rank], [ComponentName], [IdComponentType], [IdFunctionality], [IdComponentParent], [FR], [EN], [AR], [DE], [CH], [ES], [IdButton], [classDiv], [classLabel], [class], [IsEncapsulated], [IdComponentChangedBy], [EntityName], [style], [ng_hide], [IsToInitialize], [IdFunctionalityForm], [IsFireChange]) VALUES (N'e793b94f-af29-4cdd-a8f7-0d7553eca4b0', 1, N'BUTTON1', 7, N'd7c9f718-49fb-41e3-88a5-0197b286cd25', N'1558892c-7692-46a2-8b96-80efa03e286c', N'Enregistrer', N'Save', N'Enregistrer_AR', N'Enregistrer_DE', N'Enregistrer_CH', N'Enregistrer_ES', NULL, N'form-group col-lg-12 col-md-12 col-sm-12', N'col-lg-4 col-md-4 col-sm-4', N'k-button', 0, NULL, N'ConstantValue', NULL, NULL, 1, N'd7c9f718-49fb-41e3-88a5-0197b286cd25', NULL)
INSERT INTO [ERPSettings].[Component] ([IdComponent], [rank], [ComponentName], [IdComponentType], [IdFunctionality], [IdComponentParent], [FR], [EN], [AR], [DE], [CH], [ES], [IdButton], [classDiv], [classLabel], [class], [IsEncapsulated], [IdComponentChangedBy], [EntityName], [style], [ng_hide], [IsToInitialize], [IdFunctionalityForm], [IsFireChange]) VALUES (N'e83e98b5-eed5-41e2-86aa-470dc3958017', 1, N'BUTTON1', 7, N'e83a0045-89c6-459f-8d99-89c25077f4ef', N'57cc7496-827e-4297-8408-c2a022b88954', N'Enregistrer', N'Save', N'Enregistrer_AR', N'Enregistrer_DE', N'Enregistrer_CH', N'Enregistrer_ES', NULL, N'form-group col-lg-12 col-md-12 col-sm-12', N'col-lg-4 col-md-4 col-sm-4', N'k-button', 0, NULL, N'Variable', NULL, NULL, 1, N'e83a0045-89c6-459f-8d99-89c25077f4ef', NULL)
INSERT INTO [ERPSettings].[Component] ([IdComponent], [rank], [ComponentName], [IdComponentType], [IdFunctionality], [IdComponentParent], [FR], [EN], [AR], [DE], [CH], [ES], [IdButton], [classDiv], [classLabel], [class], [IsEncapsulated], [IdComponentChangedBy], [EntityName], [style], [ng_hide], [IsToInitialize], [IdFunctionalityForm], [IsFireChange]) VALUES (N'e931b71b-8e4d-4899-9375-21715714553a', 1, N'DIV1', 9, N'a1ca4007-d64e-4765-af61-42e753a61222', N'2b359fd0-923b-406f-88cc-35de7812a7ec', N'DIV1', N'DIV1_EN', N'DIV1_AR', N'DIV1_DE', N'DIV1_CH', N'DIV1_ES', NULL, N'', N'', N'', 0, NULL, N'ConstantRate', NULL, NULL, 1, N'a1ca4007-d64e-4765-af61-42e753a61222', NULL)
INSERT INTO [ERPSettings].[Component] ([IdComponent], [rank], [ComponentName], [IdComponentType], [IdFunctionality], [IdComponentParent], [FR], [EN], [AR], [DE], [CH], [ES], [IdButton], [classDiv], [classLabel], [class], [IsEncapsulated], [IdComponentChangedBy], [EntityName], [style], [ng_hide], [IsToInitialize], [IdFunctionalityForm], [IsFireChange]) VALUES (N'e98c6cf8-0297-440b-bf28-38d85e86bca2', 1, N'DIV3', 9, N'e83a0045-89c6-459f-8d99-89c25077f4ef', N'e6f177dc-ac63-4e50-802f-91eb0eaef4ac', N'DIV3', N'DIV3_EN', N'DIV3_AR', N'DIV3_DE', N'DIV3_CH', N'DIV3_ES', NULL, N'', N'', N'', 0, NULL, N'Variable', NULL, NULL, 1, N'e83a0045-89c6-459f-8d99-89c25077f4ef', NULL)
INSERT INTO [ERPSettings].[Component] ([IdComponent], [rank], [ComponentName], [IdComponentType], [IdFunctionality], [IdComponentParent], [FR], [EN], [AR], [DE], [CH], [ES], [IdButton], [classDiv], [classLabel], [class], [IsEncapsulated], [IdComponentChangedBy], [EntityName], [style], [ng_hide], [IsToInitialize], [IdFunctionalityForm], [IsFireChange]) VALUES (N'f48646f5-7406-4be8-9f50-77f848ee67ab', 2, N'DIVCONTAINER2', 17, N'a1ca4007-d64e-4765-af61-42e753a61222', N'159af28b-2cf3-4941-a8a0-e2d79dce1664', N'Periode', N'Period', N'', N'', N'', N'', NULL, N'col-lg-12 col-md-12 col-sm-12', N'', N'', 0, NULL, N'ConstantRate', NULL, NULL, 1, N'a1ca4007-d64e-4765-af61-42e753a61222', NULL)
INSERT INTO [ERPSettings].[Component] ([IdComponent], [rank], [ComponentName], [IdComponentType], [IdFunctionality], [IdComponentParent], [FR], [EN], [AR], [DE], [CH], [ES], [IdButton], [classDiv], [classLabel], [class], [IsEncapsulated], [IdComponentChangedBy], [EntityName], [style], [ng_hide], [IsToInitialize], [IdFunctionalityForm], [IsFireChange]) VALUES (N'f8e3b5d8-aa96-43bc-b0f4-d1e94c6f6e01', 1, N'EnregistrementPeriod', 7, N'd7c9f718-49fb-41e3-88a5-0197b286cd25', N'88662035-2164-4b3f-8452-e9a118a97be7', N'Enregistrer', N'Save', N'Enregistrer_AR', N'Enregistrer_DE', N'Enregistrer_CH', N'Enregistrer_ES', NULL, N'form-group col-lg-12 col-md-12 col-sm-12', N'', N'k-button pull-right', 0, NULL, N'ConstantValue', NULL, NULL, 1, N'd7c9f718-49fb-41e3-88a5-0197b286cd25', NULL)
INSERT INTO [ERPSettings].[Component] ([IdComponent], [rank], [ComponentName], [IdComponentType], [IdFunctionality], [IdComponentParent], [FR], [EN], [AR], [DE], [CH], [ES], [IdButton], [classDiv], [classLabel], [class], [IsEncapsulated], [IdComponentChangedBy], [EntityName], [style], [ng_hide], [IsToInitialize], [IdFunctionalityForm], [IsFireChange]) VALUES (N'fdf817d9-aae7-4f6a-8833-0183bbf22d7f', 1, N'BUTTON1', 7, N'a1ca4007-d64e-4765-af61-42e753a61222', N'2c668cb2-7665-4b0d-97c0-40412dd04b78', N'Enregistrer', N'Save', N'Enregistrer_AR', N'Enregistrer_DE', N'Enregistrer_CH', N'Enregistrer_ES', NULL, N'form-group col-lg-12 col-md-12 col-sm-12', N'col-lg-4 col-md-4 col-sm-4', N'k-button', 0, NULL, N'ConstantRate', NULL, NULL, 1, N'a1ca4007-d64e-4765-af61-42e753a61222', NULL)
INSERT INTO [ERPSettings].[Component] ([IdComponent], [rank], [ComponentName], [IdComponentType], [IdFunctionality], [IdComponentParent], [FR], [EN], [AR], [DE], [CH], [ES], [IdButton], [classDiv], [classLabel], [class], [IsEncapsulated], [IdComponentChangedBy], [EntityName], [style], [ng_hide], [IsToInitialize], [IdFunctionalityForm], [IsFireChange]) VALUES (N'fe78f795-cc48-4fca-ab7f-aac3c0ec36a2', 2, N'Description', 1, N'336fdb14-6186-41c2-b2ff-98c99ea25c5f', N'0c4baa62-dfc7-4253-9e66-43183942cf8f', N'Description', N'Description_EN', N'Description_AR', N'Description_DE', N'Description_CH', N'Description_ES ', N'cce50a45-1307-4202-8a0e-93753ea9279e', N'form-group col-lg-12 col-md-12 col-sm-12', N'col-lg-4 col-md-4 col-sm-4', N'k-textbox', 0, NULL, N'SalaryRule', N'height: 100px;', NULL, 1, N'336fdb14-6186-41c2-b2ff-98c99ea25c5f', NULL)

INSERT INTO [ERPSettings].[FunctionalityByRole] ( [IdFunctionality], [IdRole], [IsActive], [IsVisible], [TransactionUserId]) VALUES ( N'e83a0045-89c6-459f-8d99-89c25077f4ef', 1, 1, 1, NULL)
INSERT INTO [ERPSettings].[FunctionalityByRole] ( [IdFunctionality], [IdRole], [IsActive], [IsVisible], [TransactionUserId]) VALUES ( N'd7c9f718-49fb-41e3-88a5-0197b286cd25', 1, 1, 1, NULL)
INSERT INTO [ERPSettings].[FunctionalityByRole] ( [IdFunctionality], [IdRole], [IsActive], [IsVisible], [TransactionUserId]) VALUES ( N'a1ca4007-d64e-4765-af61-42e753a61222', 1, 1, 1, NULL)
INSERT INTO [ERPSettings].[FunctionalityByRole] ( [IdFunctionality], [IdRole], [IsActive], [IsVisible], [TransactionUserId]) VALUES ( N'336fdb14-6186-41c2-b2ff-98c99ea25c5f', 1, 1, 1, NULL)
INSERT INTO [ERPSettings].[FunctionalityByRole] ( [IdFunctionality], [IdRole], [IsActive], [IsVisible], [TransactionUserId]) VALUES ( N'712d6299-495e-45ce-9010-20e4ad36834a', 1, 1, 1, NULL)
INSERT INTO [ERPSettings].[FunctionalityByRole] ( [IdFunctionality], [IdRole], [IsActive], [IsVisible], [TransactionUserId]) VALUES ( N'd6ff08d7-ed69-48ee-b7ff-b96f6db1a79f', 1, 1, 1, NULL)
INSERT INTO [ERPSettings].[FunctionalityByRole] ( [IdFunctionality], [IdRole], [IsActive], [IsVisible], [TransactionUserId]) VALUES ( N'12e2ecc5-d861-4680-9310-92422a3e2593', 1, 1, 1, NULL)
INSERT INTO [ERPSettings].[FunctionalityByRole] ( [IdFunctionality], [IdRole], [IsActive], [IsVisible], [TransactionUserId]) VALUES ( N'7a7cebf1-3ed2-4c49-8e2a-2647ac09572e', 1, 1, 1, NULL)
INSERT INTO [ERPSettings].[FunctionalityByRole] ( [IdFunctionality], [IdRole], [IsActive], [IsVisible], [TransactionUserId]) VALUES ( N'e741ea2c-4b8a-4f2c-b06f-b0da4cab8695', 1, 1, 1, NULL)
INSERT INTO [ERPSettings].[FunctionalityByRole] ( [IdFunctionality], [IdRole], [IsActive], [IsVisible], [TransactionUserId]) VALUES ( N'a6c247bc-d584-43a3-b995-f303e3b13c77', 1, 1, 1, NULL)
INSERT INTO [ERPSettings].[FunctionalityByRole] ( [IdFunctionality], [IdRole], [IsActive], [IsVisible], [TransactionUserId]) VALUES ( N'831becf0-0744-4fe4-b79c-dec135cee846', 1, 1, 1, NULL)
INSERT INTO [ERPSettings].[FunctionalityByRole] ( [IdFunctionality], [IdRole], [IsActive], [IsVisible], [TransactionUserId]) VALUES ( N'95220f17-16d4-44c8-ad10-ac6bb25fdfbc', 1, 1, 1, NULL)
INSERT INTO [ERPSettings].[FunctionalityByRole] ( [IdFunctionality], [IdRole], [IsActive], [IsVisible], [TransactionUserId]) VALUES ( N'05d45e13-6184-4085-b9b2-86015af49e11', 1, 1, 1, NULL)
INSERT INTO [ERPSettings].[FunctionalityByRole] ( [IdFunctionality], [IdRole], [IsActive], [IsVisible], [TransactionUserId]) VALUES ( N'322d8fea-9553-46c1-a83b-24276d046f53', 1, 1, 1, NULL)


INSERT INTO [ERPSettings].[ComponentByRole] ( [IdRole], [IdComponent], [IsActive], [IsVisible], [ReadFunction], [WriteFunction], [TransactionUserId]) VALUES ( 1, N'9e0137d4-99a8-44fb-80c1-b371bea0e67d', 1, 1, NULL, NULL, NULL)
INSERT INTO [ERPSettings].[ComponentByRole] ( [IdRole], [IdComponent], [IsActive], [IsVisible], [ReadFunction], [WriteFunction], [TransactionUserId]) VALUES ( 1, N'a6fefc61-16ea-4311-b235-4bf7677fa3c9', 1, 1, NULL, NULL, NULL)
INSERT INTO [ERPSettings].[ComponentByRole] ( [IdRole], [IdComponent], [IsActive], [IsVisible], [ReadFunction], [WriteFunction], [TransactionUserId]) VALUES (1, N'a12cd340-1cc2-4a99-986f-239cf2a930e7', 1, 1, NULL, NULL, NULL)
INSERT INTO [ERPSettings].[ComponentByRole] ( [IdRole], [IdComponent], [IsActive], [IsVisible], [ReadFunction], [WriteFunction], [TransactionUserId]) VALUES ( 1, N'dde63dbb-cf12-43b1-8f17-1cf64c58a5d1', 1, 1, NULL, NULL, NULL)
INSERT INTO [ERPSettings].[ComponentByRole] ( [IdRole], [IdComponent], [IsActive], [IsVisible], [ReadFunction], [WriteFunction], [TransactionUserId]) VALUES ( 1, N'e6f177dc-ac63-4e50-802f-91eb0eaef4ac', 1, 1, NULL, NULL, NULL)
INSERT INTO [ERPSettings].[ComponentByRole] ( [IdRole], [IdComponent], [IsActive], [IsVisible], [ReadFunction], [WriteFunction], [TransactionUserId]) VALUES ( 1, N'e98c6cf8-0297-440b-bf28-38d85e86bca2', 1, 1, NULL, NULL, NULL)
INSERT INTO [ERPSettings].[ComponentByRole] ( [IdRole], [IdComponent], [IsActive], [IsVisible], [ReadFunction], [WriteFunction], [TransactionUserId]) VALUES ( 1, N'6a9dcbd5-38a4-4b0e-b1ef-2bb1798082f3', 1, 1, NULL, NULL, NULL)
INSERT INTO [ERPSettings].[ComponentByRole] ( [IdRole], [IdComponent], [IsActive], [IsVisible], [ReadFunction], [WriteFunction], [TransactionUserId]) VALUES ( 1, N'11d733a8-d587-4c03-918a-7c2bd26ab253', 1, 1, NULL, NULL, NULL)
INSERT INTO [ERPSettings].[ComponentByRole] ( [IdRole], [IdComponent], [IsActive], [IsVisible], [ReadFunction], [WriteFunction], [TransactionUserId]) VALUES ( 1, N'57cc7496-827e-4297-8408-c2a022b88954', 1, 1, NULL, NULL, NULL)
INSERT INTO [ERPSettings].[ComponentByRole] ( [IdRole], [IdComponent], [IsActive], [IsVisible], [ReadFunction], [WriteFunction], [TransactionUserId]) VALUES ( 1, N'37255d52-982a-4db1-8afa-fe4d06fd0978', 1, 1, NULL, NULL, NULL)
INSERT INTO [ERPSettings].[ComponentByRole] ( [IdRole], [IdComponent], [IsActive], [IsVisible], [ReadFunction], [WriteFunction], [TransactionUserId]) VALUES ( 1, N'e83e98b5-eed5-41e2-86aa-470dc3958017', 1, 1, NULL, NULL, NULL)
INSERT INTO [ERPSettings].[ComponentByRole] ( [IdRole], [IdComponent], [IsActive], [IsVisible], [ReadFunction], [WriteFunction], [TransactionUserId]) VALUES ( 1, N'5de6d125-9ad9-4915-9348-b78209b48b31', 1, 1, NULL, NULL, NULL)
INSERT INTO [ERPSettings].[ComponentByRole] ( [IdRole], [IdComponent], [IsActive], [IsVisible], [ReadFunction], [WriteFunction], [TransactionUserId]) VALUES ( 1, N'afcd0b50-86d3-4d2a-a503-a0f7ccfa727e', 1, 1, NULL, NULL, NULL)
INSERT INTO [ERPSettings].[ComponentByRole] ( [IdRole], [IdComponent], [IsActive], [IsVisible], [ReadFunction], [WriteFunction], [TransactionUserId]) VALUES ( 1, N'721164dc-b059-432f-b96b-50d302d759c6', 1, 1, NULL, NULL, NULL)
INSERT INTO [ERPSettings].[ComponentByRole] ( [IdRole], [IdComponent], [IsActive], [IsVisible], [ReadFunction], [WriteFunction], [TransactionUserId]) VALUES ( 1, N'159af28b-2cf3-4941-a8a0-e2d79dce1664', 1, 1, NULL, NULL, NULL)
INSERT INTO [ERPSettings].[ComponentByRole] ( [IdRole], [IdComponent], [IsActive], [IsVisible], [ReadFunction], [WriteFunction], [TransactionUserId]) VALUES ( 1, N'5a8c7d8b-60dd-4123-ab0d-14e612a727bc', 1, 1, NULL, NULL, NULL)
INSERT INTO [ERPSettings].[ComponentByRole] ( [IdRole], [IdComponent], [IsActive], [IsVisible], [ReadFunction], [WriteFunction], [TransactionUserId]) VALUES ( 1, N'c14aeb3d-3f19-4039-80a1-3d0d5b125362', 1, 1, NULL, NULL, NULL)
INSERT INTO [ERPSettings].[ComponentByRole] ( [IdRole], [IdComponent], [IsActive], [IsVisible], [ReadFunction], [WriteFunction], [TransactionUserId]) VALUES ( 1, N'8ae5652d-1247-430f-b0f3-92aeac65c492', 1, 1, NULL, NULL, NULL)
INSERT INTO [ERPSettings].[ComponentByRole] ( [IdRole], [IdComponent], [IsActive], [IsVisible], [ReadFunction], [WriteFunction], [TransactionUserId]) VALUES ( 1, N'0ead0e59-e42a-41c7-a66c-e0b3ecb53358', 1, 1, NULL, NULL, NULL)
INSERT INTO [ERPSettings].[ComponentByRole] ( [IdRole], [IdComponent], [IsActive], [IsVisible], [ReadFunction], [WriteFunction], [TransactionUserId]) VALUES ( 1, N'd0737cc3-6ecf-4343-9df9-d9890932a492', 1, 1, NULL, NULL, NULL)
INSERT INTO [ERPSettings].[ComponentByRole] ( [IdRole], [IdComponent], [IsActive], [IsVisible], [ReadFunction], [WriteFunction], [TransactionUserId]) VALUES ( 1, N'1363a729-451d-426b-b386-318bad5f5e12', 1, 1, NULL, NULL, NULL)
INSERT INTO [ERPSettings].[ComponentByRole] ( [IdRole], [IdComponent], [IsActive], [IsVisible], [ReadFunction], [WriteFunction], [TransactionUserId]) VALUES ( 1, N'2b359fd0-923b-406f-88cc-35de7812a7ec', 1, 1, NULL, NULL, NULL)
INSERT INTO [ERPSettings].[ComponentByRole] ( [IdRole], [IdComponent], [IsActive], [IsVisible], [ReadFunction], [WriteFunction], [TransactionUserId]) VALUES ( 1, N'e931b71b-8e4d-4899-9375-21715714553a', 1, 1, NULL, NULL, NULL)
INSERT INTO [ERPSettings].[ComponentByRole] ( [IdRole], [IdComponent], [IsActive], [IsVisible], [ReadFunction], [WriteFunction], [TransactionUserId]) VALUES (1, N'157670aa-cabc-4854-b8f0-921025578b0e', 1, 1, NULL, NULL, NULL)
INSERT INTO [ERPSettings].[ComponentByRole] ( [IdRole], [IdComponent], [IsActive], [IsVisible], [ReadFunction], [WriteFunction], [TransactionUserId]) VALUES ( 1, N'2c668cb2-7665-4b0d-97c0-40412dd04b78', 1, 1, NULL, NULL, NULL)
INSERT INTO [ERPSettings].[ComponentByRole] ( [IdRole], [IdComponent], [IsActive], [IsVisible], [ReadFunction], [WriteFunction], [TransactionUserId]) VALUES (1, N'fdf817d9-aae7-4f6a-8833-0183bbf22d7f', 1, 1, NULL, NULL, NULL)
INSERT INTO [ERPSettings].[ComponentByRole] ( [IdRole], [IdComponent], [IsActive], [IsVisible], [ReadFunction], [WriteFunction], [TransactionUserId]) VALUES (1, N'a7fcab93-36f8-4280-a804-0afa8ad47dd7', 1, 1, NULL, NULL, NULL)
INSERT INTO [ERPSettings].[ComponentByRole] ( [IdRole], [IdComponent], [IsActive], [IsVisible], [ReadFunction], [WriteFunction], [TransactionUserId]) VALUES ( 1, N'7649bc70-4164-4e59-b0ce-c5a44412e74d', 1, 1, NULL, NULL, NULL)
INSERT INTO [ERPSettings].[ComponentByRole] ( [IdRole], [IdComponent], [IsActive], [IsVisible], [ReadFunction], [WriteFunction], [TransactionUserId]) VALUES (1, N'ce9a2990-3c34-40b1-b8c3-024b871c6c3b', 1, 1, NULL, NULL, NULL)
INSERT INTO [ERPSettings].[ComponentByRole] ( [IdRole], [IdComponent], [IsActive], [IsVisible], [ReadFunction], [WriteFunction], [TransactionUserId]) VALUES (1, N'2c474fe3-52b9-427a-a633-1585c99a1e46', 1, 1, NULL, NULL, NULL)
INSERT INTO [ERPSettings].[ComponentByRole] ( [IdRole], [IdComponent], [IsActive], [IsVisible], [ReadFunction], [WriteFunction], [TransactionUserId]) VALUES ( 1, N'9325cb11-ec51-449b-a843-b598aacf3fa4', 1, 1, NULL, NULL, NULL)
INSERT INTO [ERPSettings].[ComponentByRole] ( [IdRole], [IdComponent], [IsActive], [IsVisible], [ReadFunction], [WriteFunction], [TransactionUserId]) VALUES ( 1, N'a2f281f3-5423-44d7-9628-31e9f1856ca5', 1, 1, NULL, NULL, NULL)
INSERT INTO [ERPSettings].[ComponentByRole] ( [IdRole], [IdComponent], [IsActive], [IsVisible], [ReadFunction], [WriteFunction], [TransactionUserId]) VALUES ( 1, N'be0c19bb-9009-4c8b-b963-ec209f457e23', 1, 1, NULL, NULL, NULL)
INSERT INTO [ERPSettings].[ComponentByRole] ( [IdRole], [IdComponent], [IsActive], [IsVisible], [ReadFunction], [WriteFunction], [TransactionUserId]) VALUES ( 1, N'74deab90-c9af-4fa0-8300-3f4352b68d52', 1, 1, NULL, NULL, NULL)
INSERT INTO [ERPSettings].[ComponentByRole] ( [IdRole], [IdComponent], [IsActive], [IsVisible], [ReadFunction], [WriteFunction], [TransactionUserId]) VALUES ( 1, N'6553bce5-4cbf-4f83-8471-d05bf96578f3', 1, 1, NULL, NULL, NULL)
INSERT INTO [ERPSettings].[ComponentByRole] ( [IdRole], [IdComponent], [IsActive], [IsVisible], [ReadFunction], [WriteFunction], [TransactionUserId]) VALUES ( 1, N'dee56ca2-94ac-45f3-a815-77d4947ae7a4', 1, 1, NULL, NULL, NULL)
INSERT INTO [ERPSettings].[ComponentByRole] ( [IdRole], [IdComponent], [IsActive], [IsVisible], [ReadFunction], [WriteFunction], [TransactionUserId]) VALUES ( 1, N'bb96d81f-7f18-4c0f-99d9-975bac9eeb98', 1, 1, NULL, NULL, NULL)
INSERT INTO [ERPSettings].[ComponentByRole] ( [IdRole], [IdComponent], [IsActive], [IsVisible], [ReadFunction], [WriteFunction], [TransactionUserId]) VALUES ( 1, N'570e4ebb-e37b-4103-8d33-55665029f167', 1, 1, NULL, NULL, NULL)
INSERT INTO [ERPSettings].[ComponentByRole] ( [IdRole], [IdComponent], [IsActive], [IsVisible], [ReadFunction], [WriteFunction], [TransactionUserId]) VALUES ( 1, N'1558892c-7692-46a2-8b96-80efa03e286c', 1, 1, NULL, NULL, NULL)
INSERT INTO [ERPSettings].[ComponentByRole] ( [IdRole], [IdComponent], [IsActive], [IsVisible], [ReadFunction], [WriteFunction], [TransactionUserId]) VALUES ( 1, N'e793b94f-af29-4cdd-a8f7-0d7553eca4b0', 1, 1, NULL, NULL, NULL)
INSERT INTO [ERPSettings].[ComponentByRole] ( [IdRole], [IdComponent], [IsActive], [IsVisible], [ReadFunction], [WriteFunction], [TransactionUserId]) VALUES ( 1, N'a7d61d80-4cba-471d-84df-d167590b4bb8', 1, 1, NULL, NULL, NULL)
INSERT INTO [ERPSettings].[ComponentByRole] ( [IdRole], [IdComponent], [IsActive], [IsVisible], [ReadFunction], [WriteFunction], [TransactionUserId]) VALUES ( 1, N'88662035-2164-4b3f-8452-e9a118a97be7', 1, 1, NULL, NULL, NULL)
INSERT INTO [ERPSettings].[ComponentByRole] ( [IdRole], [IdComponent], [IsActive], [IsVisible], [ReadFunction], [WriteFunction], [TransactionUserId]) VALUES ( 1, N'f8e3b5d8-aa96-43bc-b0f4-d1e94c6f6e01', 1, 1, NULL, NULL, NULL)
INSERT INTO [ERPSettings].[ComponentByRole] ( [IdRole], [IdComponent], [IsActive], [IsVisible], [ReadFunction], [WriteFunction], [TransactionUserId]) VALUES ( 1, N'104a9f29-bec9-44ee-bdee-58ba1a5c4863', 1, 1, NULL, NULL, NULL)
INSERT INTO [ERPSettings].[ComponentByRole] ( [IdRole], [IdComponent], [IsActive], [IsVisible], [ReadFunction], [WriteFunction], [TransactionUserId]) VALUES ( 1, N'93f45383-0977-40cf-bdb6-bb7b6d96d2c3', 1, 1, NULL, NULL, NULL)
INSERT INTO [ERPSettings].[ComponentByRole] ( [IdRole], [IdComponent], [IsActive], [IsVisible], [ReadFunction], [WriteFunction], [TransactionUserId]) VALUES ( 1, N'587ab7c7-1007-4409-ba9f-321a094087f5', 1, 1, NULL, NULL, NULL)
INSERT INTO [ERPSettings].[ComponentByRole] ( [IdRole], [IdComponent], [IsActive], [IsVisible], [ReadFunction], [WriteFunction], [TransactionUserId]) VALUES ( 1, N'cb63a73b-39ed-4c05-b0ce-090d2d769ba3', 1, 1, NULL, NULL, NULL)
INSERT INTO [ERPSettings].[ComponentByRole] ( [IdRole], [IdComponent], [IsActive], [IsVisible], [ReadFunction], [WriteFunction], [TransactionUserId]) VALUES ( 1, N'8dffc72a-5d02-4739-a423-611c2270ad1e', 1, 1, NULL, NULL, NULL)
INSERT INTO [ERPSettings].[ComponentByRole] ( [IdRole], [IdComponent], [IsActive], [IsVisible], [ReadFunction], [WriteFunction], [TransactionUserId]) VALUES ( 1, N'e59157b4-7d33-457c-9e22-43bb15bb7d42', 1, 1, NULL, NULL, NULL)
INSERT INTO [ERPSettings].[ComponentByRole] ( [IdRole], [IdComponent], [IsActive], [IsVisible], [ReadFunction], [WriteFunction], [TransactionUserId]) VALUES ( 1, N'7fa2bdb8-363d-4a00-9c2f-234051e82e13', 1, 1, NULL, NULL, NULL)
INSERT INTO [ERPSettings].[ComponentByRole] ( [IdRole], [IdComponent], [IsActive], [IsVisible], [ReadFunction], [WriteFunction], [TransactionUserId]) VALUES ( 1, N'609556f9-a274-4ca5-b415-e968b435db42', 1, 1, NULL, NULL, NULL)
INSERT INTO [ERPSettings].[ComponentByRole] ( [IdRole], [IdComponent], [IsActive], [IsVisible], [ReadFunction], [WriteFunction], [TransactionUserId]) VALUES ( 1, N'cc80f03b-12cb-47b1-8fa3-f2c05d9263c7', 1, 1, NULL, NULL, NULL)
INSERT INTO [ERPSettings].[ComponentByRole] ( [IdRole], [IdComponent], [IsActive], [IsVisible], [ReadFunction], [WriteFunction], [TransactionUserId]) VALUES ( 1, N'22b6ad6c-2cea-4aa0-bc07-dec2114c0ca0', 1, 1, NULL, NULL, NULL)
INSERT INTO [ERPSettings].[ComponentByRole] ( [IdRole], [IdComponent], [IsActive], [IsVisible], [ReadFunction], [WriteFunction], [TransactionUserId]) VALUES ( 1, N'2afea06f-7519-4dd3-9317-8a6d34434625', 1, 1, NULL, NULL, NULL)
INSERT INTO [ERPSettings].[ComponentByRole] ( [IdRole], [IdComponent], [IsActive], [IsVisible], [ReadFunction], [WriteFunction], [TransactionUserId]) VALUES ( 1, N'915a1adf-2db1-4e8c-91fd-5a198afd6e4a', 1, 1, NULL, NULL, NULL)
INSERT INTO [ERPSettings].[ComponentByRole] ( [IdRole], [IdComponent], [IsActive], [IsVisible], [ReadFunction], [WriteFunction], [TransactionUserId]) VALUES ( 1, N'f48646f5-7406-4be8-9f50-77f848ee67ab', 1, 1, NULL, NULL, NULL)
INSERT INTO [ERPSettings].[ComponentByRole] ( [IdRole], [IdComponent], [IsActive], [IsVisible], [ReadFunction], [WriteFunction], [TransactionUserId]) VALUES ( 1, N'0fe01d0c-8b94-47a1-a54e-79fb4a3d39fa', 1, 1, NULL, NULL, NULL)
INSERT INTO [ERPSettings].[ComponentByRole] ( [IdRole], [IdComponent], [IsActive], [IsVisible], [ReadFunction], [WriteFunction], [TransactionUserId]) VALUES ( 1, N'c2296ff4-d68c-49a1-ba84-330d59f32f7f', 1, 1, NULL, NULL, NULL)
INSERT INTO [ERPSettings].[ComponentByRole] ( [IdRole], [IdComponent], [IsActive], [IsVisible], [ReadFunction], [WriteFunction], [TransactionUserId]) VALUES ( 1, N'b1ca792d-9536-4dc0-bcfc-33ad3e337ef6', 1, 1, NULL, NULL, NULL)
INSERT INTO [ERPSettings].[ComponentByRole] ( [IdRole], [IdComponent], [IsActive], [IsVisible], [ReadFunction], [WriteFunction], [TransactionUserId]) VALUES ( 1, N'6fa48d9c-1b36-4994-95f4-c180c1837db9', 1, 1, NULL, NULL, NULL)
INSERT INTO [ERPSettings].[ComponentByRole] ( [IdRole], [IdComponent], [IsActive], [IsVisible], [ReadFunction], [WriteFunction], [TransactionUserId]) VALUES ( 1, N'7e9e5cb7-350b-4ec0-9b04-30bd5613f2c3', 1, 1, NULL, NULL, NULL)
INSERT INTO [ERPSettings].[ComponentByRole] ( [IdRole], [IdComponent], [IsActive], [IsVisible], [ReadFunction], [WriteFunction], [TransactionUserId]) VALUES ( 1, N'c92b8e2e-1031-45e8-84b8-656c6ce15b8f', 1, 1, NULL, NULL, NULL)
INSERT INTO [ERPSettings].[ComponentByRole] ( [IdRole], [IdComponent], [IsActive], [IsVisible], [ReadFunction], [WriteFunction], [TransactionUserId]) VALUES ( 1, N'a7feac0c-3467-43bf-b501-af347ec3044f', 1, 1, NULL, NULL, NULL)
INSERT INTO [ERPSettings].[ComponentByRole] ( [IdRole], [IdComponent], [IsActive], [IsVisible], [ReadFunction], [WriteFunction], [TransactionUserId]) VALUES ( 1, N'606467e2-605c-4c83-838c-5474945433e7', 1, 1, NULL, NULL, NULL)
INSERT INTO [ERPSettings].[ComponentByRole] ( [IdRole], [IdComponent], [IsActive], [IsVisible], [ReadFunction], [WriteFunction], [TransactionUserId]) VALUES ( 1, N'8cd48ff5-52d2-46f1-88fb-b1cea6d9b042', 1, 1, NULL, NULL, NULL)
INSERT INTO [ERPSettings].[ComponentByRole] ( [IdRole], [IdComponent], [IsActive], [IsVisible], [ReadFunction], [WriteFunction], [TransactionUserId]) VALUES ( 1, N'37ad7fdd-89fd-4c6f-bd85-ebca2d264b28', 1, 1, NULL, NULL, NULL)
INSERT INTO [ERPSettings].[ComponentByRole] ( [IdRole], [IdComponent], [IsActive], [IsVisible], [ReadFunction], [WriteFunction], [TransactionUserId]) VALUES ( 1, N'92e81b2d-b729-4242-9255-aec2d01b67d7', 1, 1, NULL, NULL, NULL)
INSERT INTO [ERPSettings].[ComponentByRole] ( [IdRole], [IdComponent], [IsActive], [IsVisible], [ReadFunction], [WriteFunction], [TransactionUserId]) VALUES ( 1, N'bdbad67f-cdf9-48d5-9a09-b0d0b8681321', 1, 1, NULL, NULL, NULL)
INSERT INTO [ERPSettings].[ComponentByRole] ( [IdRole], [IdComponent], [IsActive], [IsVisible], [ReadFunction], [WriteFunction], [TransactionUserId]) VALUES ( 1, N'a200977f-77ab-4922-80e9-b0a0ab7d951b', 1, 1, NULL, NULL, NULL)
INSERT INTO [ERPSettings].[ComponentByRole] ( [IdRole], [IdComponent], [IsActive], [IsVisible], [ReadFunction], [WriteFunction], [TransactionUserId]) VALUES ( 1, N'46407b89-4543-4e04-ad48-cf252d068285', 1, 1, NULL, NULL, NULL)
INSERT INTO [ERPSettings].[ComponentByRole] ( [IdRole], [IdComponent], [IsActive], [IsVisible], [ReadFunction], [WriteFunction], [TransactionUserId]) VALUES ( 1, N'de71bd0c-f31d-474e-833e-3b359a5b952a', 1, 1, NULL, NULL, NULL)
INSERT INTO [ERPSettings].[ComponentByRole] ( [IdRole], [IdComponent], [IsActive], [IsVisible], [ReadFunction], [WriteFunction], [TransactionUserId]) VALUES ( 1, N'aa14bf7f-bc7f-460e-8fa7-2b441d1db4aa', 1, 1, NULL, NULL, NULL)
INSERT INTO [ERPSettings].[ComponentByRole] ( [IdRole], [IdComponent], [IsActive], [IsVisible], [ReadFunction], [WriteFunction], [TransactionUserId]) VALUES ( 1, N'd88ae0ad-a154-411c-baca-f93e43a48e74', 1, 1, NULL, NULL, NULL)
INSERT INTO [ERPSettings].[ComponentByRole] ( [IdRole], [IdComponent], [IsActive], [IsVisible], [ReadFunction], [WriteFunction], [TransactionUserId]) VALUES ( 1, N'7545f9b0-74c1-4c05-93b7-f42ddd5b05cd', 1, 1, NULL, NULL, NULL)
INSERT INTO [ERPSettings].[ComponentByRole] ( [IdRole], [IdComponent], [IsActive], [IsVisible], [ReadFunction], [WriteFunction], [TransactionUserId]) VALUES ( 1, N'd3afb1be-1b77-4e5b-8ca7-3d89a8d76569', 1, 1, NULL, NULL, NULL)
INSERT INTO [ERPSettings].[ComponentByRole] ( [IdRole], [IdComponent], [IsActive], [IsVisible], [ReadFunction], [WriteFunction], [TransactionUserId]) VALUES ( 1, N'cfe5e6fa-d5c5-469f-8421-1dc9a8fca122', 1, 1, NULL, NULL, NULL)
INSERT INTO [ERPSettings].[ComponentByRole] ( [IdRole], [IdComponent], [IsActive], [IsVisible], [ReadFunction], [WriteFunction], [TransactionUserId]) VALUES ( 1, N'9a585997-181a-4543-8659-590657cd3c64', 1, 1, NULL, NULL, NULL)
INSERT INTO [ERPSettings].[ComponentByRole] ( [IdRole], [IdComponent], [IsActive], [IsVisible], [ReadFunction], [WriteFunction], [TransactionUserId]) VALUES ( 1, N'fe78f795-cc48-4fca-ab7f-aac3c0ec36a2', 1, 1, NULL, NULL, NULL)
INSERT INTO [ERPSettings].[ComponentByRole] ( [IdRole], [IdComponent], [IsActive], [IsVisible], [ReadFunction], [WriteFunction], [TransactionUserId]) VALUES ( 1, N'd478cb67-4152-47ea-abeb-31376dd28c31', 1, 1, NULL, NULL, NULL)
INSERT INTO [ERPSettings].[ComponentByRole] ( [IdRole], [IdComponent], [IsActive], [IsVisible], [ReadFunction], [WriteFunction], [TransactionUserId]) VALUES ( 1, N'26398807-2db3-4864-be5b-9db67beb9007', 1, 1, NULL, NULL, NULL)
INSERT INTO [ERPSettings].[ComponentByRole] ( [IdRole], [IdComponent], [IsActive], [IsVisible], [ReadFunction], [WriteFunction], [TransactionUserId]) VALUES ( 1, N'ae89abfb-6aae-40df-b834-21d40d3f0594', 1, 1, NULL, NULL, NULL)
INSERT INTO [ERPSettings].[ComponentByRole] ( [IdRole], [IdComponent], [IsActive], [IsVisible], [ReadFunction], [WriteFunction], [TransactionUserId]) VALUES ( 1, N'6e29ac24-bc5b-494c-a0ae-90a6672d04dc', 1, 1, NULL, NULL, NULL)
INSERT INTO [ERPSettings].[ComponentByRole] ( [IdRole], [IdComponent], [IsActive], [IsVisible], [ReadFunction], [WriteFunction], [TransactionUserId]) VALUES ( 1, N'59bb6456-ac5f-40c4-a433-5d239b987811', 1, 1, NULL, NULL, NULL)
INSERT INTO [ERPSettings].[ComponentByRole] ( [IdRole], [IdComponent], [IsActive], [IsVisible], [ReadFunction], [WriteFunction], [TransactionUserId]) VALUES ( 1, N'7bfaf5b7-ee5f-4f98-aecc-4f7ad0d66656', 1, 1, NULL, NULL, NULL)
INSERT INTO [ERPSettings].[ComponentByRole] ( [IdRole], [IdComponent], [IsActive], [IsVisible], [ReadFunction], [WriteFunction], [TransactionUserId]) VALUES ( 1, N'11a42472-43bc-4db5-bc50-a2afabfbafb6', 1, 1, NULL, NULL, NULL)
INSERT INTO [ERPSettings].[ComponentByRole] ( [IdRole], [IdComponent], [IsActive], [IsVisible], [ReadFunction], [WriteFunction], [TransactionUserId]) VALUES ( 1, N'cce50a45-1307-4202-8a0e-93753ea9279e', 1, 1, NULL, NULL, NULL)
INSERT INTO [ERPSettings].[ComponentByRole] ( [IdRole], [IdComponent], [IsActive], [IsVisible], [ReadFunction], [WriteFunction], [TransactionUserId]) VALUES ( 1, N'50263732-7776-4556-909e-e8cd46819a35', 1, 1, NULL, NULL, NULL)
INSERT INTO [ERPSettings].[ComponentByRole] ( [IdRole], [IdComponent], [IsActive], [IsVisible], [ReadFunction], [WriteFunction], [TransactionUserId]) VALUES ( 1, N'7f2ed301-374f-4a64-aad9-84b8164734fd', 1, 1, NULL, NULL, NULL)
INSERT INTO [ERPSettings].[ComponentByRole] ( [IdRole], [IdComponent], [IsActive], [IsVisible], [ReadFunction], [WriteFunction], [TransactionUserId]) VALUES ( 1, N'4eb12ff7-eb10-4d5f-ae11-0a13e7aa7b1a', 1, 1, NULL, NULL, NULL)
INSERT INTO [ERPSettings].[ComponentByRole] ( [IdRole], [IdComponent], [IsActive], [IsVisible], [ReadFunction], [WriteFunction], [TransactionUserId]) VALUES ( 1, N'afa01b19-7c81-4e65-8752-6c95977a5984', 1, 1, NULL, NULL, NULL)
INSERT INTO [ERPSettings].[ComponentByRole] ( [IdRole], [IdComponent], [IsActive], [IsVisible], [ReadFunction], [WriteFunction], [TransactionUserId]) VALUES ( 1, N'73e79507-7fd2-4d68-a293-2cb82bbdbb12', 1, 1, NULL, NULL, NULL)
INSERT INTO [ERPSettings].[ComponentByRole] ( [IdRole], [IdComponent], [IsActive], [IsVisible], [ReadFunction], [WriteFunction], [TransactionUserId]) VALUES ( 1, N'0c4baa62-dfc7-4253-9e66-43183942cf8f', 1, 1, NULL, NULL, NULL)
INSERT INTO [ERPSettings].[ComponentByRole] ( [IdRole], [IdComponent], [IsActive], [IsVisible], [ReadFunction], [WriteFunction], [TransactionUserId]) VALUES ( 1, N'a64c2f40-942f-49e5-a18b-091ba1a5d608', 1, 1, NULL, NULL, NULL)

INSERT INTO [ERPSettings].[Filter] ([IdFilter], [IdPredicateFormat], [Prop], [Operation], [Value], [IsDynamicValue], [TransactionUserId], [IsDeleted], [IsSearchPredicate], [Deleted_Token], [Type]) VALUES (N'9d7dd195-31eb-4b19-89ec-71bb39993424', N'1ffff7e1-24ec-4167-b105-f457088ca090', N'IdConstantValue', 1, NULL, 1, NULL, 0, NULL, NULL, NULL)
INSERT INTO [ERPSettings].[Filter] ([IdFilter], [IdPredicateFormat], [Prop], [Operation], [Value], [IsDynamicValue], [TransactionUserId], [IsDeleted], [IsSearchPredicate], [Deleted_Token], [Type]) VALUES (N'fa99e439-05e0-4cfc-bcf2-b5d9726c7b8f', N'131f03fd-018b-4e02-baa2-deb14ae6afb2', N'IdConstantValue', 1, NULL, 1, NULL, 0, NULL, NULL, NULL)


INSERT INTO [ERPSettings].[Entity] ( [TableSchema], [EntityName], [TableName], [TransactionUserId], [IsDeleted], [Fr], [Ar], [En], [De], [Ch], [Es], [IsReference], [IdRelatedEntity], [Deleted_Token]) VALUES ( N'Payroll', N'Variable', N'Variable', NULL, 0, N'Variable', N'Variable', N'Variable', NULL, NULL, NULL, NULL, NULL, NULL)
INSERT INTO [ERPSettings].[Entity] ( [TableSchema], [EntityName], [TableName], [TransactionUserId], [IsDeleted], [Fr], [Ar], [En], [De], [Ch], [Es], [IsReference], [IdRelatedEntity], [Deleted_Token]) VALUES ( N'Payroll', N'ConstantRate', N'ConstantRate', NULL, 0, N'ConstantRate', N'ConstantRate', N'ConstantRate', NULL, NULL, NULL, NULL, NULL, NULL)
INSERT INTO [ERPSettings].[Entity] ( [TableSchema], [EntityName], [TableName], [TransactionUserId], [IsDeleted], [Fr], [Ar], [En], [De], [Ch], [Es], [IsReference], [IdRelatedEntity], [Deleted_Token]) VALUES ( N'Payroll', N'ConstantValue', N'ConstantValue', NULL, 0, N'ConstantValue', N'ConstantValue', N'ConstantValue', NULL, NULL, NULL, NULL, NULL, NULL)
INSERT INTO [ERPSettings].[Entity] ( [TableSchema], [EntityName], [TableName], [TransactionUserId], [IsDeleted], [Fr], [Ar], [En], [De], [Ch], [Es], [IsReference], [IdRelatedEntity], [Deleted_Token]) VALUES ( N'Payroll', N'SalaryRule', N'SalaryRule', NULL, 0, N'SalaryRule', N'SalaryRule', N'SalaryRule', NULL, NULL, NULL, NULL, NULL, NULL)
INSERT INTO [ERPSettings].[Entity] ( [TableSchema], [EntityName], [TableName], [TransactionUserId], [IsDeleted], [Fr], [Ar], [En], [De], [Ch], [Es], [IsReference], [IdRelatedEntity], [Deleted_Token]) VALUES ( N'Payroll', N'SalaryStructure', N'SalaryStructure', NULL, 0, N'SalaryStructure', N'SalaryStructure', N'SalaryStructure', NULL, NULL, NULL, NULL, NULL, NULL)


INSERT INTO [ERPSettings].[InputComponent] ([IdComponent], [inputType], [ng_model], [required], [ng_disabled], [ng_minlength], [ng_maxlength], [ng_change], [ng_bind], [ng_blur], [placeholder], [k_ng_model], [k_on_change], [k_format], [k_min], [k_max], [k_decimals], [k_step], [ui_date_mask], [pattern], [k_mask], [defaultValue], [ng_readonly], [formatPrecision], [IsCurrency], [Accept]) VALUES (N'0ead0e59-e42a-41c7-a66c-e0b3ecb53358', 7, NULL, NULL, NULL, NULL, NULL, NULL, NULL, NULL, N'{{''0ead0e59-e42a-41c7-a66c-e0b3ecb53358'' | translate }}', NULL, NULL, NULL, NULL, NULL, NULL, NULL, NULL, NULL, NULL, NULL, NULL, 0, NULL, NULL)
INSERT INTO [ERPSettings].[InputComponent] ([IdComponent], [inputType], [ng_model], [required], [ng_disabled], [ng_minlength], [ng_maxlength], [ng_change], [ng_bind], [ng_blur], [placeholder], [k_ng_model], [k_on_change], [k_format], [k_min], [k_max], [k_decimals], [k_step], [ui_date_mask], [pattern], [k_mask], [defaultValue], [ng_readonly], [formatPrecision], [IsCurrency], [Accept]) VALUES (N'22b6ad6c-2cea-4aa0-bc07-dec2114c0ca0', 4, NULL, 1, NULL, NULL, NULL, NULL, NULL, NULL, NULL, NULL, NULL, N'''n3''', N'0', NULL, N'', N'1', NULL, NULL, NULL, NULL, NULL, 0, NULL, NULL)
INSERT INTO [ERPSettings].[InputComponent] ([IdComponent], [inputType], [ng_model], [required], [ng_disabled], [ng_minlength], [ng_maxlength], [ng_change], [ng_bind], [ng_blur], [placeholder], [k_ng_model], [k_on_change], [k_format], [k_min], [k_max], [k_decimals], [k_step], [ui_date_mask], [pattern], [k_mask], [defaultValue], [ng_readonly], [formatPrecision], [IsCurrency], [Accept]) VALUES (N'37ad7fdd-89fd-4c6f-bd85-ebca2d264b28', 2, NULL, 1, NULL, NULL, NULL, NULL, NULL, NULL, N'{{''37ad7fdd-89fd-4c6f-bd85-ebca2d264b28'' | translate }}', NULL, N'', N'''MMMM yyyy''', N'', N'', NULL, NULL, NULL, N'', NULL, N'', NULL, 0, NULL, NULL)
INSERT INTO [ERPSettings].[InputComponent] ([IdComponent], [inputType], [ng_model], [required], [ng_disabled], [ng_minlength], [ng_maxlength], [ng_change], [ng_bind], [ng_blur], [placeholder], [k_ng_model], [k_on_change], [k_format], [k_min], [k_max], [k_decimals], [k_step], [ui_date_mask], [pattern], [k_mask], [defaultValue], [ng_readonly], [formatPrecision], [IsCurrency], [Accept]) VALUES (N'4eb12ff7-eb10-4d5f-ae11-0a13e7aa7b1a', 4, NULL, 1, NULL, NULL, NULL, NULL, NULL, NULL, N'{{''4eb12ff7-eb10-4d5f-ae11-0a13e7aa7b1a'' | translate }}', NULL, NULL, NULL, NULL, NULL, NULL, NULL, NULL, NULL, NULL, NULL, NULL, 0, NULL, NULL)
INSERT INTO [ERPSettings].[InputComponent] ([IdComponent], [inputType], [ng_model], [required], [ng_disabled], [ng_minlength], [ng_maxlength], [ng_change], [ng_bind], [ng_blur], [placeholder], [k_ng_model], [k_on_change], [k_format], [k_min], [k_max], [k_decimals], [k_step], [ui_date_mask], [pattern], [k_mask], [defaultValue], [ng_readonly], [formatPrecision], [IsCurrency], [Accept]) VALUES (N'5de6d125-9ad9-4915-9348-b78209b48b31', 7, NULL, 1, NULL, NULL, NULL, NULL, NULL, NULL, N'{{''5de6d125-9ad9-4915-9348-b78209b48b31'' | translate }}', NULL, NULL, NULL, NULL, NULL, NULL, NULL, NULL, NULL, NULL, NULL, NULL, NULL, NULL, NULL)
INSERT INTO [ERPSettings].[InputComponent] ([IdComponent], [inputType], [ng_model], [required], [ng_disabled], [ng_minlength], [ng_maxlength], [ng_change], [ng_bind], [ng_blur], [placeholder], [k_ng_model], [k_on_change], [k_format], [k_min], [k_max], [k_decimals], [k_step], [ui_date_mask], [pattern], [k_mask], [defaultValue], [ng_readonly], [formatPrecision], [IsCurrency], [Accept]) VALUES (N'721164dc-b059-432f-b96b-50d302d759c6', 7, NULL, NULL, NULL, NULL, NULL, NULL, NULL, NULL, N'{{''721164dc-b059-432f-b96b-50d302d759c6'' | translate }}', NULL, NULL, NULL, NULL, NULL, NULL, NULL, NULL, NULL, NULL, NULL, NULL, NULL, NULL, NULL)
INSERT INTO [ERPSettings].[InputComponent] ([IdComponent], [inputType], [ng_model], [required], [ng_disabled], [ng_minlength], [ng_maxlength], [ng_change], [ng_bind], [ng_blur], [placeholder], [k_ng_model], [k_on_change], [k_format], [k_min], [k_max], [k_decimals], [k_step], [ui_date_mask], [pattern], [k_mask], [defaultValue], [ng_readonly], [formatPrecision], [IsCurrency], [Accept]) VALUES (N'7f2ed301-374f-4a64-aad9-84b8164734fd', 0, NULL, 1, NULL, NULL, NULL, NULL, NULL, NULL, N'{{''7f2ed301-374f-4a64-aad9-84b8164734fd'' | translate }}', NULL, NULL, NULL, NULL, NULL, NULL, NULL, NULL, NULL, NULL, NULL, NULL, 0, NULL, NULL)
INSERT INTO [ERPSettings].[InputComponent] ([IdComponent], [inputType], [ng_model], [required], [ng_disabled], [ng_minlength], [ng_maxlength], [ng_change], [ng_bind], [ng_blur], [placeholder], [k_ng_model], [k_on_change], [k_format], [k_min], [k_max], [k_decimals], [k_step], [ui_date_mask], [pattern], [k_mask], [defaultValue], [ng_readonly], [formatPrecision], [IsCurrency], [Accept]) VALUES (N'8ae5652d-1247-430f-b0f3-92aeac65c492', 0, NULL, 1, NULL, NULL, NULL, NULL, NULL, NULL, N'{{''8ae5652d-1247-430f-b0f3-92aeac65c492'' | translate }}', NULL, NULL, NULL, NULL, NULL, NULL, NULL, NULL, NULL, NULL, NULL, NULL, 0, NULL, NULL)
INSERT INTO [ERPSettings].[InputComponent] ([IdComponent], [inputType], [ng_model], [required], [ng_disabled], [ng_minlength], [ng_maxlength], [ng_change], [ng_bind], [ng_blur], [placeholder], [k_ng_model], [k_on_change], [k_format], [k_min], [k_max], [k_decimals], [k_step], [ui_date_mask], [pattern], [k_mask], [defaultValue], [ng_readonly], [formatPrecision], [IsCurrency], [Accept]) VALUES (N'915a1adf-2db1-4e8c-91fd-5a198afd6e4a', 2, NULL, 1, NULL, NULL, NULL, NULL, NULL, NULL, N'{{''915a1adf-2db1-4e8c-91fd-5a198afd6e4a'' | translate }}', NULL, N'bController.baseService.actionService.onChangeDate(''915a1adf-2db1-4e8c-91fd-5a198afd6e4a'',''874451bf-dfb9-4772-83c5-66715d719037'')', N'''MMMM yyyy''', N'', N'', NULL, NULL, NULL, N'', NULL, N'', NULL, 0, NULL, NULL)
INSERT INTO [ERPSettings].[InputComponent] ([IdComponent], [inputType], [ng_model], [required], [ng_disabled], [ng_minlength], [ng_maxlength], [ng_change], [ng_bind], [ng_blur], [placeholder], [k_ng_model], [k_on_change], [k_format], [k_min], [k_max], [k_decimals], [k_step], [ui_date_mask], [pattern], [k_mask], [defaultValue], [ng_readonly], [formatPrecision], [IsCurrency], [Accept]) VALUES (N'9325cb11-ec51-449b-a843-b598aacf3fa4', 0, NULL, 1, NULL, NULL, NULL, NULL, NULL, NULL, N'{{''9325cb11-ec51-449b-a843-b598aacf3fa4'' | translate }}', NULL, NULL, NULL, NULL, NULL, NULL, NULL, NULL, NULL, NULL, NULL, NULL, 0, NULL, NULL)
INSERT INTO [ERPSettings].[InputComponent] ([IdComponent], [inputType], [ng_model], [required], [ng_disabled], [ng_minlength], [ng_maxlength], [ng_change], [ng_bind], [ng_blur], [placeholder], [k_ng_model], [k_on_change], [k_format], [k_min], [k_max], [k_decimals], [k_step], [ui_date_mask], [pattern], [k_mask], [defaultValue], [ng_readonly], [formatPrecision], [IsCurrency], [Accept]) VALUES (N'9a585997-181a-4543-8659-590657cd3c64', 0, NULL, 1, NULL, NULL, NULL, NULL, NULL, NULL, N'{{''9a585997-181a-4543-8659-590657cd3c64'' | translate }}', NULL, NULL, NULL, NULL, NULL, NULL, NULL, NULL, NULL, NULL, NULL, NULL, 0, NULL, NULL)
INSERT INTO [ERPSettings].[InputComponent] ([IdComponent], [inputType], [ng_model], [required], [ng_disabled], [ng_minlength], [ng_maxlength], [ng_change], [ng_bind], [ng_blur], [placeholder], [k_ng_model], [k_on_change], [k_format], [k_min], [k_max], [k_decimals], [k_step], [ui_date_mask], [pattern], [k_mask], [defaultValue], [ng_readonly], [formatPrecision], [IsCurrency], [Accept]) VALUES (N'a2f281f3-5423-44d7-9628-31e9f1856ca5', 7, NULL, NULL, NULL, NULL, NULL, NULL, NULL, NULL, N'{{''a2f281f3-5423-44d7-9628-31e9f1856ca5'' | translate }}', NULL, NULL, NULL, NULL, NULL, NULL, NULL, NULL, NULL, NULL, NULL, NULL, 0, NULL, NULL)
INSERT INTO [ERPSettings].[InputComponent] ([IdComponent], [inputType], [ng_model], [required], [ng_disabled], [ng_minlength], [ng_maxlength], [ng_change], [ng_bind], [ng_blur], [placeholder], [k_ng_model], [k_on_change], [k_format], [k_min], [k_max], [k_decimals], [k_step], [ui_date_mask], [pattern], [k_mask], [defaultValue], [ng_readonly], [formatPrecision], [IsCurrency], [Accept]) VALUES (N'bdbad67f-cdf9-48d5-9a09-b0d0b8681321', 4, NULL, 1, NULL, NULL, NULL, NULL, NULL, NULL, NULL, NULL, NULL, N'''n3''', N'0', NULL, N'', N'1', NULL, NULL, NULL, NULL, NULL, 0, NULL, NULL)
INSERT INTO [ERPSettings].[InputComponent] ([IdComponent], [inputType], [ng_model], [required], [ng_disabled], [ng_minlength], [ng_maxlength], [ng_change], [ng_bind], [ng_blur], [placeholder], [k_ng_model], [k_on_change], [k_format], [k_min], [k_max], [k_decimals], [k_step], [ui_date_mask], [pattern], [k_mask], [defaultValue], [ng_readonly], [formatPrecision], [IsCurrency], [Accept]) VALUES (N'd478cb67-4152-47ea-abeb-31376dd28c31', 7, NULL, 1, NULL, NULL, NULL, NULL, NULL, NULL, N'{{''d478cb67-4152-47ea-abeb-31376dd28c31'' | translate }}', NULL, NULL, NULL, NULL, NULL, NULL, NULL, NULL, NULL, NULL, NULL, NULL, NULL, NULL, NULL)
INSERT INTO [ERPSettings].[InputComponent] ([IdComponent], [inputType], [ng_model], [required], [ng_disabled], [ng_minlength], [ng_maxlength], [ng_change], [ng_bind], [ng_blur], [placeholder], [k_ng_model], [k_on_change], [k_format], [k_min], [k_max], [k_decimals], [k_step], [ui_date_mask], [pattern], [k_mask], [defaultValue], [ng_readonly], [formatPrecision], [IsCurrency], [Accept]) VALUES (N'd88ae0ad-a154-411c-baca-f93e43a48e74', 4, NULL, 1, NULL, NULL, NULL, NULL, NULL, NULL, NULL, NULL, NULL, N'''n3''', N'0', NULL, N'', N'1', NULL, NULL, NULL, NULL, NULL, 0, NULL, NULL)
INSERT INTO [ERPSettings].[InputComponent] ([IdComponent], [inputType], [ng_model], [required], [ng_disabled], [ng_minlength], [ng_maxlength], [ng_change], [ng_bind], [ng_blur], [placeholder], [k_ng_model], [k_on_change], [k_format], [k_min], [k_max], [k_decimals], [k_step], [ui_date_mask], [pattern], [k_mask], [defaultValue], [ng_readonly], [formatPrecision], [IsCurrency], [Accept]) VALUES (N'dde63dbb-cf12-43b1-8f17-1cf64c58a5d1', 0, NULL, 1, NULL, NULL, NULL, NULL, NULL, NULL, N'{{''dde63dbb-cf12-43b1-8f17-1cf64c58a5d1'' | translate }}', NULL, NULL, NULL, NULL, NULL, NULL, NULL, NULL, NULL, NULL, NULL, NULL, 0, NULL, NULL)
INSERT INTO [ERPSettings].[InputComponent] ([IdComponent], [inputType], [ng_model], [required], [ng_disabled], [ng_minlength], [ng_maxlength], [ng_change], [ng_bind], [ng_blur], [placeholder], [k_ng_model], [k_on_change], [k_format], [k_min], [k_max], [k_decimals], [k_step], [ui_date_mask], [pattern], [k_mask], [defaultValue], [ng_readonly], [formatPrecision], [IsCurrency], [Accept]) VALUES (N'fe78f795-cc48-4fca-ab7f-aac3c0ec36a2', 7, NULL, NULL, NULL, NULL, NULL, NULL, NULL, NULL, N'{{''fe78f795-cc48-4fca-ab7f-aac3c0ec36a2'' | translate }}', NULL, NULL, NULL, NULL, NULL, NULL, NULL, NULL, NULL, NULL, NULL, NULL, NULL, NULL, NULL)
INSERT INTO [ERPSettings].[GridComponent] ([IdComponent], [TreeType], [k_on_change]) VALUES (N'93f45383-0977-40cf-bdb6-bb7b6d96d2c3', 0, NULL)
INSERT INTO [ERPSettings].[GridComponent] ([IdComponent], [TreeType], [k_on_change]) VALUES (N'c2296ff4-d68c-49a1-ba84-330d59f32f7f', 0, NULL)
INSERT INTO [ERPSettings].[ButtonComponent] ([IdComponent], [ng_model], [ng_click], [type], [ButtonType], [IdServiceParameter], [ngDisabled]) VALUES (N'157670aa-cabc-4854-b8f0-921025578b0e', N'', N'bController.baseService.actionService.redirectionService.redirectTo(''/payroll/constantrate/list'')', N'submit', 0, NULL, NULL)
INSERT INTO [ERPSettings].[ButtonComponent] ([IdComponent], [ng_model], [ng_click], [type], [ButtonType], [IdServiceParameter], [ngDisabled]) VALUES (N'37255d52-982a-4db1-8afa-fe4d06fd0978', N'', N'bController.baseService.actionService.redirectionService.redirectTo(''/payroll/variable/list'')', N'submit', 0, NULL, NULL)
INSERT INTO [ERPSettings].[ButtonComponent] ([IdComponent], [ng_model], [ng_click], [type], [ButtonType], [IdServiceParameter], [ngDisabled]) VALUES (N'46407b89-4543-4e04-ad48-cf252d068285', N'', N'bController.baseService.actionService.addToGrid(''46407b89-4543-4e04-ad48-cf252d068285'',''c2296ff4-d68c-49a1-ba84-330d59f32f7f'')', N'submit', 0, NULL, NULL)
INSERT INTO [ERPSettings].[ButtonComponent] ([IdComponent], [ng_model], [ng_click], [type], [ButtonType], [IdServiceParameter], [ngDisabled]) VALUES (N'570e4ebb-e37b-4103-8d33-55665029f167', N'', N'bController.baseService.actionService.redirectionService.redirectTo(''/payroll/constantvalue/list'')', N'submit', 0, NULL, NULL)
INSERT INTO [ERPSettings].[ButtonComponent] ([IdComponent], [ng_model], [ng_click], [type], [ButtonType], [IdServiceParameter], [ngDisabled]) VALUES (N'7bfaf5b7-ee5f-4f98-aecc-4f7ad0d66656', N'', N'bController.baseService.actionService.redirectionService.redirectTo(''/payroll/salaryrule/list'')', N'submit', 0, NULL, NULL)
INSERT INTO [ERPSettings].[ButtonComponent] ([IdComponent], [ng_model], [ng_click], [type], [ButtonType], [IdServiceParameter], [ngDisabled]) VALUES (N'cce50a45-1307-4202-8a0e-93753ea9279e', N'', N'bController.baseService.actionService.save(''cce50a45-1307-4202-8a0e-93753ea9279e'')', N'submit', 0, N'b651398c-7ee7-44df-8a76-929137c82138', NULL)
INSERT INTO [ERPSettings].[ButtonComponent] ([IdComponent], [ng_model], [ng_click], [type], [ButtonType], [IdServiceParameter], [ngDisabled]) VALUES (N'e793b94f-af29-4cdd-a8f7-0d7553eca4b0', N'', N'bController.baseService.actionService.save(''e793b94f-af29-4cdd-a8f7-0d7553eca4b0'')', N'submit', 0, N'9e914b0e-2acc-483a-a066-db1980e1db5c', NULL)
INSERT INTO [ERPSettings].[ButtonComponent] ([IdComponent], [ng_model], [ng_click], [type], [ButtonType], [IdServiceParameter], [ngDisabled]) VALUES (N'e83e98b5-eed5-41e2-86aa-470dc3958017', N'', N'bController.baseService.actionService.save(''e83e98b5-eed5-41e2-86aa-470dc3958017'')', N'submit', 0, N'ed952132-dc36-4237-bff5-06ad38827eb3', NULL)
INSERT INTO [ERPSettings].[ButtonComponent] ([IdComponent], [ng_model], [ng_click], [type], [ButtonType], [IdServiceParameter], [ngDisabled]) VALUES (N'f8e3b5d8-aa96-43bc-b0f4-d1e94c6f6e01', N'', N'bController.baseService.actionService.addToGrid(''f8e3b5d8-aa96-43bc-b0f4-d1e94c6f6e01'',''93f45383-0977-40cf-bdb6-bb7b6d96d2c3'')', N'submit', 0, NULL, NULL)
INSERT INTO [ERPSettings].[ButtonComponent] ([IdComponent], [ng_model], [ng_click], [type], [ButtonType], [IdServiceParameter], [ngDisabled]) VALUES (N'fdf817d9-aae7-4f6a-8833-0183bbf22d7f', N'', N'bController.baseService.actionService.save(''fdf817d9-aae7-4f6a-8833-0183bbf22d7f'')', N'submit', 0, N'88d5390c-1db1-4101-bf72-137acc6d77e7', NULL)

INSERT INTO [ERPSettings].[GridOptions] ([IdGridOptions], [name], [allowCopy], [altRowTemplate], [autoBind], [dataBound], [columnResizeHandleWidth], [columnMenu], [detailTemplate], [editable], [filterable], [groupable], [height], [mobile], [navigatable], [noRecords], [pageable], [reorderable], [resizable], [rowTemplate], [scrollable], [selectable], [sortable], [excel], [pdf], [checkboxes], [dataTextField], [select], [check], [expand], [loadOnDemand]) VALUES (N'93f45383-0977-40cf-bdb6-bb7b6d96d2c3', NULL, 0, N'True', 1, NULL, NULL, 0, NULL, 0, 1, 1, 500, 0, 1, 0, 1, 0, 1, NULL, 1, N'0', 1, 0, 0, NULL, NULL, NULL, NULL, NULL, NULL)
INSERT INTO [ERPSettings].[GridOptions] ([IdGridOptions], [name], [allowCopy], [altRowTemplate], [autoBind], [dataBound], [columnResizeHandleWidth], [columnMenu], [detailTemplate], [editable], [filterable], [groupable], [height], [mobile], [navigatable], [noRecords], [pageable], [reorderable], [resizable], [rowTemplate], [scrollable], [selectable], [sortable], [excel], [pdf], [checkboxes], [dataTextField], [select], [check], [expand], [loadOnDemand]) VALUES (N'c2296ff4-d68c-49a1-ba84-330d59f32f7f', NULL, 0, N'True', 1, NULL, NULL, 0, NULL, 0, 1, 1, 500, 0, 1, 0, 1, 0, 1, NULL, 1, N'0', 1, 0, 0, NULL, NULL, NULL, NULL, NULL, NULL)


INSERT INTO [ERPSettings].[GridDataSource] ([IdGridOptions], [IdServiceParameters], [error], [autoSync], [pageSize], [serverPaging], [serverSorting], [serverFiltering], [serverGrouping], [serverAggregates], [batch], [Id], [ParentId], [children], [hasChildrens], [expanded]) VALUES (N'93f45383-0977-40cf-bdb6-bb7b6d96d2c3', N'30490522-7179-4d66-8251-efadb2726f52', NULL, 0, 5, 0, 0, 0, 0, 0, 0, NULL, NULL, NULL, NULL, NULL)
INSERT INTO [ERPSettings].[GridDataSource] ([IdGridOptions], [IdServiceParameters], [error], [autoSync], [pageSize], [serverPaging], [serverSorting], [serverFiltering], [serverGrouping], [serverAggregates], [batch], [Id], [ParentId], [children], [hasChildrens], [expanded]) VALUES (N'c2296ff4-d68c-49a1-ba84-330d59f32f7f', N'2b431601-01f8-4a63-866c-b41a3824ff96', NULL, 0, 5, 0, 0, 0, 0, 0, 0, NULL, NULL, NULL, NULL, NULL)

INSERT INTO [ERPSettings].[GridColumnComponent] ([IdComponent], [field], [title], [width], [format], [groupHeaderTemplate], [hidden], [template], [nullable], [type], [editable], [defaultValue], [menu]) VALUES (N'587ab7c7-1007-4409-ba9f-321a094087f5', N'StartDate', N'{{''587ab7c7-1007-4409-ba9f-321a094087f5'' | translate }}', NULL, N'{0:d}', N'#= value #', 0, NULL, 0, N'date', 0, NULL, NULL)
INSERT INTO [ERPSettings].[GridColumnComponent] ([IdComponent], [field], [title], [width], [format], [groupHeaderTemplate], [hidden], [template], [nullable], [type], [editable], [defaultValue], [menu]) VALUES (N'7fa2bdb8-363d-4a00-9c2f-234051e82e13', N'Coefficient', N'{{''7fa2bdb8-363d-4a00-9c2f-234051e82e13'' | translate }}', NULL, NULL, N'#= value #', 0, NULL, 0, NULL, 0, NULL, NULL)
INSERT INTO [ERPSettings].[GridColumnComponent] ([IdComponent], [field], [title], [width], [format], [groupHeaderTemplate], [hidden], [template], [nullable], [type], [editable], [defaultValue], [menu]) VALUES (N'a7feac0c-3467-43bf-b501-af347ec3044f', N'StartDate', N'{{''a7feac0c-3467-43bf-b501-af347ec3044f'' | translate }}', NULL, N'{0:d}', N'#= value #', 0, NULL, 0, N'date', 0, NULL, NULL)
INSERT INTO [ERPSettings].[GridColumnComponent] ([IdComponent], [field], [title], [width], [format], [groupHeaderTemplate], [hidden], [template], [nullable], [type], [editable], [defaultValue], [menu]) VALUES (N'b1ca792d-9536-4dc0-bcfc-33ad3e337ef6', NULL, N'{{''b1ca792d-9536-4dc0-bcfc-33ad3e337ef6'' | translate }}', NULL, NULL, N'#= value #', 0, NULL, 0, NULL, 0, NULL, NULL)
INSERT INTO [ERPSettings].[GridColumnComponent] ([IdComponent], [field], [title], [width], [format], [groupHeaderTemplate], [hidden], [template], [nullable], [type], [editable], [defaultValue], [menu]) VALUES (N'c92b8e2e-1031-45e8-84b8-656c6ce15b8f', N'Coefficient', N'{{''c92b8e2e-1031-45e8-84b8-656c6ce15b8f'' | translate }}', NULL, NULL, N'#= value #', 0, NULL, 0, NULL, 0, NULL, NULL)
INSERT INTO [ERPSettings].[GridColumnComponent] ([IdComponent], [field], [title], [width], [format], [groupHeaderTemplate], [hidden], [template], [nullable], [type], [editable], [defaultValue], [menu]) VALUES (N'cb63a73b-39ed-4c05-b0ce-090d2d769ba3', NULL, N'{{''cb63a73b-39ed-4c05-b0ce-090d2d769ba3'' | translate }}', NULL, NULL, N'#= value #', 0, NULL, 0, NULL, 0, NULL, NULL)
INSERT INTO [ERPSettings].[GridColumnComponent] ([IdComponent], [field], [title], [width], [format], [groupHeaderTemplate], [hidden], [template], [nullable], [type], [editable], [defaultValue], [menu]) VALUES (N'de71bd0c-f31d-474e-833e-3b359a5b952a', N'Coefficient', N'{{''de71bd0c-f31d-474e-833e-3b359a5b952a'' | translate }}', NULL, NULL, N'#= value #', 0, NULL, 0, NULL, 0, NULL, NULL)
INSERT INTO [ERPSettings].[GridButtonComponent] ([IdComponent], [ng_click], [type], [k_content], [IdServiceParameter]) VALUES (N'6fa48d9c-1b36-4994-95f4-c180c1837db9', N'bController.baseService.actionService.deleteFromGrid(dataItem,''6fa48d9c-1b36-4994-95f4-c180c1837db9'',''c2296ff4-d68c-49a1-ba84-330d59f32f7f'')', N'submit', N'{{''6fa48d9c-1b36-4994-95f4-c180c1837db9'' | translate }}', NULL)
INSERT INTO [ERPSettings].[GridButtonComponent] ([IdComponent], [ng_click], [type], [k_content], [IdServiceParameter]) VALUES (N'7e9e5cb7-350b-4ec0-9b04-30bd5613f2c3', N'bController.baseService.actionService.updateLocalInGrid(dataItem,''7e9e5cb7-350b-4ec0-9b04-30bd5613f2c3'')', N'submit', N'{{''7e9e5cb7-350b-4ec0-9b04-30bd5613f2c3'' | translate }}', NULL)
INSERT INTO [ERPSettings].[GridButtonComponent] ([IdComponent], [ng_click], [type], [k_content], [IdServiceParameter]) VALUES (N'8dffc72a-5d02-4739-a423-611c2270ad1e', N'bController.baseService.actionService.updateLocalInGrid(dataItem,''8dffc72a-5d02-4739-a423-611c2270ad1e'')', N'submit', N'{{''8dffc72a-5d02-4739-a423-611c2270ad1e'' | translate }}', NULL)
INSERT INTO [ERPSettings].[GridButtonComponent] ([IdComponent], [ng_click], [type], [k_content], [IdServiceParameter]) VALUES (N'e59157b4-7d33-457c-9e22-43bb15bb7d42', N'bController.baseService.actionService.deleteFromGrid(dataItem,''e59157b4-7d33-457c-9e22-43bb15bb7d42'',''93f45383-0977-40cf-bdb6-bb7b6d96d2c3'')', N'submit', N'{{''e59157b4-7d33-457c-9e22-43bb15bb7d42'' | translate }}', NULL)
INSERT INTO [ERPSettings].[FormComponent] ([IdComponent], [k_rules], [ng_controller], [ng_submit], [data_ng_init], [IdServiceParameter], [NameSpace]) VALUES (N'159af28b-2cf3-4941-a8a0-e2d79dce1664', NULL, N'BaseController as bController', NULL, N'bController.baseService.initService.initView()', NULL, N'Payroll.ConstantRate')
INSERT INTO [ERPSettings].[FormComponent] ([IdComponent], [k_rules], [ng_controller], [ng_submit], [data_ng_init], [IdServiceParameter], [NameSpace]) VALUES (N'7545f9b0-74c1-4c05-93b7-f42ddd5b05cd', NULL, N'BaseController as bController', NULL, N'bController.baseService.initService.initView()', NULL, N'Payroll.SalaryRule')
INSERT INTO [ERPSettings].[FormComponent] ([IdComponent], [k_rules], [ng_controller], [ng_submit], [data_ng_init], [IdServiceParameter], [NameSpace]) VALUES (N'7649bc70-4164-4e59-b0ce-c5a44412e74d', NULL, N'BaseController as bController', NULL, N'bController.baseService.initService.initView()', NULL, N'Payroll.ConstantValue')
INSERT INTO [ERPSettings].[FormComponent] ([IdComponent], [k_rules], [ng_controller], [ng_submit], [data_ng_init], [IdServiceParameter], [NameSpace]) VALUES (N'9e0137d4-99a8-44fb-80c1-b371bea0e67d', NULL, N'BaseController as bController', NULL, N'bController.baseService.initService.initView()', NULL, N'Payroll.Variable')

INSERT INTO [ERPSettings].[ModuleByRole] ( [IdRole], [IdModule], [IsActive], [IsVisible]) VALUES ( 1, N'd23aaf9e-127b-417c-ba8a-a31c41c3a97e', 1, 1)
INSERT INTO [ERPSettings].[ModuleByRole] ( [IdRole], [IdModule], [IsActive], [IsVisible]) VALUES ( 1, N'5c56d444-523c-4cb3-8554-1a88b3af0779', 1, 1)
INSERT INTO [ERPSettings].[ModuleByRole] ( [IdRole], [IdModule], [IsActive], [IsVisible]) VALUES ( 1, N'a49cd432-de82-40d6-8994-ce2f102039cc', 1, 1)
INSERT INTO [ERPSettings].[ModuleByRole] ( [IdRole], [IdModule], [IsActive], [IsVisible]) VALUES ( 1, N'ce31e87c-a47e-4c35-a81f-16f6aa695c11', 1, 1)
INSERT INTO [ERPSettings].[ModuleByRole] ( [IdRole], [IdModule], [IsActive], [IsVisible]) VALUES ( 1, N'd2343785-b0e5-4d87-8f03-78d62c876d43', 1, 1)

INSERT INTO [ERPSettings].[Menu] ([IdMenu], [IdFunctionnality], [DefaultRoute], [Picture], [Rank], [FR], [EN], [AR], [DE], [CH], [ES], [class], [IsVisible], [InMenuList]) VALUES (N'2a27f572-40df-4408-80c1-cc5078f9a2dd', N'a1ca4007-d64e-4765-af61-42e753a61222', N'/payroll/constantrate/add', NULL, 1, N'Ajouter', N'Add', N'Ajouter Constante Taux_AR', N'Ajouter Constante Taux_DE', N'Ajouter Constante Taux_CH', N'Ajouter Constante Taux_ES', N'fa fa-chevron-right', NULL, 1)
INSERT INTO [ERPSettings].[Menu] ([IdMenu], [IdFunctionnality], [DefaultRoute], [Picture], [Rank], [FR], [EN], [AR], [DE], [CH], [ES], [class], [IsVisible], [InMenuList]) VALUES (N'36c32c52-9d6b-4cbd-975e-e74207d3fa1d', N'e741ea2c-4b8a-4f2c-b06f-b0da4cab8695', N'/payroll/constantrate/list', NULL, 2, N'Lister', N'List', N'Lister Constante Taux_AR', N'Lister Constante Taux_DE', N'Lister Constante Taux_CH', N'Lister Constante Taux_ES', N'fa fa-chevron-right', NULL, 1)
INSERT INTO [ERPSettings].[Menu] ([IdMenu], [IdFunctionnality], [DefaultRoute], [Picture], [Rank], [FR], [EN], [AR], [DE], [CH], [ES], [class], [IsVisible], [InMenuList]) VALUES (N'3b13ad71-fb7d-442b-874b-a366bab1bcbf', N'12e2ecc5-d861-4680-9310-92422a3e2593', N'/payroll/constantvalue/update', NULL, 3, N'Modifier Constante Valeur', N'Update Constante Value', N'Modifier Constante Valeur_AR', N'Modifier Constante Valeur_DE', N'Modifier Constante Valeur_CH', N'Modifier Constante Valeur_ES', N'fa fa-chevron-right', NULL, 0)
INSERT INTO [ERPSettings].[Menu] ([IdMenu], [IdFunctionnality], [DefaultRoute], [Picture], [Rank], [FR], [EN], [AR], [DE], [CH], [ES], [class], [IsVisible], [InMenuList]) VALUES (N'42b3d9bb-793d-4b28-b40e-65d33e8f2f44', N'd7c9f718-49fb-41e3-88a5-0197b286cd25', N'/payroll/constantvalue/add', NULL, 1, N'Ajouter', N'Add', N'Ajouter Constante Valeur_AR', N'Ajouter Constante Valeur_DE', N'Ajouter Constante Valeur_CH', N'Ajouter Constante Valeur_ES', N'fa fa-chevron-right', NULL, 1)
INSERT INTO [ERPSettings].[Menu] ([IdMenu], [IdFunctionnality], [DefaultRoute], [Picture], [Rank], [FR], [EN], [AR], [DE], [CH], [ES], [class], [IsVisible], [InMenuList]) VALUES (N'51ff81e9-a521-4fb9-a41b-b5ac0d6f340f', N'7a7cebf1-3ed2-4c49-8e2a-2647ac09572e', N'/payroll/constantrate/update', NULL, 3, N'Modifier', N'Update', N'Modifier Constante Taux_AR', N'Modifier Constante Taux_DE', N'Modifier Constante Taux_CH', N'Modifier Constante Taux_ES', N'fa fa-chevron-right', NULL, 0)
INSERT INTO [ERPSettings].[Menu] ([IdMenu], [IdFunctionnality], [DefaultRoute], [Picture], [Rank], [FR], [EN], [AR], [DE], [CH], [ES], [class], [IsVisible], [InMenuList]) VALUES (N'5f63d82f-7bec-45a7-bd97-b492fe09830d', N'336fdb14-6186-41c2-b2ff-98c99ea25c5f', N'/payroll/salaryrule/add', NULL, 1, N'Ajouter', N'Add', N'Ajouter Règle Salariale_AR', N'Ajouter Règle SalarialeèDE', N'Ajouter Règle Salariale_CH', N'Ajouter Règle Salariale_ES', N'fa fa-chevron-right', NULL, 1)
INSERT INTO [ERPSettings].[Menu] ([IdMenu], [IdFunctionnality], [DefaultRoute], [Picture], [Rank], [FR], [EN], [AR], [DE], [CH], [ES], [class], [IsVisible], [InMenuList]) VALUES (N'6104c938-f9ca-4ab1-b431-ff06b47cf4b5', N'712d6299-495e-45ce-9010-20e4ad36834a', N'/payroll/salarystructure/add', NULL, 1, N'Ajouter', N'Add', N'Ajouter Règle Salariale_AR', N'Ajouter Règle Salariale_DE', N'Ajouter Règle Salariale_CH', N'Ajouter Règle Salariale_ES', N'fa fa-chevron-right', NULL, 1)
INSERT INTO [ERPSettings].[Menu] ([IdMenu], [IdFunctionnality], [DefaultRoute], [Picture], [Rank], [FR], [EN], [AR], [DE], [CH], [ES], [class], [IsVisible], [InMenuList]) VALUES (N'70fac97b-248f-4904-b97d-da405ca54a79', N'05d45e13-6184-4085-b9b2-86015af49e11', N'/payroll/salaryrule/list', NULL, 2, N'Lister', N'List', NULL, NULL, NULL, NULL, N'fa fa-chevron-right', NULL, 1)
INSERT INTO [ERPSettings].[Menu] ([IdMenu], [IdFunctionnality], [DefaultRoute], [Picture], [Rank], [FR], [EN], [AR], [DE], [CH], [ES], [class], [IsVisible], [InMenuList]) VALUES (N'831edc0c-77f6-4d51-b13c-a990e6658e45', N'831becf0-0744-4fe4-b79c-dec135cee846', N'/payroll/salarystructure/list', NULL, 2, N'Lister', N'List', NULL, NULL, NULL, NULL, N'fa fa-chevron-right', NULL, 1)
INSERT INTO [ERPSettings].[Menu] ([IdMenu], [IdFunctionnality], [DefaultRoute], [Picture], [Rank], [FR], [EN], [AR], [DE], [CH], [ES], [class], [IsVisible], [InMenuList]) VALUES (N'9fbe370f-d5d9-4191-b9f5-d53ae0cab374', N'322d8fea-9553-46c1-a83b-24276d046f53', N'/payroll/variable/list', NULL, 2, N'Lister', N'List', N'Lister-AR', N'Lister-DE', N'Lister-CH', N'Lister-ES', N'fa fa-chevron-right', NULL, 1)
INSERT INTO [ERPSettings].[Menu] ([IdMenu], [IdFunctionnality], [DefaultRoute], [Picture], [Rank], [FR], [EN], [AR], [DE], [CH], [ES], [class], [IsVisible], [InMenuList]) VALUES (N'9fc27aed-65db-41ad-851e-bf6eeb16f160', N'a6c247bc-d584-43a3-b995-f303e3b13c77', N'/payroll/salarystructure/update', NULL, 3, NULL, NULL, NULL, NULL, NULL, NULL, N'fa fa-chevron-right', NULL, 0)
INSERT INTO [ERPSettings].[Menu] ([IdMenu], [IdFunctionnality], [DefaultRoute], [Picture], [Rank], [FR], [EN], [AR], [DE], [CH], [ES], [class], [IsVisible], [InMenuList]) VALUES (N'a6f5fb60-5161-4691-970f-50b87876c5ae', N'e83a0045-89c6-459f-8d99-89c25077f4ef', N'/payroll/variable/add', NULL, 1, N'Ajouter', N'Add', N'', N'', N'', N'', N'fa fa-chevron-right', NULL, 1)
INSERT INTO [ERPSettings].[Menu] ([IdMenu], [IdFunctionnality], [DefaultRoute], [Picture], [Rank], [FR], [EN], [AR], [DE], [CH], [ES], [class], [IsVisible], [InMenuList]) VALUES (N'f222fabd-70f8-4ade-b251-78b3dd5fdb09', N'95220f17-16d4-44c8-ad10-ac6bb25fdfbc', N'/payroll/salaryrule/update', NULL, 3, NULL, NULL, NULL, NULL, NULL, NULL, N'fa fa-chevron-right', NULL, 0)
INSERT INTO [ERPSettings].[Menu] ([IdMenu], [IdFunctionnality], [DefaultRoute], [Picture], [Rank], [FR], [EN], [AR], [DE], [CH], [ES], [class], [IsVisible], [InMenuList]) VALUES (N'fe1eac1b-f9b7-4ecb-b5a8-09bdee410889', N'd6ff08d7-ed69-48ee-b7ff-b96f6db1a79f', N'/payroll/constantvalue/list', NULL, 2, N'Lister', N'List', NULL, NULL, NULL, NULL, N'fa fa-chevron-right', NULL, 1)
INSERT INTO [ERPSettings].[CheckBoxComponent] ([IdComponent], [Checked], [ng_change]) VALUES (N'afa01b19-7c81-4e65-8752-6c95977a5984', 1, NULL)

INSERT INTO [ERPSettings].[InputDatePickerOptions] ([IdDatePickerOptions], [start], [depth], [max], [min], [format]) VALUES (N'37ad7fdd-89fd-4c6f-bd85-ebca2d264b28', N'year', N'year', NULL, NULL, N'mm yyyy')
INSERT INTO [ERPSettings].[InputDatePickerOptions] ([IdDatePickerOptions], [start], [depth], [max], [min], [format]) VALUES (N'915a1adf-2db1-4e8c-91fd-5a198afd6e4a', N'year', N'year', NULL, NULL, N'mm yyyy')




ALTER TABLE [ERPSettings].[Component]
    ADD CONSTRAINT [FK_Component_Component1] FOREIGN KEY ([IdComponentChangedBy]) REFERENCES [ERPSettings].[Component] ([IdComponent])
ALTER TABLE [ERPSettings].[Component]
    ADD CONSTRAINT [FK_Component_Functionality] FOREIGN KEY ([IdFunctionality]) REFERENCES [ERPSettings].[Functionality] ([IdFunctionality])
ALTER TABLE [ERPSettings].[Component]
    ADD CONSTRAINT [FK_Component_Component] FOREIGN KEY ([IdComponentParent]) REFERENCES [ERPSettings].[Component] ([IdComponent])

COMMIT TRANSACTION

-- Marwa : Change type taxe from combobox to dropdown

BEGIN TRANSACTION
ALTER TABLE [ERPSettings].[Component] DROP CONSTRAINT [FK_Component_Component]
ALTER TABLE [ERPSettings].[DropDownListDataSource] DROP CONSTRAINT [FK_DropDownListDataSource_DropDownListOptions]

DELETE FROM [ERPSettings].[ComboBoxDataSource] WHERE [IdComponent]=N'6e16dbb2-23e3-4486-8835-31213edfb87e'
DELETE FROM [ERPSettings].[ComboBoxDataSource] WHERE [IdComponent]=N'7f2fa9bf-bb59-4fbe-884c-f7d92d124663'
DELETE FROM [ERPSettings].[ComboBoxOptions] WHERE [IdComponent]=N'6e16dbb2-23e3-4486-8835-31213edfb87e'
DELETE FROM [ERPSettings].[ComboBoxOptions] WHERE [IdComponent]=N'7f2fa9bf-bb59-4fbe-884c-f7d92d124663'
DELETE FROM [ERPSettings].[ComboBoxComponent] WHERE [IdComponent]=N'6e16dbb2-23e3-4486-8835-31213edfb87e'
DELETE FROM [ERPSettings].[ComboBoxComponent] WHERE [IdComponent]=N'7f2fa9bf-bb59-4fbe-884c-f7d92d124663'
DELETE FROM [ERPSettings].[ComponentByRole] WHERE [IdComponent]=N'6e16dbb2-23e3-4486-8835-31213edfb87e'
DELETE FROM [ERPSettings].[ComponentByRole] WHERE [IdComponent]=N'7f2fa9bf-bb59-4fbe-884c-f7d92d124663'
DELETE FROM [ERPSettings].[ServiceParameters] WHERE [IdServiceParameters]=N'e3eee3ff-67c6-4c07-b7d4-d5bab898fe43'
DELETE FROM [ERPSettings].[ServiceParameters] WHERE [IdServiceParameters]=N'edd5c711-c125-4176-9fc5-29b835c250c9'
DELETE FROM [ERPSettings].[Component] WHERE [IdComponent]=N'6e16dbb2-23e3-4486-8835-31213edfb87e'
DELETE FROM [ERPSettings].[Component] WHERE [IdComponent]=N'7f2fa9bf-bb59-4fbe-884c-f7d92d124663'
INSERT INTO [ERPSettings].[Component] ([IdComponent], [rank], [ComponentName], [IdComponentType], [IdFunctionality], [IdComponentParent], [FR], [EN], [AR], [DE], [CH], [ES], [IdButton], [classDiv], [classLabel], [class], [IsEncapsulated], [IdComponentChangedBy], [EntityName], [style], [ng_hide], [IsToInitialize], [IdFunctionalityForm], [IsFireChange]) VALUES (N'a1558e03-c62c-4803-91df-c3297e099fc1', 4, N'IdTaxeType', 8, N'28e36f79-bac9-4340-a942-95dc9888c9d0', N'94b3ccd1-6829-4e36-aa00-7632c9a3e280', N'Type de taxe', N'Tax type', N'Type de taxe_AR', N'Type de taxe_DE', N'Type de taxe_CH', NULL, N'e19c9775-98fd-4fa5-9dff-47c5394a40d9', N'form-group col-lg-12 col-md-12 col-sm-12', N'col-lg-4 col-md-4 col-sm-4', N'', 0, NULL, N'Taxe', NULL, NULL, 1, N'28e36f79-bac9-4340-a942-95dc9888c9d0', NULL)
INSERT INTO [ERPSettings].[Component] ([IdComponent], [rank], [ComponentName], [IdComponentType], [IdFunctionality], [IdComponentParent], [FR], [EN], [AR], [DE], [CH], [ES], [IdButton], [classDiv], [classLabel], [class], [IsEncapsulated], [IdComponentChangedBy], [EntityName], [style], [ng_hide], [IsToInitialize], [IdFunctionalityForm], [IsFireChange]) VALUES (N'adfdf36f-9dfa-46a9-8d8e-23b3b05ccd09', 4, N'IdTaxeType', 8, N'72ab7a79-351b-4893-8b79-d4d03fa39b4b', N'74f95382-5b6b-46f4-b610-d25bf0d5feca', N'Type de taxe', N'Tax type', N'Type de taxe_AR', N'Type de taxe_DE', N'Type de taxe_CH', NULL, N'babc2020-17f1-4cd4-97d5-87f1d79c67d7', N'form-group col-lg-12 col-md-12 col-sm-12', N'col-lg-4 col-md-4 col-sm-4', N'', 0, NULL, N'Taxe', NULL, NULL, 1, N'72ab7a79-351b-4893-8b79-d4d03fa39b4b', NULL)
INSERT INTO [ERPSettings].[DropDownListComponent] ([IdComponent], [ng_model], [required], [ng_blur], [ng_bind], [k_on_change], [DropdownType], [DropdownIndex], [ng_disabled], [urlValueMapper]) VALUES (N'a1558e03-c62c-4803-91df-c3297e099fc1', N'', 1, NULL, NULL, N'', 1, NULL, NULL, NULL)
INSERT INTO [ERPSettings].[DropDownListComponent] ([IdComponent], [ng_model], [required], [ng_blur], [ng_bind], [k_on_change], [DropdownType], [DropdownIndex], [ng_disabled], [urlValueMapper]) VALUES (N'adfdf36f-9dfa-46a9-8d8e-23b3b05ccd09', N'', 1, NULL, NULL, N'', 1, NULL, NULL, NULL)
INSERT INTO [ERPSettings].[ServiceParameters] ([IdServiceParameters], [Method], [URL], [TModel], [Module], [IdPredicateFormat], [TransactionUserId], [IsDeleted], [Deleted_Token]) VALUES (N'2a2134ba-3807-4e13-8ef9-0ec77dd589a8', N'POST', N'/api/base/get', N'TaxeType', N'Shared', NULL, NULL, 0, NULL)
INSERT INTO [ERPSettings].[ServiceParameters] ([IdServiceParameters], [Method], [URL], [TModel], [Module], [IdPredicateFormat], [TransactionUserId], [IsDeleted], [Deleted_Token]) VALUES (N'4f7a90b8-3ade-4122-97ee-97342e514fff', N'POST', N'/api/base/get', N'TaxeType', N'Shared', NULL, NULL, 0, NULL)
INSERT INTO [ERPSettings].[DropDownListDataSource] ([IdDropDownListOptions], [IdServiceParameters], [error], [autoSync], [pageSize], [serverPaging], [serverSorting], [serverFiltering], [serverGrouping], [serverAggregates]) VALUES (N'a1558e03-c62c-4803-91df-c3297e099fc1', N'4f7a90b8-3ade-4122-97ee-97342e514fff', NULL, 0, NULL, 1, 0, 0, 0, 0)
INSERT INTO [ERPSettings].[DropDownListDataSource] ([IdDropDownListOptions], [IdServiceParameters], [error], [autoSync], [pageSize], [serverPaging], [serverSorting], [serverFiltering], [serverGrouping], [serverAggregates]) VALUES (N'adfdf36f-9dfa-46a9-8d8e-23b3b05ccd09', N'2a2134ba-3807-4e13-8ef9-0ec77dd589a8', NULL, 0, NULL, 1, 0, 0, 0, 0)

INSERT INTO [ERPSettings].[ComponentByRole] ([IdRole], [IdComponent], [IsActive], [IsVisible], [ReadFunction], [WriteFunction], [TransactionUserId]) VALUES (1, N'adfdf36f-9dfa-46a9-8d8e-23b3b05ccd09', 1, 1, NULL, NULL, NULL)
INSERT INTO [ERPSettings].[ComponentByRole] ([IdRole], [IdComponent], [IsActive], [IsVisible], [ReadFunction], [WriteFunction], [TransactionUserId]) VALUES (1, N'a1558e03-c62c-4803-91df-c3297e099fc1', 1, 1, NULL, NULL, NULL)

INSERT INTO [ERPSettings].[DropDownListOptions] ([IdDropDownListOptions], [name], [autoBind], [dataTextField], [dataValueField], [delay], [enable], [filter], [fixedGroupTemplate], [groupTemplate], [height], [headerTemplate], [template], [valueTemplate], [footerTemplate], [close], [dataBound], [filtering], [open], [select], [cascadeFrom], [cascadeFromField]) VALUES (N'a1558e03-c62c-4803-91df-c3297e099fc1', NULL, 1, N'TaxeTypeCode', N'Id', NULL, 1, N'contains', NULL, NULL, 500, NULL, NULL, NULL, NULL, NULL, NULL, NULL, NULL, N'1', NULL, NULL)
INSERT INTO [ERPSettings].[DropDownListOptions] ([IdDropDownListOptions], [name], [autoBind], [dataTextField], [dataValueField], [delay], [enable], [filter], [fixedGroupTemplate], [groupTemplate], [height], [headerTemplate], [template], [valueTemplate], [footerTemplate], [close], [dataBound], [filtering], [open], [select], [cascadeFrom], [cascadeFromField]) VALUES (N'adfdf36f-9dfa-46a9-8d8e-23b3b05ccd09', NULL, 1, N'TaxeTypeCode', N'Id', NULL, 1, N'contains', NULL, NULL, 500, NULL, NULL, NULL, NULL, NULL, NULL, NULL, NULL, N'1', NULL, NULL)

ALTER TABLE [ERPSettings].[Component]
    ADD CONSTRAINT [FK_Component_Component] FOREIGN KEY ([IdComponentParent]) REFERENCES [ERPSettings].[Component] ([IdComponent])
ALTER TABLE [ERPSettings].[DropDownListDataSource]
    ADD CONSTRAINT [FK_DropDownListDataSource_DropDownListOptions] FOREIGN KEY ([IdDropDownListOptions]) REFERENCES [ERPSettings].[DropDownListOptions] ([IdDropDownListOptions])

COMMIT TRANSACTION

-- Narcisse : Payroll admin component job

BEGIN TRANSACTION

ALTER TABLE [ERPSettings].[DialogComponent] DROP CONSTRAINT [FK_DialogComponent_Component]
ALTER TABLE [ERPSettings].[GridOptions] DROP CONSTRAINT [FK_GridOptions_GridComponent]
ALTER TABLE [ERPSettings].[RadioButtonComponentDetails] DROP CONSTRAINT [FK_RadioButtonComponentDetails_Component]
ALTER TABLE [ERPSettings].[Relation] DROP CONSTRAINT [FK_Relation_PredicateFormat]
ALTER TABLE [ERPSettings].[RadioButtonComponent] DROP CONSTRAINT [FK_RadioButtonComponent_Component]

ALTER TABLE [ERPSettings].[FunctionnalityModule] DROP CONSTRAINT [FK_FunctionnalityModule_Functionality]
ALTER TABLE [ERPSettings].[FunctionnalityModule] DROP CONSTRAINT [FK_FunctionnalityModule_Module]
ALTER TABLE [ERPSettings].[ButtonComponent] DROP CONSTRAINT [FK_ButtonComponent_Component]
ALTER TABLE [ERPSettings].[ButtonComponent] DROP CONSTRAINT [FK_ButtonComponent_ServiceParameters]
ALTER TABLE [ERPSettings].[CheckBoxComponent] DROP CONSTRAINT [FK_CheckBoxComponent_Component]

ALTER TABLE [ERPSettings].[Menu] DROP CONSTRAINT [FK_Menu_Functionality]
ALTER TABLE [ERPSettings].[Filter] DROP CONSTRAINT [FK_Filter_PredicateFormat]
ALTER TABLE [ERPSettings].[InputDatePickerOptions] DROP CONSTRAINT [FK_InputDatePickerOptions_InputComponent]

ALTER TABLE [ERPSettings].[LabelComponent] DROP CONSTRAINT [FK_LabelComponent_Component]
ALTER TABLE [ERPSettings].[ComboBoxOptions] DROP CONSTRAINT [FK_ComboBoxOptions_ComboBoxComponent]
ALTER TABLE [ERPSettings].[RoleInfo] DROP CONSTRAINT [FK_Information_RoleInfo]
ALTER TABLE [ERPSettings].[RoleInfo] DROP CONSTRAINT [FK_Role_RoleInfo]
ALTER TABLE [ERPSettings].[CheckBoxComponentDetails] DROP CONSTRAINT [FK_CheckBoxDetailsComponent_Component]
ALTER TABLE [ERPSettings].[GridDataSource] DROP CONSTRAINT [FK_GridDataSource_GridOptions]
ALTER TABLE [ERPSettings].[GridDataSource] DROP CONSTRAINT [FK_GridDataSource_ServiceParameters]
ALTER TABLE [ERPSettings].[Module] DROP CONSTRAINT [FK_Module_Module]
ALTER TABLE [ERPSettings].[UserRole] DROP CONSTRAINT [FK_UserRole_Role]
ALTER TABLE [ERPSettings].[UserRole] DROP CONSTRAINT [FK_UserRole_User]
ALTER TABLE [ERPSettings].[ComboBoxDataSourceItems] DROP CONSTRAINT [FK_ComboBoxDataSourceItems_ComboBoxDataSource]
ALTER TABLE [ERPSettings].[ComboBoxDataSource] DROP CONSTRAINT [FK_ComboBoxDataSource_ComboBoxOptions]
ALTER TABLE [ERPSettings].[ComboBoxDataSource] DROP CONSTRAINT [FK_ComboBoxDataSource_ServiceParameters]

ALTER TABLE [ERPSettings].[FieldSetComponent] DROP CONSTRAINT [FK_FieldSetComponent_Component]
ALTER TABLE [ERPSettings].[EntityCodification] DROP CONSTRAINT [FK_EntityCodification_Codification]
ALTER TABLE [ERPSettings].[EntityCodification] DROP CONSTRAINT [FK_EntityCodification_Entity]
ALTER TABLE [ERPSettings].[Entity] DROP CONSTRAINT [FK_Entity_Entity]

ALTER TABLE [ERPSettings].[GridComponent] DROP CONSTRAINT [FK_GridComponent_Component]

ALTER TABLE [ERPSettings].[ReportParameters] DROP CONSTRAINT [FK_ReportViewerParameters_ReportViewerComponent]
ALTER TABLE [ERPSettings].[ReportComponent] DROP CONSTRAINT [FK_ReportViewerComponent_Component]

ALTER TABLE [ERPSettings].[ModuleByUser] DROP CONSTRAINT [FK_ModuleByUser_Module]
ALTER TABLE [ERPSettings].[ModuleByUser] DROP CONSTRAINT [FK_ModuleByUser_User]
ALTER TABLE [ERPSettings].[Information] DROP CONSTRAINT [FK_Information_Functionality]

ALTER TABLE [ERPSettings].[OrderBy] DROP CONSTRAINT [FK_OrderBy_PredicateFormat]
ALTER TABLE [ERPSettings].[ComponentByRole] DROP CONSTRAINT [FK_ViewConfigurationRole_ViewConfiguration]
ALTER TABLE [ERPSettings].[ComponentByRole] DROP CONSTRAINT [FK_ViewConfigurationRole_Role]
ALTER TABLE [ERPSettings].[GridButtonComponent] DROP CONSTRAINT [FK_GridButtonComponent_ServiceParameters]
ALTER TABLE [ERPSettings].[GridButtonComponent] DROP CONSTRAINT [FK_GridButtonComponent_Component]
ALTER TABLE [ERPSettings].[FormComponent] DROP CONSTRAINT [FK_FormComponent_Component]
ALTER TABLE [ERPSettings].[FormComponent] DROP CONSTRAINT [FK_FormComponent_ServiceParameters]

ALTER TABLE [ERPSettings].[ModuleByRole] DROP CONSTRAINT [FK_ModuleByRole_Module]
ALTER TABLE [ERPSettings].[ModuleByRole] DROP CONSTRAINT [FK_ModuleByRole_Role]
ALTER TABLE [ERPSettings].[ComboBoxComponent] DROP CONSTRAINT [FK_ComboboxComponent_Component]
ALTER TABLE [ERPSettings].[ToolBarItem] DROP CONSTRAINT [FK_ToolBarItemToolBarOptions]
ALTER TABLE [ERPSettings].[ToolBarOptions] DROP CONSTRAINT [FK_ToolBarOptionsToolbarComponent]

ALTER TABLE [ERPSettings].[DropDownListOptions] DROP CONSTRAINT [FK_DropDownListOptions_DropDownListComponent]

ALTER TABLE [ERPSettings].[BarCodeComponent] DROP CONSTRAINT [FK_BarCodeComponent_Component]
ALTER TABLE [ERPSettings].[BarCodeComponent] DROP CONSTRAINT [FK_BarCodeComponent_InputComponent]
ALTER TABLE [ERPSettings].[InputComponent] DROP CONSTRAINT [FK_InputComponent_Component]

ALTER TABLE [ERPSettings].[FunctionnalityByUser] DROP CONSTRAINT [FK_FunctionnalityByUser_Functionality]
ALTER TABLE [ERPSettings].[FunctionnalityByUser] DROP CONSTRAINT [FK_FunctionnalityByUser_User]

ALTER TABLE [ERPSettings].[GridColumnComponent] DROP CONSTRAINT [FK_GridColumnComponent_Component]

ALTER TABLE [ERPSettings].[ComponentByUser] DROP CONSTRAINT [FK_ComponentByUser_User]
ALTER TABLE [ERPSettings].[ComponentByUser] DROP CONSTRAINT [FK_ComponentByUser_Component]

ALTER TABLE [ERPSettings].[DropDownListComponent] DROP CONSTRAINT [FK_DropDownListComponent_Component]

ALTER TABLE [ERPSettings].[ToolBarComponent] DROP CONSTRAINT [FK_ComponentToolbarComponent]
ALTER TABLE [ERPSettings].[QrCodeComponent] DROP CONSTRAINT [FK_QrCodeComponent_Component]
ALTER TABLE [ERPSettings].[QrCodeComponent] DROP CONSTRAINT [FK_QrCodeComponent_InputComponent]
ALTER TABLE [ERPSettings].[FunctionalityByRole] DROP CONSTRAINT [FK_FunctionalityRole_Role]
ALTER TABLE [ERPSettings].[FunctionalityByRole] DROP CONSTRAINT [FK_FunctionalityRole_Functionality]
ALTER TABLE [ERPSettings].[Functionality] DROP CONSTRAINT [FK_Functionality_RequestType]

ALTER TABLE [ERPSettings].[DropDownListDataSource] DROP CONSTRAINT [FK_DropDownListDataSource_DropDownListOptions]
ALTER TABLE [ERPSettings].[DropDownListDataSource] DROP CONSTRAINT [FK_DropDownListDataSource_ServiceParameters]
ALTER TABLE [ERPSettings].[ServiceParameters] DROP CONSTRAINT [FK_ServiceParameters_PredicateFormat]
ALTER TABLE [ERPSettings].[ColumnMenuComponent] DROP CONSTRAINT [FK_ComponentColumnMenu]
ALTER TABLE [ERPSettings].[UserInfo] DROP CONSTRAINT [FK_Info_UserInfo]
ALTER TABLE [ERPSettings].[UserInfo] DROP CONSTRAINT [FK_User_UserInfo]

ALTER TABLE [ERPSettings].[ImageComponent] DROP CONSTRAINT [FK_ImageComponent_Component]
ALTER TABLE [ERPSettings].[Component] DROP CONSTRAINT [FK_Component_Component1]
ALTER TABLE [ERPSettings].[Component] DROP CONSTRAINT [FK_Component_Functionality]
ALTER TABLE [ERPSettings].[Component] DROP CONSTRAINT [FK_Component_Component]
DELETE FROM [ERPSettings].[ButtonComponent] WHERE [IdComponent]=N'cce50a45-1307-4202-8a0e-93753ea9279e'
DELETE FROM [ERPSettings].[CheckBoxComponent] WHERE [IdComponent]=N'afa01b19-7c81-4e65-8752-6c95977a5984'

DELETE FROM [ERPSettings].[ComponentByRole] WHERE [IdComponent]=N'0c4baa62-dfc7-4253-9e66-43183942cf8f'
DELETE FROM [ERPSettings].[ComponentByRole] WHERE [IdComponent]=N'4eb12ff7-eb10-4d5f-ae11-0a13e7aa7b1a'
DELETE FROM [ERPSettings].[ComponentByRole] WHERE [IdComponent]=N'7f2ed301-374f-4a64-aad9-84b8164734fd'
DELETE FROM [ERPSettings].[ComponentByRole] WHERE [IdComponent]=N'9a585997-181a-4543-8659-590657cd3c64'
DELETE FROM [ERPSettings].[ComponentByRole] WHERE [IdComponent]=N'a64c2f40-942f-49e5-a18b-091ba1a5d608'
DELETE FROM [ERPSettings].[ComponentByRole] WHERE [IdComponent]=N'afa01b19-7c81-4e65-8752-6c95977a5984'
DELETE FROM [ERPSettings].[ComponentByRole] WHERE [IdComponent]=N'cce50a45-1307-4202-8a0e-93753ea9279e'
DELETE FROM [ERPSettings].[ComponentByRole] WHERE [IdComponent]=N'd478cb67-4152-47ea-abeb-31376dd28c31'
DELETE FROM [ERPSettings].[ComponentByRole] WHERE [IdComponent]=N'fe78f795-cc48-4fca-ab7f-aac3c0ec36a2'

DELETE FROM [ERPSettings].[InputComponent] WHERE [IdComponent]=N'4eb12ff7-eb10-4d5f-ae11-0a13e7aa7b1a'
DELETE FROM [ERPSettings].[InputComponent] WHERE [IdComponent]=N'7f2ed301-374f-4a64-aad9-84b8164734fd'
DELETE FROM [ERPSettings].[InputComponent] WHERE [IdComponent]=N'9a585997-181a-4543-8659-590657cd3c64'
DELETE FROM [ERPSettings].[InputComponent] WHERE [IdComponent]=N'd478cb67-4152-47ea-abeb-31376dd28c31'
DELETE FROM [ERPSettings].[InputComponent] WHERE [IdComponent]=N'fe78f795-cc48-4fca-ab7f-aac3c0ec36a2'
DELETE FROM [ERPSettings].[ServiceParameters] WHERE [IdServiceParameters]=N'b651398c-7ee7-44df-8a76-929137c82138'

DELETE FROM [ERPSettings].[Component] WHERE [IdComponent]=N'0c4baa62-dfc7-4253-9e66-43183942cf8f'
DELETE FROM [ERPSettings].[Component] WHERE [IdComponent]=N'4eb12ff7-eb10-4d5f-ae11-0a13e7aa7b1a'
DELETE FROM [ERPSettings].[Component] WHERE [IdComponent]=N'7f2ed301-374f-4a64-aad9-84b8164734fd'
DELETE FROM [ERPSettings].[Component] WHERE [IdComponent]=N'9a585997-181a-4543-8659-590657cd3c64'
DELETE FROM [ERPSettings].[Component] WHERE [IdComponent]=N'a64c2f40-942f-49e5-a18b-091ba1a5d608'
DELETE FROM [ERPSettings].[Component] WHERE [IdComponent]=N'afa01b19-7c81-4e65-8752-6c95977a5984'
DELETE FROM [ERPSettings].[Component] WHERE [IdComponent]=N'cce50a45-1307-4202-8a0e-93753ea9279e'
DELETE FROM [ERPSettings].[Component] WHERE [IdComponent]=N'd478cb67-4152-47ea-abeb-31376dd28c31'
DELETE FROM [ERPSettings].[Component] WHERE [IdComponent]=N'fe78f795-cc48-4fca-ab7f-aac3c0ec36a2'

UPDATE [ERPSettings].[Menu] SET [Rank]=3 WHERE [IdMenu]=N'9fbe370f-d5d9-4191-b9f5-d53ae0cab374'
UPDATE [ERPSettings].[Filter] SET [Prop]=N'IdConstantRate' WHERE [IdFilter]=N'fa99e439-05e0-4cfc-bcf2-b5d9726c7b8f'
UPDATE [ERPSettings].[GridColumnComponent] SET [field]=N'Date' WHERE [IdComponent]=N'587ab7c7-1007-4409-ba9f-321a094087f5'
UPDATE [ERPSettings].[GridColumnComponent] SET [field]=N'Value' WHERE [IdComponent]=N'7fa2bdb8-363d-4a00-9c2f-234051e82e13'
UPDATE [ERPSettings].[GridColumnComponent] SET [field]=N'Date' WHERE [IdComponent]=N'a7feac0c-3467-43bf-b501-af347ec3044f'
UPDATE [ERPSettings].[GridColumnComponent] SET [field]=N'SalaryRate' WHERE [IdComponent]=N'c92b8e2e-1031-45e8-84b8-656c6ce15b8f'
UPDATE [ERPSettings].[GridColumnComponent] SET [field]=N'EmployerRate' WHERE [IdComponent]=N'de71bd0c-f31d-474e-833e-3b359a5b952a'
UPDATE [ERPSettings].[ServiceParameters] SET [TModel]=N'ConstantRateValidityPeriod' WHERE [IdServiceParameters]=N'2b431601-01f8-4a63-866c-b41a3824ff96'
UPDATE [ERPSettings].[ServiceParameters] SET [TModel]=N'ConstantValueValidityPeriod' WHERE [IdServiceParameters]=N'30490522-7179-4d66-8251-efadb2726f52'
UPDATE [ERPSettings].[Component] SET [EntityName]=N'ConstantValueValidityPeriod' WHERE [IdComponent]=N'22b6ad6c-2cea-4aa0-bc07-dec2114c0ca0'
UPDATE [ERPSettings].[Component] SET [rank]=4 WHERE [IdComponent]=N'26398807-2db3-4864-be5b-9db67beb9007'
UPDATE [ERPSettings].[Component] SET [ComponentName]=N'Date', [EntityName]=N'ConstantRateValidityPeriod' WHERE [IdComponent]=N'37ad7fdd-89fd-4c6f-bd85-ebca2d264b28'
UPDATE [ERPSettings].[Component] SET [EntityName]=N'ConstantRateValidityPeriod' WHERE [IdComponent]=N'46407b89-4543-4e04-ad48-cf252d068285'
UPDATE [ERPSettings].[Component] SET [ComponentName]=N'Date', [EntityName]=N'ConstantValueValidityPeriod' WHERE [IdComponent]=N'587ab7c7-1007-4409-ba9f-321a094087f5'
UPDATE [ERPSettings].[Component] SET [EntityName]=N'ConstantRateValidityPeriod' WHERE [IdComponent]=N'606467e2-605c-4c83-838c-5474945433e7'
UPDATE [ERPSettings].[Component] SET [EntityName]=N'ConstantValueValidityPeriod' WHERE [IdComponent]=N'609556f9-a274-4ca5-b415-e968b435db42'
UPDATE [ERPSettings].[Component] SET [EntityName]=N'ConstantRateValidityPeriod' WHERE [IdComponent]=N'6fa48d9c-1b36-4994-95f4-c180c1837db9'
UPDATE [ERPSettings].[Component] SET [EntityName]=N'SalaryRule' WHERE [IdComponent]=N'73e79507-7fd2-4d68-a293-2cb82bbdbb12'
UPDATE [ERPSettings].[Component] SET [EntityName]=N'ConstantRateValidityPeriod' WHERE [IdComponent]=N'7e9e5cb7-350b-4ec0-9b04-30bd5613f2c3'
UPDATE [ERPSettings].[Component] SET [ComponentName]=N'Value', [EN]=N'Value' WHERE [IdComponent]=N'7fa2bdb8-363d-4a00-9c2f-234051e82e13'
UPDATE [ERPSettings].[Component] SET [EntityName]=N'ConstantValueValidityPeriod' WHERE [IdComponent]=N'8dffc72a-5d02-4739-a423-611c2270ad1e'
UPDATE [ERPSettings].[Component] SET [ComponentName]=N'Date', [EN]=N'Start period', [EntityName]=N'ConstantValueValidityPeriod' WHERE [IdComponent]=N'915a1adf-2db1-4e8c-91fd-5a198afd6e4a'
UPDATE [ERPSettings].[Component] SET [ComponentName]=N'ConstantValueValidityPeriod', [IdButton]=N'e793b94f-af29-4cdd-a8f7-0d7553eca4b0', [EntityName]=N'ConstantValueValidityPeriod' WHERE [IdComponent]=N'93f45383-0977-40cf-bdb6-bb7b6d96d2c3'
UPDATE [ERPSettings].[Component] SET [EntityName]=N'ConstantValueValidityPeriod' WHERE [IdComponent]=N'a7d61d80-4cba-471d-84df-d167590b4bb8'
UPDATE [ERPSettings].[Component] SET [ComponentName]=N'Date', [EntityName]=N'ConstantRateValidityPeriod' WHERE [IdComponent]=N'a7feac0c-3467-43bf-b501-af347ec3044f'
UPDATE [ERPSettings].[Component] SET [EntityName]=N'ConstantRateValidityPeriod' WHERE [IdComponent]=N'b1ca792d-9536-4dc0-bcfc-33ad3e337ef6'
UPDATE [ERPSettings].[Component] SET [EntityName]=N'ConstantRateValidityPeriod' WHERE [IdComponent]=N'bdbad67f-cdf9-48d5-9a09-b0d0b8681321'
UPDATE [ERPSettings].[Component] SET [ComponentName]=N'ConstantRateValidityPeriod', [IdButton]=N'fdf817d9-aae7-4f6a-8833-0183bbf22d7f' WHERE [IdComponent]=N'c2296ff4-d68c-49a1-ba84-330d59f32f7f'
UPDATE [ERPSettings].[Component] SET [ComponentName]=N'SalaryRate', [EntityName]=N'ConstantRateValidityPeriod' WHERE [IdComponent]=N'c92b8e2e-1031-45e8-84b8-656c6ce15b8f'
UPDATE [ERPSettings].[Component] SET [EntityName]=N'ConstantValueValidityPeriod' WHERE [IdComponent]=N'cb63a73b-39ed-4c05-b0ce-090d2d769ba3'
UPDATE [ERPSettings].[Component] SET [class]=N'row' WHERE [IdComponent]=N'cfe5e6fa-d5c5-469f-8421-1dc9a8fca122'
UPDATE [ERPSettings].[Component] SET [EntityName]=N'ConstantRateValidityPeriod' WHERE [IdComponent]=N'd88ae0ad-a154-411c-baca-f93e43a48e74'
UPDATE [ERPSettings].[Component] SET [ComponentName]=N'EmployerRate', [EntityName]=N'ConstantRateValidityPeriod' WHERE [IdComponent]=N'de71bd0c-f31d-474e-833e-3b359a5b952a'
UPDATE [ERPSettings].[Component] SET [EntityName]=N'ConstantValueValidityPeriod' WHERE [IdComponent]=N'e59157b4-7d33-457c-9e22-43bb15bb7d42'
UPDATE [ERPSettings].[Component] SET [EntityName]=N'ConstantRateValidityPeriod' WHERE [IdComponent]=N'f48646f5-7406-4be8-9f50-77f848ee67ab'
UPDATE [ERPSettings].[Component] SET [EntityName]=N'ConstantValueValidityPeriod' WHERE [IdComponent]=N'f8e3b5d8-aa96-43bc-b0f4-d1e94c6f6e01'
INSERT INTO [ERPSettings].[Component] ([IdComponent], [rank], [ComponentName], [IdComponentType], [IdFunctionality], [IdComponentParent], [FR], [EN], [AR], [DE], [CH], [ES], [IdButton], [classDiv], [classLabel], [class], [IsEncapsulated], [IdComponentChangedBy], [EntityName], [style], [ng_hide], [IsToInitialize], [IdFunctionalityForm], [IsFireChange]) VALUES (N'015332fe-8331-47c4-ae62-2faf1d1ad1b5', 1, N'DIV2', 9, N'336fdb14-6186-41c2-b2ff-98c99ea25c5f', N'7e38138c-82a6-4555-9100-9289fc6dc32d', NULL, NULL, NULL, NULL, NULL, NULL, NULL, N'', N'', N'row', 0, NULL, N'SalaryRule', NULL, NULL, 1, N'336fdb14-6186-41c2-b2ff-98c99ea25c5f', NULL)
INSERT INTO [ERPSettings].[Component] ([IdComponent], [rank], [ComponentName], [IdComponentType], [IdFunctionality], [IdComponentParent], [FR], [EN], [AR], [DE], [CH], [ES], [IdButton], [classDiv], [classLabel], [class], [IsEncapsulated], [IdComponentChangedBy], [EntityName], [style], [ng_hide], [IsToInitialize], [IdFunctionalityForm], [IsFireChange]) VALUES (N'019d04b1-234d-4b71-afa3-ef11f67559c2', 1, N'BUTTON1', 7, N'71a1d18f-85e1-4c77-ac51-fd731dcd925f', N'5175e7df-bce6-4196-9624-64935c11ab34', N'Enregistrer', N'Save', N'Enregistrer_AR', N'Enregistrer_DE', N'Enregistrer_CH', N'Enregistrer_ES', NULL, N'form-group col-lg-12 col-md-12 col-sm-12', N'col-lg-4 col-md-4 col-sm-4', N'k-button', 0, NULL, N'Payslip', NULL, NULL, 1, N'71a1d18f-85e1-4c77-ac51-fd731dcd925f', NULL)
INSERT INTO [ERPSettings].[Component] ([IdComponent], [rank], [ComponentName], [IdComponentType], [IdFunctionality], [IdComponentParent], [FR], [EN], [AR], [DE], [CH], [ES], [IdButton], [classDiv], [classLabel], [class], [IsEncapsulated], [IdComponentChangedBy], [EntityName], [style], [ng_hide], [IsToInitialize], [IdFunctionalityForm], [IsFireChange]) VALUES (N'01c0bc3e-6804-4676-8f12-ae68e015a3bc', 7, N'IdRuleType', 4, N'05d45e13-6184-4085-b9b2-86015af49e11', N'e67eb891-e1b6-4f8a-8e1d-f21369a4e2ab', N'Type de règle', N'Rule type', N'', N'', N'', N'', NULL, N'col-lg-12 col-md-12 col-sm-12', N'col-lg-4 col-md-4 col-sm-4', N'', 0, NULL, N'SalaryRule', NULL, NULL, 1, N'05d45e13-6184-4085-b9b2-86015af49e11', NULL)
INSERT INTO [ERPSettings].[Component] ([IdComponent], [rank], [ComponentName], [IdComponentType], [IdFunctionality], [IdComponentParent], [FR], [EN], [AR], [DE], [CH], [ES], [IdButton], [classDiv], [classLabel], [class], [IsEncapsulated], [IdComponentChangedBy], [EntityName], [style], [ng_hide], [IsToInitialize], [IdFunctionalityForm], [IsFireChange]) VALUES (N'04aecf7a-4b69-494b-85ba-d21db83cac80', 1, N'BUTTON1', 7, N'831becf0-0744-4fe4-b79c-dec135cee846', N'd1c1a29b-079b-4a7e-995f-5e449fc7e10a', N'Ajouter une strcuture salariale', N'Add salary structure', N'', N'', N'', N'', NULL, N'form-group col-lg-4 col-md-4 col-sm-4', N'col-lg-4 col-md-4 col-sm-4', N'k-button', 0, NULL, N'SalaryStructure', NULL, NULL, 1, N'831becf0-0744-4fe4-b79c-dec135cee846', NULL)
INSERT INTO [ERPSettings].[Component] ([IdComponent], [rank], [ComponentName], [IdComponentType], [IdFunctionality], [IdComponentParent], [FR], [EN], [AR], [DE], [CH], [ES], [IdButton], [classDiv], [classLabel], [class], [IsEncapsulated], [IdComponentChangedBy], [EntityName], [style], [ng_hide], [IsToInitialize], [IdFunctionalityForm], [IsFireChange]) VALUES (N'0663e421-cd75-4819-8d35-c79269ec7898', 1, N'DIVCONTAINER1', 17, N'712d6299-495e-45ce-9010-20e4ad36834a', N'55a84d3a-b6d7-4afe-bfbf-d4b7863426c2', N'Ajouter une structure salariale', N'Add salary structure', N'', N'', N'', N'', NULL, N'col-lg-12 col-md-12 col-sm-12', N'', N'', 0, NULL, N'Variable', NULL, NULL, 1, N'712d6299-495e-45ce-9010-20e4ad36834a', NULL)
INSERT INTO [ERPSettings].[Component] ([IdComponent], [rank], [ComponentName], [IdComponentType], [IdFunctionality], [IdComponentParent], [FR], [EN], [AR], [DE], [CH], [ES], [IdButton], [classDiv], [classLabel], [class], [IsEncapsulated], [IdComponentChangedBy], [EntityName], [style], [ng_hide], [IsToInitialize], [IdFunctionalityForm], [IsFireChange]) VALUES (N'0846c2cb-31b1-46fa-a1d3-308cb59b4421', 1, N'DIV1', 9, N'05d45e13-6184-4085-b9b2-86015af49e11', N'768bccfa-9efa-4fbd-9fb0-ca1bf6d49952', N'DIV1', N'DIV1', N'DIV1_AR', N'DIV1_DE', N'DIV1_CH', N'DIV1_ES', NULL, N'', N'', N'', 0, NULL, N'SalaryRule', N'', NULL, 1, N'05d45e13-6184-4085-b9b2-86015af49e11', NULL)
INSERT INTO [ERPSettings].[Component] ([IdComponent], [rank], [ComponentName], [IdComponentType], [IdFunctionality], [IdComponentParent], [FR], [EN], [AR], [DE], [CH], [ES], [IdButton], [classDiv], [classLabel], [class], [IsEncapsulated], [IdComponentChangedBy], [EntityName], [style], [ng_hide], [IsToInitialize], [IdFunctionalityForm], [IsFireChange]) VALUES (N'0850ad0d-989f-4ab6-a7ee-9e497458e5d6', 2, N'Value', 4, N'12e2ecc5-d861-4680-9310-92422a3e2593', N'28326791-35e2-4bf1-bd23-2a4fa83909f2', N'Valeur', N'Value', N'', N'', N'', N'', NULL, N'col-lg-12 col-md-12 col-sm-12', N'col-lg-4 col-md-4 col-sm-4', N'', 0, NULL, N'ConstantValue', NULL, NULL, 1, N'12e2ecc5-d861-4680-9310-92422a3e2593', NULL)
INSERT INTO [ERPSettings].[Component] ([IdComponent], [rank], [ComponentName], [IdComponentType], [IdFunctionality], [IdComponentParent], [FR], [EN], [AR], [DE], [CH], [ES], [IdButton], [classDiv], [classLabel], [class], [IsEncapsulated], [IdComponentChangedBy], [EntityName], [style], [ng_hide], [IsToInitialize], [IdFunctionalityForm], [IsFireChange]) VALUES (N'09326505-d9d3-4930-9a35-a2a5e6000635', 1, N'Value', 1, N'12e2ecc5-d861-4680-9310-92422a3e2593', N'522f6399-8856-46b0-a75b-25adeeef91fb', N'Valeur', N'Value', N'', N'', N'', N'', N'9d65d896-7a15-4546-8597-b7fb7b2c92b6', N'form-group col-lg-12 col-md-12 col-sm-12', N'col-lg-4 col-md-4 col-sm-4', N'', 0, NULL, N'ConstantValueValidityPeriod', NULL, NULL, 1, N'12e2ecc5-d861-4680-9310-92422a3e2593', NULL)
INSERT INTO [ERPSettings].[Component] ([IdComponent], [rank], [ComponentName], [IdComponentType], [IdFunctionality], [IdComponentParent], [FR], [EN], [AR], [DE], [CH], [ES], [IdButton], [classDiv], [classLabel], [class], [IsEncapsulated], [IdComponentChangedBy], [EntityName], [style], [ng_hide], [IsToInitialize], [IdFunctionalityForm], [IsFireChange]) VALUES (N'098411db-2944-4318-b918-6a7a48f90db8', 2, N'GRIDBUTTON1', 16, N'05d45e13-6184-4085-b9b2-86015af49e11', N'da0a17a4-dbdd-4271-b7e6-4229fb24f743', N'Supprimer', N'Delete', N'Delete_AR', N'Delete_DE', N'Delete_CH', N'Delete_ES', N'f8e3b5d8-aa96-43bc-b0f4-d1e94c6f6e01', N'col-lg-12 col-md-12 col-sm-12', N'col-lg-4 col-md-4 col-sm-4', N'glyphicon glyphicon-trash', 1, NULL, N'SalaryRule', NULL, NULL, 1, N'05d45e13-6184-4085-b9b2-86015af49e11', NULL)
INSERT INTO [ERPSettings].[Component] ([IdComponent], [rank], [ComponentName], [IdComponentType], [IdFunctionality], [IdComponentParent], [FR], [EN], [AR], [DE], [CH], [ES], [IdButton], [classDiv], [classLabel], [class], [IsEncapsulated], [IdComponentChangedBy], [EntityName], [style], [ng_hide], [IsToInitialize], [IdFunctionalityForm], [IsFireChange]) VALUES (N'0993c352-51d3-49d5-8ec6-8cad2dd2f1c2', 1, N'Reference', 1, N'5d854334-c1b7-48c8-8811-7a37ca16dc7b', N'16a7efd4-0ae2-43cf-88d6-066ae1736a61', N'Reference', N'Reference', N'Reference', N'Reference', N'Reference', N'Reference', N'ee51a5db-eb44-4506-ab5d-13ee26446ab3', N'form-group col-lg-12 col-md-12 col-sm-12', N'col-lg-2 col-md-2 col-sm-2', N'k-textbox', 0, NULL, N'Variable', NULL, NULL, 1, N'5d854334-c1b7-48c8-8811-7a37ca16dc7b', NULL)
INSERT INTO [ERPSettings].[Component] ([IdComponent], [rank], [ComponentName], [IdComponentType], [IdFunctionality], [IdComponentParent], [FR], [EN], [AR], [DE], [CH], [ES], [IdButton], [classDiv], [classLabel], [class], [IsEncapsulated], [IdComponentChangedBy], [EntityName], [style], [ng_hide], [IsToInitialize], [IdFunctionalityForm], [IsFireChange]) VALUES (N'0cb3f755-6c1a-4ec1-9c74-becd40f046cb', 1, N'DIV1', 9, N'12e2ecc5-d861-4680-9310-92422a3e2593', N'7362432d-2574-4ed9-b0ef-3d679f333a40', N'DIV1', N'DIV1_EN', N'DIV1_AR', N'DIV1_DE', N'DIV1_CH', N'DIV1_ES', NULL, N'', N'', N'col-lg-6 col-md-6 col-sm-6', 0, NULL, N'ConstantValue', NULL, NULL, 1, N'12e2ecc5-d861-4680-9310-92422a3e2593', NULL)
INSERT INTO [ERPSettings].[Component] ([IdComponent], [rank], [ComponentName], [IdComponentType], [IdFunctionality], [IdComponentParent], [FR], [EN], [AR], [DE], [CH], [ES], [IdButton], [classDiv], [classLabel], [class], [IsEncapsulated], [IdComponentChangedBy], [EntityName], [style], [ng_hide], [IsToInitialize], [IdFunctionalityForm], [IsFireChange]) VALUES (N'0f73f30f-0793-49ae-8b03-a0530b72ae00', 2, N'GRIDBUTTON2', 16, N'322d8fea-9553-46c1-a83b-24276d046f53', N'1618b273-e82e-4b23-b345-dfca25f34363', N'Supprimer', N'Delete', N'Supprimer_AR', N'Supprimer_DE', N'Supprimer_CH', N'Supprimer_ES', NULL, N'col-lg-12 col-md-12 col-sm-12', N'col-lg-4 col-md-4 col-sm-4', N'glyphicon glyphicon-trash', 1, NULL, N'Variable', NULL, NULL, 1, N'322d8fea-9553-46c1-a83b-24276d046f53', NULL)
INSERT INTO [ERPSettings].[Component] ([IdComponent], [rank], [ComponentName], [IdComponentType], [IdFunctionality], [IdComponentParent], [FR], [EN], [AR], [DE], [CH], [ES], [IdButton], [classDiv], [classLabel], [class], [IsEncapsulated], [IdComponentChangedBy], [EntityName], [style], [ng_hide], [IsToInitialize], [IdFunctionalityForm], [IsFireChange]) VALUES (N'0fa0d240-9202-44bf-a1d3-f3ad0464c1eb', 1, N'GRID2', 3, N'e741ea2c-4b8a-4f2c-b06f-b0da4cab8695', N'a1fbf199-7072-4543-b602-d40250e21328', N'Constante taux', N'Constant rate', N'', N'', N'', N'', N'c6319f2b-69c9-4f08-8df1-526e88a9fef4', N'col-lg-12 col-md-12 col-sm-12', N'col-lg-4 col-md-4 col-sm-4', N'', 0, NULL, N'ConstantRate', NULL, NULL, 1, N'e741ea2c-4b8a-4f2c-b06f-b0da4cab8695', NULL)
INSERT INTO [ERPSettings].[Component] ([IdComponent], [rank], [ComponentName], [IdComponentType], [IdFunctionality], [IdComponentParent], [FR], [EN], [AR], [DE], [CH], [ES], [IdButton], [classDiv], [classLabel], [class], [IsEncapsulated], [IdComponentChangedBy], [EntityName], [style], [ng_hide], [IsToInitialize], [IdFunctionalityForm], [IsFireChange]) VALUES (N'0ffce95f-55ad-4e99-8389-fc7d55b0b74a', 1, N'BUTTON1', 7, N'5d854334-c1b7-48c8-8811-7a37ca16dc7b', N'78c05ff4-0ae9-48af-8c9a-6be91165f3c4', N'Retourner à la liste', N'Back to list', N'Retourner à la liste_AR', N'Retourner à la liste_DE', N'Retourner à la liste_CH', N'Retourner à la liste_ES', NULL, N'form-group col-lg-12 col-md-12 col-sm-12', N'col-lg-4 col-md-4 col-sm-4', N'k-button', 0, NULL, N'Variable', NULL, NULL, 1, N'5d854334-c1b7-48c8-8811-7a37ca16dc7b', NULL)
INSERT INTO [ERPSettings].[Component] ([IdComponent], [rank], [ComponentName], [IdComponentType], [IdFunctionality], [IdComponentParent], [FR], [EN], [AR], [DE], [CH], [ES], [IdButton], [classDiv], [classLabel], [class], [IsEncapsulated], [IdComponentChangedBy], [EntityName], [style], [ng_hide], [IsToInitialize], [IdFunctionalityForm], [IsFireChange]) VALUES (N'10af286f-ff0e-4a30-a944-59acc369a929', 2, N'Name', 4, N'05d45e13-6184-4085-b9b2-86015af49e11', N'e67eb891-e1b6-4f8a-8e1d-f21369a4e2ab', N'Nom', N'Name', N'', N'', N'', N'', NULL, N'col-lg-12 col-md-12 col-sm-12', N'col-lg-4 col-md-4 col-sm-4', N'', 0, NULL, N'SalaryRule', NULL, NULL, 1, N'05d45e13-6184-4085-b9b2-86015af49e11', NULL)
INSERT INTO [ERPSettings].[Component] ([IdComponent], [rank], [ComponentName], [IdComponentType], [IdFunctionality], [IdComponentParent], [FR], [EN], [AR], [DE], [CH], [ES], [IdButton], [classDiv], [classLabel], [class], [IsEncapsulated], [IdComponentChangedBy], [EntityName], [style], [ng_hide], [IsToInitialize], [IdFunctionalityForm], [IsFireChange]) VALUES (N'1197cfa9-a5af-46aa-a5e7-179e295710b3', 1, N'DIV2', 9, N'5d854334-c1b7-48c8-8811-7a37ca16dc7b', N'610616af-d03d-4000-ad64-69c13dd8ebbc', N'DIV2', N'DIV2_EN', N'DIV2_AR', N'DIV2_DE', N'DIV2_CH', N'DIV2_ES', NULL, N'', N'', N'row text-center', 0, NULL, N'Variable', NULL, NULL, 1, N'5d854334-c1b7-48c8-8811-7a37ca16dc7b', NULL)
INSERT INTO [ERPSettings].[Component] ([IdComponent], [rank], [ComponentName], [IdComponentType], [IdFunctionality], [IdComponentParent], [FR], [EN], [AR], [DE], [CH], [ES], [IdButton], [classDiv], [classLabel], [class], [IsEncapsulated], [IdComponentChangedBy], [EntityName], [style], [ng_hide], [IsToInitialize], [IdFunctionalityForm], [IsFireChange]) VALUES (N'1427b441-2c56-44ef-9d4b-288278c0c362', 2, N'GRIDBUTTON2', 16, N'e741ea2c-4b8a-4f2c-b06f-b0da4cab8695', N'478477c0-d086-4989-be81-9891364a5188', N'Supprimer', N'Delete', N'Supprimer_AR', N'Supprimer_DE', N'Supprimer_CH', N'Supprimer_ES', NULL, N'col-lg-12 col-md-12 col-sm-12', N'col-lg-4 col-md-4 col-sm-4', N'glyphicon glyphicon-trash', 1, NULL, N'ConstantRate', NULL, NULL, 1, N'e741ea2c-4b8a-4f2c-b06f-b0da4cab8695', NULL)
INSERT INTO [ERPSettings].[Component] ([IdComponent], [rank], [ComponentName], [IdComponentType], [IdFunctionality], [IdComponentParent], [FR], [EN], [AR], [DE], [CH], [ES], [IdButton], [classDiv], [classLabel], [class], [IsEncapsulated], [IdComponentChangedBy], [EntityName], [style], [ng_hide], [IsToInitialize], [IdFunctionalityForm], [IsFireChange]) VALUES (N'145e80c1-bd75-4c79-823b-de4a1d30a0cb', 3, N'EmployerRate', 4, N'7a7cebf1-3ed2-4c49-8e2a-2647ac09572e', N'3ba6d383-ffcf-425f-b49e-79695cac7e1f', N'Taux patronal', N'Employer rate', N'', N'', N'', N'', NULL, N'col-lg-12 col-md-12 col-sm-12', N'col-lg-4 col-md-4 col-sm-4', N'', 0, NULL, N'ConstantRateValidityPeriod', NULL, NULL, 1, N'7a7cebf1-3ed2-4c49-8e2a-2647ac09572e', NULL)
INSERT INTO [ERPSettings].[Component] ([IdComponent], [rank], [ComponentName], [IdComponentType], [IdFunctionality], [IdComponentParent], [FR], [EN], [AR], [DE], [CH], [ES], [IdButton], [classDiv], [classLabel], [class], [IsEncapsulated], [IdComponentChangedBy], [EntityName], [style], [ng_hide], [IsToInitialize], [IdFunctionalityForm], [IsFireChange]) VALUES (N'14b30788-8648-4199-90a8-abca1cf7daf3', 1, N'GRIDBUTTON2', 16, N'12e2ecc5-d861-4680-9310-92422a3e2593', N'fa4a27e5-5cbe-4756-a1a1-a8c6402724ee', N'Mettre à jour', N'Update', N'Update_AR', N'Update_DE', N'Update_CH', N'Update_ES', N'9d65d896-7a15-4546-8597-b7fb7b2c92b6', N'col-lg-12 col-md-12 col-sm-12', N'col-lg-4 col-md-4 col-sm-4', N'glyphicon glyphicon-edit', 1, NULL, N'ConstantValueValidityPeriod', NULL, NULL, 1, N'12e2ecc5-d861-4680-9310-92422a3e2593', NULL)
INSERT INTO [ERPSettings].[Component] ([IdComponent], [rank], [ComponentName], [IdComponentType], [IdFunctionality], [IdComponentParent], [FR], [EN], [AR], [DE], [CH], [ES], [IdButton], [classDiv], [classLabel], [class], [IsEncapsulated], [IdComponentChangedBy], [EntityName], [style], [ng_hide], [IsToInitialize], [IdFunctionalityForm], [IsFireChange]) VALUES (N'151d1b8c-b035-4962-b2a2-418c5783cbb7', 1, N'DIV7', 9, N'336fdb14-6186-41c2-b2ff-98c99ea25c5f', N'015332fe-8331-47c4-ae62-2faf1d1ad1b5', NULL, NULL, NULL, NULL, NULL, NULL, NULL, N'', N'', N'col-lg-4 col-md-4 col-sm-4', 0, NULL, N'SalaryRule', NULL, NULL, 1, N'336fdb14-6186-41c2-b2ff-98c99ea25c5f', NULL)
INSERT INTO [ERPSettings].[Component] ([IdComponent], [rank], [ComponentName], [IdComponentType], [IdFunctionality], [IdComponentParent], [FR], [EN], [AR], [DE], [CH], [ES], [IdButton], [classDiv], [classLabel], [class], [IsEncapsulated], [IdComponentChangedBy], [EntityName], [style], [ng_hide], [IsToInitialize], [IdFunctionalityForm], [IsFireChange]) VALUES (N'15c6bd6e-dddc-4b4f-a135-9539942d10ff', 4, N'Rule', 4, N'05d45e13-6184-4085-b9b2-86015af49e11', N'e67eb891-e1b6-4f8a-8e1d-f21369a4e2ab', N'Ordre', N'Order', N'', N'', N'', N'', NULL, N'col-lg-12 col-md-12 col-sm-12', N'col-lg-4 col-md-4 col-sm-4', N'', 0, NULL, N'SalaryRule', NULL, NULL, 1, N'05d45e13-6184-4085-b9b2-86015af49e11', NULL)
INSERT INTO [ERPSettings].[Component] ([IdComponent], [rank], [ComponentName], [IdComponentType], [IdFunctionality], [IdComponentParent], [FR], [EN], [AR], [DE], [CH], [ES], [IdButton], [classDiv], [classLabel], [class], [IsEncapsulated], [IdComponentChangedBy], [EntityName], [style], [ng_hide], [IsToInitialize], [IdFunctionalityForm], [IsFireChange]) VALUES (N'1618b273-e82e-4b23-b345-dfca25f34363', 3, N'GRIDCOLUMN7', 4, N'322d8fea-9553-46c1-a83b-24276d046f53', N'cdaf935b-0075-41c4-b367-10635532f35d', N'GRIDCOLUMN7', N'GRIDCOLUMN7', N'GRIDCOLUMN7_AR', N'GRIDCOLUMN7_DE', N'GRIDCOLUMN7_CH', N'GRIDCOLUMN7_ES', NULL, N'col-lg-12 col-md-12 col-sm-12', N'col-lg-4 col-md-4 col-sm-4', N'', 0, NULL, N'Variable', NULL, NULL, 1, N'322d8fea-9553-46c1-a83b-24276d046f53', NULL)
INSERT INTO [ERPSettings].[Component] ([IdComponent], [rank], [ComponentName], [IdComponentType], [IdFunctionality], [IdComponentParent], [FR], [EN], [AR], [DE], [CH], [ES], [IdButton], [classDiv], [classLabel], [class], [IsEncapsulated], [IdComponentChangedBy], [EntityName], [style], [ng_hide], [IsToInitialize], [IdFunctionalityForm], [IsFireChange]) VALUES (N'1687a564-d769-4a6d-ade5-cf1df8ef44b6', 1, N'GRIDBUTTON2', 16, N'7a7cebf1-3ed2-4c49-8e2a-2647ac09572e', N'aa79d935-813a-466d-bd8d-e57bfdd589cc', N'Mettre à jour', N'Update', N'Update_AR', N'Update_DE', N'Update_CH', N'Update_ES', N'f64ebdc0-620e-4c5b-b33f-89fc54138abc', N'col-lg-12 col-md-12 col-sm-12', N'col-lg-4 col-md-4 col-sm-4', N'glyphicon glyphicon-edit', 1, NULL, N'ConstantRateValidityPeriod', NULL, NULL, 1, N'7a7cebf1-3ed2-4c49-8e2a-2647ac09572e', NULL)
INSERT INTO [ERPSettings].[Component] ([IdComponent], [rank], [ComponentName], [IdComponentType], [IdFunctionality], [IdComponentParent], [FR], [EN], [AR], [DE], [CH], [ES], [IdButton], [classDiv], [classLabel], [class], [IsEncapsulated], [IdComponentChangedBy], [EntityName], [style], [ng_hide], [IsToInitialize], [IdFunctionalityForm], [IsFireChange]) VALUES (N'16a7efd4-0ae2-43cf-88d6-066ae1736a61', 1, N'DIV1', 9, N'5d854334-c1b7-48c8-8811-7a37ca16dc7b', N'd735f4c8-6982-4264-8fff-68e9363df1ae', NULL, NULL, NULL, NULL, NULL, NULL, NULL, N'', N'', N'col-lg-12 col-md-12 col-sm-12', 0, NULL, N'Variable', N'padding-left:0px; padding-right:0px;', NULL, 1, N'5d854334-c1b7-48c8-8811-7a37ca16dc7b', NULL)
INSERT INTO [ERPSettings].[Component] ([IdComponent], [rank], [ComponentName], [IdComponentType], [IdFunctionality], [IdComponentParent], [FR], [EN], [AR], [DE], [CH], [ES], [IdButton], [classDiv], [classLabel], [class], [IsEncapsulated], [IdComponentChangedBy], [EntityName], [style], [ng_hide], [IsToInitialize], [IdFunctionalityForm], [IsFireChange]) VALUES (N'1726a79c-9700-412c-9e82-cbcb103fa61d', 1, N'BUTTON1', 7, N'71a1d18f-85e1-4c77-ac51-fd731dcd925f', N'56125a06-24ff-471a-b6e7-63ab39c662fc', N'Retourner à la liste', N'Back to list', N'Retourner à la liste_AR', N'Retourner à la liste_DE', N'Retourner à la liste_CH', N'Retourner à la liste_ES', NULL, N'form-group col-lg-12 col-md-12 col-sm-12', N'col-lg-4 col-md-4 col-sm-4', N'k-button', 0, NULL, N'Payslip', NULL, NULL, 1, N'71a1d18f-85e1-4c77-ac51-fd731dcd925f', NULL)
INSERT INTO [ERPSettings].[Component] ([IdComponent], [rank], [ComponentName], [IdComponentType], [IdFunctionality], [IdComponentParent], [FR], [EN], [AR], [DE], [CH], [ES], [IdButton], [classDiv], [classLabel], [class], [IsEncapsulated], [IdComponentChangedBy], [EntityName], [style], [ng_hide], [IsToInitialize], [IdFunctionalityForm], [IsFireChange]) VALUES (N'17e09a68-bdce-454c-9e65-76aaf13a7774', 1, N'DIV2', 9, N'7a7cebf1-3ed2-4c49-8e2a-2647ac09572e', N'420ff9c0-6646-4915-9552-246ec6539395', N'DIV2', N'DIV2_EN', N'DIV2_AR', N'DIV2_DE', N'DIV2_CH', N'DIV2_ES', NULL, N'', N'', N'row text-center', 0, NULL, N'ConstantRate', NULL, NULL, 1, N'7a7cebf1-3ed2-4c49-8e2a-2647ac09572e', NULL)
INSERT INTO [ERPSettings].[Component] ([IdComponent], [rank], [ComponentName], [IdComponentType], [IdFunctionality], [IdComponentParent], [FR], [EN], [AR], [DE], [CH], [ES], [IdButton], [classDiv], [classLabel], [class], [IsEncapsulated], [IdComponentChangedBy], [EntityName], [style], [ng_hide], [IsToInitialize], [IdFunctionalityForm], [IsFireChange]) VALUES (N'19098cef-5bd4-4d56-9dbc-fcb61d77eb2e', 1, N'GRIDCOLUMN2', 4, N'322d8fea-9553-46c1-a83b-24276d046f53', N'cdaf935b-0075-41c4-b367-10635532f35d', N'Reference', N'Reference', NULL, NULL, NULL, NULL, NULL, N'col-lg-12 col-md-12 col-sm-12', N'col-lg-4 col-md-4 col-sm-4', N'', 0, NULL, N'Variable', NULL, NULL, 1, N'322d8fea-9553-46c1-a83b-24276d046f53', NULL)
INSERT INTO [ERPSettings].[Component] ([IdComponent], [rank], [ComponentName], [IdComponentType], [IdFunctionality], [IdComponentParent], [FR], [EN], [AR], [DE], [CH], [ES], [IdButton], [classDiv], [classLabel], [class], [IsEncapsulated], [IdComponentChangedBy], [EntityName], [style], [ng_hide], [IsToInitialize], [IdFunctionalityForm], [IsFireChange]) VALUES (N'198ad5eb-fb85-40a3-922e-a5245000e6e4', 4, N'GRIDCOLUMN7', 4, N'd6ff08d7-ed69-48ee-b7ff-b96f6db1a79f', N'f088304d-2f23-46a8-9d7b-ace78e25442d', N'GRIDCOLUMN7', N'GRIDCOLUMN7', N'GRIDCOLUMN7_AR', N'GRIDCOLUMN7_DE', N'GRIDCOLUMN7_CH', N'GRIDCOLUMN7_ES', NULL, N'col-lg-12 col-md-12 col-sm-12', N'col-lg-4 col-md-4 col-sm-4', N'', 0, NULL, N'ConstantValue', NULL, NULL, 1, N'd6ff08d7-ed69-48ee-b7ff-b96f6db1a79f', NULL)
INSERT INTO [ERPSettings].[Component] ([IdComponent], [rank], [ComponentName], [IdComponentType], [IdFunctionality], [IdComponentParent], [FR], [EN], [AR], [DE], [CH], [ES], [IdButton], [classDiv], [classLabel], [class], [IsEncapsulated], [IdComponentChangedBy], [EntityName], [style], [ng_hide], [IsToInitialize], [IdFunctionalityForm], [IsFireChange]) VALUES (N'1b3aa138-60cd-4bc7-b548-36cfe607fb80', 1, N'BUTTON1', 7, N'322d8fea-9553-46c1-a83b-24276d046f53', N'38cffadb-bf8c-4817-80c0-b0728b88e62b', N'Ajouter variable', N'Add variable', N'Ajouter variable_AR', N'Ajouter variable_DE', N'Ajouter variable_CH', N'Ajouter variable_ES', NULL, N'form-group col-lg-4 col-md-4 col-sm-4', N'col-lg-4 col-md-4 col-sm-4', N'k-button', 0, NULL, N'Variable', NULL, NULL, 1, N'322d8fea-9553-46c1-a83b-24276d046f53', NULL)
INSERT INTO [ERPSettings].[Component] ([IdComponent], [rank], [ComponentName], [IdComponentType], [IdFunctionality], [IdComponentParent], [FR], [EN], [AR], [DE], [CH], [ES], [IdButton], [classDiv], [classLabel], [class], [IsEncapsulated], [IdComponentChangedBy], [EntityName], [style], [ng_hide], [IsToInitialize], [IdFunctionalityForm], [IsFireChange]) VALUES (N'1c1956c1-50e2-4fde-8eaf-c8c8b66be025', 1, N'GRIDBUTTON2', 16, N'05d45e13-6184-4085-b9b2-86015af49e11', N'da0a17a4-dbdd-4271-b7e6-4229fb24f743', N'Mettre à jour', N'Update', N'Update_AR', N'Update_DE', N'Update_CH', N'Update_ES', N'f8e3b5d8-aa96-43bc-b0f4-d1e94c6f6e01', N'col-lg-12 col-md-12 col-sm-12', N'col-lg-4 col-md-4 col-sm-4', N'glyphicon glyphicon-edit', 1, NULL, N'SalaryRule', NULL, NULL, 1, N'05d45e13-6184-4085-b9b2-86015af49e11', NULL)
INSERT INTO [ERPSettings].[Component] ([IdComponent], [rank], [ComponentName], [IdComponentType], [IdFunctionality], [IdComponentParent], [FR], [EN], [AR], [DE], [CH], [ES], [IdButton], [classDiv], [classLabel], [class], [IsEncapsulated], [IdComponentChangedBy], [EntityName], [style], [ng_hide], [IsToInitialize], [IdFunctionalityForm], [IsFireChange]) VALUES (N'1f41f7fc-40f9-465c-89fc-6c3b734ab1db', 1, N'Rule', 1, N'336fdb14-6186-41c2-b2ff-98c99ea25c5f', N'2c2ecc65-9244-4455-b405-7cd6031d1475', N'Regle', N'Rule', N'Rule_AR', N'Rule_DE', N'Rule', N'Rule', N'f0721794-23a7-42a3-b5e9-351e66ca6376', N'form-group col-lg-12 col-md-12 col-sm-12', N'col-lg-4 col-md-4 col-sm-4', N'k-textbox', 0, NULL, N'Variable', N'height: 600px; width:100%; margin-left:15px; margin-top:15px;', NULL, 1, N'336fdb14-6186-41c2-b2ff-98c99ea25c5f', NULL)
INSERT INTO [ERPSettings].[Component] ([IdComponent], [rank], [ComponentName], [IdComponentType], [IdFunctionality], [IdComponentParent], [FR], [EN], [AR], [DE], [CH], [ES], [IdButton], [classDiv], [classLabel], [class], [IsEncapsulated], [IdComponentChangedBy], [EntityName], [style], [ng_hide], [IsToInitialize], [IdFunctionalityForm], [IsFireChange]) VALUES (N'2065f49e-ce51-41ab-a4a4-cf4d58e1c22e', 1, N'DIV1', 9, N'd6ff08d7-ed69-48ee-b7ff-b96f6db1a79f', N'3f38d98b-cf2f-4e9d-932d-002333b05c14', N'DIV1', N'DIV1', N'DIV1_AR', N'DIV1_DE', N'DIV1_CH', N'DIV1_ES', NULL, N'', N'', N'', 0, NULL, N'ConstantValue', N'', NULL, 1, N'd6ff08d7-ed69-48ee-b7ff-b96f6db1a79f', NULL)
INSERT INTO [ERPSettings].[Component] ([IdComponent], [rank], [ComponentName], [IdComponentType], [IdFunctionality], [IdComponentParent], [FR], [EN], [AR], [DE], [CH], [ES], [IdButton], [classDiv], [classLabel], [class], [IsEncapsulated], [IdComponentChangedBy], [EntityName], [style], [ng_hide], [IsToInitialize], [IdFunctionalityForm], [IsFireChange]) VALUES (N'20b83bda-94a2-4668-9c91-792732c83001', 2, N'DIV2', 9, N'd6ff08d7-ed69-48ee-b7ff-b96f6db1a79f', N'3f38d98b-cf2f-4e9d-932d-002333b05c14', N'DIV2', N'DIV2', N'DIV2_AR', N'DIV2_DE', N'DIV2_CH', N'DIV2_ES', NULL, N'', N'', N'', 0, NULL, N'ConstantValue', NULL, N'', 1, N'd6ff08d7-ed69-48ee-b7ff-b96f6db1a79f', NULL)
INSERT INTO [ERPSettings].[Component] ([IdComponent], [rank], [ComponentName], [IdComponentType], [IdFunctionality], [IdComponentParent], [FR], [EN], [AR], [DE], [CH], [ES], [IdButton], [classDiv], [classLabel], [class], [IsEncapsulated], [IdComponentChangedBy], [EntityName], [style], [ng_hide], [IsToInitialize], [IdFunctionalityForm], [IsFireChange]) VALUES (N'216a4d00-1b30-4cda-a008-6688c8351a10', 2, N'DIV2', 9, N'336fdb14-6186-41c2-b2ff-98c99ea25c5f', N'cfe5e6fa-d5c5-469f-8421-1dc9a8fca122', NULL, NULL, NULL, NULL, NULL, NULL, NULL, N'', N'', N'col-lg-6 col-md-6 col-sm-6', 0, NULL, N'SalaryRule', NULL, NULL, 1, N'336fdb14-6186-41c2-b2ff-98c99ea25c5f', NULL)
INSERT INTO [ERPSettings].[Component] ([IdComponent], [rank], [ComponentName], [IdComponentType], [IdFunctionality], [IdComponentParent], [FR], [EN], [AR], [DE], [CH], [ES], [IdButton], [classDiv], [classLabel], [class], [IsEncapsulated], [IdComponentChangedBy], [EntityName], [style], [ng_hide], [IsToInitialize], [IdFunctionalityForm], [IsFireChange]) VALUES (N'245d492e-626f-4771-a4a4-cc041701fd0c', 1, N'DIVCONTAINER1', 17, N'831becf0-0744-4fe4-b79c-dec135cee846', N'948fa177-bb70-4a9c-a654-6434b7f70385', N'Liste des structures salariales', N'List of salary structure', N'', N'', N'', N'', NULL, N'col-lg-12 col-md-12 col-sm-12', N'', N'', 0, NULL, N'SalaryStructure', NULL, NULL, 1, N'831becf0-0744-4fe4-b79c-dec135cee846', NULL)
INSERT INTO [ERPSettings].[Component] ([IdComponent], [rank], [ComponentName], [IdComponentType], [IdFunctionality], [IdComponentParent], [FR], [EN], [AR], [DE], [CH], [ES], [IdButton], [classDiv], [classLabel], [class], [IsEncapsulated], [IdComponentChangedBy], [EntityName], [style], [ng_hide], [IsToInitialize], [IdFunctionalityForm], [IsFireChange]) VALUES (N'24c9d0c9-93c5-48ba-93dc-b8b16010f488', 3, N'Order', 4, N'831becf0-0744-4fe4-b79c-dec135cee846', N'bf1b8933-c13f-45e8-9362-98393965c4eb', N'Ordre', N'Order', N'', N'', N'', N'', NULL, N'col-lg-12 col-md-12 col-sm-12', N'col-lg-4 col-md-4 col-sm-4', N'', 0, NULL, N'SalaryStructure', NULL, NULL, 1, N'831becf0-0744-4fe4-b79c-dec135cee846', NULL)
INSERT INTO [ERPSettings].[Component] ([IdComponent], [rank], [ComponentName], [IdComponentType], [IdFunctionality], [IdComponentParent], [FR], [EN], [AR], [DE], [CH], [ES], [IdButton], [classDiv], [classLabel], [class], [IsEncapsulated], [IdComponentChangedBy], [EntityName], [style], [ng_hide], [IsToInitialize], [IdFunctionalityForm], [IsFireChange]) VALUES (N'2678ce54-5920-4cf6-93d8-bf10856b437b', 2, N'DIV2', 9, N'5d854334-c1b7-48c8-8811-7a37ca16dc7b', N'c93381ac-7591-4dba-9661-233e288d4dce', N'DIV2', N'DIV2_EN', N'DIV2_AR', N'DIV2_DE', N'DIV2_CH', N'DIV2_ES', NULL, N'', N'', N'', 0, NULL, N'Variable', NULL, NULL, 1, N'5d854334-c1b7-48c8-8811-7a37ca16dc7b', NULL)
INSERT INTO [ERPSettings].[Component] ([IdComponent], [rank], [ComponentName], [IdComponentType], [IdFunctionality], [IdComponentParent], [FR], [EN], [AR], [DE], [CH], [ES], [IdButton], [classDiv], [classLabel], [class], [IsEncapsulated], [IdComponentChangedBy], [EntityName], [style], [ng_hide], [IsToInitialize], [IdFunctionalityForm], [IsFireChange]) VALUES (N'28326791-35e2-4bf1-bd23-2a4fa83909f2', 1, N'ConstantValueValidityPeriod', 3, N'12e2ecc5-d861-4680-9310-92422a3e2593', N'62813ff0-9118-4567-b356-771368e57351', N'Constante valeur', N'Constant value', N'', N'', N'', N'', N'fdad2776-5bb4-4890-93ef-a363642d7b67', N'col-lg-12 col-md-12 col-sm-12', N'col-lg-4 col-md-4 col-sm-4', N'', 0, NULL, N'ConstantValueValidityPeriod', NULL, NULL, 1, N'12e2ecc5-d861-4680-9310-92422a3e2593', NULL)
INSERT INTO [ERPSettings].[Component] ([IdComponent], [rank], [ComponentName], [IdComponentType], [IdFunctionality], [IdComponentParent], [FR], [EN], [AR], [DE], [CH], [ES], [IdButton], [classDiv], [classLabel], [class], [IsEncapsulated], [IdComponentChangedBy], [EntityName], [style], [ng_hide], [IsToInitialize], [IdFunctionalityForm], [IsFireChange]) VALUES (N'28ee45ba-faba-4419-a30a-4eb092d07c36', 1, N'DIV4', 9, N'71a1d18f-85e1-4c77-ac51-fd731dcd925f', N'ceca57d1-ef6a-4108-9e60-c229ab4d2f10', N'DIV4', N'DIV4', N'DIV4', N'DIV4', N'DIV4', N'DIV4', NULL, N'', N'', N'col-lg-6 col-md-6 col-sm-6', 0, NULL, N'Payslip', NULL, NULL, 1, N'71a1d18f-85e1-4c77-ac51-fd731dcd925f', NULL)
INSERT INTO [ERPSettings].[Component] ([IdComponent], [rank], [ComponentName], [IdComponentType], [IdFunctionality], [IdComponentParent], [FR], [EN], [AR], [DE], [CH], [ES], [IdButton], [classDiv], [classLabel], [class], [IsEncapsulated], [IdComponentChangedBy], [EntityName], [style], [ng_hide], [IsToInitialize], [IdFunctionalityForm], [IsFireChange]) VALUES (N'2b9c835f-1e2d-4baf-9a68-4b22dc175324', 2, N'Name', 4, N'831becf0-0744-4fe4-b79c-dec135cee846', N'bf1b8933-c13f-45e8-9362-98393965c4eb', N'Nom', N'Name', N'', N'', N'', N'', NULL, N'col-lg-12 col-md-12 col-sm-12', N'col-lg-4 col-md-4 col-sm-4', N'', 0, NULL, N'SalaryStructure', NULL, NULL, 1, N'831becf0-0744-4fe4-b79c-dec135cee846', NULL)
INSERT INTO [ERPSettings].[Component] ([IdComponent], [rank], [ComponentName], [IdComponentType], [IdFunctionality], [IdComponentParent], [FR], [EN], [AR], [DE], [CH], [ES], [IdButton], [classDiv], [classLabel], [class], [IsEncapsulated], [IdComponentChangedBy], [EntityName], [style], [ng_hide], [IsToInitialize], [IdFunctionalityForm], [IsFireChange]) VALUES (N'2c2ecc65-9244-4455-b405-7cd6031d1475', 3, N'DIVCONTAINER1', 17, N'336fdb14-6186-41c2-b2ff-98c99ea25c5f', N'7545f9b0-74c1-4c05-93b7-f42ddd5b05cd', N'Formule de la règle', N'Salary rule formule', N'', N'', N'', N'', NULL, N'col-lg-12 col-md-12 col-sm-12', N'', N'', 0, NULL, N'SalaryRule', NULL, NULL, 1, N'336fdb14-6186-41c2-b2ff-98c99ea25c5f', NULL)
INSERT INTO [ERPSettings].[Component] ([IdComponent], [rank], [ComponentName], [IdComponentType], [IdFunctionality], [IdComponentParent], [FR], [EN], [AR], [DE], [CH], [ES], [IdButton], [classDiv], [classLabel], [class], [IsEncapsulated], [IdComponentChangedBy], [EntityName], [style], [ng_hide], [IsToInitialize], [IdFunctionalityForm], [IsFireChange]) VALUES (N'2ce853ce-ada4-42e7-8743-ada0c4477ab2', 2, N'DIV2', 9, N'712d6299-495e-45ce-9010-20e4ad36834a', N'd595c581-11ac-4d59-8f07-10294ebfa33e', N'DIV2', N'DIV2_EN', N'DIV2_AR', N'DIV2_DE', N'DIV2_CH', N'DIV2_ES', NULL, N'', N'', N'', 0, NULL, N'SalaryStructure', NULL, NULL, 1, N'712d6299-495e-45ce-9010-20e4ad36834a', NULL)
INSERT INTO [ERPSettings].[Component] ([IdComponent], [rank], [ComponentName], [IdComponentType], [IdFunctionality], [IdComponentParent], [FR], [EN], [AR], [DE], [CH], [ES], [IdButton], [classDiv], [classLabel], [class], [IsEncapsulated], [IdComponentChangedBy], [EntityName], [style], [ng_hide], [IsToInitialize], [IdFunctionalityForm], [IsFireChange]) VALUES (N'318093f6-a666-40f1-bc63-a8ee89afe90d', 2, N'DIV2', 9, N'7a7cebf1-3ed2-4c49-8e2a-2647ac09572e', N'f958d5a1-09d2-443f-839f-2c2b4a316227', N'DIV2', N'DIV2_EN', N'DIV2_AR', N'DIV2_DE', N'DIV2_CH', N'DIV2_ES', NULL, N'', N'', N'col-lg-12 col-md-12 col-sm-12', 0, NULL, N'ConstantRate', NULL, NULL, 1, N'7a7cebf1-3ed2-4c49-8e2a-2647ac09572e', NULL)
INSERT INTO [ERPSettings].[Component] ([IdComponent], [rank], [ComponentName], [IdComponentType], [IdFunctionality], [IdComponentParent], [FR], [EN], [AR], [DE], [CH], [ES], [IdButton], [classDiv], [classLabel], [class], [IsEncapsulated], [IdComponentChangedBy], [EntityName], [style], [ng_hide], [IsToInitialize], [IdFunctionalityForm], [IsFireChange]) VALUES (N'35c1553b-5ba4-46a7-b53d-3c862f8334c5', 3, N'DIV7', 9, N'336fdb14-6186-41c2-b2ff-98c99ea25c5f', N'015332fe-8331-47c4-ae62-2faf1d1ad1b5', NULL, NULL, NULL, NULL, NULL, NULL, NULL, N'', N'', N'col-lg-4 col-md-4 col-sm-4', 0, NULL, N'SalaryRule', NULL, NULL, 1, N'336fdb14-6186-41c2-b2ff-98c99ea25c5f', NULL)
INSERT INTO [ERPSettings].[Component] ([IdComponent], [rank], [ComponentName], [IdComponentType], [IdFunctionality], [IdComponentParent], [FR], [EN], [AR], [DE], [CH], [ES], [IdButton], [classDiv], [classLabel], [class], [IsEncapsulated], [IdComponentChangedBy], [EntityName], [style], [ng_hide], [IsToInitialize], [IdFunctionalityForm], [IsFireChange]) VALUES (N'372b8309-6b61-4841-8323-0a33cfb3df5b', 2, N'GRIDBUTTON1', 16, N'7a7cebf1-3ed2-4c49-8e2a-2647ac09572e', N'aa79d935-813a-466d-bd8d-e57bfdd589cc', N'Supprimer', N'Delete', N'Delete_AR', N'Delete_DE', N'Delete_CH', N'Delete_ES', N'f64ebdc0-620e-4c5b-b33f-89fc54138abc', N'col-lg-12 col-md-12 col-sm-12', N'col-lg-4 col-md-4 col-sm-4', N'glyphicon glyphicon-trash', 1, NULL, N'ConstantRateValidityPeriod', NULL, NULL, 1, N'7a7cebf1-3ed2-4c49-8e2a-2647ac09572e', NULL)
INSERT INTO [ERPSettings].[Component] ([IdComponent], [rank], [ComponentName], [IdComponentType], [IdFunctionality], [IdComponentParent], [FR], [EN], [AR], [DE], [CH], [ES], [IdButton], [classDiv], [classLabel], [class], [IsEncapsulated], [IdComponentChangedBy], [EntityName], [style], [ng_hide], [IsToInitialize], [IdFunctionalityForm], [IsFireChange]) VALUES (N'38438358-79a4-4a11-ad34-6b5162d3458c', 3, N'CHECKBOX3', 13, N'336fdb14-6186-41c2-b2ff-98c99ea25c5f', N'73e79507-7fd2-4d68-a293-2cb82bbdbb12', N'Apparait sur le bulletin', N'Appears on payslip', NULL, NULL, NULL, NULL, N'f0721794-23a7-42a3-b5e9-351e66ca6376', N'form-group col-lg-12 col-md-12 col-sm-12', N'col-lg-4 col-md-4 col-sm-4', N'', 0, NULL, N'SalaryRule', NULL, NULL, 1, N'336fdb14-6186-41c2-b2ff-98c99ea25c5f', NULL)
INSERT INTO [ERPSettings].[Component] ([IdComponent], [rank], [ComponentName], [IdComponentType], [IdFunctionality], [IdComponentParent], [FR], [EN], [AR], [DE], [CH], [ES], [IdButton], [classDiv], [classLabel], [class], [IsEncapsulated], [IdComponentChangedBy], [EntityName], [style], [ng_hide], [IsToInitialize], [IdFunctionalityForm], [IsFireChange]) VALUES (N'38cffadb-bf8c-4817-80c0-b0728b88e62b', 1, N'DIV1', 9, N'322d8fea-9553-46c1-a83b-24276d046f53', N'e5549daa-06ce-4bde-a1ef-8662da16693c', N'DIV1', N'DIV1', N'DIV1_AR', N'DIV1_DE', N'DIV1_CH', N'DIV1_ES', NULL, N'', N'', N'', 0, NULL, N'Variable', N'', NULL, 1, N'322d8fea-9553-46c1-a83b-24276d046f53', NULL)
INSERT INTO [ERPSettings].[Component] ([IdComponent], [rank], [ComponentName], [IdComponentType], [IdFunctionality], [IdComponentParent], [FR], [EN], [AR], [DE], [CH], [ES], [IdButton], [classDiv], [classLabel], [class], [IsEncapsulated], [IdComponentChangedBy], [EntityName], [style], [ng_hide], [IsToInitialize], [IdFunctionalityForm], [IsFireChange]) VALUES (N'3ba6d383-ffcf-425f-b49e-79695cac7e1f', 1, N'ConstantRateValidityPeriod', 3, N'7a7cebf1-3ed2-4c49-8e2a-2647ac09572e', N'531e7502-97a3-45c3-82fc-c17f30d45449', N'Constante taux', N'Constant rate', N'', N'', N'', N'', N'fec36bc6-da1f-4f29-b3e5-2f7f1ddca630', N'col-lg-12 col-md-12 col-sm-12', N'col-lg-4 col-md-4 col-sm-4', N'', 0, NULL, N'ConstantRate', NULL, NULL, 1, N'7a7cebf1-3ed2-4c49-8e2a-2647ac09572e', NULL)
INSERT INTO [ERPSettings].[Component] ([IdComponent], [rank], [ComponentName], [IdComponentType], [IdFunctionality], [IdComponentParent], [FR], [EN], [AR], [DE], [CH], [ES], [IdButton], [classDiv], [classLabel], [class], [IsEncapsulated], [IdComponentChangedBy], [EntityName], [style], [ng_hide], [IsToInitialize], [IdFunctionalityForm], [IsFireChange]) VALUES (N'3e0f4164-8bad-464c-ba12-2a644aa125c5', 3, N'GRIDCOLUMN2', 4, N'e741ea2c-4b8a-4f2c-b06f-b0da4cab8695', N'0fa0d240-9202-44bf-a1d3-f3ad0464c1eb', N'Number', N'Number', NULL, NULL, NULL, NULL, NULL, N'col-lg-12 col-md-12 col-sm-12', N'col-lg-4 col-md-4 col-sm-4', N'', 0, NULL, N'ConstantRate', NULL, NULL, 1, N'e741ea2c-4b8a-4f2c-b06f-b0da4cab8695', NULL)
INSERT INTO [ERPSettings].[Component] ([IdComponent], [rank], [ComponentName], [IdComponentType], [IdFunctionality], [IdComponentParent], [FR], [EN], [AR], [DE], [CH], [ES], [IdButton], [classDiv], [classLabel], [class], [IsEncapsulated], [IdComponentChangedBy], [EntityName], [style], [ng_hide], [IsToInitialize], [IdFunctionalityForm], [IsFireChange]) VALUES (N'3eb0d749-68a6-4b38-acce-a4e6883a69b3', 1, N'BUTTON1', 7, N'd6ff08d7-ed69-48ee-b7ff-b96f6db1a79f', N'2065f49e-ce51-41ab-a4a4-cf4d58e1c22e', N'Ajouter constante valeur', N'Add constant value', N'', N'', N'', N'', NULL, N'form-group col-lg-4 col-md-4 col-sm-4', N'col-lg-4 col-md-4 col-sm-4', N'k-button', 0, NULL, N'ConstantValue', NULL, NULL, 1, N'd6ff08d7-ed69-48ee-b7ff-b96f6db1a79f', NULL)
INSERT INTO [ERPSettings].[Component] ([IdComponent], [rank], [ComponentName], [IdComponentType], [IdFunctionality], [IdComponentParent], [FR], [EN], [AR], [DE], [CH], [ES], [IdButton], [classDiv], [classLabel], [class], [IsEncapsulated], [IdComponentChangedBy], [EntityName], [style], [ng_hide], [IsToInitialize], [IdFunctionalityForm], [IsFireChange]) VALUES (N'3f38d98b-cf2f-4e9d-932d-002333b05c14', 1, N'DIVCONTAINER1', 17, N'd6ff08d7-ed69-48ee-b7ff-b96f6db1a79f', N'd25c821a-2e8e-4f28-bf4d-fb6d9161adc2', N'Liste des constantes valeurs', N'List of constant value', N'', N'', N'', N'', NULL, N'col-lg-12 col-md-12 col-sm-12', N'', N'', 0, NULL, N'ConstantValue', NULL, NULL, 1, N'd6ff08d7-ed69-48ee-b7ff-b96f6db1a79f', NULL)
INSERT INTO [ERPSettings].[Component] ([IdComponent], [rank], [ComponentName], [IdComponentType], [IdFunctionality], [IdComponentParent], [FR], [EN], [AR], [DE], [CH], [ES], [IdButton], [classDiv], [classLabel], [class], [IsEncapsulated], [IdComponentChangedBy], [EntityName], [style], [ng_hide], [IsToInitialize], [IdFunctionalityForm], [IsFireChange]) VALUES (N'3fc7d089-6a35-47d3-9f29-c1d60bb9bbfb', 2, N'GRIDCOLUMN2', 4, N'322d8fea-9553-46c1-a83b-24276d046f53', N'cdaf935b-0075-41c4-b367-10635532f35d', N'Description', N'Description', NULL, NULL, NULL, NULL, NULL, N'col-lg-12 col-md-12 col-sm-12', N'col-lg-4 col-md-4 col-sm-4', N'', 0, NULL, N'Variable', NULL, NULL, 1, N'322d8fea-9553-46c1-a83b-24276d046f53', NULL)
INSERT INTO [ERPSettings].[Component] ([IdComponent], [rank], [ComponentName], [IdComponentType], [IdFunctionality], [IdComponentParent], [FR], [EN], [AR], [DE], [CH], [ES], [IdButton], [classDiv], [classLabel], [class], [IsEncapsulated], [IdComponentChangedBy], [EntityName], [style], [ng_hide], [IsToInitialize], [IdFunctionalityForm], [IsFireChange]) VALUES (N'4097f446-8e47-4867-8be7-c6dd4e0a9a1e', 2, N'Name', 1, N'71a1d18f-85e1-4c77-ac51-fd731dcd925f', N'28ee45ba-faba-4419-a30a-4eb092d07c36', N'Nom', N'Name', N'', N'', N'', N'', N'019d04b1-234d-4b71-afa3-ef11f67559c2', N'form-group col-lg-12 col-md-12 col-sm-12', N'col-lg-4 col-md-4 col-sm-4', N'k-textbox', 0, NULL, N'Payslip', N'', NULL, 1, N'71a1d18f-85e1-4c77-ac51-fd731dcd925f', NULL)
INSERT INTO [ERPSettings].[Component] ([IdComponent], [rank], [ComponentName], [IdComponentType], [IdFunctionality], [IdComponentParent], [FR], [EN], [AR], [DE], [CH], [ES], [IdButton], [classDiv], [classLabel], [class], [IsEncapsulated], [IdComponentChangedBy], [EntityName], [style], [ng_hide], [IsToInitialize], [IdFunctionalityForm], [IsFireChange]) VALUES (N'420ff9c0-6646-4915-9552-246ec6539395', 3, N'DIV3', 9, N'7a7cebf1-3ed2-4c49-8e2a-2647ac09572e', N'ca9d5ea7-d111-406e-9aec-e730be56b94a', NULL, NULL, NULL, NULL, NULL, NULL, NULL, N'', N'', N'col-lg-12 col-md-12 col-sm-12', 0, NULL, N'ConstantRate', NULL, NULL, 1, N'7a7cebf1-3ed2-4c49-8e2a-2647ac09572e', NULL)
INSERT INTO [ERPSettings].[Component] ([IdComponent], [rank], [ComponentName], [IdComponentType], [IdFunctionality], [IdComponentParent], [FR], [EN], [AR], [DE], [CH], [ES], [IdButton], [classDiv], [classLabel], [class], [IsEncapsulated], [IdComponentChangedBy], [EntityName], [style], [ng_hide], [IsToInitialize], [IdFunctionalityForm], [IsFireChange]) VALUES (N'4260d508-8910-45c9-b0c4-ff6c2ba6af48', 1, N'DIV3', 9, N'a6c247bc-d584-43a3-b995-f303e3b13c77', N'9fb14a91-4f73-46d7-a84b-b6b3452db895', N'DIV3', N'DIV3_EN', N'DIV3_AR', N'DIV3_DE', N'DIV3_CH', N'DIV3_ES', NULL, N'', N'', N'', 0, NULL, N'SalaryStructure', NULL, NULL, 1, N'a6c247bc-d584-43a3-b995-f303e3b13c77', NULL)
INSERT INTO [ERPSettings].[Component] ([IdComponent], [rank], [ComponentName], [IdComponentType], [IdFunctionality], [IdComponentParent], [FR], [EN], [AR], [DE], [CH], [ES], [IdButton], [classDiv], [classLabel], [class], [IsEncapsulated], [IdComponentChangedBy], [EntityName], [style], [ng_hide], [IsToInitialize], [IdFunctionalityForm], [IsFireChange]) VALUES (N'435dc69a-5ec5-4ce3-9ea5-09ee2f747117', 1, N'DIV1', 9, N'7a7cebf1-3ed2-4c49-8e2a-2647ac09572e', N'65cda83b-be21-447f-854e-fc7df35146ab', N'DIV1', N'DIV1_EN', N'DIV1_AR', N'DIV1_DE', N'DIV1_CH', N'DIV1_ES', NULL, N'', N'', N'col-lg-4 col-md-4 col-sm-4', 0, NULL, N'ConstantRate', NULL, NULL, 1, N'7a7cebf1-3ed2-4c49-8e2a-2647ac09572e', NULL)
INSERT INTO [ERPSettings].[Component] ([IdComponent], [rank], [ComponentName], [IdComponentType], [IdFunctionality], [IdComponentParent], [FR], [EN], [AR], [DE], [CH], [ES], [IdButton], [classDiv], [classLabel], [class], [IsEncapsulated], [IdComponentChangedBy], [EntityName], [style], [ng_hide], [IsToInitialize], [IdFunctionalityForm], [IsFireChange]) VALUES (N'46068d9d-71de-4c4a-8e4a-ba19314d99b4', 2, N'Name', 1, N'a6c247bc-d584-43a3-b995-f303e3b13c77', N'a3e2af8f-9083-4aff-bbb2-e1fdadaf6906', N'Nom', N'Name', N'', N'', N'', N'', N'7a4cfbe8-ca43-4489-9f34-f7550d68cf3e', N'form-group col-lg-12 col-md-12 col-sm-12', N'col-lg-4 col-md-4 col-sm-4', N'k-textbox', 0, NULL, N'SalaryStructure', N'', NULL, 1, N'a6c247bc-d584-43a3-b995-f303e3b13c77', NULL)
INSERT INTO [ERPSettings].[Component] ([IdComponent], [rank], [ComponentName], [IdComponentType], [IdFunctionality], [IdComponentParent], [FR], [EN], [AR], [DE], [CH], [ES], [IdButton], [classDiv], [classLabel], [class], [IsEncapsulated], [IdComponentChangedBy], [EntityName], [style], [ng_hide], [IsToInitialize], [IdFunctionalityForm], [IsFireChange]) VALUES (N'478477c0-d086-4989-be81-9891364a5188', 4, N'GRIDCOLUMN7', 4, N'e741ea2c-4b8a-4f2c-b06f-b0da4cab8695', N'0fa0d240-9202-44bf-a1d3-f3ad0464c1eb', N'GRIDCOLUMN7', N'GRIDCOLUMN7', N'GRIDCOLUMN7_AR', N'GRIDCOLUMN7_DE', N'GRIDCOLUMN7_CH', N'GRIDCOLUMN7_ES', NULL, N'col-lg-12 col-md-12 col-sm-12', N'col-lg-4 col-md-4 col-sm-4', N'', 0, NULL, N'ConstantRate', NULL, NULL, 1, N'e741ea2c-4b8a-4f2c-b06f-b0da4cab8695', NULL)
INSERT INTO [ERPSettings].[Component] ([IdComponent], [rank], [ComponentName], [IdComponentType], [IdFunctionality], [IdComponentParent], [FR], [EN], [AR], [DE], [CH], [ES], [IdButton], [classDiv], [classLabel], [class], [IsEncapsulated], [IdComponentChangedBy], [EntityName], [style], [ng_hide], [IsToInitialize], [IdFunctionalityForm], [IsFireChange]) VALUES (N'48e1635a-1a3c-4e24-8f22-35f001afaa08', 2, N'Description', 1, N'7a7cebf1-3ed2-4c49-8e2a-2647ac09572e', N'dc69d366-6f48-4ddd-95a7-abd211e7bf02', N'Description', N'Description', N'Description', N'Description', N'Description', N'Description', N'fec36bc6-da1f-4f29-b3e5-2f7f1ddca630', N'form-group col-lg-12 col-md-12 col-sm-12', N'col-lg-4 col-md-4 col-sm-4', N'k-textbox', 0, NULL, N'ConstantRate', N'height : 100px;', NULL, 1, N'7a7cebf1-3ed2-4c49-8e2a-2647ac09572e', NULL)
INSERT INTO [ERPSettings].[Component] ([IdComponent], [rank], [ComponentName], [IdComponentType], [IdFunctionality], [IdComponentParent], [FR], [EN], [AR], [DE], [CH], [ES], [IdButton], [classDiv], [classLabel], [class], [IsEncapsulated], [IdComponentChangedBy], [EntityName], [style], [ng_hide], [IsToInitialize], [IdFunctionalityForm], [IsFireChange]) VALUES (N'4cd45bb1-48e8-4a54-a25e-28a1a27dfd7a', 1, N'Reference', 4, N'05d45e13-6184-4085-b9b2-86015af49e11', N'e67eb891-e1b6-4f8a-8e1d-f21369a4e2ab', N'Réference', N'Reference', N'', N'', N'', N'', NULL, N'col-lg-12 col-md-12 col-sm-12', N'col-lg-4 col-md-4 col-sm-4', N'', 0, NULL, N'SalaryRule', NULL, NULL, 1, N'05d45e13-6184-4085-b9b2-86015af49e11', NULL)
INSERT INTO [ERPSettings].[Component] ([IdComponent], [rank], [ComponentName], [IdComponentType], [IdFunctionality], [IdComponentParent], [FR], [EN], [AR], [DE], [CH], [ES], [IdButton], [classDiv], [classLabel], [class], [IsEncapsulated], [IdComponentChangedBy], [EntityName], [style], [ng_hide], [IsToInitialize], [IdFunctionalityForm], [IsFireChange]) VALUES (N'4e56a6aa-8101-4eba-b088-0cd7cbb4c094', 2, N'DIV4', 9, N'12e2ecc5-d861-4680-9310-92422a3e2593', N'92d28173-42d4-432f-902e-126b36a9b4a3', N'DIV4', N'DIV4_EN', N'DIV4_AR', N'DIV4_DE', N'DIV4_CH', N'DIV4_ES', NULL, N'', N'', N'btn-group', 0, NULL, N'ConstantValue', N'display:inline-flex;float:right', NULL, 1, N'12e2ecc5-d861-4680-9310-92422a3e2593', NULL)
INSERT INTO [ERPSettings].[Component] ([IdComponent], [rank], [ComponentName], [IdComponentType], [IdFunctionality], [IdComponentParent], [FR], [EN], [AR], [DE], [CH], [ES], [IdButton], [classDiv], [classLabel], [class], [IsEncapsulated], [IdComponentChangedBy], [EntityName], [style], [ng_hide], [IsToInitialize], [IdFunctionalityForm], [IsFireChange]) VALUES (N'4f1bd3da-dc73-4f9a-9218-9d619cdeff83', 1, N'SalaryRate', 1, N'7a7cebf1-3ed2-4c49-8e2a-2647ac09572e', N'8458b439-1d4f-402c-bd74-64aa0664975c', N'Taux salariale', N'Salary rate', N'', N'', N'', N'', N'f64ebdc0-620e-4c5b-b33f-89fc54138abc', N'form-group col-lg-12 col-md-12 col-sm-12', N'col-lg-4 col-md-4 col-sm-4', N'', 0, NULL, N'ConstantRateValidityPeriod', NULL, NULL, 1, N'7a7cebf1-3ed2-4c49-8e2a-2647ac09572e', NULL)
INSERT INTO [ERPSettings].[Component] ([IdComponent], [rank], [ComponentName], [IdComponentType], [IdFunctionality], [IdComponentParent], [FR], [EN], [AR], [DE], [CH], [ES], [IdButton], [classDiv], [classLabel], [class], [IsEncapsulated], [IdComponentChangedBy], [EntityName], [style], [ng_hide], [IsToInitialize], [IdFunctionalityForm], [IsFireChange]) VALUES (N'50ffa0d5-0a37-41d0-b1f9-9f30ee83c0ea', 1, N'DIV1', 9, N'712d6299-495e-45ce-9010-20e4ad36834a', N'd595c581-11ac-4d59-8f07-10294ebfa33e', N'DIV1', N'DIV1_EN', N'DIV1_AR', N'DIV1_DE', N'DIV1_CH', N'DIV1_ES', NULL, N'', N'', N'', 0, NULL, N'SalaryStructure', NULL, NULL, 1, N'712d6299-495e-45ce-9010-20e4ad36834a', NULL)
INSERT INTO [ERPSettings].[Component] ([IdComponent], [rank], [ComponentName], [IdComponentType], [IdFunctionality], [IdComponentParent], [FR], [EN], [AR], [DE], [CH], [ES], [IdButton], [classDiv], [classLabel], [class], [IsEncapsulated], [IdComponentChangedBy], [EntityName], [style], [ng_hide], [IsToInitialize], [IdFunctionalityForm], [IsFireChange]) VALUES (N'5175e7df-bce6-4196-9624-64935c11ab34', 2, N'DIV2', 9, N'71a1d18f-85e1-4c77-ac51-fd731dcd925f', N'ad9a5b5a-2ec0-41d1-9ee1-ad6f0b07cb39', N'DIV2', N'DIV2_EN', N'DIV2_AR', N'DIV2_DE', N'DIV2_CH', N'DIV2_ES', NULL, N'', N'', N'', 0, NULL, N'Payslip', NULL, NULL, 1, N'71a1d18f-85e1-4c77-ac51-fd731dcd925f', NULL)
INSERT INTO [ERPSettings].[Component] ([IdComponent], [rank], [ComponentName], [IdComponentType], [IdFunctionality], [IdComponentParent], [FR], [EN], [AR], [DE], [CH], [ES], [IdButton], [classDiv], [classLabel], [class], [IsEncapsulated], [IdComponentChangedBy], [EntityName], [style], [ng_hide], [IsToInitialize], [IdFunctionalityForm], [IsFireChange]) VALUES (N'51b56f09-9416-4805-9df1-45a5ae580a45', 1, N'IdApplicability', 11, N'336fdb14-6186-41c2-b2ff-98c99ea25c5f', N'cef18719-3140-4b80-927d-f6fb7bdb3911', N'Applicabilité', N'Parent', N'Parent_AR', N'Parent_DE', N'Parent_CH', N'Type de reglement_ES', N'f0721794-23a7-42a3-b5e9-351e66ca6376', N'form-group col-lg-12 col-md-12 col-sm-12', N'col-lg-4 col-md-4 col-sm-4', N'', 0, NULL, N'SalaryRule', NULL, NULL, 1, N'336fdb14-6186-41c2-b2ff-98c99ea25c5f', NULL)
INSERT INTO [ERPSettings].[Component] ([IdComponent], [rank], [ComponentName], [IdComponentType], [IdFunctionality], [IdComponentParent], [FR], [EN], [AR], [DE], [CH], [ES], [IdButton], [classDiv], [classLabel], [class], [IsEncapsulated], [IdComponentChangedBy], [EntityName], [style], [ng_hide], [IsToInitialize], [IdFunctionalityForm], [IsFireChange]) VALUES (N'522f6399-8856-46b0-a75b-25adeeef91fb', 2, N'DIV1', 9, N'12e2ecc5-d861-4680-9310-92422a3e2593', N'7362432d-2574-4ed9-b0ef-3d679f333a40', N'DIV1', N'DIV1_EN', N'DIV1_AR', N'DIV1_DE', N'DIV1_CH', N'DIV1_ES', NULL, N'', N'', N'col-lg-6 col-md-6 col-sm-6', 0, NULL, N'ConstantValue', NULL, NULL, 1, N'12e2ecc5-d861-4680-9310-92422a3e2593', NULL)
INSERT INTO [ERPSettings].[Component] ([IdComponent], [rank], [ComponentName], [IdComponentType], [IdFunctionality], [IdComponentParent], [FR], [EN], [AR], [DE], [CH], [ES], [IdButton], [classDiv], [classLabel], [class], [IsEncapsulated], [IdComponentChangedBy], [EntityName], [style], [ng_hide], [IsToInitialize], [IdFunctionalityForm], [IsFireChange]) VALUES (N'531e7502-97a3-45c3-82fc-c17f30d45449', 3, N'DIV3', 9, N'7a7cebf1-3ed2-4c49-8e2a-2647ac09572e', N'f958d5a1-09d2-443f-839f-2c2b4a316227', N'DIV3', N'DIV3_EN', N'DIV3_AR', N'DIV3_DE', N'DIV3_CH', N'DIV3_ES', NULL, N'', N'', N'col-lg-12 col-md-12 col-sm-12', 0, NULL, N'ConstantRate', NULL, NULL, 1, N'7a7cebf1-3ed2-4c49-8e2a-2647ac09572e', NULL)
INSERT INTO [ERPSettings].[Component] ([IdComponent], [rank], [ComponentName], [IdComponentType], [IdFunctionality], [IdComponentParent], [FR], [EN], [AR], [DE], [CH], [ES], [IdButton], [classDiv], [classLabel], [class], [IsEncapsulated], [IdComponentChangedBy], [EntityName], [style], [ng_hide], [IsToInitialize], [IdFunctionalityForm], [IsFireChange]) VALUES (N'542ff33f-7353-4fd2-94b2-8274bbde3065', 1, N'BUTTON1', 7, N'712d6299-495e-45ce-9010-20e4ad36834a', N'2ce853ce-ada4-42e7-8743-ada0c4477ab2', N'Enregistrer', N'Save', N'Enregistrer_AR', N'Enregistrer_DE', N'Enregistrer_CH', N'Enregistrer_ES', NULL, N'form-group col-lg-12 col-md-12 col-sm-12', N'col-lg-4 col-md-4 col-sm-4', N'k-button', 0, NULL, N'SalaryStructure', NULL, NULL, 1, N'712d6299-495e-45ce-9010-20e4ad36834a', NULL)
INSERT INTO [ERPSettings].[Component] ([IdComponent], [rank], [ComponentName], [IdComponentType], [IdFunctionality], [IdComponentParent], [FR], [EN], [AR], [DE], [CH], [ES], [IdButton], [classDiv], [classLabel], [class], [IsEncapsulated], [IdComponentChangedBy], [EntityName], [style], [ng_hide], [IsToInitialize], [IdFunctionalityForm], [IsFireChange]) VALUES (N'55a84d3a-b6d7-4afe-bfbf-d4b7863426c2', 1, N'FORM1', 6, N'712d6299-495e-45ce-9010-20e4ad36834a', NULL, N'FORM1', N'FORM1_EN', N'FORM1_AR', N'FORM1_DE', N'FORM1_CH', N'FORM1_ES', NULL, N'col-lg-12 col-md-12 col-sm-12', N'col-lg-4 col-md-4 col-sm-4', N'', 0, NULL, N'SalaryStructure', NULL, NULL, 1, N'712d6299-495e-45ce-9010-20e4ad36834a', NULL)
INSERT INTO [ERPSettings].[Component] ([IdComponent], [rank], [ComponentName], [IdComponentType], [IdFunctionality], [IdComponentParent], [FR], [EN], [AR], [DE], [CH], [ES], [IdButton], [classDiv], [classLabel], [class], [IsEncapsulated], [IdComponentChangedBy], [EntityName], [style], [ng_hide], [IsToInitialize], [IdFunctionalityForm], [IsFireChange]) VALUES (N'56125a06-24ff-471a-b6e7-63ab39c662fc', 1, N'DIV1', 9, N'71a1d18f-85e1-4c77-ac51-fd731dcd925f', N'ad9a5b5a-2ec0-41d1-9ee1-ad6f0b07cb39', N'DIV1', N'DIV1_EN', N'DIV1_AR', N'DIV1_DE', N'DIV1_CH', N'DIV1_ES', NULL, N'', N'', N'', 0, NULL, N'Payslip', NULL, NULL, 1, N'71a1d18f-85e1-4c77-ac51-fd731dcd925f', NULL)
INSERT INTO [ERPSettings].[Component] ([IdComponent], [rank], [ComponentName], [IdComponentType], [IdFunctionality], [IdComponentParent], [FR], [EN], [AR], [DE], [CH], [ES], [IdButton], [classDiv], [classLabel], [class], [IsEncapsulated], [IdComponentChangedBy], [EntityName], [style], [ng_hide], [IsToInitialize], [IdFunctionalityForm], [IsFireChange]) VALUES (N'564c397b-628c-462b-a360-e3dff44929e0', 1, N'DIV1', 9, N'12e2ecc5-d861-4680-9310-92422a3e2593', N'4e56a6aa-8101-4eba-b088-0cd7cbb4c094', N'DIV1', N'DIV1_EN', N'DIV1_AR', N'DIV1_DE', N'DIV1_CH', N'DIV1_ES', NULL, N'', N'', N'', 0, NULL, N'ConstantValue', NULL, NULL, 1, N'12e2ecc5-d861-4680-9310-92422a3e2593', NULL)
INSERT INTO [ERPSettings].[Component] ([IdComponent], [rank], [ComponentName], [IdComponentType], [IdFunctionality], [IdComponentParent], [FR], [EN], [AR], [DE], [CH], [ES], [IdButton], [classDiv], [classLabel], [class], [IsEncapsulated], [IdComponentChangedBy], [EntityName], [style], [ng_hide], [IsToInitialize], [IdFunctionalityForm], [IsFireChange]) VALUES (N'56d8a862-a3e1-4fb3-bbe0-2bb2489d1186', 1, N'SalaryStructureReference', 1, N'712d6299-495e-45ce-9010-20e4ad36834a', N'dabef25e-aeae-406a-91dc-ead7f3ca118b', N'Reference', N'Reference', N'Reference', N'Reference', N'Reference', N'Reference', N'542ff33f-7353-4fd2-94b2-8274bbde3065', N'form-group col-lg-12 col-md-12 col-sm-12', N'col-lg-4 col-md-4 col-sm-4', N'k-textbox', 0, NULL, N'SalaryStructure', NULL, NULL, 1, N'712d6299-495e-45ce-9010-20e4ad36834a', NULL)
INSERT INTO [ERPSettings].[Component] ([IdComponent], [rank], [ComponentName], [IdComponentType], [IdFunctionality], [IdComponentParent], [FR], [EN], [AR], [DE], [CH], [ES], [IdButton], [classDiv], [classLabel], [class], [IsEncapsulated], [IdComponentChangedBy], [EntityName], [style], [ng_hide], [IsToInitialize], [IdFunctionalityForm], [IsFireChange]) VALUES (N'58489866-521d-4b5c-8421-e2686ae80991', 1, N'DIVCONTAINER1', 17, N'e741ea2c-4b8a-4f2c-b06f-b0da4cab8695', N'811b4b16-e308-42f7-867b-441e17a6a852', N'Liste des constantes taux', N'List of constant rate', N'', N'', N'', N'', NULL, N'col-lg-12 col-md-12 col-sm-12', N'', N'', 0, NULL, N'ConstantRate', NULL, NULL, 1, N'e741ea2c-4b8a-4f2c-b06f-b0da4cab8695', NULL)
INSERT INTO [ERPSettings].[Component] ([IdComponent], [rank], [ComponentName], [IdComponentType], [IdFunctionality], [IdComponentParent], [FR], [EN], [AR], [DE], [CH], [ES], [IdButton], [classDiv], [classLabel], [class], [IsEncapsulated], [IdComponentChangedBy], [EntityName], [style], [ng_hide], [IsToInitialize], [IdFunctionalityForm], [IsFireChange]) VALUES (N'59b1f4f4-24f9-4999-acfe-317e13f49371', 2, N'DIV3', 9, N'71a1d18f-85e1-4c77-ac51-fd731dcd925f', N'b6888e43-897c-44e9-9de1-7065373e39cf', NULL, NULL, NULL, NULL, NULL, NULL, NULL, N'', N'', N'col-lg-12 col-md-12 col-sm-12', 0, NULL, N'Payslip', NULL, NULL, 1, N'71a1d18f-85e1-4c77-ac51-fd731dcd925f', NULL)
INSERT INTO [ERPSettings].[Component] ([IdComponent], [rank], [ComponentName], [IdComponentType], [IdFunctionality], [IdComponentParent], [FR], [EN], [AR], [DE], [CH], [ES], [IdButton], [classDiv], [classLabel], [class], [IsEncapsulated], [IdComponentChangedBy], [EntityName], [style], [ng_hide], [IsToInitialize], [IdFunctionalityForm], [IsFireChange]) VALUES (N'5b139f06-1ae2-4b87-92c5-5208f45ae824', 5, N'GRIDCOLUMN5', 4, N'831becf0-0744-4fe4-b79c-dec135cee846', N'bf1b8933-c13f-45e8-9362-98393965c4eb', N'GRIDCOLUMN5', N'GRIDCOLUMN5_EN', N'GRIDCOLUMN5_AR', N'GRIDCOLUMN5_DE', N'GRIDCOLUMN5_CH', N'GRIDCOLUMN5_ES', NULL, N'col-lg-12 col-md-12 col-sm-12', N'col-lg-4 col-md-4 col-sm-4', N'', 0, NULL, N'SalaryStructure', NULL, NULL, 1, N'831becf0-0744-4fe4-b79c-dec135cee846', NULL)
INSERT INTO [ERPSettings].[Component] ([IdComponent], [rank], [ComponentName], [IdComponentType], [IdFunctionality], [IdComponentParent], [FR], [EN], [AR], [DE], [CH], [ES], [IdButton], [classDiv], [classLabel], [class], [IsEncapsulated], [IdComponentChangedBy], [EntityName], [style], [ng_hide], [IsToInitialize], [IdFunctionalityForm], [IsFireChange]) VALUES (N'5c4508b9-dcb2-412e-ac35-482095f75211', 1, N'FORM1', 6, N'a6c247bc-d584-43a3-b995-f303e3b13c77', NULL, N'FORM1', N'FORM1_EN', N'FORM1_AR', N'FORM1_DE', N'FORM1_CH', N'FORM1_ES', NULL, N'col-lg-12 col-md-12 col-sm-12', N'col-lg-4 col-md-4 col-sm-4', N'', 0, NULL, N'SalaryStructure', NULL, NULL, 1, N'a6c247bc-d584-43a3-b995-f303e3b13c77', NULL)
INSERT INTO [ERPSettings].[Component] ([IdComponent], [rank], [ComponentName], [IdComponentType], [IdFunctionality], [IdComponentParent], [FR], [EN], [AR], [DE], [CH], [ES], [IdButton], [classDiv], [classLabel], [class], [IsEncapsulated], [IdComponentChangedBy], [EntityName], [style], [ng_hide], [IsToInitialize], [IdFunctionalityForm], [IsFireChange]) VALUES (N'5c80ed67-b75d-4946-8e20-3dced85ae1ac', 1, N'DIVCONTAINER1', 17, N'a6c247bc-d584-43a3-b995-f303e3b13c77', N'5c4508b9-dcb2-412e-ac35-482095f75211', N'Modifier structure salariale', N'Update salary structure', N'', N'', N'', N'', NULL, N'col-lg-12 col-md-12 col-sm-12', N'', N'', 0, NULL, N'Variable', NULL, NULL, 1, N'a6c247bc-d584-43a3-b995-f303e3b13c77', NULL)
INSERT INTO [ERPSettings].[Component] ([IdComponent], [rank], [ComponentName], [IdComponentType], [IdFunctionality], [IdComponentParent], [FR], [EN], [AR], [DE], [CH], [ES], [IdButton], [classDiv], [classLabel], [class], [IsEncapsulated], [IdComponentChangedBy], [EntityName], [style], [ng_hide], [IsToInitialize], [IdFunctionalityForm], [IsFireChange]) VALUES (N'5f2c052e-c3a3-4a52-a9a9-90baf04c38b9', 1, N'EmployerRate', 1, N'7a7cebf1-3ed2-4c49-8e2a-2647ac09572e', N'f02caece-0702-465f-b6a3-7686a74556d0', N'Taux patronnal', N'Employer rate', N'', N'', N'', N'', N'f64ebdc0-620e-4c5b-b33f-89fc54138abc', N'form-group col-lg-12 col-md-12 col-sm-12', N'col-lg-4 col-md-4 col-sm-4', N'', 0, NULL, N'ConstantRateValidityPeriod', NULL, NULL, 1, N'7a7cebf1-3ed2-4c49-8e2a-2647ac09572e', NULL)
INSERT INTO [ERPSettings].[Component] ([IdComponent], [rank], [ComponentName], [IdComponentType], [IdFunctionality], [IdComponentParent], [FR], [EN], [AR], [DE], [CH], [ES], [IdButton], [classDiv], [classLabel], [class], [IsEncapsulated], [IdComponentChangedBy], [EntityName], [style], [ng_hide], [IsToInitialize], [IdFunctionalityForm], [IsFireChange]) VALUES (N'5f695bf1-f5c8-4127-bd24-5472f2e88039', 1, N'Reference', 1, N'336fdb14-6186-41c2-b2ff-98c99ea25c5f', N'73e79507-7fd2-4d68-a293-2cb82bbdbb12', N'Reference', N'Reference', N'Reference', N'Reference', N'Reference', N'Reference', N'f0721794-23a7-42a3-b5e9-351e66ca6376', N'form-group col-lg-12 col-md-12 col-sm-12', N'col-lg-4 col-md-4 col-sm-4', N'k-textbox', 0, NULL, N'SalaryRule', NULL, NULL, 1, N'336fdb14-6186-41c2-b2ff-98c99ea25c5f', NULL)
INSERT INTO [ERPSettings].[Component] ([IdComponent], [rank], [ComponentName], [IdComponentType], [IdFunctionality], [IdComponentParent], [FR], [EN], [AR], [DE], [CH], [ES], [IdButton], [classDiv], [classLabel], [class], [IsEncapsulated], [IdComponentChangedBy], [EntityName], [style], [ng_hide], [IsToInitialize], [IdFunctionalityForm], [IsFireChange]) VALUES (N'603e9380-eb44-4ae1-ac6c-58eb95343a37', 1, N'DIV2', 9, N'71a1d18f-85e1-4c77-ac51-fd731dcd925f', N'59b1f4f4-24f9-4999-acfe-317e13f49371', N'DIV2', N'DIV2_EN', N'DIV2_AR', N'DIV2_DE', N'DIV2_CH', N'DIV2_ES', NULL, N'', N'', N'row text-center', 0, NULL, N'Payslip', NULL, NULL, 1, N'71a1d18f-85e1-4c77-ac51-fd731dcd925f', NULL)
INSERT INTO [ERPSettings].[Component] ([IdComponent], [rank], [ComponentName], [IdComponentType], [IdFunctionality], [IdComponentParent], [FR], [EN], [AR], [DE], [CH], [ES], [IdButton], [classDiv], [classLabel], [class], [IsEncapsulated], [IdComponentChangedBy], [EntityName], [style], [ng_hide], [IsToInitialize], [IdFunctionalityForm], [IsFireChange]) VALUES (N'609633c1-5569-4d8c-ba68-dcdeabf3395e', 3, N'GRIDCOLUMN2', 4, N'd6ff08d7-ed69-48ee-b7ff-b96f6db1a79f', N'f088304d-2f23-46a8-9d7b-ace78e25442d', N'Number', N'Number', NULL, NULL, NULL, NULL, NULL, N'col-lg-12 col-md-12 col-sm-12', N'col-lg-4 col-md-4 col-sm-4', N'', 0, NULL, N'ConstantValue', NULL, NULL, 1, N'd6ff08d7-ed69-48ee-b7ff-b96f6db1a79f', NULL)
INSERT INTO [ERPSettings].[Component] ([IdComponent], [rank], [ComponentName], [IdComponentType], [IdFunctionality], [IdComponentParent], [FR], [EN], [AR], [DE], [CH], [ES], [IdButton], [classDiv], [classLabel], [class], [IsEncapsulated], [IdComponentChangedBy], [EntityName], [style], [ng_hide], [IsToInitialize], [IdFunctionalityForm], [IsFireChange]) VALUES (N'610616af-d03d-4000-ad64-69c13dd8ebbc', 2, N'DIV3', 9, N'5d854334-c1b7-48c8-8811-7a37ca16dc7b', N'95f15041-1120-4888-8b09-9fcdb74c99f9', NULL, NULL, NULL, NULL, NULL, NULL, NULL, N'', N'', N'col-lg-12 col-md-12 col-sm-12', 0, NULL, N'Variable', NULL, NULL, 1, N'5d854334-c1b7-48c8-8811-7a37ca16dc7b', NULL)
INSERT INTO [ERPSettings].[Component] ([IdComponent], [rank], [ComponentName], [IdComponentType], [IdFunctionality], [IdComponentParent], [FR], [EN], [AR], [DE], [CH], [ES], [IdButton], [classDiv], [classLabel], [class], [IsEncapsulated], [IdComponentChangedBy], [EntityName], [style], [ng_hide], [IsToInitialize], [IdFunctionalityForm], [IsFireChange]) VALUES (N'62813ff0-9118-4567-b356-771368e57351', 3, N'DIV3', 9, N'12e2ecc5-d861-4680-9310-92422a3e2593', N'874c891b-5a41-4505-8785-a7f2b6b24cd9', N'DIV3', N'DIV3_EN', N'DIV3_AR', N'DIV3_DE', N'DIV3_CH', N'DIV3_ES', NULL, N'', N'', N'col-lg-12 col-md-12 col-sm-12', 0, NULL, N'ConstantValue', NULL, NULL, 1, N'12e2ecc5-d861-4680-9310-92422a3e2593', NULL)
INSERT INTO [ERPSettings].[Component] ([IdComponent], [rank], [ComponentName], [IdComponentType], [IdFunctionality], [IdComponentParent], [FR], [EN], [AR], [DE], [CH], [ES], [IdButton], [classDiv], [classLabel], [class], [IsEncapsulated], [IdComponentChangedBy], [EntityName], [style], [ng_hide], [IsToInitialize], [IdFunctionalityForm], [IsFireChange]) VALUES (N'64d10aec-8913-461f-b7bf-6f9171bf8f39', 1, N'GRIDCOLUMN2', 4, N'e741ea2c-4b8a-4f2c-b06f-b0da4cab8695', N'0fa0d240-9202-44bf-a1d3-f3ad0464c1eb', N'Reference', N'Reference', NULL, NULL, NULL, NULL, NULL, N'col-lg-12 col-md-12 col-sm-12', N'col-lg-4 col-md-4 col-sm-4', N'', 0, NULL, N'ConstantRate', NULL, NULL, 1, N'e741ea2c-4b8a-4f2c-b06f-b0da4cab8695', NULL)
INSERT INTO [ERPSettings].[Component] ([IdComponent], [rank], [ComponentName], [IdComponentType], [IdFunctionality], [IdComponentParent], [FR], [EN], [AR], [DE], [CH], [ES], [IdButton], [classDiv], [classLabel], [class], [IsEncapsulated], [IdComponentChangedBy], [EntityName], [style], [ng_hide], [IsToInitialize], [IdFunctionalityForm], [IsFireChange]) VALUES (N'65cda83b-be21-447f-854e-fc7df35146ab', 1, N'DIV1', 9, N'7a7cebf1-3ed2-4c49-8e2a-2647ac09572e', N'f958d5a1-09d2-443f-839f-2c2b4a316227', N'DIV1', N'DIV1_EN', N'DIV1_AR', N'DIV1_DE', N'DIV1_CH', N'DIV1_ES', NULL, N'', N'', N'row', 0, NULL, N'ConstantRateValidityPeriod', NULL, NULL, 1, N'7a7cebf1-3ed2-4c49-8e2a-2647ac09572e', NULL)
INSERT INTO [ERPSettings].[Component] ([IdComponent], [rank], [ComponentName], [IdComponentType], [IdFunctionality], [IdComponentParent], [FR], [EN], [AR], [DE], [CH], [ES], [IdButton], [classDiv], [classLabel], [class], [IsEncapsulated], [IdComponentChangedBy], [EntityName], [style], [ng_hide], [IsToInitialize], [IdFunctionalityForm], [IsFireChange]) VALUES (N'68c8d0d4-91bd-40c1-88de-b0e28575e663', 2, N'IdParent', 11, N'a6c247bc-d584-43a3-b995-f303e3b13c77', N'bb45f3f6-4c1b-4477-a4d1-7a5b821e90e7', N'Parent', N'Parent', N'Parent_AR', N'Parent_DE', N'Parent_CH', N'Type de reglement_ES', N'7a4cfbe8-ca43-4489-9f34-f7550d68cf3e', N'form-group col-lg-12 col-md-12 col-sm-12', N'col-lg-4 col-md-4 col-sm-4', N'', 0, NULL, N'SalaryStructure', NULL, NULL, 1, N'a6c247bc-d584-43a3-b995-f303e3b13c77', NULL)
INSERT INTO [ERPSettings].[Component] ([IdComponent], [rank], [ComponentName], [IdComponentType], [IdFunctionality], [IdComponentParent], [FR], [EN], [AR], [DE], [CH], [ES], [IdButton], [classDiv], [classLabel], [class], [IsEncapsulated], [IdComponentChangedBy], [EntityName], [style], [ng_hide], [IsToInitialize], [IdFunctionalityForm], [IsFireChange]) VALUES (N'6cde0e38-586e-4ca9-ab0a-e6b59290b8ab', 1, N'Reference', 4, N'831becf0-0744-4fe4-b79c-dec135cee846', N'bf1b8933-c13f-45e8-9362-98393965c4eb', N'Réference', N'Reference', N'', N'', N'', N'', NULL, N'col-lg-12 col-md-12 col-sm-12', N'col-lg-4 col-md-4 col-sm-4', N'', 0, NULL, N'SalaryStructure', NULL, NULL, 1, N'831becf0-0744-4fe4-b79c-dec135cee846', NULL)
INSERT INTO [ERPSettings].[Component] ([IdComponent], [rank], [ComponentName], [IdComponentType], [IdFunctionality], [IdComponentParent], [FR], [EN], [AR], [DE], [CH], [ES], [IdButton], [classDiv], [classLabel], [class], [IsEncapsulated], [IdComponentChangedBy], [EntityName], [style], [ng_hide], [IsToInitialize], [IdFunctionalityForm], [IsFireChange]) VALUES (N'6e85db65-30ec-4fac-b615-7c3d3ecdebb8', 1, N'DIVCONTAINER1', 17, N'12e2ecc5-d861-4680-9310-92422a3e2593', N'85e71025-6956-43c2-b16f-75f1cf54ced2', N'Modifier Constante Valeur', N'Update Constant Value', N'Modifier Constante Valeur_AR', N'Modifier Constante Valeur_DE', N'Modifier Constante Valeur_CH', N'Modifier Constante Valeur_ES', NULL, N'col-lg-12 col-md-12 col-sm-12', N'', N'', 0, NULL, N'ConstantValue', NULL, NULL, 1, N'12e2ecc5-d861-4680-9310-92422a3e2593', NULL)
INSERT INTO [ERPSettings].[Component] ([IdComponent], [rank], [ComponentName], [IdComponentType], [IdFunctionality], [IdComponentParent], [FR], [EN], [AR], [DE], [CH], [ES], [IdButton], [classDiv], [classLabel], [class], [IsEncapsulated], [IdComponentChangedBy], [EntityName], [style], [ng_hide], [IsToInitialize], [IdFunctionalityForm], [IsFireChange]) VALUES (N'6eb0ad1a-178a-4a63-a15c-9ae1325a45c6', 3, N'DIV3', 9, N'12e2ecc5-d861-4680-9310-92422a3e2593', N'85e71025-6956-43c2-b16f-75f1cf54ced2', NULL, NULL, NULL, NULL, NULL, NULL, NULL, N'', N'', N'col-lg-12 col-md-12 col-sm-12', 0, NULL, N'ConstantValue', NULL, NULL, 1, N'12e2ecc5-d861-4680-9310-92422a3e2593', NULL)
INSERT INTO [ERPSettings].[Component] ([IdComponent], [rank], [ComponentName], [IdComponentType], [IdFunctionality], [IdComponentParent], [FR], [EN], [AR], [DE], [CH], [ES], [IdButton], [classDiv], [classLabel], [class], [IsEncapsulated], [IdComponentChangedBy], [EntityName], [style], [ng_hide], [IsToInitialize], [IdFunctionalityForm], [IsFireChange]) VALUES (N'70d0f2c2-1c2f-4725-bab5-5d12a419771e', 1, N'DIV1', 9, N'12e2ecc5-d861-4680-9310-92422a3e2593', N'6e85db65-30ec-4fac-b615-7c3d3ecdebb8', NULL, NULL, NULL, NULL, NULL, NULL, NULL, N'', N'', N'col-lg-12 col-md-12 col-sm-12', 0, NULL, N'ConstantValue', N'padding-left:0px; padding-right:0px;', NULL, 1, N'12e2ecc5-d861-4680-9310-92422a3e2593', NULL)
INSERT INTO [ERPSettings].[Component] ([IdComponent], [rank], [ComponentName], [IdComponentType], [IdFunctionality], [IdComponentParent], [FR], [EN], [AR], [DE], [CH], [ES], [IdButton], [classDiv], [classLabel], [class], [IsEncapsulated], [IdComponentChangedBy], [EntityName], [style], [ng_hide], [IsToInitialize], [IdFunctionalityForm], [IsFireChange]) VALUES (N'7362432d-2574-4ed9-b0ef-3d679f333a40', 1, N'DIV1', 9, N'12e2ecc5-d861-4680-9310-92422a3e2593', N'874c891b-5a41-4505-8785-a7f2b6b24cd9', N'DIV1', N'DIV1_EN', N'DIV1_AR', N'DIV1_DE', N'DIV1_CH', N'DIV1_ES', NULL, N'', N'', N'row', 0, NULL, N'ConstantValueValidityPeriod', NULL, NULL, 1, N'12e2ecc5-d861-4680-9310-92422a3e2593', NULL)
INSERT INTO [ERPSettings].[Component] ([IdComponent], [rank], [ComponentName], [IdComponentType], [IdFunctionality], [IdComponentParent], [FR], [EN], [AR], [DE], [CH], [ES], [IdButton], [classDiv], [classLabel], [class], [IsEncapsulated], [IdComponentChangedBy], [EntityName], [style], [ng_hide], [IsToInitialize], [IdFunctionalityForm], [IsFireChange]) VALUES (N'768bccfa-9efa-4fbd-9fb0-ca1bf6d49952', 1, N'DIVCONTAINER1', 17, N'05d45e13-6184-4085-b9b2-86015af49e11', N'db7f02a0-3730-4149-b485-426122cdd5f4', N'Liste des règles salariales', N'List of salary rules', N'', N'', N'', N'', NULL, N'col-lg-12 col-md-12 col-sm-12', N'', N'', 0, NULL, N'SalaryRule', NULL, NULL, 1, N'05d45e13-6184-4085-b9b2-86015af49e11', NULL)
INSERT INTO [ERPSettings].[Component] ([IdComponent], [rank], [ComponentName], [IdComponentType], [IdFunctionality], [IdComponentParent], [FR], [EN], [AR], [DE], [CH], [ES], [IdButton], [classDiv], [classLabel], [class], [IsEncapsulated], [IdComponentChangedBy], [EntityName], [style], [ng_hide], [IsToInitialize], [IdFunctionalityForm], [IsFireChange]) VALUES (N'780107e3-8107-4b6a-b10a-a75a4d8c739d', 2, N'DIV4', 9, N'712d6299-495e-45ce-9010-20e4ad36834a', N'f6f4d4e7-013b-47be-a888-4db19dd7264b', N'DIV4', N'DIV4', N'DIV4', N'DIV4', N'DIV4', N'DIV4', NULL, N'', N'', N'col-lg-6 col-md-6 col-sm-6', 0, NULL, N'SalaryStructure', NULL, NULL, 1, N'712d6299-495e-45ce-9010-20e4ad36834a', NULL)
INSERT INTO [ERPSettings].[Component] ([IdComponent], [rank], [ComponentName], [IdComponentType], [IdFunctionality], [IdComponentParent], [FR], [EN], [AR], [DE], [CH], [ES], [IdButton], [classDiv], [classLabel], [class], [IsEncapsulated], [IdComponentChangedBy], [EntityName], [style], [ng_hide], [IsToInitialize], [IdFunctionalityForm], [IsFireChange]) VALUES (N'787bb0cd-657d-4d50-9225-993ffcb027cc', 3, N'Formule', 1, N'5d854334-c1b7-48c8-8811-7a37ca16dc7b', N'16a7efd4-0ae2-43cf-88d6-066ae1736a61', N'Formule', N'Formula', N'Formule_AR', N'Formule_DE', N'Formule', N'Formule', N'ee51a5db-eb44-4506-ab5d-13ee26446ab3', N'form-group col-lg-12 col-md-12 col-sm-12', N'col-lg-2 col-md-2 col-sm-2', N'k-textbox', 0, NULL, N'Variable', N'height: 600px; width:100%; margin-left:15px; margin-top:15px;', NULL, 1, N'5d854334-c1b7-48c8-8811-7a37ca16dc7b', NULL)
INSERT INTO [ERPSettings].[Component] ([IdComponent], [rank], [ComponentName], [IdComponentType], [IdFunctionality], [IdComponentParent], [FR], [EN], [AR], [DE], [CH], [ES], [IdButton], [classDiv], [classLabel], [class], [IsEncapsulated], [IdComponentChangedBy], [EntityName], [style], [ng_hide], [IsToInitialize], [IdFunctionalityForm], [IsFireChange]) VALUES (N'78c05ff4-0ae9-48af-8c9a-6be91165f3c4', 1, N'DIV1', 9, N'5d854334-c1b7-48c8-8811-7a37ca16dc7b', N'c93381ac-7591-4dba-9661-233e288d4dce', N'DIV1', N'DIV1_EN', N'DIV1_AR', N'DIV1_DE', N'DIV1_CH', N'DIV1_ES', NULL, N'', N'', N'', 0, NULL, N'Variable', NULL, NULL, 1, N'5d854334-c1b7-48c8-8811-7a37ca16dc7b', NULL)
INSERT INTO [ERPSettings].[Component] ([IdComponent], [rank], [ComponentName], [IdComponentType], [IdFunctionality], [IdComponentParent], [FR], [EN], [AR], [DE], [CH], [ES], [IdButton], [classDiv], [classLabel], [class], [IsEncapsulated], [IdComponentChangedBy], [EntityName], [style], [ng_hide], [IsToInitialize], [IdFunctionalityForm], [IsFireChange]) VALUES (N'7a4cfbe8-ca43-4489-9f34-f7550d68cf3e', 1, N'BUTTON1', 7, N'a6c247bc-d584-43a3-b995-f303e3b13c77', N'97545a3e-7dfb-4053-aca9-987c5a6ade4b', N'Mettre à jour', N'Update', N'Mettre à jour_AR', N'Mettre à jour_DE', N'Mettre à jour_CH', N'Enregistrer_ES', NULL, N'form-group col-lg-12 col-md-12 col-sm-12', N'col-lg-4 col-md-4 col-sm-4', N'k-button', 0, NULL, N'SalaryStructure', NULL, NULL, 1, N'a6c247bc-d584-43a3-b995-f303e3b13c77', NULL)
INSERT INTO [ERPSettings].[Component] ([IdComponent], [rank], [ComponentName], [IdComponentType], [IdFunctionality], [IdComponentParent], [FR], [EN], [AR], [DE], [CH], [ES], [IdButton], [classDiv], [classLabel], [class], [IsEncapsulated], [IdComponentChangedBy], [EntityName], [style], [ng_hide], [IsToInitialize], [IdFunctionalityForm], [IsFireChange]) VALUES (N'7b0345e9-f8b7-4c1c-8170-6182dd23ea5d', 2, N'SalaryRate', 4, N'7a7cebf1-3ed2-4c49-8e2a-2647ac09572e', N'3ba6d383-ffcf-425f-b49e-79695cac7e1f', N'Taux salarial', N'Salary rate', N'', N'', N'', N'', NULL, N'col-lg-12 col-md-12 col-sm-12', N'col-lg-4 col-md-4 col-sm-4', N'', 0, NULL, N'ConstantRateValidityPeriod', NULL, NULL, 1, N'7a7cebf1-3ed2-4c49-8e2a-2647ac09572e', NULL)
INSERT INTO [ERPSettings].[Component] ([IdComponent], [rank], [ComponentName], [IdComponentType], [IdFunctionality], [IdComponentParent], [FR], [EN], [AR], [DE], [CH], [ES], [IdButton], [classDiv], [classLabel], [class], [IsEncapsulated], [IdComponentChangedBy], [EntityName], [style], [ng_hide], [IsToInitialize], [IdFunctionalityForm], [IsFireChange]) VALUES (N'7c4a84a2-cf55-479b-b265-c473672dc060', 1, N'GRIDBUTTON1', 16, N'd6ff08d7-ed69-48ee-b7ff-b96f6db1a79f', N'198ad5eb-fb85-40a3-922e-a5245000e6e4', N'Modifier', N'Update', N'Modifier_AR', N'Modifier_DE', N'Modifier_CH', N'Modifier_ES', NULL, N'col-lg-12 col-md-12 col-sm-12', N'col-lg-4 col-md-4 col-sm-4', N'glyphicon glyphicon-edit', 1, NULL, N'ConstantValue', NULL, NULL, 1, N'd6ff08d7-ed69-48ee-b7ff-b96f6db1a79f', NULL)
INSERT INTO [ERPSettings].[Component] ([IdComponent], [rank], [ComponentName], [IdComponentType], [IdFunctionality], [IdComponentParent], [FR], [EN], [AR], [DE], [CH], [ES], [IdButton], [classDiv], [classLabel], [class], [IsEncapsulated], [IdComponentChangedBy], [EntityName], [style], [ng_hide], [IsToInitialize], [IdFunctionalityForm], [IsFireChange]) VALUES (N'7e38138c-82a6-4555-9100-9289fc6dc32d', 2, N'DIVCONTAINER1', 17, N'336fdb14-6186-41c2-b2ff-98c99ea25c5f', N'7545f9b0-74c1-4c05-93b7-f42ddd5b05cd', N'Informations de catégorisation', N'Categorisation iformation', N'', N'', N'', N'', NULL, N'col-lg-12 col-md-12 col-sm-12', N'', N'', 0, NULL, N'SalaryRule', NULL, NULL, 1, N'336fdb14-6186-41c2-b2ff-98c99ea25c5f', NULL)
INSERT INTO [ERPSettings].[Component] ([IdComponent], [rank], [ComponentName], [IdComponentType], [IdFunctionality], [IdComponentParent], [FR], [EN], [AR], [DE], [CH], [ES], [IdButton], [classDiv], [classLabel], [class], [IsEncapsulated], [IdComponentChangedBy], [EntityName], [style], [ng_hide], [IsToInitialize], [IdFunctionalityForm], [IsFireChange]) VALUES (N'811b4b16-e308-42f7-867b-441e17a6a852', 1, N'FORM1', 6, N'e741ea2c-4b8a-4f2c-b06f-b0da4cab8695', NULL, N'FORM1', N'FORM1', N'FORM1_AR', N'FORM1_DE', N'FORM1_CH', N'FORM1_ES', NULL, N'col-lg-12 col-md-12 col-sm-12', N'col-lg-4 col-md-4 col-sm-4', N'', 0, NULL, N'ConstantRate', NULL, NULL, 1, N'e741ea2c-4b8a-4f2c-b06f-b0da4cab8695', NULL)
INSERT INTO [ERPSettings].[Component] ([IdComponent], [rank], [ComponentName], [IdComponentType], [IdFunctionality], [IdComponentParent], [FR], [EN], [AR], [DE], [CH], [ES], [IdButton], [classDiv], [classLabel], [class], [IsEncapsulated], [IdComponentChangedBy], [EntityName], [style], [ng_hide], [IsToInitialize], [IdFunctionalityForm], [IsFireChange]) VALUES (N'829aad80-dcfc-42c1-a051-7ce271cbefe4', 1, N'DIV3', 9, N'7a7cebf1-3ed2-4c49-8e2a-2647ac09572e', N'17e09a68-bdce-454c-9e65-76aaf13a7774', N'DIV3', N'DIV3_EN', N'DIV3_AR', N'DIV3_DE', N'DIV3_CH', N'DIV3_ES', NULL, N'', N'', N'', 0, NULL, N'ConstantRate', NULL, NULL, 1, N'7a7cebf1-3ed2-4c49-8e2a-2647ac09572e', NULL)
INSERT INTO [ERPSettings].[Component] ([IdComponent], [rank], [ComponentName], [IdComponentType], [IdFunctionality], [IdComponentParent], [FR], [EN], [AR], [DE], [CH], [ES], [IdButton], [classDiv], [classLabel], [class], [IsEncapsulated], [IdComponentChangedBy], [EntityName], [style], [ng_hide], [IsToInitialize], [IdFunctionalityForm], [IsFireChange]) VALUES (N'83b8bb43-eb7f-4d26-8618-e85e49ea1f99', 1, N'BUTTON1', 7, N'7a7cebf1-3ed2-4c49-8e2a-2647ac09572e', N'cbf1a87c-c30a-4326-a783-4d3f8e685e4d', N'Retourner à la liste', N'Back to list', N'Retourner à la liste_AR', N'Retourner à la liste_DE', N'Retourner à la liste_CH', N'Retourner à la liste_ES', NULL, N'form-group col-lg-12 col-md-12 col-sm-12', N'col-lg-4 col-md-4 col-sm-4', N'k-button', 0, NULL, N'ConstantRate', NULL, NULL, 1, N'7a7cebf1-3ed2-4c49-8e2a-2647ac09572e', NULL)
INSERT INTO [ERPSettings].[Component] ([IdComponent], [rank], [ComponentName], [IdComponentType], [IdFunctionality], [IdComponentParent], [FR], [EN], [AR], [DE], [CH], [ES], [IdButton], [classDiv], [classLabel], [class], [IsEncapsulated], [IdComponentChangedBy], [EntityName], [style], [ng_hide], [IsToInitialize], [IdFunctionalityForm], [IsFireChange]) VALUES (N'8458b439-1d4f-402c-bd74-64aa0664975c', 2, N'DIV1', 9, N'7a7cebf1-3ed2-4c49-8e2a-2647ac09572e', N'65cda83b-be21-447f-854e-fc7df35146ab', N'DIV1', N'DIV1_EN', N'DIV1_AR', N'DIV1_DE', N'DIV1_CH', N'DIV1_ES', NULL, N'', N'', N'col-lg-4 col-md-4 col-sm-4', 0, NULL, N'ConstantRate', NULL, NULL, 1, N'7a7cebf1-3ed2-4c49-8e2a-2647ac09572e', NULL)
INSERT INTO [ERPSettings].[Component] ([IdComponent], [rank], [ComponentName], [IdComponentType], [IdFunctionality], [IdComponentParent], [FR], [EN], [AR], [DE], [CH], [ES], [IdButton], [classDiv], [classLabel], [class], [IsEncapsulated], [IdComponentChangedBy], [EntityName], [style], [ng_hide], [IsToInitialize], [IdFunctionalityForm], [IsFireChange]) VALUES (N'85e71025-6956-43c2-b16f-75f1cf54ced2', 1, N'FORM1', 6, N'12e2ecc5-d861-4680-9310-92422a3e2593', NULL, N'FORM1', N'FORM1_EN', N'FORM1_AR', N'FORM1_DE', N'FORM1_CH', N'FORM1_ES', NULL, N'col-lg-12 col-md-12 col-sm-12', N'col-lg-4 col-md-4 col-sm-4', N'', 0, NULL, N'ConstantValue', NULL, NULL, 1, N'12e2ecc5-d861-4680-9310-92422a3e2593', NULL)
INSERT INTO [ERPSettings].[Component] ([IdComponent], [rank], [ComponentName], [IdComponentType], [IdFunctionality], [IdComponentParent], [FR], [EN], [AR], [DE], [CH], [ES], [IdButton], [classDiv], [classLabel], [class], [IsEncapsulated], [IdComponentChangedBy], [EntityName], [style], [ng_hide], [IsToInitialize], [IdFunctionalityForm], [IsFireChange]) VALUES (N'874c891b-5a41-4505-8785-a7f2b6b24cd9', 2, N'DIVCONTAINER2', 17, N'12e2ecc5-d861-4680-9310-92422a3e2593', N'85e71025-6956-43c2-b16f-75f1cf54ced2', N'Periode', N'Period', N'', N'', N'', N'', NULL, N'col-lg-12 col-md-12 col-sm-12', N'', N'', 0, NULL, N'ConstantValueValidityPeriod', NULL, NULL, 1, N'12e2ecc5-d861-4680-9310-92422a3e2593', NULL)
INSERT INTO [ERPSettings].[Component] ([IdComponent], [rank], [ComponentName], [IdComponentType], [IdFunctionality], [IdComponentParent], [FR], [EN], [AR], [DE], [CH], [ES], [IdButton], [classDiv], [classLabel], [class], [IsEncapsulated], [IdComponentChangedBy], [EntityName], [style], [ng_hide], [IsToInitialize], [IdFunctionalityForm], [IsFireChange]) VALUES (N'883e4b65-269a-43f2-9a39-a1b1dd355447', 2, N'Description', 1, N'5d854334-c1b7-48c8-8811-7a37ca16dc7b', N'16a7efd4-0ae2-43cf-88d6-066ae1736a61', N'Description', N'Description_EN', N'Description_AR', N'Description_DE', N'Description_CH', N'Description_ES ', N'ee51a5db-eb44-4506-ab5d-13ee26446ab3', N'form-group col-lg-12 col-md-12 col-sm-12', N'col-lg-2 col-md-2 col-sm-2', N'k-textbox', 0, NULL, N'Variable', N'height: 100px;', NULL, 1, N'5d854334-c1b7-48c8-8811-7a37ca16dc7b', NULL)
INSERT INTO [ERPSettings].[Component] ([IdComponent], [rank], [ComponentName], [IdComponentType], [IdFunctionality], [IdComponentParent], [FR], [EN], [AR], [DE], [CH], [ES], [IdButton], [classDiv], [classLabel], [class], [IsEncapsulated], [IdComponentChangedBy], [EntityName], [style], [ng_hide], [IsToInitialize], [IdFunctionalityForm], [IsFireChange]) VALUES (N'88d19b1e-0962-4dc6-bb5b-e679b2fd44e3', 1, N'SalaryStructureReference', 1, N'71a1d18f-85e1-4c77-ac51-fd731dcd925f', N'28ee45ba-faba-4419-a30a-4eb092d07c36', N'Reference', N'Reference', N'Reference', N'Reference', N'Reference', N'Reference', N'019d04b1-234d-4b71-afa3-ef11f67559c2', N'form-group col-lg-12 col-md-12 col-sm-12', N'col-lg-4 col-md-4 col-sm-4', N'k-textbox', 0, NULL, N'Payslip', NULL, NULL, 1, N'71a1d18f-85e1-4c77-ac51-fd731dcd925f', NULL)
INSERT INTO [ERPSettings].[Component] ([IdComponent], [rank], [ComponentName], [IdComponentType], [IdFunctionality], [IdComponentParent], [FR], [EN], [AR], [DE], [CH], [ES], [IdButton], [classDiv], [classLabel], [class], [IsEncapsulated], [IdComponentChangedBy], [EntityName], [style], [ng_hide], [IsToInitialize], [IdFunctionalityForm], [IsFireChange]) VALUES (N'8add60b9-5b5e-4091-84cf-e3c9d5d25c8c', 1, N'BUTTON1', 7, N'05d45e13-6184-4085-b9b2-86015af49e11', N'0846c2cb-31b1-46fa-a1d3-308cb59b4421', N'Ajouter une règle salariale', N'Add salary rule', N'', N'', N'', N'', NULL, N'form-group col-lg-4 col-md-4 col-sm-4', N'col-lg-4 col-md-4 col-sm-4', N'k-button', 0, NULL, N'SalaryRule', NULL, NULL, 1, N'05d45e13-6184-4085-b9b2-86015af49e11', NULL)
INSERT INTO [ERPSettings].[Component] ([IdComponent], [rank], [ComponentName], [IdComponentType], [IdFunctionality], [IdComponentParent], [FR], [EN], [AR], [DE], [CH], [ES], [IdButton], [classDiv], [classLabel], [class], [IsEncapsulated], [IdComponentChangedBy], [EntityName], [style], [ng_hide], [IsToInitialize], [IdFunctionalityForm], [IsFireChange]) VALUES (N'8bc424e7-63ac-4f5e-b39a-5f9b39b08399', 2, N'Name', 1, N'712d6299-495e-45ce-9010-20e4ad36834a', N'dabef25e-aeae-406a-91dc-ead7f3ca118b', N'Nom', N'Name', N'', N'', N'', N'', N'542ff33f-7353-4fd2-94b2-8274bbde3065', N'form-group col-lg-12 col-md-12 col-sm-12', N'col-lg-4 col-md-4 col-sm-4', N'k-textbox', 0, NULL, N'SalaryStructure', N'', NULL, 1, N'712d6299-495e-45ce-9010-20e4ad36834a', NULL)
INSERT INTO [ERPSettings].[Component] ([IdComponent], [rank], [ComponentName], [IdComponentType], [IdFunctionality], [IdComponentParent], [FR], [EN], [AR], [DE], [CH], [ES], [IdButton], [classDiv], [classLabel], [class], [IsEncapsulated], [IdComponentChangedBy], [EntityName], [style], [ng_hide], [IsToInitialize], [IdFunctionalityForm], [IsFireChange]) VALUES (N'8be09b24-c99f-47f3-92d4-e51508eea826', 1, N'Date', 4, N'12e2ecc5-d861-4680-9310-92422a3e2593', N'28326791-35e2-4bf1-bd23-2a4fa83909f2', N'Période', N'Period', N'Date de debut_AR', N'Date de debut_DE', N'Date de debut_CH', N'Date de debut_ES', NULL, N'col-lg-12 col-md-12 col-sm-12', N'col-lg-4 col-md-4 col-sm-4', N'', 0, NULL, N'ConstantValueValidityPeriod', NULL, NULL, 1, N'12e2ecc5-d861-4680-9310-92422a3e2593', NULL)
INSERT INTO [ERPSettings].[Component] ([IdComponent], [rank], [ComponentName], [IdComponentType], [IdFunctionality], [IdComponentParent], [FR], [EN], [AR], [DE], [CH], [ES], [IdButton], [classDiv], [classLabel], [class], [IsEncapsulated], [IdComponentChangedBy], [EntityName], [style], [ng_hide], [IsToInitialize], [IdFunctionalityForm], [IsFireChange]) VALUES (N'92d28173-42d4-432f-902e-126b36a9b4a3', 1, N'DIV2', 9, N'12e2ecc5-d861-4680-9310-92422a3e2593', N'6eb0ad1a-178a-4a63-a15c-9ae1325a45c6', N'DIV2', N'DIV2_EN', N'DIV2_AR', N'DIV2_DE', N'DIV2_CH', N'DIV2_ES', NULL, N'', N'', N'row text-center', 0, NULL, N'ConstantValue', NULL, NULL, 1, N'12e2ecc5-d861-4680-9310-92422a3e2593', NULL)
INSERT INTO [ERPSettings].[Component] ([IdComponent], [rank], [ComponentName], [IdComponentType], [IdFunctionality], [IdComponentParent], [FR], [EN], [AR], [DE], [CH], [ES], [IdButton], [classDiv], [classLabel], [class], [IsEncapsulated], [IdComponentChangedBy], [EntityName], [style], [ng_hide], [IsToInitialize], [IdFunctionalityForm], [IsFireChange]) VALUES (N'93de32c3-e281-4b38-8cd6-1eef2220e6e0', 1, N'Reference', 1, N'7a7cebf1-3ed2-4c49-8e2a-2647ac09572e', N'dc69d366-6f48-4ddd-95a7-abd211e7bf02', N'Reference', N'Reference', N'Reference', N'Reference', N'Reference', N'Reference', N'fec36bc6-da1f-4f29-b3e5-2f7f1ddca630', N'form-group col-lg-12 col-md-12 col-sm-12', N'col-lg-4 col-md-4 col-sm-4', N'k-textbox', 0, NULL, N'ConstantRate', NULL, NULL, 1, N'7a7cebf1-3ed2-4c49-8e2a-2647ac09572e', NULL)
INSERT INTO [ERPSettings].[Component] ([IdComponent], [rank], [ComponentName], [IdComponentType], [IdFunctionality], [IdComponentParent], [FR], [EN], [AR], [DE], [CH], [ES], [IdButton], [classDiv], [classLabel], [class], [IsEncapsulated], [IdComponentChangedBy], [EntityName], [style], [ng_hide], [IsToInitialize], [IdFunctionalityForm], [IsFireChange]) VALUES (N'948fa177-bb70-4a9c-a654-6434b7f70385', 1, N'FORM1', 6, N'831becf0-0744-4fe4-b79c-dec135cee846', NULL, N'FORM1', N'FORM1', N'FORM1_AR', N'FORM1_DE', N'FORM1_CH', N'FORM1_ES', NULL, N'col-lg-12 col-md-12 col-sm-12', N'col-lg-4 col-md-4 col-sm-4', N'', 0, NULL, N'SalaryStructure', NULL, NULL, 1, N'831becf0-0744-4fe4-b79c-dec135cee846', NULL)
INSERT INTO [ERPSettings].[Component] ([IdComponent], [rank], [ComponentName], [IdComponentType], [IdFunctionality], [IdComponentParent], [FR], [EN], [AR], [DE], [CH], [ES], [IdButton], [classDiv], [classLabel], [class], [IsEncapsulated], [IdComponentChangedBy], [EntityName], [style], [ng_hide], [IsToInitialize], [IdFunctionalityForm], [IsFireChange]) VALUES (N'94e968ab-4621-4bd5-b793-e90c26715381', 1, N'Date', 1, N'7a7cebf1-3ed2-4c49-8e2a-2647ac09572e', N'435dc69a-5ec5-4ce3-9ea5-09ee2f747117', N'Début période', N'Start period', N'', N'', N'', N'', N'f64ebdc0-620e-4c5b-b33f-89fc54138abc', N'form-group col-lg-12 col-md-12 col-sm-12', N'col-lg-4 col-md-4 col-sm-4', N'', 0, NULL, N'ConstantRateValidityPeriod', NULL, NULL, 1, N'7a7cebf1-3ed2-4c49-8e2a-2647ac09572e', NULL)
INSERT INTO [ERPSettings].[Component] ([IdComponent], [rank], [ComponentName], [IdComponentType], [IdFunctionality], [IdComponentParent], [FR], [EN], [AR], [DE], [CH], [ES], [IdButton], [classDiv], [classLabel], [class], [IsEncapsulated], [IdComponentChangedBy], [EntityName], [style], [ng_hide], [IsToInitialize], [IdFunctionalityForm], [IsFireChange]) VALUES (N'95f15041-1120-4888-8b09-9fcdb74c99f9', 1, N'FORM1', 6, N'5d854334-c1b7-48c8-8811-7a37ca16dc7b', NULL, N'FORM1', N'FORM1_EN', N'FORM1_AR', N'FORM1_DE', N'FORM1_CH', N'FORM1_ES', NULL, N'col-lg-12 col-md-12 col-sm-12', N'col-lg-4 col-md-4 col-sm-4', N'', 0, NULL, N'Variable', NULL, NULL, 1, N'5d854334-c1b7-48c8-8811-7a37ca16dc7b', NULL)
INSERT INTO [ERPSettings].[Component] ([IdComponent], [rank], [ComponentName], [IdComponentType], [IdFunctionality], [IdComponentParent], [FR], [EN], [AR], [DE], [CH], [ES], [IdButton], [classDiv], [classLabel], [class], [IsEncapsulated], [IdComponentChangedBy], [EntityName], [style], [ng_hide], [IsToInitialize], [IdFunctionalityForm], [IsFireChange]) VALUES (N'97545a3e-7dfb-4053-aca9-987c5a6ade4b', 2, N'DIV2', 9, N'a6c247bc-d584-43a3-b995-f303e3b13c77', N'b4a7d3a4-3006-41c2-ba8a-5cf124afa658', N'DIV2', N'DIV2_EN', N'DIV2_AR', N'DIV2_DE', N'DIV2_CH', N'DIV2_ES', NULL, N'', N'', N'', 0, NULL, N'SalaryStructure', NULL, NULL, 1, N'a6c247bc-d584-43a3-b995-f303e3b13c77', NULL)
INSERT INTO [ERPSettings].[Component] ([IdComponent], [rank], [ComponentName], [IdComponentType], [IdFunctionality], [IdComponentParent], [FR], [EN], [AR], [DE], [CH], [ES], [IdButton], [classDiv], [classLabel], [class], [IsEncapsulated], [IdComponentChangedBy], [EntityName], [style], [ng_hide], [IsToInitialize], [IdFunctionalityForm], [IsFireChange]) VALUES (N'9963d6e9-94aa-4e57-bf94-550ef1086be8', 2, N'GRIDBUTTON2', 16, N'd6ff08d7-ed69-48ee-b7ff-b96f6db1a79f', N'198ad5eb-fb85-40a3-922e-a5245000e6e4', N'Supprimer', N'Delete', N'Supprimer_AR', N'Supprimer_DE', N'Supprimer_CH', N'Supprimer_ES', NULL, N'col-lg-12 col-md-12 col-sm-12', N'col-lg-4 col-md-4 col-sm-4', N'glyphicon glyphicon-trash', 1, NULL, N'ConstantValue', NULL, NULL, 1, N'd6ff08d7-ed69-48ee-b7ff-b96f6db1a79f', NULL)
INSERT INTO [ERPSettings].[Component] ([IdComponent], [rank], [ComponentName], [IdComponentType], [IdFunctionality], [IdComponentParent], [FR], [EN], [AR], [DE], [CH], [ES], [IdButton], [classDiv], [classLabel], [class], [IsEncapsulated], [IdComponentChangedBy], [EntityName], [style], [ng_hide], [IsToInitialize], [IdFunctionalityForm], [IsFireChange]) VALUES (N'9a1f190b-8207-4d86-b69b-1021e009a7ef', 1, N'GRIDBUTTON2', 16, N'831becf0-0744-4fe4-b79c-dec135cee846', N'5b139f06-1ae2-4b87-92c5-5208f45ae824', N'Mettre à jour', N'Update', N'Update_AR', N'Update_DE', N'Update_CH', N'Update_ES', N'f8e3b5d8-aa96-43bc-b0f4-d1e94c6f6e01', N'col-lg-12 col-md-12 col-sm-12', N'col-lg-4 col-md-4 col-sm-4', N'glyphicon glyphicon-edit', 1, NULL, N'SalaryStructure', NULL, NULL, 1, N'831becf0-0744-4fe4-b79c-dec135cee846', NULL)
INSERT INTO [ERPSettings].[Component] ([IdComponent], [rank], [ComponentName], [IdComponentType], [IdFunctionality], [IdComponentParent], [FR], [EN], [AR], [DE], [CH], [ES], [IdButton], [classDiv], [classLabel], [class], [IsEncapsulated], [IdComponentChangedBy], [EntityName], [style], [ng_hide], [IsToInitialize], [IdFunctionalityForm], [IsFireChange]) VALUES (N'9b9a2d76-b341-44fa-bdc6-a8f3b17ab40d', 1, N'Order', 1, N'71a1d18f-85e1-4c77-ac51-fd731dcd925f', N'eb44f64d-5557-4d3a-8f6d-31778d47eef9', N'Ordre', N'Order', N'', N'', N'', N'', N'019d04b1-234d-4b71-afa3-ef11f67559c2', N'form-group col-lg-12 col-md-12 col-sm-12', N'col-lg-4 col-md-4 col-sm-4', N'', 0, NULL, N'Payslip', NULL, NULL, 1, N'71a1d18f-85e1-4c77-ac51-fd731dcd925f', NULL)
INSERT INTO [ERPSettings].[Component] ([IdComponent], [rank], [ComponentName], [IdComponentType], [IdFunctionality], [IdComponentParent], [FR], [EN], [AR], [DE], [CH], [ES], [IdButton], [classDiv], [classLabel], [class], [IsEncapsulated], [IdComponentChangedBy], [EntityName], [style], [ng_hide], [IsToInitialize], [IdFunctionalityForm], [IsFireChange]) VALUES (N'9c1c0480-e103-45af-be65-803544b4f23f', 2, N'Description', 1, N'336fdb14-6186-41c2-b2ff-98c99ea25c5f', N'216a4d00-1b30-4cda-a008-6688c8351a10', N'Description', N'Description_EN', N'Description_AR', N'Description_DE', N'Description_CH', N'Description_ES ', N'f0721794-23a7-42a3-b5e9-351e66ca6376', N'form-group col-lg-12 col-md-12 col-sm-12', N'col-lg-4 col-md-4 col-sm-4', N'k-textbox', 0, NULL, N'SalaryRule', N'height: 100px;', NULL, 1, N'336fdb14-6186-41c2-b2ff-98c99ea25c5f', NULL)
INSERT INTO [ERPSettings].[Component] ([IdComponent], [rank], [ComponentName], [IdComponentType], [IdFunctionality], [IdComponentParent], [FR], [EN], [AR], [DE], [CH], [ES], [IdButton], [classDiv], [classLabel], [class], [IsEncapsulated], [IdComponentChangedBy], [EntityName], [style], [ng_hide], [IsToInitialize], [IdFunctionalityForm], [IsFireChange]) VALUES (N'9d65d896-7a15-4546-8597-b7fb7b2c92b6', 1, N'EnregistrementPeriod', 7, N'12e2ecc5-d861-4680-9310-92422a3e2593', N'a6f90e59-b28f-4ec1-97bc-7d5a32e1b5b7', N'Enregistrer', N'Save', N'Enregistrer_AR', N'Enregistrer_DE', N'Enregistrer_CH', N'Enregistrer_ES', NULL, N'form-group col-lg-12 col-md-12 col-sm-12', N'', N'k-button pull-right', 0, NULL, N'ConstantValueValidityPeriod', NULL, NULL, 1, N'12e2ecc5-d861-4680-9310-92422a3e2593', NULL)
INSERT INTO [ERPSettings].[Component] ([IdComponent], [rank], [ComponentName], [IdComponentType], [IdFunctionality], [IdComponentParent], [FR], [EN], [AR], [DE], [CH], [ES], [IdButton], [classDiv], [classLabel], [class], [IsEncapsulated], [IdComponentChangedBy], [EntityName], [style], [ng_hide], [IsToInitialize], [IdFunctionalityForm], [IsFireChange]) VALUES (N'9fb14a91-4f73-46d7-a84b-b6b3452db895', 1, N'DIV2', 9, N'a6c247bc-d584-43a3-b995-f303e3b13c77', N'd5e8bd09-ea24-430e-ac5c-75c6975de75f', N'DIV2', N'DIV2_EN', N'DIV2_AR', N'DIV2_DE', N'DIV2_CH', N'DIV2_ES', NULL, N'', N'', N'row text-center', 0, NULL, N'SalaryStructure', NULL, NULL, 1, N'a6c247bc-d584-43a3-b995-f303e3b13c77', NULL)
INSERT INTO [ERPSettings].[Component] ([IdComponent], [rank], [ComponentName], [IdComponentType], [IdFunctionality], [IdComponentParent], [FR], [EN], [AR], [DE], [CH], [ES], [IdButton], [classDiv], [classLabel], [class], [IsEncapsulated], [IdComponentChangedBy], [EntityName], [style], [ng_hide], [IsToInitialize], [IdFunctionalityForm], [IsFireChange]) VALUES (N'a1763c60-4098-47b3-8a10-77dcc9c1f69d', 2, N'IdParent', 11, N'712d6299-495e-45ce-9010-20e4ad36834a', N'780107e3-8107-4b6a-b10a-a75a4d8c739d', N'Parent', N'Parent', N'Parent_AR', N'Parent_DE', N'Parent_CH', N'Type de reglement_ES', N'542ff33f-7353-4fd2-94b2-8274bbde3065', N'form-group col-lg-12 col-md-12 col-sm-12', N'col-lg-4 col-md-4 col-sm-4', N'', 0, NULL, N'SalaryStructure', NULL, NULL, 1, N'712d6299-495e-45ce-9010-20e4ad36834a', NULL)
INSERT INTO [ERPSettings].[Component] ([IdComponent], [rank], [ComponentName], [IdComponentType], [IdFunctionality], [IdComponentParent], [FR], [EN], [AR], [DE], [CH], [ES], [IdButton], [classDiv], [classLabel], [class], [IsEncapsulated], [IdComponentChangedBy], [EntityName], [style], [ng_hide], [IsToInitialize], [IdFunctionalityForm], [IsFireChange]) VALUES (N'a1fbf199-7072-4543-b602-d40250e21328', 2, N'DIV2', 9, N'e741ea2c-4b8a-4f2c-b06f-b0da4cab8695', N'58489866-521d-4b5c-8421-e2686ae80991', N'DIV2', N'DIV2', N'DIV2_AR', N'DIV2_DE', N'DIV2_CH', N'DIV2_ES', NULL, N'', N'', N'', 0, NULL, N'ConstantRate', NULL, N'', 1, N'e741ea2c-4b8a-4f2c-b06f-b0da4cab8695', NULL)
INSERT INTO [ERPSettings].[Component] ([IdComponent], [rank], [ComponentName], [IdComponentType], [IdFunctionality], [IdComponentParent], [FR], [EN], [AR], [DE], [CH], [ES], [IdButton], [classDiv], [classLabel], [class], [IsEncapsulated], [IdComponentChangedBy], [EntityName], [style], [ng_hide], [IsToInitialize], [IdFunctionalityForm], [IsFireChange]) VALUES (N'a2b82b71-701d-4a7c-bb3d-63637ed56b71', 2, N'GRIDBUTTON1', 16, N'831becf0-0744-4fe4-b79c-dec135cee846', N'5b139f06-1ae2-4b87-92c5-5208f45ae824', N'Supprimer', N'Delete', N'Delete_AR', N'Delete_DE', N'Delete_CH', N'Delete_ES', N'f8e3b5d8-aa96-43bc-b0f4-d1e94c6f6e01', N'col-lg-12 col-md-12 col-sm-12', N'col-lg-4 col-md-4 col-sm-4', N'glyphicon glyphicon-trash', 1, NULL, N'SalaryStructure', NULL, NULL, 1, N'831becf0-0744-4fe4-b79c-dec135cee846', NULL)
INSERT INTO [ERPSettings].[Component] ([IdComponent], [rank], [ComponentName], [IdComponentType], [IdFunctionality], [IdComponentParent], [FR], [EN], [AR], [DE], [CH], [ES], [IdButton], [classDiv], [classLabel], [class], [IsEncapsulated], [IdComponentChangedBy], [EntityName], [style], [ng_hide], [IsToInitialize], [IdFunctionalityForm], [IsFireChange]) VALUES (N'a3e2af8f-9083-4aff-bbb2-e1fdadaf6906', 1, N'DIV4', 9, N'a6c247bc-d584-43a3-b995-f303e3b13c77', N'd98f9f3f-d3fc-487b-8e16-a9ea4ef48b66', N'DIV4', N'DIV4', N'DIV4', N'DIV4', N'DIV4', N'DIV4', NULL, N'', N'', N'col-lg-6 col-md-6 col-sm-6', 0, NULL, N'SalaryStructure', NULL, NULL, 1, N'a6c247bc-d584-43a3-b995-f303e3b13c77', NULL)
INSERT INTO [ERPSettings].[Component] ([IdComponent], [rank], [ComponentName], [IdComponentType], [IdFunctionality], [IdComponentParent], [FR], [EN], [AR], [DE], [CH], [ES], [IdButton], [classDiv], [classLabel], [class], [IsEncapsulated], [IdComponentChangedBy], [EntityName], [style], [ng_hide], [IsToInitialize], [IdFunctionalityForm], [IsFireChange]) VALUES (N'a60422d1-96d3-4e7c-b93d-34506abba8a2', 1, N'Order', 1, N'712d6299-495e-45ce-9010-20e4ad36834a', N'780107e3-8107-4b6a-b10a-a75a4d8c739d', N'Ordre', N'Order', N'', N'', N'', N'', N'542ff33f-7353-4fd2-94b2-8274bbde3065', N'form-group col-lg-12 col-md-12 col-sm-12', N'col-lg-4 col-md-4 col-sm-4', N'', 0, NULL, N'SalaryStructure', NULL, NULL, 1, N'712d6299-495e-45ce-9010-20e4ad36834a', NULL)
INSERT INTO [ERPSettings].[Component] ([IdComponent], [rank], [ComponentName], [IdComponentType], [IdFunctionality], [IdComponentParent], [FR], [EN], [AR], [DE], [CH], [ES], [IdButton], [classDiv], [classLabel], [class], [IsEncapsulated], [IdComponentChangedBy], [EntityName], [style], [ng_hide], [IsToInitialize], [IdFunctionalityForm], [IsFireChange]) VALUES (N'a6f90e59-b28f-4ec1-97bc-7d5a32e1b5b7', 2, N'DIV2', 9, N'12e2ecc5-d861-4680-9310-92422a3e2593', N'874c891b-5a41-4505-8785-a7f2b6b24cd9', N'DIV2', N'DIV2_EN', N'DIV2_AR', N'DIV2_DE', N'DIV2_CH', N'DIV2_ES', NULL, N'', N'', N'col-lg-12 col-md-12 col-sm-12', 0, NULL, N'ConstantValue', NULL, NULL, 1, N'12e2ecc5-d861-4680-9310-92422a3e2593', NULL)
INSERT INTO [ERPSettings].[Component] ([IdComponent], [rank], [ComponentName], [IdComponentType], [IdFunctionality], [IdComponentParent], [FR], [EN], [AR], [DE], [CH], [ES], [IdButton], [classDiv], [classLabel], [class], [IsEncapsulated], [IdComponentChangedBy], [EntityName], [style], [ng_hide], [IsToInitialize], [IdFunctionalityForm], [IsFireChange]) VALUES (N'a70d2916-f935-4bdd-8cd8-e4192a2bdfc6', 1, N'DIV1', 9, N'e741ea2c-4b8a-4f2c-b06f-b0da4cab8695', N'58489866-521d-4b5c-8421-e2686ae80991', N'DIV1', N'DIV1', N'DIV1_AR', N'DIV1_DE', N'DIV1_CH', N'DIV1_ES', NULL, N'', N'', N'', 0, NULL, N'ConstantRate', N'', NULL, 1, N'e741ea2c-4b8a-4f2c-b06f-b0da4cab8695', NULL)
INSERT INTO [ERPSettings].[Component] ([IdComponent], [rank], [ComponentName], [IdComponentType], [IdFunctionality], [IdComponentParent], [FR], [EN], [AR], [DE], [CH], [ES], [IdButton], [classDiv], [classLabel], [class], [IsEncapsulated], [IdComponentChangedBy], [EntityName], [style], [ng_hide], [IsToInitialize], [IdFunctionalityForm], [IsFireChange]) VALUES (N'a71d91f2-906d-4242-b4a2-8be0b9ed93f4', 2, N'DIV2', 9, N'831becf0-0744-4fe4-b79c-dec135cee846', N'245d492e-626f-4771-a4a4-cc041701fd0c', N'DIV2', N'DIV2', N'DIV2_AR', N'DIV2_DE', N'DIV2_CH', N'DIV2_ES', NULL, N'', N'', N'', 0, NULL, N'SalaryStructure', NULL, N'', 1, N'831becf0-0744-4fe4-b79c-dec135cee846', NULL)
INSERT INTO [ERPSettings].[Component] ([IdComponent], [rank], [ComponentName], [IdComponentType], [IdFunctionality], [IdComponentParent], [FR], [EN], [AR], [DE], [CH], [ES], [IdButton], [classDiv], [classLabel], [class], [IsEncapsulated], [IdComponentChangedBy], [EntityName], [style], [ng_hide], [IsToInitialize], [IdFunctionalityForm], [IsFireChange]) VALUES (N'a790e859-3eff-472f-9bb2-3c0456ec4908', 6, N'IdRuleCategory', 4, N'05d45e13-6184-4085-b9b2-86015af49e11', N'e67eb891-e1b6-4f8a-8e1d-f21369a4e2ab', N'Catégorie de règle', N'Rule categorie', N'', N'', N'', N'', NULL, N'col-lg-12 col-md-12 col-sm-12', N'col-lg-4 col-md-4 col-sm-4', N'', 0, NULL, N'SalaryRule', NULL, NULL, 1, N'05d45e13-6184-4085-b9b2-86015af49e11', NULL)
INSERT INTO [ERPSettings].[Component] ([IdComponent], [rank], [ComponentName], [IdComponentType], [IdFunctionality], [IdComponentParent], [FR], [EN], [AR], [DE], [CH], [ES], [IdButton], [classDiv], [classLabel], [class], [IsEncapsulated], [IdComponentChangedBy], [EntityName], [style], [ng_hide], [IsToInitialize], [IdFunctionalityForm], [IsFireChange]) VALUES (N'aa79d935-813a-466d-bd8d-e57bfdd589cc', 4, N'GRIDCOLUMN5', 4, N'7a7cebf1-3ed2-4c49-8e2a-2647ac09572e', N'3ba6d383-ffcf-425f-b49e-79695cac7e1f', N'GRIDCOLUMN5', N'GRIDCOLUMN5_EN', N'GRIDCOLUMN5_AR', N'GRIDCOLUMN5_DE', N'GRIDCOLUMN5_CH', N'GRIDCOLUMN5_ES', NULL, N'col-lg-12 col-md-12 col-sm-12', N'col-lg-4 col-md-4 col-sm-4', N'', 0, NULL, N'ConstantRateValidityPeriod', NULL, NULL, 1, N'7a7cebf1-3ed2-4c49-8e2a-2647ac09572e', NULL)
INSERT INTO [ERPSettings].[Component] ([IdComponent], [rank], [ComponentName], [IdComponentType], [IdFunctionality], [IdComponentParent], [FR], [EN], [AR], [DE], [CH], [ES], [IdButton], [classDiv], [classLabel], [class], [IsEncapsulated], [IdComponentChangedBy], [EntityName], [style], [ng_hide], [IsToInitialize], [IdFunctionalityForm], [IsFireChange]) VALUES (N'aadaee8e-6d4a-412e-895e-9c83435d1dd8', 1, N'GRIDCOLUMN2', 4, N'd6ff08d7-ed69-48ee-b7ff-b96f6db1a79f', N'f088304d-2f23-46a8-9d7b-ace78e25442d', N'Reference', N'Reference', NULL, NULL, NULL, NULL, NULL, N'col-lg-12 col-md-12 col-sm-12', N'col-lg-4 col-md-4 col-sm-4', N'', 0, NULL, N'ConstantValue', NULL, NULL, 1, N'd6ff08d7-ed69-48ee-b7ff-b96f6db1a79f', NULL)
INSERT INTO [ERPSettings].[Component] ([IdComponent], [rank], [ComponentName], [IdComponentType], [IdFunctionality], [IdComponentParent], [FR], [EN], [AR], [DE], [CH], [ES], [IdButton], [classDiv], [classLabel], [class], [IsEncapsulated], [IdComponentChangedBy], [EntityName], [style], [ng_hide], [IsToInitialize], [IdFunctionalityForm], [IsFireChange]) VALUES (N'ad9a5b5a-2ec0-41d1-9ee1-ad6f0b07cb39', 1, N'DIV4', 9, N'71a1d18f-85e1-4c77-ac51-fd731dcd925f', N'603e9380-eb44-4ae1-ac6c-58eb95343a37', N'DIV4', N'DIV4_EN', N'DIV4_AR', N'DIV4_DE', N'DIV4_CH', N'DIV4_ES', NULL, N'', N'', N'btn-group', 0, NULL, N'Payslip', N'display:inline-flex;float:right', NULL, 1, N'71a1d18f-85e1-4c77-ac51-fd731dcd925f', NULL)
INSERT INTO [ERPSettings].[Component] ([IdComponent], [rank], [ComponentName], [IdComponentType], [IdFunctionality], [IdComponentParent], [FR], [EN], [AR], [DE], [CH], [ES], [IdButton], [classDiv], [classLabel], [class], [IsEncapsulated], [IdComponentChangedBy], [EntityName], [style], [ng_hide], [IsToInitialize], [IdFunctionalityForm], [IsFireChange]) VALUES (N'afe2eb75-42f2-4594-9115-a1f94ee80c1d', 1, N'BUTTON1', 7, N'a6c247bc-d584-43a3-b995-f303e3b13c77', N'e35322ba-0a8b-4219-8272-f6d523495e80', N'Retourner à la liste', N'Back to list', N'Retourner à la liste_AR', N'Retourner à la liste_DE', N'Retourner à la liste_CH', N'Retourner à la liste_ES', NULL, N'form-group col-lg-12 col-md-12 col-sm-12', N'col-lg-4 col-md-4 col-sm-4', N'k-button', 0, NULL, N'SalaryStructure', NULL, NULL, 1, N'a6c247bc-d584-43a3-b995-f303e3b13c77', NULL)
INSERT INTO [ERPSettings].[Component] ([IdComponent], [rank], [ComponentName], [IdComponentType], [IdFunctionality], [IdComponentParent], [FR], [EN], [AR], [DE], [CH], [ES], [IdButton], [classDiv], [classLabel], [class], [IsEncapsulated], [IdComponentChangedBy], [EntityName], [style], [ng_hide], [IsToInitialize], [IdFunctionalityForm], [IsFireChange]) VALUES (N'b0ac9d9d-b03e-4c7e-b975-4b6fa46a1d24', 2, N'GRIDCOLUMN2', 4, N'e741ea2c-4b8a-4f2c-b06f-b0da4cab8695', N'0fa0d240-9202-44bf-a1d3-f3ad0464c1eb', N'Description', N'Description', NULL, NULL, NULL, NULL, NULL, N'col-lg-12 col-md-12 col-sm-12', N'col-lg-4 col-md-4 col-sm-4', N'', 0, NULL, N'ConstantRate', NULL, NULL, 1, N'e741ea2c-4b8a-4f2c-b06f-b0da4cab8695', NULL)
INSERT INTO [ERPSettings].[Component] ([IdComponent], [rank], [ComponentName], [IdComponentType], [IdFunctionality], [IdComponentParent], [FR], [EN], [AR], [DE], [CH], [ES], [IdButton], [classDiv], [classLabel], [class], [IsEncapsulated], [IdComponentChangedBy], [EntityName], [style], [ng_hide], [IsToInitialize], [IdFunctionalityForm], [IsFireChange]) VALUES (N'b3c0c34f-170c-4c29-8a93-181c09cda62e', 5, N'IdApplicability', 4, N'05d45e13-6184-4085-b9b2-86015af49e11', N'e67eb891-e1b6-4f8a-8e1d-f21369a4e2ab', N'Applicabilité', N'Applicability', N'', N'', N'', N'', NULL, N'col-lg-12 col-md-12 col-sm-12', N'col-lg-4 col-md-4 col-sm-4', N'', 0, NULL, N'SalaryRule', NULL, NULL, 1, N'05d45e13-6184-4085-b9b2-86015af49e11', NULL)
INSERT INTO [ERPSettings].[Component] ([IdComponent], [rank], [ComponentName], [IdComponentType], [IdFunctionality], [IdComponentParent], [FR], [EN], [AR], [DE], [CH], [ES], [IdButton], [classDiv], [classLabel], [class], [IsEncapsulated], [IdComponentChangedBy], [EntityName], [style], [ng_hide], [IsToInitialize], [IdFunctionalityForm], [IsFireChange]) VALUES (N'b4a7d3a4-3006-41c2-ba8a-5cf124afa658', 2, N'DIV4', 9, N'a6c247bc-d584-43a3-b995-f303e3b13c77', N'9fb14a91-4f73-46d7-a84b-b6b3452db895', N'DIV4', N'DIV4_EN', N'DIV4_AR', N'DIV4_DE', N'DIV4_CH', N'DIV4_ES', NULL, N'', N'', N'btn-group', 0, NULL, N'SalaryStructure', N'display:inline-flex;float:right', NULL, 1, N'a6c247bc-d584-43a3-b995-f303e3b13c77', NULL)
INSERT INTO [ERPSettings].[Component] ([IdComponent], [rank], [ComponentName], [IdComponentType], [IdFunctionality], [IdComponentParent], [FR], [EN], [AR], [DE], [CH], [ES], [IdButton], [classDiv], [classLabel], [class], [IsEncapsulated], [IdComponentChangedBy], [EntityName], [style], [ng_hide], [IsToInitialize], [IdFunctionalityForm], [IsFireChange]) VALUES (N'b544f706-6989-4593-90db-a8a0157225e0', 1, N'DIV3', 9, N'12e2ecc5-d861-4680-9310-92422a3e2593', N'92d28173-42d4-432f-902e-126b36a9b4a3', N'DIV3', N'DIV3_EN', N'DIV3_AR', N'DIV3_DE', N'DIV3_CH', N'DIV3_ES', NULL, N'', N'', N'', 0, NULL, N'ConstantValue', NULL, NULL, 1, N'12e2ecc5-d861-4680-9310-92422a3e2593', NULL)
INSERT INTO [ERPSettings].[Component] ([IdComponent], [rank], [ComponentName], [IdComponentType], [IdFunctionality], [IdComponentParent], [FR], [EN], [AR], [DE], [CH], [ES], [IdButton], [classDiv], [classLabel], [class], [IsEncapsulated], [IdComponentChangedBy], [EntityName], [style], [ng_hide], [IsToInitialize], [IdFunctionalityForm], [IsFireChange]) VALUES (N'b6888e43-897c-44e9-9de1-7065373e39cf', 1, N'FORM1', 6, N'71a1d18f-85e1-4c77-ac51-fd731dcd925f', NULL, N'FORM1', N'FORM1_EN', N'FORM1_AR', N'FORM1_DE', N'FORM1_CH', N'FORM1_ES', NULL, N'col-lg-12 col-md-12 col-sm-12', N'col-lg-4 col-md-4 col-sm-4', N'', 0, NULL, N'Payslip', NULL, NULL, 1, N'71a1d18f-85e1-4c77-ac51-fd731dcd925f', NULL)
INSERT INTO [ERPSettings].[Component] ([IdComponent], [rank], [ComponentName], [IdComponentType], [IdFunctionality], [IdComponentParent], [FR], [EN], [AR], [DE], [CH], [ES], [IdButton], [classDiv], [classLabel], [class], [IsEncapsulated], [IdComponentChangedBy], [EntityName], [style], [ng_hide], [IsToInitialize], [IdFunctionalityForm], [IsFireChange]) VALUES (N'b6a8b606-8665-48e6-8309-6f89d8a09939', 1, N'BUTTON1', 7, N'712d6299-495e-45ce-9010-20e4ad36834a', N'50ffa0d5-0a37-41d0-b1f9-9f30ee83c0ea', N'Retourner à la liste', N'Back to list', N'Retourner à la liste_AR', N'Retourner à la liste_DE', N'Retourner à la liste_CH', N'Retourner à la liste_ES', NULL, N'form-group col-lg-12 col-md-12 col-sm-12', N'col-lg-4 col-md-4 col-sm-4', N'k-button', 0, NULL, N'SalaryStructure', NULL, NULL, 1, N'712d6299-495e-45ce-9010-20e4ad36834a', NULL)
INSERT INTO [ERPSettings].[Component] ([IdComponent], [rank], [ComponentName], [IdComponentType], [IdFunctionality], [IdComponentParent], [FR], [EN], [AR], [DE], [CH], [ES], [IdButton], [classDiv], [classLabel], [class], [IsEncapsulated], [IdComponentChangedBy], [EntityName], [style], [ng_hide], [IsToInitialize], [IdFunctionalityForm], [IsFireChange]) VALUES (N'b846ef73-08d0-43d1-98b8-3efcfe7ea1bf', 1, N'Order', 1, N'a6c247bc-d584-43a3-b995-f303e3b13c77', N'bb45f3f6-4c1b-4477-a4d1-7a5b821e90e7', N'Ordre', N'Order', N'', N'', N'', N'', N'7a4cfbe8-ca43-4489-9f34-f7550d68cf3e', N'form-group col-lg-12 col-md-12 col-sm-12', N'col-lg-4 col-md-4 col-sm-4', N'', 0, NULL, N'SalaryStructure', NULL, NULL, 1, N'a6c247bc-d584-43a3-b995-f303e3b13c77', NULL)
INSERT INTO [ERPSettings].[Component] ([IdComponent], [rank], [ComponentName], [IdComponentType], [IdFunctionality], [IdComponentParent], [FR], [EN], [AR], [DE], [CH], [ES], [IdButton], [classDiv], [classLabel], [class], [IsEncapsulated], [IdComponentChangedBy], [EntityName], [style], [ng_hide], [IsToInitialize], [IdFunctionalityForm], [IsFireChange]) VALUES (N'ba8b69fe-d4f6-4da0-97c2-12951c5daa74', 2, N'DIV2', 9, N'05d45e13-6184-4085-b9b2-86015af49e11', N'768bccfa-9efa-4fbd-9fb0-ca1bf6d49952', N'DIV2', N'DIV2', N'DIV2_AR', N'DIV2_DE', N'DIV2_CH', N'DIV2_ES', NULL, N'', N'', N'', 0, NULL, N'SalaryStructure', NULL, N'', 1, N'05d45e13-6184-4085-b9b2-86015af49e11', NULL)
INSERT INTO [ERPSettings].[Component] ([IdComponent], [rank], [ComponentName], [IdComponentType], [IdFunctionality], [IdComponentParent], [FR], [EN], [AR], [DE], [CH], [ES], [IdButton], [classDiv], [classLabel], [class], [IsEncapsulated], [IdComponentChangedBy], [EntityName], [style], [ng_hide], [IsToInitialize], [IdFunctionalityForm], [IsFireChange]) VALUES (N'bb45f3f6-4c1b-4477-a4d1-7a5b821e90e7', 2, N'DIV4', 9, N'a6c247bc-d584-43a3-b995-f303e3b13c77', N'd98f9f3f-d3fc-487b-8e16-a9ea4ef48b66', N'DIV4', N'DIV4', N'DIV4', N'DIV4', N'DIV4', N'DIV4', NULL, N'', N'', N'col-lg-6 col-md-6 col-sm-6', 0, NULL, N'SalaryStructure', NULL, NULL, 1, N'a6c247bc-d584-43a3-b995-f303e3b13c77', NULL)
INSERT INTO [ERPSettings].[Component] ([IdComponent], [rank], [ComponentName], [IdComponentType], [IdFunctionality], [IdComponentParent], [FR], [EN], [AR], [DE], [CH], [ES], [IdButton], [classDiv], [classLabel], [class], [IsEncapsulated], [IdComponentChangedBy], [EntityName], [style], [ng_hide], [IsToInitialize], [IdFunctionalityForm], [IsFireChange]) VALUES (N'bed5ea87-5023-4b36-bf42-a1d37283ef91', 2, N'IdParent', 11, N'71a1d18f-85e1-4c77-ac51-fd731dcd925f', N'eb44f64d-5557-4d3a-8f6d-31778d47eef9', N'Parent', N'Parent', N'Parent_AR', N'Parent_DE', N'Parent_CH', N'Type de reglement_ES', N'019d04b1-234d-4b71-afa3-ef11f67559c2', N'form-group col-lg-12 col-md-12 col-sm-12', N'col-lg-4 col-md-4 col-sm-4', N'', 0, NULL, N'Payslip', NULL, NULL, 1, N'71a1d18f-85e1-4c77-ac51-fd731dcd925f', NULL)
INSERT INTO [ERPSettings].[Component] ([IdComponent], [rank], [ComponentName], [IdComponentType], [IdFunctionality], [IdComponentParent], [FR], [EN], [AR], [DE], [CH], [ES], [IdButton], [classDiv], [classLabel], [class], [IsEncapsulated], [IdComponentChangedBy], [EntityName], [style], [ng_hide], [IsToInitialize], [IdFunctionalityForm], [IsFireChange]) VALUES (N'bf155d17-f739-422c-83d6-87815b95893c', 3, N'Order', 4, N'05d45e13-6184-4085-b9b2-86015af49e11', N'e67eb891-e1b6-4f8a-8e1d-f21369a4e2ab', N'Ordre', N'Order', N'', N'', N'', N'', NULL, N'col-lg-12 col-md-12 col-sm-12', N'col-lg-4 col-md-4 col-sm-4', N'', 0, NULL, N'SalaryRule', NULL, NULL, 1, N'05d45e13-6184-4085-b9b2-86015af49e11', NULL)
INSERT INTO [ERPSettings].[Component] ([IdComponent], [rank], [ComponentName], [IdComponentType], [IdFunctionality], [IdComponentParent], [FR], [EN], [AR], [DE], [CH], [ES], [IdButton], [classDiv], [classLabel], [class], [IsEncapsulated], [IdComponentChangedBy], [EntityName], [style], [ng_hide], [IsToInitialize], [IdFunctionalityForm], [IsFireChange]) VALUES (N'bf1b8933-c13f-45e8-9362-98393965c4eb', 1, N'SalaryStructureTab', 3, N'831becf0-0744-4fe4-b79c-dec135cee846', N'a71d91f2-906d-4242-b4a2-8be0b9ed93f4', N'Structure salariale', N'Salary structure', N'', N'', N'', N'', N'e793b94f-af29-4cdd-a8f7-0d7553eca4b0', N'col-lg-12 col-md-12 col-sm-12', N'col-lg-4 col-md-4 col-sm-4', N'', 0, NULL, N'SalaryStructure', NULL, NULL, 1, N'831becf0-0744-4fe4-b79c-dec135cee846', NULL)
INSERT INTO [ERPSettings].[Component] ([IdComponent], [rank], [ComponentName], [IdComponentType], [IdFunctionality], [IdComponentParent], [FR], [EN], [AR], [DE], [CH], [ES], [IdButton], [classDiv], [classLabel], [class], [IsEncapsulated], [IdComponentChangedBy], [EntityName], [style], [ng_hide], [IsToInitialize], [IdFunctionalityForm], [IsFireChange]) VALUES (N'c0ed5835-a8d8-4c0d-a7a3-eb8c8121055e', 1, N'DIV3', 9, N'712d6299-495e-45ce-9010-20e4ad36834a', N'dd247048-ac9f-4727-af3b-6b3973e88dd8', N'DIV3', N'DIV3_EN', N'DIV3_AR', N'DIV3_DE', N'DIV3_CH', N'DIV3_ES', NULL, N'', N'', N'', 0, NULL, N'SalaryStructure', NULL, NULL, 1, N'712d6299-495e-45ce-9010-20e4ad36834a', NULL)
INSERT INTO [ERPSettings].[Component] ([IdComponent], [rank], [ComponentName], [IdComponentType], [IdFunctionality], [IdComponentParent], [FR], [EN], [AR], [DE], [CH], [ES], [IdButton], [classDiv], [classLabel], [class], [IsEncapsulated], [IdComponentChangedBy], [EntityName], [style], [ng_hide], [IsToInitialize], [IdFunctionalityForm], [IsFireChange]) VALUES (N'c3c06c86-1d25-409e-8a73-135ca9a377dd', 1, N'Reference', 1, N'12e2ecc5-d861-4680-9310-92422a3e2593', N'70d0f2c2-1c2f-4725-bab5-5d12a419771e', N'Reference', N'Reference', N'Reference', N'Reference', N'Reference', N'Reference', N'fdad2776-5bb4-4890-93ef-a363642d7b67', N'form-group col-lg-12 col-md-12 col-sm-12', N'col-lg-4 col-md-4 col-sm-4', N'k-textbox', 0, NULL, N'ConstantValue', NULL, NULL, 1, N'12e2ecc5-d861-4680-9310-92422a3e2593', NULL)
INSERT INTO [ERPSettings].[Component] ([IdComponent], [rank], [ComponentName], [IdComponentType], [IdFunctionality], [IdComponentParent], [FR], [EN], [AR], [DE], [CH], [ES], [IdButton], [classDiv], [classLabel], [class], [IsEncapsulated], [IdComponentChangedBy], [EntityName], [style], [ng_hide], [IsToInitialize], [IdFunctionalityForm], [IsFireChange]) VALUES (N'c76ad56a-523f-4138-a312-6cf586928833', 1, N'DIVCONTAINER1', 17, N'7a7cebf1-3ed2-4c49-8e2a-2647ac09572e', N'ca9d5ea7-d111-406e-9aec-e730be56b94a', N'Modifier Constante Taux', N'Update Constant Rate', N'', N'', N'', N'', NULL, N'col-lg-12 col-md-12 col-sm-12', N'', N'', 0, NULL, N'ConstantRate', NULL, NULL, 1, N'7a7cebf1-3ed2-4c49-8e2a-2647ac09572e', NULL)
INSERT INTO [ERPSettings].[Component] ([IdComponent], [rank], [ComponentName], [IdComponentType], [IdFunctionality], [IdComponentParent], [FR], [EN], [AR], [DE], [CH], [ES], [IdButton], [classDiv], [classLabel], [class], [IsEncapsulated], [IdComponentChangedBy], [EntityName], [style], [ng_hide], [IsToInitialize], [IdFunctionalityForm], [IsFireChange]) VALUES (N'c7713ffe-55e6-4aaa-8d5d-401de3465cdc', 1, N'SalaryStructureReference', 1, N'a6c247bc-d584-43a3-b995-f303e3b13c77', N'a3e2af8f-9083-4aff-bbb2-e1fdadaf6906', N'Reference', N'Reference', N'Reference', N'Reference', N'Reference', N'Reference', N'7a4cfbe8-ca43-4489-9f34-f7550d68cf3e', N'form-group col-lg-12 col-md-12 col-sm-12', N'col-lg-4 col-md-4 col-sm-4', N'k-textbox', 0, NULL, N'SalaryStructure', NULL, NULL, 1, N'a6c247bc-d584-43a3-b995-f303e3b13c77', NULL)
INSERT INTO [ERPSettings].[Component] ([IdComponent], [rank], [ComponentName], [IdComponentType], [IdFunctionality], [IdComponentParent], [FR], [EN], [AR], [DE], [CH], [ES], [IdButton], [classDiv], [classLabel], [class], [IsEncapsulated], [IdComponentChangedBy], [EntityName], [style], [ng_hide], [IsToInitialize], [IdFunctionalityForm], [IsFireChange]) VALUES (N'c7725ba2-5bec-4ff7-bd0c-329e315f4283', 1, N'IdRuleType', 11, N'336fdb14-6186-41c2-b2ff-98c99ea25c5f', N'151d1b8c-b035-4962-b2a2-418c5783cbb7', N'Type de regle', N'Parent', N'Parent_AR', N'Parent_DE', N'Parent_CH', N'Type de reglement_ES', N'f0721794-23a7-42a3-b5e9-351e66ca6376', N'form-group col-lg-12 col-md-12 col-sm-12', N'col-lg-4 col-md-4 col-sm-4', N'', 0, NULL, N'SalaryRule', NULL, NULL, 1, N'336fdb14-6186-41c2-b2ff-98c99ea25c5f', NULL)
INSERT INTO [ERPSettings].[Component] ([IdComponent], [rank], [ComponentName], [IdComponentType], [IdFunctionality], [IdComponentParent], [FR], [EN], [AR], [DE], [CH], [ES], [IdButton], [classDiv], [classLabel], [class], [IsEncapsulated], [IdComponentChangedBy], [EntityName], [style], [ng_hide], [IsToInitialize], [IdFunctionalityForm], [IsFireChange]) VALUES (N'c78c8873-b19f-4caa-b2f0-e1a97ce18713', 1, N'Date', 1, N'12e2ecc5-d861-4680-9310-92422a3e2593', N'0cb3f755-6c1a-4ec1-9c74-becd40f046cb', N'Début période', N'Start period', N'', N'', N'', N'', N'9d65d896-7a15-4546-8597-b7fb7b2c92b6', N'form-group col-lg-12 col-md-12 col-sm-12', N'col-lg-4 col-md-4 col-sm-4', N'', 0, NULL, N'ConstantValueValidityPeriod', NULL, NULL, 1, N'12e2ecc5-d861-4680-9310-92422a3e2593', NULL)
INSERT INTO [ERPSettings].[Component] ([IdComponent], [rank], [ComponentName], [IdComponentType], [IdFunctionality], [IdComponentParent], [FR], [EN], [AR], [DE], [CH], [ES], [IdButton], [classDiv], [classLabel], [class], [IsEncapsulated], [IdComponentChangedBy], [EntityName], [style], [ng_hide], [IsToInitialize], [IdFunctionalityForm], [IsFireChange]) VALUES (N'c93381ac-7591-4dba-9661-233e288d4dce', 2, N'DIV4', 9, N'5d854334-c1b7-48c8-8811-7a37ca16dc7b', N'1197cfa9-a5af-46aa-a5e7-179e295710b3', N'DIV4', N'DIV4_EN', N'DIV4_AR', N'DIV4_DE', N'DIV4_CH', N'DIV4_ES', NULL, N'', N'', N'btn-group', 0, NULL, N'Variable', N'display:inline-flex;float:right', NULL, 1, N'5d854334-c1b7-48c8-8811-7a37ca16dc7b', NULL)
INSERT INTO [ERPSettings].[Component] ([IdComponent], [rank], [ComponentName], [IdComponentType], [IdFunctionality], [IdComponentParent], [FR], [EN], [AR], [DE], [CH], [ES], [IdButton], [classDiv], [classLabel], [class], [IsEncapsulated], [IdComponentChangedBy], [EntityName], [style], [ng_hide], [IsToInitialize], [IdFunctionalityForm], [IsFireChange]) VALUES (N'ca9d5ea7-d111-406e-9aec-e730be56b94a', 1, N'FORM1', 6, N'7a7cebf1-3ed2-4c49-8e2a-2647ac09572e', NULL, N'FORM1', N'FORM1_EN', N'FORM1_AR', N'FORM1_DE', N'FORM1_CH', N'FORM1_ES', NULL, N'col-lg-12 col-md-12 col-sm-12', N'col-lg-4 col-md-4 col-sm-4', N'', 0, NULL, N'ConstantRate', NULL, NULL, 1, N'7a7cebf1-3ed2-4c49-8e2a-2647ac09572e', NULL)
INSERT INTO [ERPSettings].[Component] ([IdComponent], [rank], [ComponentName], [IdComponentType], [IdFunctionality], [IdComponentParent], [FR], [EN], [AR], [DE], [CH], [ES], [IdButton], [classDiv], [classLabel], [class], [IsEncapsulated], [IdComponentChangedBy], [EntityName], [style], [ng_hide], [IsToInitialize], [IdFunctionalityForm], [IsFireChange]) VALUES (N'cbf1a87c-c30a-4326-a783-4d3f8e685e4d', 1, N'DIV1', 9, N'7a7cebf1-3ed2-4c49-8e2a-2647ac09572e', N'cc130779-922f-45f7-bfa4-b9d90605a966', N'DIV1', N'DIV1_EN', N'DIV1_AR', N'DIV1_DE', N'DIV1_CH', N'DIV1_ES', NULL, N'', N'', N'', 0, NULL, N'ConstantRate', NULL, NULL, 1, N'7a7cebf1-3ed2-4c49-8e2a-2647ac09572e', NULL)
INSERT INTO [ERPSettings].[Component] ([IdComponent], [rank], [ComponentName], [IdComponentType], [IdFunctionality], [IdComponentParent], [FR], [EN], [AR], [DE], [CH], [ES], [IdButton], [classDiv], [classLabel], [class], [IsEncapsulated], [IdComponentChangedBy], [EntityName], [style], [ng_hide], [IsToInitialize], [IdFunctionalityForm], [IsFireChange]) VALUES (N'cc130779-922f-45f7-bfa4-b9d90605a966', 2, N'DIV4', 9, N'7a7cebf1-3ed2-4c49-8e2a-2647ac09572e', N'17e09a68-bdce-454c-9e65-76aaf13a7774', N'DIV4', N'DIV4_EN', N'DIV4_AR', N'DIV4_DE', N'DIV4_CH', N'DIV4_ES', NULL, N'', N'', N'btn-group', 0, NULL, N'ConstantRate', N'display:inline-flex;float:right', NULL, 1, N'7a7cebf1-3ed2-4c49-8e2a-2647ac09572e', NULL)
INSERT INTO [ERPSettings].[Component] ([IdComponent], [rank], [ComponentName], [IdComponentType], [IdFunctionality], [IdComponentParent], [FR], [EN], [AR], [DE], [CH], [ES], [IdButton], [classDiv], [classLabel], [class], [IsEncapsulated], [IdComponentChangedBy], [EntityName], [style], [ng_hide], [IsToInitialize], [IdFunctionalityForm], [IsFireChange]) VALUES (N'ccfd8cb7-c56d-4765-9bca-ecc19146f1ed', 2, N'Name', 1, N'336fdb14-6186-41c2-b2ff-98c99ea25c5f', N'73e79507-7fd2-4d68-a293-2cb82bbdbb12', N'Nom', N'Name', N'Name', N'Name', N'Reference', N'Reference', N'f0721794-23a7-42a3-b5e9-351e66ca6376', N'form-group col-lg-12 col-md-12 col-sm-12', N'col-lg-4 col-md-4 col-sm-4', N'k-textbox', 0, NULL, N'SalaryRule', NULL, NULL, 1, N'336fdb14-6186-41c2-b2ff-98c99ea25c5f', NULL)
INSERT INTO [ERPSettings].[Component] ([IdComponent], [rank], [ComponentName], [IdComponentType], [IdFunctionality], [IdComponentParent], [FR], [EN], [AR], [DE], [CH], [ES], [IdButton], [classDiv], [classLabel], [class], [IsEncapsulated], [IdComponentChangedBy], [EntityName], [style], [ng_hide], [IsToInitialize], [IdFunctionalityForm], [IsFireChange]) VALUES (N'cda3cb63-d61a-4efc-aba9-9665156f7cfe', 2, N'DIV3', 9, N'712d6299-495e-45ce-9010-20e4ad36834a', N'55a84d3a-b6d7-4afe-bfbf-d4b7863426c2', NULL, NULL, NULL, NULL, NULL, NULL, NULL, N'', N'', N'col-lg-12 col-md-12 col-sm-12', 0, NULL, N'SalaryStructure', NULL, NULL, 1, N'712d6299-495e-45ce-9010-20e4ad36834a', NULL)
INSERT INTO [ERPSettings].[Component] ([IdComponent], [rank], [ComponentName], [IdComponentType], [IdFunctionality], [IdComponentParent], [FR], [EN], [AR], [DE], [CH], [ES], [IdButton], [classDiv], [classLabel], [class], [IsEncapsulated], [IdComponentChangedBy], [EntityName], [style], [ng_hide], [IsToInitialize], [IdFunctionalityForm], [IsFireChange]) VALUES (N'cdaf935b-0075-41c4-b367-10635532f35d', 1, N'GRID2', 3, N'322d8fea-9553-46c1-a83b-24276d046f53', N'd034ea69-ba73-49b4-a2de-26e719ed36d1', N'Variable', N'Variable', N'Variable_AR', N'Variable_DE', N'Variable_CH', N'Variable_ES', N'c6319f2b-69c9-4f08-8df1-526e88a9fef4', N'col-lg-12 col-md-12 col-sm-12', N'col-lg-4 col-md-4 col-sm-4', N'', 0, NULL, N'Variable', NULL, NULL, 1, N'322d8fea-9553-46c1-a83b-24276d046f53', NULL)
INSERT INTO [ERPSettings].[Component] ([IdComponent], [rank], [ComponentName], [IdComponentType], [IdFunctionality], [IdComponentParent], [FR], [EN], [AR], [DE], [CH], [ES], [IdButton], [classDiv], [classLabel], [class], [IsEncapsulated], [IdComponentChangedBy], [EntityName], [style], [ng_hide], [IsToInitialize], [IdFunctionalityForm], [IsFireChange]) VALUES (N'cdbe011e-6d71-4bc7-b44d-0e277c386935', 1, N'DIV3', 9, N'5d854334-c1b7-48c8-8811-7a37ca16dc7b', N'1197cfa9-a5af-46aa-a5e7-179e295710b3', N'DIV3', N'DIV3_EN', N'DIV3_AR', N'DIV3_DE', N'DIV3_CH', N'DIV3_ES', NULL, N'', N'', N'', 0, NULL, N'Variable', NULL, NULL, 1, N'5d854334-c1b7-48c8-8811-7a37ca16dc7b', NULL)
INSERT INTO [ERPSettings].[Component] ([IdComponent], [rank], [ComponentName], [IdComponentType], [IdFunctionality], [IdComponentParent], [FR], [EN], [AR], [DE], [CH], [ES], [IdButton], [classDiv], [classLabel], [class], [IsEncapsulated], [IdComponentChangedBy], [EntityName], [style], [ng_hide], [IsToInitialize], [IdFunctionalityForm], [IsFireChange]) VALUES (N'ceca57d1-ef6a-4108-9e60-c229ab4d2f10', 1, N'DIV1', 9, N'71a1d18f-85e1-4c77-ac51-fd731dcd925f', N'dabba246-8ee7-493c-ac73-96f201863d9e', N'DIV1', N'DIV1', N'DIV1', N'DIV1', N'DIV1', N'DIV1', NULL, N'', N'', N'row', 0, NULL, N'Payslip', N'padding-left:0px; padding-right:0px;', NULL, 1, N'71a1d18f-85e1-4c77-ac51-fd731dcd925f', NULL)
INSERT INTO [ERPSettings].[Component] ([IdComponent], [rank], [ComponentName], [IdComponentType], [IdFunctionality], [IdComponentParent], [FR], [EN], [AR], [DE], [CH], [ES], [IdButton], [classDiv], [classLabel], [class], [IsEncapsulated], [IdComponentChangedBy], [EntityName], [style], [ng_hide], [IsToInitialize], [IdFunctionalityForm], [IsFireChange]) VALUES (N'cef18719-3140-4b80-927d-f6fb7bdb3911', 2, N'DIV7', 9, N'336fdb14-6186-41c2-b2ff-98c99ea25c5f', N'015332fe-8331-47c4-ae62-2faf1d1ad1b5', NULL, NULL, NULL, NULL, NULL, NULL, NULL, N'', N'', N'col-lg-4 col-md-4 col-sm-4', 0, NULL, N'SalaryRule', NULL, NULL, 1, N'336fdb14-6186-41c2-b2ff-98c99ea25c5f', NULL)
INSERT INTO [ERPSettings].[Component] ([IdComponent], [rank], [ComponentName], [IdComponentType], [IdFunctionality], [IdComponentParent], [FR], [EN], [AR], [DE], [CH], [ES], [IdButton], [classDiv], [classLabel], [class], [IsEncapsulated], [IdComponentChangedBy], [EntityName], [style], [ng_hide], [IsToInitialize], [IdFunctionalityForm], [IsFireChange]) VALUES (N'd034ea69-ba73-49b4-a2de-26e719ed36d1', 2, N'DIV2', 9, N'322d8fea-9553-46c1-a83b-24276d046f53', N'e5549daa-06ce-4bde-a1ef-8662da16693c', N'DIV2', N'DIV2', N'DIV2_AR', N'DIV2_DE', N'DIV2_CH', N'DIV2_ES', NULL, N'', N'', N'', 0, NULL, N'Variable', NULL, N'', 1, N'322d8fea-9553-46c1-a83b-24276d046f53', NULL)
INSERT INTO [ERPSettings].[Component] ([IdComponent], [rank], [ComponentName], [IdComponentType], [IdFunctionality], [IdComponentParent], [FR], [EN], [AR], [DE], [CH], [ES], [IdButton], [classDiv], [classLabel], [class], [IsEncapsulated], [IdComponentChangedBy], [EntityName], [style], [ng_hide], [IsToInitialize], [IdFunctionalityForm], [IsFireChange]) VALUES (N'd1c1a29b-079b-4a7e-995f-5e449fc7e10a', 1, N'DIV1', 9, N'831becf0-0744-4fe4-b79c-dec135cee846', N'245d492e-626f-4771-a4a4-cc041701fd0c', N'DIV1', N'DIV1', N'DIV1_AR', N'DIV1_DE', N'DIV1_CH', N'DIV1_ES', NULL, N'', N'', N'', 0, NULL, N'SalaryStructure', N'', NULL, 1, N'831becf0-0744-4fe4-b79c-dec135cee846', NULL)
INSERT INTO [ERPSettings].[Component] ([IdComponent], [rank], [ComponentName], [IdComponentType], [IdFunctionality], [IdComponentParent], [FR], [EN], [AR], [DE], [CH], [ES], [IdButton], [classDiv], [classLabel], [class], [IsEncapsulated], [IdComponentChangedBy], [EntityName], [style], [ng_hide], [IsToInitialize], [IdFunctionalityForm], [IsFireChange]) VALUES (N'd25c821a-2e8e-4f28-bf4d-fb6d9161adc2', 1, N'FORM1', 6, N'd6ff08d7-ed69-48ee-b7ff-b96f6db1a79f', NULL, N'FORM1', N'FORM1', N'FORM1_AR', N'FORM1_DE', N'FORM1_CH', N'FORM1_ES', NULL, N'col-lg-12 col-md-12 col-sm-12', N'col-lg-4 col-md-4 col-sm-4', N'', 0, NULL, N'ConstantValue', NULL, NULL, 1, N'd6ff08d7-ed69-48ee-b7ff-b96f6db1a79f', NULL)
INSERT INTO [ERPSettings].[Component] ([IdComponent], [rank], [ComponentName], [IdComponentType], [IdFunctionality], [IdComponentParent], [FR], [EN], [AR], [DE], [CH], [ES], [IdButton], [classDiv], [classLabel], [class], [IsEncapsulated], [IdComponentChangedBy], [EntityName], [style], [ng_hide], [IsToInitialize], [IdFunctionalityForm], [IsFireChange]) VALUES (N'd2cc7c64-b08c-4b35-8d1d-33ff97ac3c83', 2, N'DIV2', 9, N'12e2ecc5-d861-4680-9310-92422a3e2593', N'4e56a6aa-8101-4eba-b088-0cd7cbb4c094', N'DIV2', N'DIV2_EN', N'DIV2_AR', N'DIV2_DE', N'DIV2_CH', N'DIV2_ES', NULL, N'', N'', N'', 0, NULL, N'ConstantRate', NULL, NULL, 1, N'12e2ecc5-d861-4680-9310-92422a3e2593', NULL)
INSERT INTO [ERPSettings].[Component] ([IdComponent], [rank], [ComponentName], [IdComponentType], [IdFunctionality], [IdComponentParent], [FR], [EN], [AR], [DE], [CH], [ES], [IdButton], [classDiv], [classLabel], [class], [IsEncapsulated], [IdComponentChangedBy], [EntityName], [style], [ng_hide], [IsToInitialize], [IdFunctionalityForm], [IsFireChange]) VALUES (N'd595c581-11ac-4d59-8f07-10294ebfa33e', 2, N'DIV4', 9, N'712d6299-495e-45ce-9010-20e4ad36834a', N'dd247048-ac9f-4727-af3b-6b3973e88dd8', N'DIV4', N'DIV4_EN', N'DIV4_AR', N'DIV4_DE', N'DIV4_CH', N'DIV4_ES', NULL, N'', N'', N'btn-group', 0, NULL, N'SalaryStructure', N'display:inline-flex;float:right', NULL, 1, N'712d6299-495e-45ce-9010-20e4ad36834a', NULL)
INSERT INTO [ERPSettings].[Component] ([IdComponent], [rank], [ComponentName], [IdComponentType], [IdFunctionality], [IdComponentParent], [FR], [EN], [AR], [DE], [CH], [ES], [IdButton], [classDiv], [classLabel], [class], [IsEncapsulated], [IdComponentChangedBy], [EntityName], [style], [ng_hide], [IsToInitialize], [IdFunctionalityForm], [IsFireChange]) VALUES (N'd5e8bd09-ea24-430e-ac5c-75c6975de75f', 2, N'DIV3', 9, N'a6c247bc-d584-43a3-b995-f303e3b13c77', N'5c4508b9-dcb2-412e-ac35-482095f75211', NULL, NULL, NULL, NULL, NULL, NULL, NULL, N'', N'', N'col-lg-12 col-md-12 col-sm-12', 0, NULL, N'SalaryStructure', NULL, NULL, 1, N'a6c247bc-d584-43a3-b995-f303e3b13c77', NULL)
INSERT INTO [ERPSettings].[Component] ([IdComponent], [rank], [ComponentName], [IdComponentType], [IdFunctionality], [IdComponentParent], [FR], [EN], [AR], [DE], [CH], [ES], [IdButton], [classDiv], [classLabel], [class], [IsEncapsulated], [IdComponentChangedBy], [EntityName], [style], [ng_hide], [IsToInitialize], [IdFunctionalityForm], [IsFireChange]) VALUES (N'd735f4c8-6982-4264-8fff-68e9363df1ae', 1, N'DIVCONTAINER1', 17, N'5d854334-c1b7-48c8-8811-7a37ca16dc7b', N'95f15041-1120-4888-8b09-9fcdb74c99f9', N'Modifier variable', N'Update variable', N'Modifier variable_AR', N'Modifier variable_DE', N'Modifier variable_CH', N'Modifier variable_ES', NULL, N'col-lg-12 col-md-12 col-sm-12', N'', N'', 0, NULL, N'Variable', NULL, NULL, 1, N'5d854334-c1b7-48c8-8811-7a37ca16dc7b', NULL)
INSERT INTO [ERPSettings].[Component] ([IdComponent], [rank], [ComponentName], [IdComponentType], [IdFunctionality], [IdComponentParent], [FR], [EN], [AR], [DE], [CH], [ES], [IdButton], [classDiv], [classLabel], [class], [IsEncapsulated], [IdComponentChangedBy], [EntityName], [style], [ng_hide], [IsToInitialize], [IdFunctionalityForm], [IsFireChange]) VALUES (N'd98f9f3f-d3fc-487b-8e16-a9ea4ef48b66', 1, N'DIV1', 9, N'a6c247bc-d584-43a3-b995-f303e3b13c77', N'5c80ed67-b75d-4946-8e20-3dced85ae1ac', N'DIV1', N'DIV1', N'DIV1', N'DIV1', N'DIV1', N'DIV1', NULL, N'', N'', N'row', 0, NULL, N'SalaryStructure', N'padding-left:0px; padding-right:0px;', NULL, 1, N'a6c247bc-d584-43a3-b995-f303e3b13c77', NULL)
INSERT INTO [ERPSettings].[Component] ([IdComponent], [rank], [ComponentName], [IdComponentType], [IdFunctionality], [IdComponentParent], [FR], [EN], [AR], [DE], [CH], [ES], [IdButton], [classDiv], [classLabel], [class], [IsEncapsulated], [IdComponentChangedBy], [EntityName], [style], [ng_hide], [IsToInitialize], [IdFunctionalityForm], [IsFireChange]) VALUES (N'da0a17a4-dbdd-4271-b7e6-4229fb24f743', 8, N'GRIDCOLUMN5', 4, N'05d45e13-6184-4085-b9b2-86015af49e11', N'e67eb891-e1b6-4f8a-8e1d-f21369a4e2ab', N'GRIDCOLUMN5', N'GRIDCOLUMN5_EN', N'GRIDCOLUMN5_AR', N'GRIDCOLUMN5_DE', N'GRIDCOLUMN5_CH', N'GRIDCOLUMN5_ES', NULL, N'col-lg-12 col-md-12 col-sm-12', N'col-lg-4 col-md-4 col-sm-4', N'', 0, NULL, N'SalaryRule', NULL, NULL, 1, N'05d45e13-6184-4085-b9b2-86015af49e11', NULL)
INSERT INTO [ERPSettings].[Component] ([IdComponent], [rank], [ComponentName], [IdComponentType], [IdFunctionality], [IdComponentParent], [FR], [EN], [AR], [DE], [CH], [ES], [IdButton], [classDiv], [classLabel], [class], [IsEncapsulated], [IdComponentChangedBy], [EntityName], [style], [ng_hide], [IsToInitialize], [IdFunctionalityForm], [IsFireChange]) VALUES (N'dabba246-8ee7-493c-ac73-96f201863d9e', 1, N'DIVCONTAINER1', 17, N'71a1d18f-85e1-4c77-ac51-fd731dcd925f', N'b6888e43-897c-44e9-9de1-7065373e39cf', N'Ajouter un bulletin de paie', N'Add payslip', N'', N'', N'', N'', NULL, N'col-lg-12 col-md-12 col-sm-12', N'', N'', 0, NULL, N'Payslip', NULL, NULL, 1, N'71a1d18f-85e1-4c77-ac51-fd731dcd925f', NULL)
INSERT INTO [ERPSettings].[Component] ([IdComponent], [rank], [ComponentName], [IdComponentType], [IdFunctionality], [IdComponentParent], [FR], [EN], [AR], [DE], [CH], [ES], [IdButton], [classDiv], [classLabel], [class], [IsEncapsulated], [IdComponentChangedBy], [EntityName], [style], [ng_hide], [IsToInitialize], [IdFunctionalityForm], [IsFireChange]) VALUES (N'dabef25e-aeae-406a-91dc-ead7f3ca118b', 1, N'DIV4', 9, N'712d6299-495e-45ce-9010-20e4ad36834a', N'f6f4d4e7-013b-47be-a888-4db19dd7264b', N'DIV4', N'DIV4', N'DIV4', N'DIV4', N'DIV4', N'DIV4', NULL, N'', N'', N'col-lg-6 col-md-6 col-sm-6', 0, NULL, N'SalaryStructure', NULL, NULL, 1, N'712d6299-495e-45ce-9010-20e4ad36834a', NULL)
INSERT INTO [ERPSettings].[Component] ([IdComponent], [rank], [ComponentName], [IdComponentType], [IdFunctionality], [IdComponentParent], [FR], [EN], [AR], [DE], [CH], [ES], [IdButton], [classDiv], [classLabel], [class], [IsEncapsulated], [IdComponentChangedBy], [EntityName], [style], [ng_hide], [IsToInitialize], [IdFunctionalityForm], [IsFireChange]) VALUES (N'dadf22bb-bd88-4275-b363-362b75f6e5c1', 1, N'GRIDBUTTON1', 16, N'e741ea2c-4b8a-4f2c-b06f-b0da4cab8695', N'478477c0-d086-4989-be81-9891364a5188', N'Modifier', N'Update', N'Modifier_AR', N'Modifier_DE', N'Modifier_CH', N'Modifier_ES', NULL, N'col-lg-12 col-md-12 col-sm-12', N'col-lg-4 col-md-4 col-sm-4', N'glyphicon glyphicon-edit', 1, NULL, N'ConstantRate', NULL, NULL, 1, N'e741ea2c-4b8a-4f2c-b06f-b0da4cab8695', NULL)
INSERT INTO [ERPSettings].[Component] ([IdComponent], [rank], [ComponentName], [IdComponentType], [IdFunctionality], [IdComponentParent], [FR], [EN], [AR], [DE], [CH], [ES], [IdButton], [classDiv], [classLabel], [class], [IsEncapsulated], [IdComponentChangedBy], [EntityName], [style], [ng_hide], [IsToInitialize], [IdFunctionalityForm], [IsFireChange]) VALUES (N'db7f02a0-3730-4149-b485-426122cdd5f4', 1, N'FORM1', 6, N'05d45e13-6184-4085-b9b2-86015af49e11', NULL, N'FORM1', N'FORM1', N'FORM1_AR', N'FORM1_DE', N'FORM1_CH', N'FORM1_ES', NULL, N'col-lg-12 col-md-12 col-sm-12', N'col-lg-4 col-md-4 col-sm-4', N'', 0, NULL, N'SalaryRule', NULL, NULL, 1, N'05d45e13-6184-4085-b9b2-86015af49e11', NULL)
INSERT INTO [ERPSettings].[Component] ([IdComponent], [rank], [ComponentName], [IdComponentType], [IdFunctionality], [IdComponentParent], [FR], [EN], [AR], [DE], [CH], [ES], [IdButton], [classDiv], [classLabel], [class], [IsEncapsulated], [IdComponentChangedBy], [EntityName], [style], [ng_hide], [IsToInitialize], [IdFunctionalityForm], [IsFireChange]) VALUES (N'dc69d366-6f48-4ddd-95a7-abd211e7bf02', 1, N'DIV1', 9, N'7a7cebf1-3ed2-4c49-8e2a-2647ac09572e', N'c76ad56a-523f-4138-a312-6cf586928833', NULL, NULL, NULL, NULL, NULL, NULL, NULL, N'', N'', N'col-lg-12 col-md-12 col-sm-12', 0, NULL, N'ConstantRate', N'padding-left:0px; padding-right:0px;', NULL, 1, N'7a7cebf1-3ed2-4c49-8e2a-2647ac09572e', NULL)
INSERT INTO [ERPSettings].[Component] ([IdComponent], [rank], [ComponentName], [IdComponentType], [IdFunctionality], [IdComponentParent], [FR], [EN], [AR], [DE], [CH], [ES], [IdButton], [classDiv], [classLabel], [class], [IsEncapsulated], [IdComponentChangedBy], [EntityName], [style], [ng_hide], [IsToInitialize], [IdFunctionalityForm], [IsFireChange]) VALUES (N'dd247048-ac9f-4727-af3b-6b3973e88dd8', 1, N'DIV2', 9, N'712d6299-495e-45ce-9010-20e4ad36834a', N'cda3cb63-d61a-4efc-aba9-9665156f7cfe', N'DIV2', N'DIV2_EN', N'DIV2_AR', N'DIV2_DE', N'DIV2_CH', N'DIV2_ES', NULL, N'', N'', N'row text-center', 0, NULL, N'SalaryStructure', NULL, NULL, 1, N'712d6299-495e-45ce-9010-20e4ad36834a', NULL)
INSERT INTO [ERPSettings].[Component] ([IdComponent], [rank], [ComponentName], [IdComponentType], [IdFunctionality], [IdComponentParent], [FR], [EN], [AR], [DE], [CH], [ES], [IdButton], [classDiv], [classLabel], [class], [IsEncapsulated], [IdComponentChangedBy], [EntityName], [style], [ng_hide], [IsToInitialize], [IdFunctionalityForm], [IsFireChange]) VALUES (N'de356b33-f169-4cfa-8356-4f910f40a84f', 4, N'IdParent', 4, N'831becf0-0744-4fe4-b79c-dec135cee846', N'bf1b8933-c13f-45e8-9362-98393965c4eb', N'Parent', N'Parent', N'', N'', N'', N'', NULL, N'col-lg-12 col-md-12 col-sm-12', N'col-lg-4 col-md-4 col-sm-4', N'', 0, NULL, N'SalaryStructure', NULL, NULL, 1, N'831becf0-0744-4fe4-b79c-dec135cee846', NULL)
INSERT INTO [ERPSettings].[Component] ([IdComponent], [rank], [ComponentName], [IdComponentType], [IdFunctionality], [IdComponentParent], [FR], [EN], [AR], [DE], [CH], [ES], [IdButton], [classDiv], [classLabel], [class], [IsEncapsulated], [IdComponentChangedBy], [EntityName], [style], [ng_hide], [IsToInitialize], [IdFunctionalityForm], [IsFireChange]) VALUES (N'e1705951-98b6-4758-a07a-eb369c2b76b8', 2, N'Description', 1, N'12e2ecc5-d861-4680-9310-92422a3e2593', N'70d0f2c2-1c2f-4725-bab5-5d12a419771e', N'Description', N'Description', N'Description', N'Description', N'Description', N'Description', N'fdad2776-5bb4-4890-93ef-a363642d7b67', N'form-group col-lg-12 col-md-12 col-sm-12', N'col-lg-4 col-md-4 col-sm-4', N'k-textbox', 0, NULL, N'ConstantValue', N'height : 100px;', NULL, 1, N'12e2ecc5-d861-4680-9310-92422a3e2593', NULL)
INSERT INTO [ERPSettings].[Component] ([IdComponent], [rank], [ComponentName], [IdComponentType], [IdFunctionality], [IdComponentParent], [FR], [EN], [AR], [DE], [CH], [ES], [IdButton], [classDiv], [classLabel], [class], [IsEncapsulated], [IdComponentChangedBy], [EntityName], [style], [ng_hide], [IsToInitialize], [IdFunctionalityForm], [IsFireChange]) VALUES (N'e35322ba-0a8b-4219-8272-f6d523495e80', 1, N'DIV1', 9, N'a6c247bc-d584-43a3-b995-f303e3b13c77', N'b4a7d3a4-3006-41c2-ba8a-5cf124afa658', N'DIV1', N'DIV1_EN', N'DIV1_AR', N'DIV1_DE', N'DIV1_CH', N'DIV1_ES', NULL, N'', N'', N'', 0, NULL, N'SalaryStructure', NULL, NULL, 1, N'a6c247bc-d584-43a3-b995-f303e3b13c77', NULL)
INSERT INTO [ERPSettings].[Component] ([IdComponent], [rank], [ComponentName], [IdComponentType], [IdFunctionality], [IdComponentParent], [FR], [EN], [AR], [DE], [CH], [ES], [IdButton], [classDiv], [classLabel], [class], [IsEncapsulated], [IdComponentChangedBy], [EntityName], [style], [ng_hide], [IsToInitialize], [IdFunctionalityForm], [IsFireChange]) VALUES (N'e4cabf9d-ea2b-47c5-985e-3c2f8f8eae67', 1, N'Order', 1, N'336fdb14-6186-41c2-b2ff-98c99ea25c5f', N'216a4d00-1b30-4cda-a008-6688c8351a10', N'Ordre', N'Order', N'', N'', N'', N'', N'f0721794-23a7-42a3-b5e9-351e66ca6376', N'form-group col-lg-12 col-md-12 col-sm-12', N'col-lg-4 col-md-4 col-sm-4', N'', 0, NULL, N'SalaryRule', NULL, NULL, 1, N'336fdb14-6186-41c2-b2ff-98c99ea25c5f', NULL)
INSERT INTO [ERPSettings].[Component] ([IdComponent], [rank], [ComponentName], [IdComponentType], [IdFunctionality], [IdComponentParent], [FR], [EN], [AR], [DE], [CH], [ES], [IdButton], [classDiv], [classLabel], [class], [IsEncapsulated], [IdComponentChangedBy], [EntityName], [style], [ng_hide], [IsToInitialize], [IdFunctionalityForm], [IsFireChange]) VALUES (N'e5549daa-06ce-4bde-a1ef-8662da16693c', 1, N'DIVCONTAINER1', 17, N'322d8fea-9553-46c1-a83b-24276d046f53', N'fdb08505-8e24-43cd-82d0-09cd5a3183d7', N'Liste des variables', N'List of variable', N'Liste des variables_AR', N'Liste des variables_DE', N'Liste des variables_CH', N'Liste des variables_ES', NULL, N'col-lg-12 col-md-12 col-sm-12', N'', N'', 0, NULL, N'Variable', NULL, NULL, 1, N'322d8fea-9553-46c1-a83b-24276d046f53', NULL)
INSERT INTO [ERPSettings].[Component] ([IdComponent], [rank], [ComponentName], [IdComponentType], [IdFunctionality], [IdComponentParent], [FR], [EN], [AR], [DE], [CH], [ES], [IdButton], [classDiv], [classLabel], [class], [IsEncapsulated], [IdComponentChangedBy], [EntityName], [style], [ng_hide], [IsToInitialize], [IdFunctionalityForm], [IsFireChange]) VALUES (N'e65cea85-5abb-427f-9cd7-2c72944c3de7', 1, N'BUTTON1', 7, N'e741ea2c-4b8a-4f2c-b06f-b0da4cab8695', N'a70d2916-f935-4bdd-8cd8-e4192a2bdfc6', N'Ajouter constante taux', N'Add constant rate', N'', N'', N'', N'', NULL, N'form-group col-lg-4 col-md-4 col-sm-4', N'col-lg-4 col-md-4 col-sm-4', N'k-button', 0, NULL, N'ConstantRate', NULL, NULL, 1, N'e741ea2c-4b8a-4f2c-b06f-b0da4cab8695', NULL)
INSERT INTO [ERPSettings].[Component] ([IdComponent], [rank], [ComponentName], [IdComponentType], [IdFunctionality], [IdComponentParent], [FR], [EN], [AR], [DE], [CH], [ES], [IdButton], [classDiv], [classLabel], [class], [IsEncapsulated], [IdComponentChangedBy], [EntityName], [style], [ng_hide], [IsToInitialize], [IdFunctionalityForm], [IsFireChange]) VALUES (N'e67eb891-e1b6-4f8a-8e1d-f21369a4e2ab', 1, N'SalaryStructureTab', 3, N'05d45e13-6184-4085-b9b2-86015af49e11', N'ba8b69fe-d4f6-4da0-97c2-12951c5daa74', N'Règle salariale', N'Salary rule', N'', N'', N'', N'', N'e793b94f-af29-4cdd-a8f7-0d7553eca4b0', N'col-lg-12 col-md-12 col-sm-12', N'col-lg-4 col-md-4 col-sm-4', N'', 0, NULL, N'SalaryRule', NULL, NULL, 1, N'05d45e13-6184-4085-b9b2-86015af49e11', NULL)
INSERT INTO [ERPSettings].[Component] ([IdComponent], [rank], [ComponentName], [IdComponentType], [IdFunctionality], [IdComponentParent], [FR], [EN], [AR], [DE], [CH], [ES], [IdButton], [classDiv], [classLabel], [class], [IsEncapsulated], [IdComponentChangedBy], [EntityName], [style], [ng_hide], [IsToInitialize], [IdFunctionalityForm], [IsFireChange]) VALUES (N'e7abbd11-a926-42f9-8726-f48e41c828b0', 1, N'BUTTON1', 7, N'12e2ecc5-d861-4680-9310-92422a3e2593', N'564c397b-628c-462b-a360-e3dff44929e0', N'Retourner à la liste', N'Back to list', N'Retourner à la liste_AR', N'Retourner à la liste_DE', N'Retourner à la liste_CH', N'Retourner à la liste_ES', NULL, N'form-group col-lg-12 col-md-12 col-sm-12', N'col-lg-4 col-md-4 col-sm-4', N'k-button', 0, NULL, N'ConstantValue', NULL, NULL, 1, N'12e2ecc5-d861-4680-9310-92422a3e2593', NULL)
INSERT INTO [ERPSettings].[Component] ([IdComponent], [rank], [ComponentName], [IdComponentType], [IdFunctionality], [IdComponentParent], [FR], [EN], [AR], [DE], [CH], [ES], [IdButton], [classDiv], [classLabel], [class], [IsEncapsulated], [IdComponentChangedBy], [EntityName], [style], [ng_hide], [IsToInitialize], [IdFunctionalityForm], [IsFireChange]) VALUES (N'eb44f64d-5557-4d3a-8f6d-31778d47eef9', 2, N'DIV4', 9, N'71a1d18f-85e1-4c77-ac51-fd731dcd925f', N'ceca57d1-ef6a-4108-9e60-c229ab4d2f10', N'DIV4', N'DIV4', N'DIV4', N'DIV4', N'DIV4', N'DIV4', NULL, N'', N'', N'col-lg-6 col-md-6 col-sm-6', 0, NULL, N'Payslip', NULL, NULL, 1, N'71a1d18f-85e1-4c77-ac51-fd731dcd925f', NULL)
INSERT INTO [ERPSettings].[Component] ([IdComponent], [rank], [ComponentName], [IdComponentType], [IdFunctionality], [IdComponentParent], [FR], [EN], [AR], [DE], [CH], [ES], [IdButton], [classDiv], [classLabel], [class], [IsEncapsulated], [IdComponentChangedBy], [EntityName], [style], [ng_hide], [IsToInitialize], [IdFunctionalityForm], [IsFireChange]) VALUES (N'eb8d7cb2-95d1-48ac-bf38-4be462bd96dc', 2, N'GRIDBUTTON1', 16, N'12e2ecc5-d861-4680-9310-92422a3e2593', N'fa4a27e5-5cbe-4756-a1a1-a8c6402724ee', N'Supprimer', N'Delete', N'Delete_AR', N'Delete_DE', N'Delete_CH', N'Delete_ES', N'9d65d896-7a15-4546-8597-b7fb7b2c92b6', N'col-lg-12 col-md-12 col-sm-12', N'col-lg-4 col-md-4 col-sm-4', N'glyphicon glyphicon-trash', 1, NULL, N'ConstantValueValidityPeriod', NULL, NULL, 1, N'12e2ecc5-d861-4680-9310-92422a3e2593', NULL)
INSERT INTO [ERPSettings].[Component] ([IdComponent], [rank], [ComponentName], [IdComponentType], [IdFunctionality], [IdComponentParent], [FR], [EN], [AR], [DE], [CH], [ES], [IdButton], [classDiv], [classLabel], [class], [IsEncapsulated], [IdComponentChangedBy], [EntityName], [style], [ng_hide], [IsToInitialize], [IdFunctionalityForm], [IsFireChange]) VALUES (N'eb94efb8-5969-4ac0-bfdd-95d604911e57', 2, N'GRIDCOLUMN2', 4, N'd6ff08d7-ed69-48ee-b7ff-b96f6db1a79f', N'f088304d-2f23-46a8-9d7b-ace78e25442d', N'Description', N'Description', NULL, NULL, NULL, NULL, NULL, N'col-lg-12 col-md-12 col-sm-12', N'col-lg-4 col-md-4 col-sm-4', N'', 0, NULL, N'ConstantValue', NULL, NULL, 1, N'd6ff08d7-ed69-48ee-b7ff-b96f6db1a79f', NULL)
INSERT INTO [ERPSettings].[Component] ([IdComponent], [rank], [ComponentName], [IdComponentType], [IdFunctionality], [IdComponentParent], [FR], [EN], [AR], [DE], [CH], [ES], [IdButton], [classDiv], [classLabel], [class], [IsEncapsulated], [IdComponentChangedBy], [EntityName], [style], [ng_hide], [IsToInitialize], [IdFunctionalityForm], [IsFireChange]) VALUES (N'ebb7020d-b71f-492a-9fe5-81e20c79ba8c', 1, N'GRIDBUTTON1', 16, N'322d8fea-9553-46c1-a83b-24276d046f53', N'1618b273-e82e-4b23-b345-dfca25f34363', N'Modifier', N'Update', N'Modifier_AR', N'Modifier_DE', N'Modifier_CH', N'Modifier_ES', NULL, N'col-lg-12 col-md-12 col-sm-12', N'col-lg-4 col-md-4 col-sm-4', N'glyphicon glyphicon-edit', 1, NULL, N'Variable', NULL, NULL, 1, N'322d8fea-9553-46c1-a83b-24276d046f53', NULL)
INSERT INTO [ERPSettings].[Component] ([IdComponent], [rank], [ComponentName], [IdComponentType], [IdFunctionality], [IdComponentParent], [FR], [EN], [AR], [DE], [CH], [ES], [IdButton], [classDiv], [classLabel], [class], [IsEncapsulated], [IdComponentChangedBy], [EntityName], [style], [ng_hide], [IsToInitialize], [IdFunctionalityForm], [IsFireChange]) VALUES (N'ec9ecb5a-ca4d-4481-88b5-90b2dcfd256b', 1, N'IdRuleCategory', 11, N'336fdb14-6186-41c2-b2ff-98c99ea25c5f', N'35c1553b-5ba4-46a7-b53d-3c862f8334c5', N'Catégorie', N'Parent', N'Parent_AR', N'Parent_DE', N'Parent_CH', N'Type de reglement_ES', N'f0721794-23a7-42a3-b5e9-351e66ca6376', N'form-group col-lg-12 col-md-12 col-sm-12', N'col-lg-4 col-md-4 col-sm-4', N'', 0, NULL, N'SalaryRule', NULL, NULL, 1, N'336fdb14-6186-41c2-b2ff-98c99ea25c5f', NULL)
INSERT INTO [ERPSettings].[Component] ([IdComponent], [rank], [ComponentName], [IdComponentType], [IdFunctionality], [IdComponentParent], [FR], [EN], [AR], [DE], [CH], [ES], [IdButton], [classDiv], [classLabel], [class], [IsEncapsulated], [IdComponentChangedBy], [EntityName], [style], [ng_hide], [IsToInitialize], [IdFunctionalityForm], [IsFireChange]) VALUES (N'edfa4649-8d8d-41f1-b8e4-5a3a3528e2a5', 2, N'DIV2', 9, N'7a7cebf1-3ed2-4c49-8e2a-2647ac09572e', N'cc130779-922f-45f7-bfa4-b9d90605a966', N'DIV2', N'DIV2_EN', N'DIV2_AR', N'DIV2_DE', N'DIV2_CH', N'DIV2_ES', NULL, N'', N'', N'', 0, NULL, N'ConstantRate', NULL, NULL, 1, N'7a7cebf1-3ed2-4c49-8e2a-2647ac09572e', NULL)
INSERT INTO [ERPSettings].[Component] ([IdComponent], [rank], [ComponentName], [IdComponentType], [IdFunctionality], [IdComponentParent], [FR], [EN], [AR], [DE], [CH], [ES], [IdButton], [classDiv], [classLabel], [class], [IsEncapsulated], [IdComponentChangedBy], [EntityName], [style], [ng_hide], [IsToInitialize], [IdFunctionalityForm], [IsFireChange]) VALUES (N'ee51a5db-eb44-4506-ab5d-13ee26446ab3', 1, N'BUTTON1', 7, N'5d854334-c1b7-48c8-8811-7a37ca16dc7b', N'2678ce54-5920-4cf6-93d8-bf10856b437b', N'Mettre à jour', N'Update', N'', N'', N'', N'', NULL, N'form-group col-lg-12 col-md-12 col-sm-12', N'col-lg-4 col-md-4 col-sm-4', N'k-button', 0, NULL, N'Variable', NULL, NULL, 1, N'5d854334-c1b7-48c8-8811-7a37ca16dc7b', NULL)
INSERT INTO [ERPSettings].[Component] ([IdComponent], [rank], [ComponentName], [IdComponentType], [IdFunctionality], [IdComponentParent], [FR], [EN], [AR], [DE], [CH], [ES], [IdButton], [classDiv], [classLabel], [class], [IsEncapsulated], [IdComponentChangedBy], [EntityName], [style], [ng_hide], [IsToInitialize], [IdFunctionalityForm], [IsFireChange]) VALUES (N'f02caece-0702-465f-b6a3-7686a74556d0', 3, N'DIV1', 9, N'7a7cebf1-3ed2-4c49-8e2a-2647ac09572e', N'65cda83b-be21-447f-854e-fc7df35146ab', N'DIV1', N'DIV1_EN', N'DIV1_AR', N'DIV1_DE', N'DIV1_CH', N'DIV1_ES', NULL, N'', N'', N'col-lg-4 col-md-4 col-sm-4', 0, NULL, N'ConstantRate', NULL, NULL, 1, N'7a7cebf1-3ed2-4c49-8e2a-2647ac09572e', NULL)
INSERT INTO [ERPSettings].[Component] ([IdComponent], [rank], [ComponentName], [IdComponentType], [IdFunctionality], [IdComponentParent], [FR], [EN], [AR], [DE], [CH], [ES], [IdButton], [classDiv], [classLabel], [class], [IsEncapsulated], [IdComponentChangedBy], [EntityName], [style], [ng_hide], [IsToInitialize], [IdFunctionalityForm], [IsFireChange]) VALUES (N'f0721794-23a7-42a3-b5e9-351e66ca6376', 1, N'BUTTON1', 7, N'336fdb14-6186-41c2-b2ff-98c99ea25c5f', N'11a42472-43bc-4db5-bc50-a2afabfbafb6', N'Enregistrer', N'Save', N'Enregistrer_AR', N'Enregistrer_DE', N'Enregistrer_CH', N'Enregistrer_ES', NULL, N'form-group col-lg-12 col-md-12 col-sm-12', N'col-lg-4 col-md-4 col-sm-4', N'k-button', 0, NULL, N'Variable', NULL, NULL, 1, N'336fdb14-6186-41c2-b2ff-98c99ea25c5f', NULL)
INSERT INTO [ERPSettings].[Component] ([IdComponent], [rank], [ComponentName], [IdComponentType], [IdFunctionality], [IdComponentParent], [FR], [EN], [AR], [DE], [CH], [ES], [IdButton], [classDiv], [classLabel], [class], [IsEncapsulated], [IdComponentChangedBy], [EntityName], [style], [ng_hide], [IsToInitialize], [IdFunctionalityForm], [IsFireChange]) VALUES (N'f088304d-2f23-46a8-9d7b-ace78e25442d', 1, N'GRID2', 3, N'd6ff08d7-ed69-48ee-b7ff-b96f6db1a79f', N'20b83bda-94a2-4668-9c91-792732c83001', N'Constante valeur', N'Constant value', N'', N'', N'', N'', N'c6319f2b-69c9-4f08-8df1-526e88a9fef4', N'col-lg-12 col-md-12 col-sm-12', N'col-lg-4 col-md-4 col-sm-4', N'', 0, NULL, N'ConstantValue', NULL, NULL, 1, N'd6ff08d7-ed69-48ee-b7ff-b96f6db1a79f', NULL)
INSERT INTO [ERPSettings].[Component] ([IdComponent], [rank], [ComponentName], [IdComponentType], [IdFunctionality], [IdComponentParent], [FR], [EN], [AR], [DE], [CH], [ES], [IdButton], [classDiv], [classLabel], [class], [IsEncapsulated], [IdComponentChangedBy], [EntityName], [style], [ng_hide], [IsToInitialize], [IdFunctionalityForm], [IsFireChange]) VALUES (N'f21306b8-582f-4a8c-8a5b-2b7d98d1d678', 1, N'Date', 4, N'7a7cebf1-3ed2-4c49-8e2a-2647ac09572e', N'3ba6d383-ffcf-425f-b49e-79695cac7e1f', N'Période', N'Period', N'Date de debut_AR', N'Date de debut_DE', N'Date de debut_CH', N'Date de debut_ES', NULL, N'col-lg-12 col-md-12 col-sm-12', N'col-lg-4 col-md-4 col-sm-4', N'', 0, NULL, N'ConstantRateValidityPeriod', NULL, NULL, 1, N'7a7cebf1-3ed2-4c49-8e2a-2647ac09572e', NULL)
INSERT INTO [ERPSettings].[Component] ([IdComponent], [rank], [ComponentName], [IdComponentType], [IdFunctionality], [IdComponentParent], [FR], [EN], [AR], [DE], [CH], [ES], [IdButton], [classDiv], [classLabel], [class], [IsEncapsulated], [IdComponentChangedBy], [EntityName], [style], [ng_hide], [IsToInitialize], [IdFunctionalityForm], [IsFireChange]) VALUES (N'f64ebdc0-620e-4c5b-b33f-89fc54138abc', 1, N'Enregistrer periode', 7, N'7a7cebf1-3ed2-4c49-8e2a-2647ac09572e', N'318093f6-a666-40f1-bc63-a8ee89afe90d', N'Enregistrer', N'Save', N'Enregistrer_AR', N'Enregistrer_DE', N'Enregistrer_CH', N'Enregistrer_ES', NULL, N'form-group col-lg-12 col-md-12 col-sm-12', N'', N'k-button pull-right', 0, NULL, N'ConstantRateValidityPeriod', NULL, NULL, 1, N'7a7cebf1-3ed2-4c49-8e2a-2647ac09572e', NULL)
INSERT INTO [ERPSettings].[Component] ([IdComponent], [rank], [ComponentName], [IdComponentType], [IdFunctionality], [IdComponentParent], [FR], [EN], [AR], [DE], [CH], [ES], [IdButton], [classDiv], [classLabel], [class], [IsEncapsulated], [IdComponentChangedBy], [EntityName], [style], [ng_hide], [IsToInitialize], [IdFunctionalityForm], [IsFireChange]) VALUES (N'f6f4d4e7-013b-47be-a888-4db19dd7264b', 1, N'DIV1', 9, N'712d6299-495e-45ce-9010-20e4ad36834a', N'0663e421-cd75-4819-8d35-c79269ec7898', N'DIV1', N'DIV1', N'DIV1', N'DIV1', N'DIV1', N'DIV1', NULL, N'', N'', N'row', 0, NULL, N'SalaryStructure', N'padding-left:0px; padding-right:0px;', NULL, 1, N'712d6299-495e-45ce-9010-20e4ad36834a', NULL)
INSERT INTO [ERPSettings].[Component] ([IdComponent], [rank], [ComponentName], [IdComponentType], [IdFunctionality], [IdComponentParent], [FR], [EN], [AR], [DE], [CH], [ES], [IdButton], [classDiv], [classLabel], [class], [IsEncapsulated], [IdComponentChangedBy], [EntityName], [style], [ng_hide], [IsToInitialize], [IdFunctionalityForm], [IsFireChange]) VALUES (N'f958d5a1-09d2-443f-839f-2c2b4a316227', 2, N'DIVCONTAINER2', 17, N'7a7cebf1-3ed2-4c49-8e2a-2647ac09572e', N'ca9d5ea7-d111-406e-9aec-e730be56b94a', N'Periode', N'Period', N'', N'', N'', N'', NULL, N'col-lg-12 col-md-12 col-sm-12', N'', N'', 0, NULL, N'ConstantRateValidityPeriod', NULL, NULL, 1, N'7a7cebf1-3ed2-4c49-8e2a-2647ac09572e', NULL)
INSERT INTO [ERPSettings].[Component] ([IdComponent], [rank], [ComponentName], [IdComponentType], [IdFunctionality], [IdComponentParent], [FR], [EN], [AR], [DE], [CH], [ES], [IdButton], [classDiv], [classLabel], [class], [IsEncapsulated], [IdComponentChangedBy], [EntityName], [style], [ng_hide], [IsToInitialize], [IdFunctionalityForm], [IsFireChange]) VALUES (N'fa4a27e5-5cbe-4756-a1a1-a8c6402724ee', 3, N'GRIDCOLUMN5', 4, N'12e2ecc5-d861-4680-9310-92422a3e2593', N'28326791-35e2-4bf1-bd23-2a4fa83909f2', N'GRIDCOLUMN5', N'GRIDCOLUMN5_EN', N'GRIDCOLUMN5_AR', N'GRIDCOLUMN5_DE', N'GRIDCOLUMN5_CH', N'GRIDCOLUMN5_ES', NULL, N'col-lg-12 col-md-12 col-sm-12', N'col-lg-4 col-md-4 col-sm-4', N'', 0, NULL, N'ConstantValueValidityPeriod', NULL, NULL, 1, N'12e2ecc5-d861-4680-9310-92422a3e2593', NULL)
INSERT INTO [ERPSettings].[Component] ([IdComponent], [rank], [ComponentName], [IdComponentType], [IdFunctionality], [IdComponentParent], [FR], [EN], [AR], [DE], [CH], [ES], [IdButton], [classDiv], [classLabel], [class], [IsEncapsulated], [IdComponentChangedBy], [EntityName], [style], [ng_hide], [IsToInitialize], [IdFunctionalityForm], [IsFireChange]) VALUES (N'fdad2776-5bb4-4890-93ef-a363642d7b67', 1, N'BUTTON1', 7, N'12e2ecc5-d861-4680-9310-92422a3e2593', N'd2cc7c64-b08c-4b35-8d1d-33ff97ac3c83', N'Mettre à jour', N'Update', N'Mettre à jour_AR', N'Mettre à jour_DE', N'Mettre à jour_CH', N'Mettre à jour_ES', NULL, N'form-group col-lg-12 col-md-12 col-sm-12', N'col-lg-4 col-md-4 col-sm-4', N'k-button', 0, NULL, N'ConstantValue', NULL, NULL, 1, N'12e2ecc5-d861-4680-9310-92422a3e2593', NULL)
INSERT INTO [ERPSettings].[Component] ([IdComponent], [rank], [ComponentName], [IdComponentType], [IdFunctionality], [IdComponentParent], [FR], [EN], [AR], [DE], [CH], [ES], [IdButton], [classDiv], [classLabel], [class], [IsEncapsulated], [IdComponentChangedBy], [EntityName], [style], [ng_hide], [IsToInitialize], [IdFunctionalityForm], [IsFireChange]) VALUES (N'fdb08505-8e24-43cd-82d0-09cd5a3183d7', 1, N'FORM1', 6, N'322d8fea-9553-46c1-a83b-24276d046f53', NULL, N'FORM1', N'FORM1', N'FORM1_AR', N'FORM1_DE', N'FORM1_CH', N'FORM1_ES', NULL, N'col-lg-12 col-md-12 col-sm-12', N'col-lg-4 col-md-4 col-sm-4', N'', 0, NULL, N'Variable', NULL, NULL, 1, N'322d8fea-9553-46c1-a83b-24276d046f53', NULL)
INSERT INTO [ERPSettings].[Component] ([IdComponent], [rank], [ComponentName], [IdComponentType], [IdFunctionality], [IdComponentParent], [FR], [EN], [AR], [DE], [CH], [ES], [IdButton], [classDiv], [classLabel], [class], [IsEncapsulated], [IdComponentChangedBy], [EntityName], [style], [ng_hide], [IsToInitialize], [IdFunctionalityForm], [IsFireChange]) VALUES (N'fec36bc6-da1f-4f29-b3e5-2f7f1ddca630', 1, N'BUTTON1', 7, N'7a7cebf1-3ed2-4c49-8e2a-2647ac09572e', N'edfa4649-8d8d-41f1-b8e4-5a3a3528e2a5', N'Mettre à jour', N'Update', N'Enregistrer_AR', N'Enregistrer_DE', N'Enregistrer_CH', N'Enregistrer_ES', NULL, N'form-group col-lg-12 col-md-12 col-sm-12', N'col-lg-4 col-md-4 col-sm-4', N'k-button', 0, NULL, N'ConstantRate', NULL, NULL, 1, N'7a7cebf1-3ed2-4c49-8e2a-2647ac09572e', NULL)
INSERT INTO [ERPSettings].[ServiceParameters] ([IdServiceParameters], [Method], [URL], [TModel], [Module], [IdPredicateFormat], [TransactionUserId], [IsDeleted], [Deleted_Token]) VALUES (N'09290de7-7f0a-40b2-87e7-82d18c3c3994', N'POST', N'/api/base/getPredicate', N'ConstantRateValidityPeriod', N'PayRoll', N'30866fb3-07b2-486e-aac5-c8de29a8bd8e', NULL, 0, NULL)
INSERT INTO [ERPSettings].[ServiceParameters] ([IdServiceParameters], [Method], [URL], [TModel], [Module], [IdPredicateFormat], [TransactionUserId], [IsDeleted], [Deleted_Token]) VALUES (N'0ecb8061-4c31-4a23-a321-0d9b4400c002', N'GET', N'/api/base/getById/:id', N'ConstantRate', N'PayRoll', NULL, NULL, 0, NULL)
INSERT INTO [ERPSettings].[ServiceParameters] ([IdServiceParameters], [Method], [URL], [TModel], [Module], [IdPredicateFormat], [TransactionUserId], [IsDeleted], [Deleted_Token]) VALUES (N'10402aac-cb16-449b-9bef-6234d28c3458', N'DELETE', N'/api/base/delete/:id', N'ConstantValue', N'PayRoll', NULL, NULL, 0, NULL)
INSERT INTO [ERPSettings].[ServiceParameters] ([IdServiceParameters], [Method], [URL], [TModel], [Module], [IdPredicateFormat], [TransactionUserId], [IsDeleted], [Deleted_Token]) VALUES (N'17b91184-9770-45bc-9102-eac3e453e2c7', N'GET', N'/api/base/get', N'RuleCategory', N'PayRoll', NULL, NULL, 0, NULL)
INSERT INTO [ERPSettings].[ServiceParameters] ([IdServiceParameters], [Method], [URL], [TModel], [Module], [IdPredicateFormat], [TransactionUserId], [IsDeleted], [Deleted_Token]) VALUES (N'1ae7096d-d8c1-46f6-a5ce-a4bdff248535', N'DELETE', N'/api/base/delete/:id', N'Variable', N'PayRoll', NULL, NULL, 0, NULL)
INSERT INTO [ERPSettings].[ServiceParameters] ([IdServiceParameters], [Method], [URL], [TModel], [Module], [IdPredicateFormat], [TransactionUserId], [IsDeleted], [Deleted_Token]) VALUES (N'2bd71214-0c5e-4175-8b53-f114e7ac91ed', N'PUT', N'/api/base/update', N'Variable', N'PayRoll', NULL, NULL, 0, NULL)
INSERT INTO [ERPSettings].[ServiceParameters] ([IdServiceParameters], [Method], [URL], [TModel], [Module], [IdPredicateFormat], [TransactionUserId], [IsDeleted], [Deleted_Token]) VALUES (N'3d74ea73-70bb-4d3e-9901-5c07f8283588', N'GET', N'/api/base/get', N'SalaryStructure', N'PayRoll', NULL, NULL, 0, NULL)
INSERT INTO [ERPSettings].[ServiceParameters] ([IdServiceParameters], [Method], [URL], [TModel], [Module], [IdPredicateFormat], [TransactionUserId], [IsDeleted], [Deleted_Token]) VALUES (N'4372694f-316f-47e6-a017-194e6bc8f68d', N'POST', N'/api/base/getPredicate', N'ConstantValueValidityPeriod', N'PayRoll', N'df477eb1-b196-4f61-aa5c-88fa1844fad1', NULL, 0, NULL)
INSERT INTO [ERPSettings].[ServiceParameters] ([IdServiceParameters], [Method], [URL], [TModel], [Module], [IdPredicateFormat], [TransactionUserId], [IsDeleted], [Deleted_Token]) VALUES (N'44db0dad-0ea0-4127-bc00-8f220957fc08', N'GET', N'/api/base/getById/:id', N'Variable', N'PayRoll', NULL, NULL, 0, NULL)
INSERT INTO [ERPSettings].[ServiceParameters] ([IdServiceParameters], [Method], [URL], [TModel], [Module], [IdPredicateFormat], [TransactionUserId], [IsDeleted], [Deleted_Token]) VALUES (N'499862fc-58cf-47b2-9d7f-26411ef5dd98', N'GET', N'/api/base/get', N'RuleType', N'PayRoll', N'7d380af5-9463-4fdb-8aa7-09f5ff8f6720', NULL, 0, NULL)
INSERT INTO [ERPSettings].[ServiceParameters] ([IdServiceParameters], [Method], [URL], [TModel], [Module], [IdPredicateFormat], [TransactionUserId], [IsDeleted], [Deleted_Token]) VALUES (N'5d0d3677-9733-405c-afa1-f655941de1c4', N'POST', N'/api/base/getDataSourcePredicate', N'Variable', N'PayRoll', N'23a2b31d-9b77-40d8-9d16-26366f213a3d', NULL, 0, NULL)
INSERT INTO [ERPSettings].[ServiceParameters] ([IdServiceParameters], [Method], [URL], [TModel], [Module], [IdPredicateFormat], [TransactionUserId], [IsDeleted], [Deleted_Token]) VALUES (N'6065dec8-80d7-4a46-9cf3-97b60e4d3e96', N'GET', N'/api/base/get', N'SalaryStructure', N'PayRoll', NULL, NULL, 0, NULL)
INSERT INTO [ERPSettings].[ServiceParameters] ([IdServiceParameters], [Method], [URL], [TModel], [Module], [IdPredicateFormat], [TransactionUserId], [IsDeleted], [Deleted_Token]) VALUES (N'619675ce-0735-4f42-b4b4-fb476b85567c', N'PUT', N'/api/base/update', N'ConstantValue', N'PayRoll', NULL, NULL, 0, NULL)
INSERT INTO [ERPSettings].[ServiceParameters] ([IdServiceParameters], [Method], [URL], [TModel], [Module], [IdPredicateFormat], [TransactionUserId], [IsDeleted], [Deleted_Token]) VALUES (N'62c03615-6ad8-4b6d-82c2-8fe41df5db7b', N'GET', N'/api/base/get', N'Applicability', N'PayRoll', NULL, NULL, 0, NULL)
INSERT INTO [ERPSettings].[ServiceParameters] ([IdServiceParameters], [Method], [URL], [TModel], [Module], [IdPredicateFormat], [TransactionUserId], [IsDeleted], [Deleted_Token]) VALUES (N'658efbf1-c2e8-41d7-bf22-60d99c410c0c', N'DELETE', N'/api/base/delete/:id', N'ConstantValue', N'PayRoll', NULL, NULL, 0, NULL)
INSERT INTO [ERPSettings].[ServiceParameters] ([IdServiceParameters], [Method], [URL], [TModel], [Module], [IdPredicateFormat], [TransactionUserId], [IsDeleted], [Deleted_Token]) VALUES (N'71e11f0a-2a2a-4c84-ba55-a26de1febd27', N'GET', N'/api/base/getById/:id', N'SalaryStructure', N'PayRoll', NULL, NULL, 0, NULL)
INSERT INTO [ERPSettings].[ServiceParameters] ([IdServiceParameters], [Method], [URL], [TModel], [Module], [IdPredicateFormat], [TransactionUserId], [IsDeleted], [Deleted_Token]) VALUES (N'81db4ccc-702e-44bc-86ed-e9011c0b13cc', N'POST', N'/api/base/getDataSourcePredicate', N'SalaryStructure', N'PayRoll', N'd1c8319b-9963-4b76-bfbe-bd29891601c1', NULL, 0, NULL)
INSERT INTO [ERPSettings].[ServiceParameters] ([IdServiceParameters], [Method], [URL], [TModel], [Module], [IdPredicateFormat], [TransactionUserId], [IsDeleted], [Deleted_Token]) VALUES (N'8386ebe0-0c0b-4293-b1d9-31449bab9fde', N'POST', N'/api/base/insert', N'SalaryRule', N'PayRoll', NULL, NULL, 0, NULL)
INSERT INTO [ERPSettings].[ServiceParameters] ([IdServiceParameters], [Method], [URL], [TModel], [Module], [IdPredicateFormat], [TransactionUserId], [IsDeleted], [Deleted_Token]) VALUES (N'b3436913-8d94-405e-a50b-3182b5197996', N'POST', N'/api/base/insert', N'SalaryStructure', N'PayRoll', NULL, NULL, 0, NULL)
INSERT INTO [ERPSettings].[ServiceParameters] ([IdServiceParameters], [Method], [URL], [TModel], [Module], [IdPredicateFormat], [TransactionUserId], [IsDeleted], [Deleted_Token]) VALUES (N'b61ed46c-5f3c-4fde-89b2-aa8ae1f854bb', N'GET', N'/api/base/getById/:id', N'ConstantValue', N'PayRoll', NULL, NULL, 0, NULL)
INSERT INTO [ERPSettings].[ServiceParameters] ([IdServiceParameters], [Method], [URL], [TModel], [Module], [IdPredicateFormat], [TransactionUserId], [IsDeleted], [Deleted_Token]) VALUES (N'c43ef29e-700d-45f0-8c1b-6f54d2f83601', N'POST', N'/api/base/getDataSourcePredicate', N'SalaryRule', N'PayRoll', N'0c0761f5-ed91-48b2-937e-096854c68ecb', NULL, 0, NULL)
INSERT INTO [ERPSettings].[ServiceParameters] ([IdServiceParameters], [Method], [URL], [TModel], [Module], [IdPredicateFormat], [TransactionUserId], [IsDeleted], [Deleted_Token]) VALUES (N'c6b556d7-c010-4939-9887-4cc12bb69182', N'GET', N'/api/base/get', N'SalaryStructure', N'PayRoll', NULL, NULL, 0, NULL)
INSERT INTO [ERPSettings].[ServiceParameters] ([IdServiceParameters], [Method], [URL], [TModel], [Module], [IdPredicateFormat], [TransactionUserId], [IsDeleted], [Deleted_Token]) VALUES (N'cb1ca241-896c-4133-8f58-3a42fc578e88', N'POST', N'/api/base/getDataSourcePredicate', N'ConstantRate', N'PayRoll', N'10a101ff-637f-4687-a04f-ef8f068f5fea', NULL, 0, NULL)
INSERT INTO [ERPSettings].[ServiceParameters] ([IdServiceParameters], [Method], [URL], [TModel], [Module], [IdPredicateFormat], [TransactionUserId], [IsDeleted], [Deleted_Token]) VALUES (N'dc992306-a708-4147-b484-2e6f86e88e61', N'POST', N'/api/base/getDataSourcePredicate', N'ConstantValue', N'PayRoll', N'0c8546d6-a65f-4717-b058-40efd1b58a22', NULL, 0, NULL)
INSERT INTO [ERPSettings].[ServiceParameters] ([IdServiceParameters], [Method], [URL], [TModel], [Module], [IdPredicateFormat], [TransactionUserId], [IsDeleted], [Deleted_Token]) VALUES (N'de918dbe-29e0-4082-85e9-fc2d57854f64', N'POST', N'/api/base/insert', N'SalaryStructure', N'PayRoll', NULL, NULL, 0, NULL)
INSERT INTO [ERPSettings].[ServiceParameters] ([IdServiceParameters], [Method], [URL], [TModel], [Module], [IdPredicateFormat], [TransactionUserId], [IsDeleted], [Deleted_Token]) VALUES (N'f948c704-a456-49dc-b156-4e7ab049cd99', N'PUT', N'/api/base/update', N'ConstantRate', N'PayRoll', NULL, NULL, 0, NULL)
INSERT INTO [ERPSettings].[ServiceParameters] ([IdServiceParameters], [Method], [URL], [TModel], [Module], [IdPredicateFormat], [TransactionUserId], [IsDeleted], [Deleted_Token]) VALUES (N'fec86504-5829-47be-80f5-6cdaec9eb353', N'PUT', N'/api/base/update', N'SalaryStructure', N'PayRoll', NULL, NULL, 0, NULL)
INSERT INTO [ERPSettings].[Functionality] ([IdFunctionality], [FunctionalityName], [IdRequestType], [FR], [EN], [AR], [DE], [CH], [ES]) VALUES (N'06eb3687-d016-4597-9538-c1eaed785b50', N'Payslip-LIST', 4, N'Liste', N'List', N'Liste_AR', N'Liste_DE', N'Liste_CH', N'Liste_ES')
INSERT INTO [ERPSettings].[Functionality] ([IdFunctionality], [FunctionalityName], [IdRequestType], [FR], [EN], [AR], [DE], [CH], [ES]) VALUES (N'0acce7c4-1da6-4276-a199-a4db6270bfd7', N'Payslip-UPDATE', 2, N'Modifier', N'Updtae', N'Modifier_AR', N'Modifier_DE', N'Modifier_CH', N'Modifier_ES')
INSERT INTO [ERPSettings].[Functionality] ([IdFunctionality], [FunctionalityName], [IdRequestType], [FR], [EN], [AR], [DE], [CH], [ES]) VALUES (N'5d854334-c1b7-48c8-8811-7a37ca16dc7b', N'Variable-UPDATE', 2, N'Modifier variable', N'Update variable', N'Modifier variable_AR', N'Modifier variable_DE', N'Modifier variable_CH', N'Modifier variable_ES')
INSERT INTO [ERPSettings].[Functionality] ([IdFunctionality], [FunctionalityName], [IdRequestType], [FR], [EN], [AR], [DE], [CH], [ES]) VALUES (N'71a1d18f-85e1-4c77-ac51-fd731dcd925f', N'Payslip-ADD', 1, N'Ajouter bulletin de paie', N'Add payslip', N'Ajouter bulletin de paie_AR', N'Ajouter bulletin de paie_DE', N'Ajouter bulletin de paie_CH', N'Ajouter bulletin de paie_ES')

INSERT INTO [ERPSettings].[FunctionalityByRole] ([IdFunctionality], [IdRole], [IsActive], [IsVisible], [TransactionUserId]) VALUES ( N'5d854334-c1b7-48c8-8811-7a37ca16dc7b', 1, 1, 1, NULL)
INSERT INTO [ERPSettings].[FunctionalityByRole] ( [IdFunctionality], [IdRole], [IsActive], [IsVisible], [TransactionUserId]) VALUES ( N'71a1d18f-85e1-4c77-ac51-fd731dcd925f', 1, 1, 1, NULL)
INSERT INTO [ERPSettings].[FunctionalityByRole] ( [IdFunctionality], [IdRole], [IsActive], [IsVisible], [TransactionUserId]) VALUES ( N'06eb3687-d016-4597-9538-c1eaed785b50', 1, 1, 1, NULL)
INSERT INTO [ERPSettings].[FunctionalityByRole] ( [IdFunctionality], [IdRole], [IsActive], [IsVisible], [TransactionUserId]) VALUES ( N'0acce7c4-1da6-4276-a199-a4db6270bfd7', 1, 1, 1, NULL)


INSERT INTO [ERPSettings].[ComponentByUser] ( [IdComponent], [IdUser], [IsActive], [IsVisible], [ReadFunction], [WriteFunction], [TransactionUserId]) VALUES ( N'bdab7987-a164-4e9a-9018-c4ee671200d2', 2, 1, 0, 0, NULL, NULL)
INSERT INTO [ERPSettings].[ComponentByUser] ( [IdComponent], [IdUser], [IsActive], [IsVisible], [ReadFunction], [WriteFunction], [TransactionUserId]) VALUES ( N'2c7ce584-bb85-4ded-9d79-5f8a9ac6148b', 2, 1, 0, 0, NULL, NULL)

INSERT INTO [ERPSettings].[GridColumnComponent] ([IdComponent], [field], [title], [width], [format], [groupHeaderTemplate], [hidden], [template], [nullable], [type], [editable], [defaultValue], [menu]) VALUES (N'01c0bc3e-6804-4676-8f12-ae68e015a3bc', N'IdRuleTypeNavigation.Label', N'{{''01c0bc3e-6804-4676-8f12-ae68e015a3bc'' | translate }}', NULL, NULL, N'#= value #', 0, NULL, 0, NULL, 0, NULL, NULL)
INSERT INTO [ERPSettings].[GridColumnComponent] ([IdComponent], [field], [title], [width], [format], [groupHeaderTemplate], [hidden], [template], [nullable], [type], [editable], [defaultValue], [menu]) VALUES (N'0850ad0d-989f-4ab6-a7ee-9e497458e5d6', N'Value', N'{{''0850ad0d-989f-4ab6-a7ee-9e497458e5d6'' | translate }}', NULL, NULL, N'#= value #', 0, NULL, 0, NULL, 0, NULL, NULL)
INSERT INTO [ERPSettings].[GridColumnComponent] ([IdComponent], [field], [title], [width], [format], [groupHeaderTemplate], [hidden], [template], [nullable], [type], [editable], [defaultValue], [menu]) VALUES (N'10af286f-ff0e-4a30-a944-59acc369a929', N'Name', N'{{''10af286f-ff0e-4a30-a944-59acc369a929'' | translate }}', NULL, NULL, N'#= value #', 0, NULL, 0, NULL, 0, NULL, NULL)
INSERT INTO [ERPSettings].[GridColumnComponent] ([IdComponent], [field], [title], [width], [format], [groupHeaderTemplate], [hidden], [template], [nullable], [type], [editable], [defaultValue], [menu]) VALUES (N'145e80c1-bd75-4c79-823b-de4a1d30a0cb', N'EmployerRate', N'{{''145e80c1-bd75-4c79-823b-de4a1d30a0cb'' | translate }}', NULL, NULL, N'#= value #', 0, NULL, 0, NULL, 0, NULL, NULL)
INSERT INTO [ERPSettings].[GridColumnComponent] ([IdComponent], [field], [title], [width], [format], [groupHeaderTemplate], [hidden], [template], [nullable], [type], [editable], [defaultValue], [menu]) VALUES (N'15c6bd6e-dddc-4b4f-a135-9539942d10ff', N'Rule', N'{{''15c6bd6e-dddc-4b4f-a135-9539942d10ff'' | translate }}', NULL, NULL, N'#= value #', 0, NULL, 0, NULL, 0, NULL, NULL)
INSERT INTO [ERPSettings].[GridColumnComponent] ([IdComponent], [field], [title], [width], [format], [groupHeaderTemplate], [hidden], [template], [nullable], [type], [editable], [defaultValue], [menu]) VALUES (N'1618b273-e82e-4b23-b345-dfca25f34363', NULL, N'{{''1618b273-e82e-4b23-b345-dfca25f34363'' | translate }}', NULL, NULL, N'#= value #', 0, NULL, 0, NULL, 0, NULL, NULL)
INSERT INTO [ERPSettings].[GridColumnComponent] ([IdComponent], [field], [title], [width], [format], [groupHeaderTemplate], [hidden], [template], [nullable], [type], [editable], [defaultValue], [menu]) VALUES (N'19098cef-5bd4-4d56-9dbc-fcb61d77eb2e', N'IdRuleUniqueReferenceNavigation.Reference', N'{{''19098cef-5bd4-4d56-9dbc-fcb61d77eb2e'' | translate}}', NULL, NULL, N'#= value #', 0, NULL, 0, NULL, 0, NULL, NULL)
INSERT INTO [ERPSettings].[GridColumnComponent] ([IdComponent], [field], [title], [width], [format], [groupHeaderTemplate], [hidden], [template], [nullable], [type], [editable], [defaultValue], [menu]) VALUES (N'198ad5eb-fb85-40a3-922e-a5245000e6e4', NULL, N'{{''198ad5eb-fb85-40a3-922e-a5245000e6e4'' | translate }}', NULL, NULL, N'#= value #', 0, NULL, 0, NULL, 0, NULL, NULL)
INSERT INTO [ERPSettings].[GridColumnComponent] ([IdComponent], [field], [title], [width], [format], [groupHeaderTemplate], [hidden], [template], [nullable], [type], [editable], [defaultValue], [menu]) VALUES (N'24c9d0c9-93c5-48ba-93dc-b8b16010f488', N'Order', N'{{''24c9d0c9-93c5-48ba-93dc-b8b16010f488'' | translate }}', NULL, NULL, N'#= value #', 0, NULL, 0, NULL, 0, NULL, NULL)
INSERT INTO [ERPSettings].[GridColumnComponent] ([IdComponent], [field], [title], [width], [format], [groupHeaderTemplate], [hidden], [template], [nullable], [type], [editable], [defaultValue], [menu]) VALUES (N'2b9c835f-1e2d-4baf-9a68-4b22dc175324', N'Name', N'{{''2b9c835f-1e2d-4baf-9a68-4b22dc175324'' | translate }}', NULL, NULL, N'#= value #', 0, NULL, 0, NULL, 0, NULL, NULL)
INSERT INTO [ERPSettings].[GridColumnComponent] ([IdComponent], [field], [title], [width], [format], [groupHeaderTemplate], [hidden], [template], [nullable], [type], [editable], [defaultValue], [menu]) VALUES (N'3e0f4164-8bad-464c-ba12-2a644aa125c5', N'ConstantRateValidityPeriod.length', N'{{''3e0f4164-8bad-464c-ba12-2a644aa125c5'' | translate }}', NULL, NULL, N'#= value #', 0, NULL, 0, NULL, 0, NULL, NULL)
INSERT INTO [ERPSettings].[GridColumnComponent] ([IdComponent], [field], [title], [width], [format], [groupHeaderTemplate], [hidden], [template], [nullable], [type], [editable], [defaultValue], [menu]) VALUES (N'3fc7d089-6a35-47d3-9f29-c1d60bb9bbfb', N'Description', N'{{''3fc7d089-6a35-47d3-9f29-c1d60bb9bbfb'' | translate }}', NULL, NULL, N'#= value #', 0, NULL, 0, NULL, 0, NULL, NULL)
INSERT INTO [ERPSettings].[GridColumnComponent] ([IdComponent], [field], [title], [width], [format], [groupHeaderTemplate], [hidden], [template], [nullable], [type], [editable], [defaultValue], [menu]) VALUES (N'478477c0-d086-4989-be81-9891364a5188', NULL, N'{{''478477c0-d086-4989-be81-9891364a5188'' | translate }}', NULL, NULL, N'#= value #', 0, NULL, 0, NULL, 0, NULL, NULL)
INSERT INTO [ERPSettings].[GridColumnComponent] ([IdComponent], [field], [title], [width], [format], [groupHeaderTemplate], [hidden], [template], [nullable], [type], [editable], [defaultValue], [menu]) VALUES (N'4cd45bb1-48e8-4a54-a25e-28a1a27dfd7a', N'IdRuleUniqueReferenceNavigation.Reference', N'{{''4cd45bb1-48e8-4a54-a25e-28a1a27dfd7a'' | translate }}', NULL, N'{0:d}', N'#= value #', 0, NULL, 0, N'date', 0, NULL, NULL)
INSERT INTO [ERPSettings].[GridColumnComponent] ([IdComponent], [field], [title], [width], [format], [groupHeaderTemplate], [hidden], [template], [nullable], [type], [editable], [defaultValue], [menu]) VALUES (N'5b139f06-1ae2-4b87-92c5-5208f45ae824', NULL, N'{{''5b139f06-1ae2-4b87-92c5-5208f45ae824'' | translate }}', NULL, NULL, N'#= value #', 0, NULL, 0, NULL, 0, NULL, NULL)
INSERT INTO [ERPSettings].[GridColumnComponent] ([IdComponent], [field], [title], [width], [format], [groupHeaderTemplate], [hidden], [template], [nullable], [type], [editable], [defaultValue], [menu]) VALUES (N'609633c1-5569-4d8c-ba68-dcdeabf3395e', N'ConstantValueValidityPeriod.length', N'{{''609633c1-5569-4d8c-ba68-dcdeabf3395e'' | translate }}', NULL, NULL, N'#= value #', 0, NULL, 0, NULL, 0, NULL, NULL)
INSERT INTO [ERPSettings].[GridColumnComponent] ([IdComponent], [field], [title], [width], [format], [groupHeaderTemplate], [hidden], [template], [nullable], [type], [editable], [defaultValue], [menu]) VALUES (N'64d10aec-8913-461f-b7bf-6f9171bf8f39', N'IdRuleUniqueReferenceNavigation.Reference', N'{{''64d10aec-8913-461f-b7bf-6f9171bf8f39'' | translate }}', NULL, NULL, N'#= value #', 0, NULL, 0, NULL, 0, NULL, NULL)
INSERT INTO [ERPSettings].[GridColumnComponent] ([IdComponent], [field], [title], [width], [format], [groupHeaderTemplate], [hidden], [template], [nullable], [type], [editable], [defaultValue], [menu]) VALUES (N'6cde0e38-586e-4ca9-ab0a-e6b59290b8ab', N'SalaryStructureReference', N'{{''6cde0e38-586e-4ca9-ab0a-e6b59290b8ab'' | translate }}', NULL, N'{0:d}', N'#= value #', 0, NULL, 0, N'date', 0, NULL, NULL)
INSERT INTO [ERPSettings].[GridColumnComponent] ([IdComponent], [field], [title], [width], [format], [groupHeaderTemplate], [hidden], [template], [nullable], [type], [editable], [defaultValue], [menu]) VALUES (N'7b0345e9-f8b7-4c1c-8170-6182dd23ea5d', N'SalaryRate', N'{{''7b0345e9-f8b7-4c1c-8170-6182dd23ea5d'' | translate }}', NULL, NULL, N'#= value #', 0, NULL, 0, NULL, 0, NULL, NULL)
INSERT INTO [ERPSettings].[GridColumnComponent] ([IdComponent], [field], [title], [width], [format], [groupHeaderTemplate], [hidden], [template], [nullable], [type], [editable], [defaultValue], [menu]) VALUES (N'8be09b24-c99f-47f3-92d4-e51508eea826', N'Date', N'{{''8be09b24-c99f-47f3-92d4-e51508eea826'' | translate }}', NULL, N'{0:d}', N'#= value #', 0, NULL, 0, N'date', 0, NULL, NULL)
INSERT INTO [ERPSettings].[GridColumnComponent] ([IdComponent], [field], [title], [width], [format], [groupHeaderTemplate], [hidden], [template], [nullable], [type], [editable], [defaultValue], [menu]) VALUES (N'a790e859-3eff-472f-9bb2-3c0456ec4908', N'IdRuleCategoryNavigation.Label', N'{{''a790e859-3eff-472f-9bb2-3c0456ec4908'' | translate }}', NULL, NULL, N'#= value #', 0, NULL, 0, NULL, 0, NULL, NULL)
INSERT INTO [ERPSettings].[GridColumnComponent] ([IdComponent], [field], [title], [width], [format], [groupHeaderTemplate], [hidden], [template], [nullable], [type], [editable], [defaultValue], [menu]) VALUES (N'aa79d935-813a-466d-bd8d-e57bfdd589cc', NULL, N'{{''aa79d935-813a-466d-bd8d-e57bfdd589cc'' | translate }}', NULL, NULL, N'#= value #', 0, NULL, 0, NULL, 0, NULL, NULL)
INSERT INTO [ERPSettings].[GridColumnComponent] ([IdComponent], [field], [title], [width], [format], [groupHeaderTemplate], [hidden], [template], [nullable], [type], [editable], [defaultValue], [menu]) VALUES (N'aadaee8e-6d4a-412e-895e-9c83435d1dd8', N'IdRuleUniqueReferenceNavigation.Reference', N'{{''aadaee8e-6d4a-412e-895e-9c83435d1dd8'' | translate }}', NULL, NULL, N'#= value #', 0, NULL, 0, NULL, 0, NULL, NULL)
INSERT INTO [ERPSettings].[GridColumnComponent] ([IdComponent], [field], [title], [width], [format], [groupHeaderTemplate], [hidden], [template], [nullable], [type], [editable], [defaultValue], [menu]) VALUES (N'b0ac9d9d-b03e-4c7e-b975-4b6fa46a1d24', N'Description', N'{{''b0ac9d9d-b03e-4c7e-b975-4b6fa46a1d24'' | translate }}', NULL, NULL, N'#= value #', 0, NULL, 0, NULL, 0, NULL, NULL)
INSERT INTO [ERPSettings].[GridColumnComponent] ([IdComponent], [field], [title], [width], [format], [groupHeaderTemplate], [hidden], [template], [nullable], [type], [editable], [defaultValue], [menu]) VALUES (N'b3c0c34f-170c-4c29-8a93-181c09cda62e', N'IdApplicabilityNavigation.Label', N'{{''b3c0c34f-170c-4c29-8a93-181c09cda62e'' | translate }}', NULL, NULL, N'#= value #', 0, NULL, 0, NULL, 0, NULL, NULL)
INSERT INTO [ERPSettings].[GridColumnComponent] ([IdComponent], [field], [title], [width], [format], [groupHeaderTemplate], [hidden], [template], [nullable], [type], [editable], [defaultValue], [menu]) VALUES (N'bf155d17-f739-422c-83d6-87815b95893c', N'Order', N'{{''bf155d17-f739-422c-83d6-87815b95893c'' | translate }}', NULL, NULL, N'#= value #', 0, NULL, 0, NULL, 0, NULL, NULL)
INSERT INTO [ERPSettings].[GridColumnComponent] ([IdComponent], [field], [title], [width], [format], [groupHeaderTemplate], [hidden], [template], [nullable], [type], [editable], [defaultValue], [menu]) VALUES (N'da0a17a4-dbdd-4271-b7e6-4229fb24f743', NULL, N'{{''da0a17a4-dbdd-4271-b7e6-4229fb24f743'' | translate }}', NULL, NULL, N'#= value #', 0, NULL, 0, NULL, 0, NULL, NULL)
INSERT INTO [ERPSettings].[GridColumnComponent] ([IdComponent], [field], [title], [width], [format], [groupHeaderTemplate], [hidden], [template], [nullable], [type], [editable], [defaultValue], [menu]) VALUES (N'de356b33-f169-4cfa-8356-4f910f40a84f', N'IdParentNavigation.SalaryStructureReference', N'{{''de356b33-f169-4cfa-8356-4f910f40a84f'' | translate }}', NULL, NULL, N'#= value #', 0, N'#if(IdParentNavigation!= null){# #: IdParentNavigation.SalaryStructureReference# #}else{#<span><span>#}#', 0, NULL, 0, NULL, NULL)
INSERT INTO [ERPSettings].[GridColumnComponent] ([IdComponent], [field], [title], [width], [format], [groupHeaderTemplate], [hidden], [template], [nullable], [type], [editable], [defaultValue], [menu]) VALUES (N'eb94efb8-5969-4ac0-bfdd-95d604911e57', N'Description', N'{{''eb94efb8-5969-4ac0-bfdd-95d604911e57'' | translate }}', NULL, NULL, N'#= value #', 0, NULL, 0, NULL, 0, NULL, NULL)
INSERT INTO [ERPSettings].[GridColumnComponent] ([IdComponent], [field], [title], [width], [format], [groupHeaderTemplate], [hidden], [template], [nullable], [type], [editable], [defaultValue], [menu]) VALUES (N'f21306b8-582f-4a8c-8a5b-2b7d98d1d678', N'Date', N'{{''f21306b8-582f-4a8c-8a5b-2b7d98d1d678'' | translate }}', NULL, N'{0:d}', N'#= value #', 0, NULL, 0, N'date', 0, NULL, NULL)
INSERT INTO [ERPSettings].[GridColumnComponent] ([IdComponent], [field], [title], [width], [format], [groupHeaderTemplate], [hidden], [template], [nullable], [type], [editable], [defaultValue], [menu]) VALUES (N'fa4a27e5-5cbe-4756-a1a1-a8c6402724ee', NULL, N'{{''fa4a27e5-5cbe-4756-a1a1-a8c6402724ee'' | translate }}', NULL, NULL, N'#= value #', 0, NULL, 0, NULL, 0, NULL, NULL)
INSERT INTO [ERPSettings].[InputComponent] ([IdComponent], [inputType], [ng_model], [required], [ng_disabled], [ng_minlength], [ng_maxlength], [ng_change], [ng_bind], [ng_blur], [placeholder], [k_ng_model], [k_on_change], [k_format], [k_min], [k_max], [k_decimals], [k_step], [ui_date_mask], [pattern], [k_mask], [defaultValue], [ng_readonly], [formatPrecision], [IsCurrency], [Accept]) VALUES (N'09326505-d9d3-4930-9a35-a2a5e6000635', 4, NULL, 1, NULL, NULL, NULL, NULL, NULL, NULL, NULL, NULL, NULL, N'''n3''', N'0', NULL, N'', N'1', NULL, NULL, NULL, NULL, NULL, 0, NULL, NULL)
INSERT INTO [ERPSettings].[InputComponent] ([IdComponent], [inputType], [ng_model], [required], [ng_disabled], [ng_minlength], [ng_maxlength], [ng_change], [ng_bind], [ng_blur], [placeholder], [k_ng_model], [k_on_change], [k_format], [k_min], [k_max], [k_decimals], [k_step], [ui_date_mask], [pattern], [k_mask], [defaultValue], [ng_readonly], [formatPrecision], [IsCurrency], [Accept]) VALUES (N'0993c352-51d3-49d5-8ec6-8cad2dd2f1c2', 0, NULL, 1, NULL, NULL, NULL, NULL, NULL, NULL, N'{{''0993c352-51d3-49d5-8ec6-8cad2dd2f1c2'' | translate }}', NULL, NULL, NULL, NULL, NULL, NULL, NULL, NULL, NULL, NULL, NULL, NULL, 0, NULL, NULL)
INSERT INTO [ERPSettings].[InputComponent] ([IdComponent], [inputType], [ng_model], [required], [ng_disabled], [ng_minlength], [ng_maxlength], [ng_change], [ng_bind], [ng_blur], [placeholder], [k_ng_model], [k_on_change], [k_format], [k_min], [k_max], [k_decimals], [k_step], [ui_date_mask], [pattern], [k_mask], [defaultValue], [ng_readonly], [formatPrecision], [IsCurrency], [Accept]) VALUES (N'1f41f7fc-40f9-465c-89fc-6c3b734ab1db', 7, NULL, 1, NULL, NULL, NULL, NULL, NULL, NULL, N'{{''1f41f7fc-40f9-465c-89fc-6c3b734ab1db'' | translate }}', NULL, NULL, NULL, NULL, NULL, NULL, NULL, NULL, NULL, NULL, NULL, NULL, NULL, NULL, NULL)
INSERT INTO [ERPSettings].[InputComponent] ([IdComponent], [inputType], [ng_model], [required], [ng_disabled], [ng_minlength], [ng_maxlength], [ng_change], [ng_bind], [ng_blur], [placeholder], [k_ng_model], [k_on_change], [k_format], [k_min], [k_max], [k_decimals], [k_step], [ui_date_mask], [pattern], [k_mask], [defaultValue], [ng_readonly], [formatPrecision], [IsCurrency], [Accept]) VALUES (N'4097f446-8e47-4867-8be7-c6dd4e0a9a1e', 0, NULL, NULL, NULL, NULL, NULL, NULL, NULL, NULL, N'{{''4097f446-8e47-4867-8be7-c6dd4e0a9a1e'' | translate }}', NULL, NULL, NULL, NULL, NULL, NULL, NULL, NULL, NULL, NULL, NULL, NULL, 0, NULL, NULL)
INSERT INTO [ERPSettings].[InputComponent] ([IdComponent], [inputType], [ng_model], [required], [ng_disabled], [ng_minlength], [ng_maxlength], [ng_change], [ng_bind], [ng_blur], [placeholder], [k_ng_model], [k_on_change], [k_format], [k_min], [k_max], [k_decimals], [k_step], [ui_date_mask], [pattern], [k_mask], [defaultValue], [ng_readonly], [formatPrecision], [IsCurrency], [Accept]) VALUES (N'46068d9d-71de-4c4a-8e4a-ba19314d99b4', 0, NULL, NULL, NULL, NULL, NULL, NULL, NULL, NULL, N'{{''46068d9d-71de-4c4a-8e4a-ba19314d99b4'' | translate }}', NULL, NULL, NULL, NULL, NULL, NULL, NULL, NULL, NULL, NULL, NULL, NULL, 0, NULL, NULL)
INSERT INTO [ERPSettings].[InputComponent] ([IdComponent], [inputType], [ng_model], [required], [ng_disabled], [ng_minlength], [ng_maxlength], [ng_change], [ng_bind], [ng_blur], [placeholder], [k_ng_model], [k_on_change], [k_format], [k_min], [k_max], [k_decimals], [k_step], [ui_date_mask], [pattern], [k_mask], [defaultValue], [ng_readonly], [formatPrecision], [IsCurrency], [Accept]) VALUES (N'48e1635a-1a3c-4e24-8f22-35f001afaa08', 7, NULL, NULL, NULL, NULL, NULL, NULL, NULL, NULL, N'{{''48e1635a-1a3c-4e24-8f22-35f001afaa08'' | translate }}', NULL, NULL, NULL, NULL, NULL, NULL, NULL, NULL, NULL, NULL, NULL, NULL, 0, NULL, NULL)
INSERT INTO [ERPSettings].[InputComponent] ([IdComponent], [inputType], [ng_model], [required], [ng_disabled], [ng_minlength], [ng_maxlength], [ng_change], [ng_bind], [ng_blur], [placeholder], [k_ng_model], [k_on_change], [k_format], [k_min], [k_max], [k_decimals], [k_step], [ui_date_mask], [pattern], [k_mask], [defaultValue], [ng_readonly], [formatPrecision], [IsCurrency], [Accept]) VALUES (N'4f1bd3da-dc73-4f9a-9218-9d619cdeff83', 4, NULL, 1, NULL, NULL, NULL, NULL, NULL, NULL, NULL, NULL, NULL, N'''n3''', N'0', NULL, N'', N'1', NULL, NULL, NULL, NULL, NULL, 0, NULL, NULL)
INSERT INTO [ERPSettings].[InputComponent] ([IdComponent], [inputType], [ng_model], [required], [ng_disabled], [ng_minlength], [ng_maxlength], [ng_change], [ng_bind], [ng_blur], [placeholder], [k_ng_model], [k_on_change], [k_format], [k_min], [k_max], [k_decimals], [k_step], [ui_date_mask], [pattern], [k_mask], [defaultValue], [ng_readonly], [formatPrecision], [IsCurrency], [Accept]) VALUES (N'56d8a862-a3e1-4fb3-bbe0-2bb2489d1186', 0, NULL, 1, NULL, NULL, NULL, NULL, NULL, NULL, N'{{''56d8a862-a3e1-4fb3-bbe0-2bb2489d1186'' | translate }}', NULL, NULL, NULL, NULL, NULL, NULL, NULL, NULL, NULL, NULL, NULL, NULL, 0, NULL, NULL)
INSERT INTO [ERPSettings].[InputComponent] ([IdComponent], [inputType], [ng_model], [required], [ng_disabled], [ng_minlength], [ng_maxlength], [ng_change], [ng_bind], [ng_blur], [placeholder], [k_ng_model], [k_on_change], [k_format], [k_min], [k_max], [k_decimals], [k_step], [ui_date_mask], [pattern], [k_mask], [defaultValue], [ng_readonly], [formatPrecision], [IsCurrency], [Accept]) VALUES (N'5f2c052e-c3a3-4a52-a9a9-90baf04c38b9', 4, NULL, 1, NULL, NULL, NULL, NULL, NULL, NULL, NULL, NULL, NULL, N'''n3''', N'0', NULL, N'', N'1', NULL, NULL, NULL, NULL, NULL, 0, NULL, NULL)
INSERT INTO [ERPSettings].[InputComponent] ([IdComponent], [inputType], [ng_model], [required], [ng_disabled], [ng_minlength], [ng_maxlength], [ng_change], [ng_bind], [ng_blur], [placeholder], [k_ng_model], [k_on_change], [k_format], [k_min], [k_max], [k_decimals], [k_step], [ui_date_mask], [pattern], [k_mask], [defaultValue], [ng_readonly], [formatPrecision], [IsCurrency], [Accept]) VALUES (N'5f695bf1-f5c8-4127-bd24-5472f2e88039', 0, NULL, 1, NULL, NULL, NULL, NULL, NULL, NULL, N'{{''5f695bf1-f5c8-4127-bd24-5472f2e88039'' | translate }}', NULL, NULL, NULL, NULL, NULL, NULL, NULL, NULL, NULL, NULL, NULL, NULL, 0, NULL, NULL)
INSERT INTO [ERPSettings].[InputComponent] ([IdComponent], [inputType], [ng_model], [required], [ng_disabled], [ng_minlength], [ng_maxlength], [ng_change], [ng_bind], [ng_blur], [placeholder], [k_ng_model], [k_on_change], [k_format], [k_min], [k_max], [k_decimals], [k_step], [ui_date_mask], [pattern], [k_mask], [defaultValue], [ng_readonly], [formatPrecision], [IsCurrency], [Accept]) VALUES (N'787bb0cd-657d-4d50-9225-993ffcb027cc', 7, NULL, 1, NULL, NULL, NULL, NULL, NULL, NULL, N'{{''787bb0cd-657d-4d50-9225-993ffcb027cc'' | translate }}', NULL, NULL, NULL, NULL, NULL, NULL, NULL, NULL, NULL, NULL, NULL, NULL, NULL, NULL, NULL)
INSERT INTO [ERPSettings].[InputComponent] ([IdComponent], [inputType], [ng_model], [required], [ng_disabled], [ng_minlength], [ng_maxlength], [ng_change], [ng_bind], [ng_blur], [placeholder], [k_ng_model], [k_on_change], [k_format], [k_min], [k_max], [k_decimals], [k_step], [ui_date_mask], [pattern], [k_mask], [defaultValue], [ng_readonly], [formatPrecision], [IsCurrency], [Accept]) VALUES (N'883e4b65-269a-43f2-9a39-a1b1dd355447', 7, NULL, NULL, NULL, NULL, NULL, NULL, NULL, NULL, N'{{''883e4b65-269a-43f2-9a39-a1b1dd355447'' | translate }}', NULL, NULL, NULL, NULL, NULL, NULL, NULL, NULL, NULL, NULL, NULL, NULL, NULL, NULL, NULL)
INSERT INTO [ERPSettings].[InputComponent] ([IdComponent], [inputType], [ng_model], [required], [ng_disabled], [ng_minlength], [ng_maxlength], [ng_change], [ng_bind], [ng_blur], [placeholder], [k_ng_model], [k_on_change], [k_format], [k_min], [k_max], [k_decimals], [k_step], [ui_date_mask], [pattern], [k_mask], [defaultValue], [ng_readonly], [formatPrecision], [IsCurrency], [Accept]) VALUES (N'88d19b1e-0962-4dc6-bb5b-e679b2fd44e3', 0, NULL, 1, NULL, NULL, NULL, NULL, NULL, NULL, N'{{''88d19b1e-0962-4dc6-bb5b-e679b2fd44e3'' | translate }}', NULL, NULL, NULL, NULL, NULL, NULL, NULL, NULL, NULL, NULL, NULL, NULL, 0, NULL, NULL)
INSERT INTO [ERPSettings].[InputComponent] ([IdComponent], [inputType], [ng_model], [required], [ng_disabled], [ng_minlength], [ng_maxlength], [ng_change], [ng_bind], [ng_blur], [placeholder], [k_ng_model], [k_on_change], [k_format], [k_min], [k_max], [k_decimals], [k_step], [ui_date_mask], [pattern], [k_mask], [defaultValue], [ng_readonly], [formatPrecision], [IsCurrency], [Accept]) VALUES (N'8bc424e7-63ac-4f5e-b39a-5f9b39b08399', 0, NULL, NULL, NULL, NULL, NULL, NULL, NULL, NULL, N'{{''8bc424e7-63ac-4f5e-b39a-5f9b39b08399'' | translate }}', NULL, NULL, NULL, NULL, NULL, NULL, NULL, NULL, NULL, NULL, NULL, NULL, 0, NULL, NULL)
INSERT INTO [ERPSettings].[InputComponent] ([IdComponent], [inputType], [ng_model], [required], [ng_disabled], [ng_minlength], [ng_maxlength], [ng_change], [ng_bind], [ng_blur], [placeholder], [k_ng_model], [k_on_change], [k_format], [k_min], [k_max], [k_decimals], [k_step], [ui_date_mask], [pattern], [k_mask], [defaultValue], [ng_readonly], [formatPrecision], [IsCurrency], [Accept]) VALUES (N'93de32c3-e281-4b38-8cd6-1eef2220e6e0', 0, NULL, 1, NULL, NULL, NULL, NULL, NULL, NULL, N'{{''93de32c3-e281-4b38-8cd6-1eef2220e6e0'' | translate }}', NULL, NULL, NULL, NULL, NULL, NULL, NULL, NULL, NULL, NULL, NULL, NULL, 0, NULL, NULL)
INSERT INTO [ERPSettings].[InputComponent] ([IdComponent], [inputType], [ng_model], [required], [ng_disabled], [ng_minlength], [ng_maxlength], [ng_change], [ng_bind], [ng_blur], [placeholder], [k_ng_model], [k_on_change], [k_format], [k_min], [k_max], [k_decimals], [k_step], [ui_date_mask], [pattern], [k_mask], [defaultValue], [ng_readonly], [formatPrecision], [IsCurrency], [Accept]) VALUES (N'94e968ab-4621-4bd5-b793-e90c26715381', 2, NULL, 1, NULL, NULL, NULL, NULL, NULL, NULL, N'{{''94e968ab-4621-4bd5-b793-e90c26715381'' | translate }}', NULL, N'', N'''MMMM yyyy''', N'', N'', NULL, NULL, NULL, N'', NULL, N'', NULL, 0, NULL, NULL)
INSERT INTO [ERPSettings].[InputComponent] ([IdComponent], [inputType], [ng_model], [required], [ng_disabled], [ng_minlength], [ng_maxlength], [ng_change], [ng_bind], [ng_blur], [placeholder], [k_ng_model], [k_on_change], [k_format], [k_min], [k_max], [k_decimals], [k_step], [ui_date_mask], [pattern], [k_mask], [defaultValue], [ng_readonly], [formatPrecision], [IsCurrency], [Accept]) VALUES (N'9b9a2d76-b341-44fa-bdc6-a8f3b17ab40d', 4, NULL, 1, NULL, NULL, NULL, NULL, NULL, NULL, NULL, NULL, NULL, N'''n3''', N'0', NULL, N'', N'1', NULL, NULL, NULL, NULL, NULL, 0, NULL, NULL)
INSERT INTO [ERPSettings].[InputComponent] ([IdComponent], [inputType], [ng_model], [required], [ng_disabled], [ng_minlength], [ng_maxlength], [ng_change], [ng_bind], [ng_blur], [placeholder], [k_ng_model], [k_on_change], [k_format], [k_min], [k_max], [k_decimals], [k_step], [ui_date_mask], [pattern], [k_mask], [defaultValue], [ng_readonly], [formatPrecision], [IsCurrency], [Accept]) VALUES (N'9c1c0480-e103-45af-be65-803544b4f23f', 7, NULL, NULL, NULL, NULL, NULL, NULL, NULL, NULL, N'{{''9c1c0480-e103-45af-be65-803544b4f23f'' | translate }}', NULL, NULL, NULL, NULL, NULL, NULL, NULL, NULL, NULL, NULL, NULL, NULL, NULL, NULL, NULL)
INSERT INTO [ERPSettings].[InputComponent] ([IdComponent], [inputType], [ng_model], [required], [ng_disabled], [ng_minlength], [ng_maxlength], [ng_change], [ng_bind], [ng_blur], [placeholder], [k_ng_model], [k_on_change], [k_format], [k_min], [k_max], [k_decimals], [k_step], [ui_date_mask], [pattern], [k_mask], [defaultValue], [ng_readonly], [formatPrecision], [IsCurrency], [Accept]) VALUES (N'a60422d1-96d3-4e7c-b93d-34506abba8a2', 4, NULL, 1, NULL, NULL, NULL, NULL, NULL, NULL, NULL, NULL, NULL, N'''n3''', N'0', NULL, N'', N'1', NULL, NULL, NULL, NULL, NULL, 0, NULL, NULL)
INSERT INTO [ERPSettings].[InputComponent] ([IdComponent], [inputType], [ng_model], [required], [ng_disabled], [ng_minlength], [ng_maxlength], [ng_change], [ng_bind], [ng_blur], [placeholder], [k_ng_model], [k_on_change], [k_format], [k_min], [k_max], [k_decimals], [k_step], [ui_date_mask], [pattern], [k_mask], [defaultValue], [ng_readonly], [formatPrecision], [IsCurrency], [Accept]) VALUES (N'b846ef73-08d0-43d1-98b8-3efcfe7ea1bf', 4, NULL, 1, NULL, NULL, NULL, NULL, NULL, NULL, NULL, NULL, NULL, N'''n3''', N'0', NULL, N'', N'1', NULL, NULL, NULL, NULL, NULL, 0, NULL, NULL)
INSERT INTO [ERPSettings].[InputComponent] ([IdComponent], [inputType], [ng_model], [required], [ng_disabled], [ng_minlength], [ng_maxlength], [ng_change], [ng_bind], [ng_blur], [placeholder], [k_ng_model], [k_on_change], [k_format], [k_min], [k_max], [k_decimals], [k_step], [ui_date_mask], [pattern], [k_mask], [defaultValue], [ng_readonly], [formatPrecision], [IsCurrency], [Accept]) VALUES (N'c3c06c86-1d25-409e-8a73-135ca9a377dd', 0, NULL, 1, NULL, NULL, NULL, NULL, NULL, NULL, N'{{''c3c06c86-1d25-409e-8a73-135ca9a377dd'' | translate }}', NULL, NULL, NULL, NULL, NULL, NULL, NULL, NULL, NULL, NULL, NULL, NULL, 0, NULL, NULL)
INSERT INTO [ERPSettings].[InputComponent] ([IdComponent], [inputType], [ng_model], [required], [ng_disabled], [ng_minlength], [ng_maxlength], [ng_change], [ng_bind], [ng_blur], [placeholder], [k_ng_model], [k_on_change], [k_format], [k_min], [k_max], [k_decimals], [k_step], [ui_date_mask], [pattern], [k_mask], [defaultValue], [ng_readonly], [formatPrecision], [IsCurrency], [Accept]) VALUES (N'c7713ffe-55e6-4aaa-8d5d-401de3465cdc', 0, NULL, 1, NULL, NULL, NULL, NULL, NULL, NULL, N'{{''c7713ffe-55e6-4aaa-8d5d-401de3465cdc'' | translate }}', NULL, NULL, NULL, NULL, NULL, NULL, NULL, NULL, NULL, NULL, NULL, NULL, 0, NULL, NULL)
INSERT INTO [ERPSettings].[InputComponent] ([IdComponent], [inputType], [ng_model], [required], [ng_disabled], [ng_minlength], [ng_maxlength], [ng_change], [ng_bind], [ng_blur], [placeholder], [k_ng_model], [k_on_change], [k_format], [k_min], [k_max], [k_decimals], [k_step], [ui_date_mask], [pattern], [k_mask], [defaultValue], [ng_readonly], [formatPrecision], [IsCurrency], [Accept]) VALUES (N'c78c8873-b19f-4caa-b2f0-e1a97ce18713', 2, NULL, 1, NULL, NULL, NULL, NULL, NULL, NULL, N'{{''c78c8873-b19f-4caa-b2f0-e1a97ce18713'' | translate }}', NULL, N'bController.baseService.actionService.onChangeDate(''c78c8873-b19f-4caa-b2f0-e1a97ce18713'',''874451bf-dfb9-4772-83c5-66715d719037'')', N'''MMMM yyyy''', N'', N'', NULL, NULL, NULL, N'', NULL, N'', NULL, 0, NULL, NULL)
INSERT INTO [ERPSettings].[InputComponent] ([IdComponent], [inputType], [ng_model], [required], [ng_disabled], [ng_minlength], [ng_maxlength], [ng_change], [ng_bind], [ng_blur], [placeholder], [k_ng_model], [k_on_change], [k_format], [k_min], [k_max], [k_decimals], [k_step], [ui_date_mask], [pattern], [k_mask], [defaultValue], [ng_readonly], [formatPrecision], [IsCurrency], [Accept]) VALUES (N'ccfd8cb7-c56d-4765-9bca-ecc19146f1ed', 0, NULL, 1, NULL, NULL, NULL, NULL, NULL, NULL, N'{{''ccfd8cb7-c56d-4765-9bca-ecc19146f1ed'' | translate }}', NULL, NULL, NULL, NULL, NULL, NULL, NULL, NULL, NULL, NULL, NULL, NULL, 0, NULL, NULL)
INSERT INTO [ERPSettings].[InputComponent] ([IdComponent], [inputType], [ng_model], [required], [ng_disabled], [ng_minlength], [ng_maxlength], [ng_change], [ng_bind], [ng_blur], [placeholder], [k_ng_model], [k_on_change], [k_format], [k_min], [k_max], [k_decimals], [k_step], [ui_date_mask], [pattern], [k_mask], [defaultValue], [ng_readonly], [formatPrecision], [IsCurrency], [Accept]) VALUES (N'e1705951-98b6-4758-a07a-eb369c2b76b8', 7, NULL, NULL, NULL, NULL, NULL, NULL, NULL, NULL, N'{{''e1705951-98b6-4758-a07a-eb369c2b76b8'' | translate }}', NULL, NULL, NULL, NULL, NULL, NULL, NULL, NULL, NULL, NULL, NULL, NULL, 0, NULL, NULL)
INSERT INTO [ERPSettings].[InputComponent] ([IdComponent], [inputType], [ng_model], [required], [ng_disabled], [ng_minlength], [ng_maxlength], [ng_change], [ng_bind], [ng_blur], [placeholder], [k_ng_model], [k_on_change], [k_format], [k_min], [k_max], [k_decimals], [k_step], [ui_date_mask], [pattern], [k_mask], [defaultValue], [ng_readonly], [formatPrecision], [IsCurrency], [Accept]) VALUES (N'e4cabf9d-ea2b-47c5-985e-3c2f8f8eae67', 4, NULL, 1, NULL, NULL, NULL, NULL, NULL, NULL, NULL, NULL, NULL, N'''n3''', N'0', NULL, N'', N'1', NULL, NULL, NULL, NULL, NULL, 0, NULL, NULL)


INSERT INTO [ERPSettings].[ComboBoxComponent] ([IdComponent], [ng_model], [required], [ng_disabled], [ng_bind], [ng_blur], [placeholder], [k_option_label], [k_on_change], [k_data_text_field], [k_data_value_field], [k_filter], [k_autoBind], [k_data_source]) VALUES (N'51b56f09-9416-4805-9df1-45a5ae580a45', NULL, 1, NULL, NULL, NULL, NULL, NULL, N'bController.baseService.actionService.onChangeSettlementType(''51b56f09-9416-4805-9df1-45a5ae580a45'')', NULL, NULL, NULL, NULL, NULL)
INSERT INTO [ERPSettings].[ComboBoxComponent] ([IdComponent], [ng_model], [required], [ng_disabled], [ng_bind], [ng_blur], [placeholder], [k_option_label], [k_on_change], [k_data_text_field], [k_data_value_field], [k_filter], [k_autoBind], [k_data_source]) VALUES (N'68c8d0d4-91bd-40c1-88de-b0e28575e663', NULL, 0, NULL, NULL, NULL, NULL, NULL, N'bController.baseService.actionService.onChangeSettlementType(''68c8d0d4-91bd-40c1-88de-b0e28575e663'')', NULL, NULL, NULL, NULL, NULL)
INSERT INTO [ERPSettings].[ComboBoxComponent] ([IdComponent], [ng_model], [required], [ng_disabled], [ng_bind], [ng_blur], [placeholder], [k_option_label], [k_on_change], [k_data_text_field], [k_data_value_field], [k_filter], [k_autoBind], [k_data_source]) VALUES (N'a1763c60-4098-47b3-8a10-77dcc9c1f69d', NULL, 0, NULL, NULL, NULL, NULL, NULL, N'bController.baseService.actionService.onChangeSettlementType(''a1763c60-4098-47b3-8a10-77dcc9c1f69d'')', NULL, NULL, NULL, NULL, NULL)
INSERT INTO [ERPSettings].[ComboBoxComponent] ([IdComponent], [ng_model], [required], [ng_disabled], [ng_bind], [ng_blur], [placeholder], [k_option_label], [k_on_change], [k_data_text_field], [k_data_value_field], [k_filter], [k_autoBind], [k_data_source]) VALUES (N'bed5ea87-5023-4b36-bf42-a1d37283ef91', NULL, 0, NULL, NULL, NULL, NULL, NULL, N'bController.baseService.actionService.onChangeSettlementType(''bed5ea87-5023-4b36-bf42-a1d37283ef91'')', NULL, NULL, NULL, NULL, NULL)
INSERT INTO [ERPSettings].[ComboBoxComponent] ([IdComponent], [ng_model], [required], [ng_disabled], [ng_bind], [ng_blur], [placeholder], [k_option_label], [k_on_change], [k_data_text_field], [k_data_value_field], [k_filter], [k_autoBind], [k_data_source]) VALUES (N'c7725ba2-5bec-4ff7-bd0c-329e315f4283', NULL, 1, NULL, NULL, NULL, NULL, NULL, N'bController.baseService.actionService.onChangeSettlementType(''c7725ba2-5bec-4ff7-bd0c-329e315f4283'')', NULL, NULL, NULL, NULL, NULL)
INSERT INTO [ERPSettings].[ComboBoxComponent] ([IdComponent], [ng_model], [required], [ng_disabled], [ng_bind], [ng_blur], [placeholder], [k_option_label], [k_on_change], [k_data_text_field], [k_data_value_field], [k_filter], [k_autoBind], [k_data_source]) VALUES (N'ec9ecb5a-ca4d-4481-88b5-90b2dcfd256b', NULL, 1, NULL, NULL, NULL, NULL, NULL, N'bController.baseService.actionService.onChangeSettlementType(''ec9ecb5a-ca4d-4481-88b5-90b2dcfd256b'')', NULL, NULL, NULL, NULL, NULL)

INSERT INTO [ERPSettings].[ModuleByRole] ( [IdRole], [IdModule], [IsActive], [IsVisible]) VALUES ( 1, N'155b0f5c-f9a0-4f3d-aae5-85a75a7ffacd', 1, 1)

INSERT INTO [ERPSettings].[FormComponent] ([IdComponent], [k_rules], [ng_controller], [ng_submit], [data_ng_init], [IdServiceParameter], [NameSpace]) VALUES (N'55a84d3a-b6d7-4afe-bfbf-d4b7863426c2', NULL, N'BaseController as bController', NULL, N'bController.baseService.initService.initView()', NULL, N'Payroll.SalaryStructure')
INSERT INTO [ERPSettings].[FormComponent] ([IdComponent], [k_rules], [ng_controller], [ng_submit], [data_ng_init], [IdServiceParameter], [NameSpace]) VALUES (N'5c4508b9-dcb2-412e-ac35-482095f75211', NULL, N'BaseController as bController', NULL, N'bController.baseService.initService.initView()', N'71e11f0a-2a2a-4c84-ba55-a26de1febd27', N'Payroll.SalaryStructure')
INSERT INTO [ERPSettings].[FormComponent] ([IdComponent], [k_rules], [ng_controller], [ng_submit], [data_ng_init], [IdServiceParameter], [NameSpace]) VALUES (N'811b4b16-e308-42f7-867b-441e17a6a852', NULL, N'BaseController as bController', NULL, N'bController.baseService.initService.initView()', NULL, N'Payroll.ConstantRate')
INSERT INTO [ERPSettings].[FormComponent] ([IdComponent], [k_rules], [ng_controller], [ng_submit], [data_ng_init], [IdServiceParameter], [NameSpace]) VALUES (N'85e71025-6956-43c2-b16f-75f1cf54ced2', NULL, N'BaseController as bController', NULL, N'bController.baseService.initService.initView()', N'b61ed46c-5f3c-4fde-89b2-aa8ae1f854bb', N'Payroll.ConstantValue')
INSERT INTO [ERPSettings].[FormComponent] ([IdComponent], [k_rules], [ng_controller], [ng_submit], [data_ng_init], [IdServiceParameter], [NameSpace]) VALUES (N'948fa177-bb70-4a9c-a654-6434b7f70385', NULL, N'BaseController as bController', NULL, N'bController.baseService.initService.initView()', NULL, N'Payroll.SalaryStructure')
INSERT INTO [ERPSettings].[FormComponent] ([IdComponent], [k_rules], [ng_controller], [ng_submit], [data_ng_init], [IdServiceParameter], [NameSpace]) VALUES (N'95f15041-1120-4888-8b09-9fcdb74c99f9', NULL, N'BaseController as bController', NULL, N'bController.baseService.initService.initView()', N'44db0dad-0ea0-4127-bc00-8f220957fc08', N'Payroll.Variable')
INSERT INTO [ERPSettings].[FormComponent] ([IdComponent], [k_rules], [ng_controller], [ng_submit], [data_ng_init], [IdServiceParameter], [NameSpace]) VALUES (N'b6888e43-897c-44e9-9de1-7065373e39cf', NULL, N'BaseController as bController', NULL, N'bController.baseService.initService.initView()', NULL, N'Payroll.PaySlip')
INSERT INTO [ERPSettings].[FormComponent] ([IdComponent], [k_rules], [ng_controller], [ng_submit], [data_ng_init], [IdServiceParameter], [NameSpace]) VALUES (N'ca9d5ea7-d111-406e-9aec-e730be56b94a', NULL, N'BaseController as bController', NULL, N'bController.baseService.initService.initView()', N'0ecb8061-4c31-4a23-a321-0d9b4400c002', N'Payroll.ConstantRate')
INSERT INTO [ERPSettings].[FormComponent] ([IdComponent], [k_rules], [ng_controller], [ng_submit], [data_ng_init], [IdServiceParameter], [NameSpace]) VALUES (N'd25c821a-2e8e-4f28-bf4d-fb6d9161adc2', NULL, N'BaseController as bController', NULL, N'bController.baseService.initService.initView()', NULL, N'Payroll.ConstantValue')
INSERT INTO [ERPSettings].[FormComponent] ([IdComponent], [k_rules], [ng_controller], [ng_submit], [data_ng_init], [IdServiceParameter], [NameSpace]) VALUES (N'db7f02a0-3730-4149-b485-426122cdd5f4', NULL, N'BaseController as bController', NULL, N'bController.baseService.initService.initView()', NULL, N'Payroll.SalaryRule')
INSERT INTO [ERPSettings].[FormComponent] ([IdComponent], [k_rules], [ng_controller], [ng_submit], [data_ng_init], [IdServiceParameter], [NameSpace]) VALUES (N'fdb08505-8e24-43cd-82d0-09cd5a3183d7', NULL, N'BaseController as bController', NULL, N'bController.baseService.initService.initView()', NULL, N'Payroll.Variable')
INSERT INTO [ERPSettings].[GridButtonComponent] ([IdComponent], [ng_click], [type], [k_content], [IdServiceParameter]) VALUES (N'098411db-2944-4318-b918-6a7a48f90db8', N'bController.baseService.actionService.deleteFromGrid(dataItem,''098411db-2944-4318-b918-6a7a48f90db8'',''e67eb891-e1b6-4f8a-8e1d-f21369a4e2ab'')', N'submit', N'{{''098411db-2944-4318-b918-6a7a48f90db8'' | translate }}', NULL)
INSERT INTO [ERPSettings].[GridButtonComponent] ([IdComponent], [ng_click], [type], [k_content], [IdServiceParameter]) VALUES (N'0f73f30f-0793-49ae-8b03-a0530b72ae00', N'bController.baseService.actionService.delete(dataItem,''0f73f30f-0793-49ae-8b03-a0530b72ae00'',''cdaf935b-0075-41c4-b367-10635532f35d'')', N'submit', N'{{''0f73f30f-0793-49ae-8b03-a0530b72ae00'' | translate }}', N'1ae7096d-d8c1-46f6-a5ce-a4bdff248535')
INSERT INTO [ERPSettings].[GridButtonComponent] ([IdComponent], [ng_click], [type], [k_content], [IdServiceParameter]) VALUES (N'1427b441-2c56-44ef-9d4b-288278c0c362', N'bController.baseService.actionService.delete(dataItem,''1427b441-2c56-44ef-9d4b-288278c0c362'',''0fa0d240-9202-44bf-a1d3-f3ad0464c1eb'')', N'submit', N'{{''1427b441-2c56-44ef-9d4b-288278c0c362'' | translate }}', N'658efbf1-c2e8-41d7-bf22-60d99c410c0c')
INSERT INTO [ERPSettings].[GridButtonComponent] ([IdComponent], [ng_click], [type], [k_content], [IdServiceParameter]) VALUES (N'14b30788-8648-4199-90a8-abca1cf7daf3', N'bController.baseService.actionService.updateLocalInGrid(dataItem,''14b30788-8648-4199-90a8-abca1cf7daf3'')', N'submit', N'{{''14b30788-8648-4199-90a8-abca1cf7daf3'' | translate }}', NULL)
INSERT INTO [ERPSettings].[GridButtonComponent] ([IdComponent], [ng_click], [type], [k_content], [IdServiceParameter]) VALUES (N'1687a564-d769-4a6d-ade5-cf1df8ef44b6', N'bController.baseService.actionService.updateLocalInGrid(dataItem,''1687a564-d769-4a6d-ade5-cf1df8ef44b6'')', N'submit', N'{{''1687a564-d769-4a6d-ade5-cf1df8ef44b6'' | translate }}', NULL)
INSERT INTO [ERPSettings].[GridButtonComponent] ([IdComponent], [ng_click], [type], [k_content], [IdServiceParameter]) VALUES (N'1c1956c1-50e2-4fde-8eaf-c8c8b66be025', N'bController.baseService.actionService.updateLocalInGrid(dataItem,''1c1956c1-50e2-4fde-8eaf-c8c8b66be025'')', N'submit', N'{{''1c1956c1-50e2-4fde-8eaf-c8c8b66be025'' | translate }}', NULL)
INSERT INTO [ERPSettings].[GridButtonComponent] ([IdComponent], [ng_click], [type], [k_content], [IdServiceParameter]) VALUES (N'372b8309-6b61-4841-8323-0a33cfb3df5b', N'bController.baseService.actionService.deleteFromGrid(dataItem,''372b8309-6b61-4841-8323-0a33cfb3df5b'',''3ba6d383-ffcf-425f-b49e-79695cac7e1f'')', N'submit', N'{{''372b8309-6b61-4841-8323-0a33cfb3df5b'' | translate }}', NULL)
INSERT INTO [ERPSettings].[GridButtonComponent] ([IdComponent], [ng_click], [type], [k_content], [IdServiceParameter]) VALUES (N'7c4a84a2-cf55-479b-b265-c473672dc060', N'bController.baseService.actionService.redirectToEditForm(dataItem,''7c4a84a2-cf55-479b-b265-c473672dc060'')', N'submit', N'{{''7c4a84a2-cf55-479b-b265-c473672dc060'' | translate }}', NULL)
INSERT INTO [ERPSettings].[GridButtonComponent] ([IdComponent], [ng_click], [type], [k_content], [IdServiceParameter]) VALUES (N'9963d6e9-94aa-4e57-bf94-550ef1086be8', N'bController.baseService.actionService.delete(dataItem,''9963d6e9-94aa-4e57-bf94-550ef1086be8'',''f088304d-2f23-46a8-9d7b-ace78e25442d'')', N'submit', N'{{''9963d6e9-94aa-4e57-bf94-550ef1086be8'' | translate }}', N'10402aac-cb16-449b-9bef-6234d28c3458')
INSERT INTO [ERPSettings].[GridButtonComponent] ([IdComponent], [ng_click], [type], [k_content], [IdServiceParameter]) VALUES (N'9a1f190b-8207-4d86-b69b-1021e009a7ef', N'bController.baseService.actionService.redirectToEditForm(dataItem,''9a1f190b-8207-4d86-b69b-1021e009a7ef'')', N'submit', N'{{''9a1f190b-8207-4d86-b69b-1021e009a7ef'' | translate }}', NULL)
INSERT INTO [ERPSettings].[GridButtonComponent] ([IdComponent], [ng_click], [type], [k_content], [IdServiceParameter]) VALUES (N'a2b82b71-701d-4a7c-bb3d-63637ed56b71', N'bController.baseService.actionService.deleteFromGrid(dataItem,''a2b82b71-701d-4a7c-bb3d-63637ed56b71'',''bf1b8933-c13f-45e8-9362-98393965c4eb'')', N'submit', N'{{''a2b82b71-701d-4a7c-bb3d-63637ed56b71'' | translate }}', NULL)
INSERT INTO [ERPSettings].[GridButtonComponent] ([IdComponent], [ng_click], [type], [k_content], [IdServiceParameter]) VALUES (N'dadf22bb-bd88-4275-b363-362b75f6e5c1', N'bController.baseService.actionService.redirectToEditForm(dataItem,''dadf22bb-bd88-4275-b363-362b75f6e5c1'')', N'submit', N'{{''dadf22bb-bd88-4275-b363-362b75f6e5c1'' | translate }}', NULL)
INSERT INTO [ERPSettings].[GridButtonComponent] ([IdComponent], [ng_click], [type], [k_content], [IdServiceParameter]) VALUES (N'eb8d7cb2-95d1-48ac-bf38-4be462bd96dc', N'bController.baseService.actionService.deleteFromGrid(dataItem,''eb8d7cb2-95d1-48ac-bf38-4be462bd96dc'',''28326791-35e2-4bf1-bd23-2a4fa83909f2'')', N'submit', N'{{''eb8d7cb2-95d1-48ac-bf38-4be462bd96dc'' | translate }}', NULL)
INSERT INTO [ERPSettings].[GridButtonComponent] ([IdComponent], [ng_click], [type], [k_content], [IdServiceParameter]) VALUES (N'ebb7020d-b71f-492a-9fe5-81e20c79ba8c', N'bController.baseService.actionService.redirectToEditForm(dataItem,''ebb7020d-b71f-492a-9fe5-81e20c79ba8c'')', N'submit', N'{{''ebb7020d-b71f-492a-9fe5-81e20c79ba8c'' | translate }}', NULL)

INSERT INTO [ERPSettings].[ComponentByRole] ( [IdRole], [IdComponent], [IsActive], [IsVisible], [ReadFunction], [WriteFunction], [TransactionUserId]) VALUES ( 1, N'fdb08505-8e24-43cd-82d0-09cd5a3183d7', 1, 1, NULL, NULL, NULL)
INSERT INTO [ERPSettings].[ComponentByRole] ( [IdRole], [IdComponent], [IsActive], [IsVisible], [ReadFunction], [WriteFunction], [TransactionUserId]) VALUES ( 1, N'e5549daa-06ce-4bde-a1ef-8662da16693c', 1, 1, NULL, NULL, NULL)
INSERT INTO [ERPSettings].[ComponentByRole] ( [IdRole], [IdComponent], [IsActive], [IsVisible], [ReadFunction], [WriteFunction], [TransactionUserId]) VALUES ( 1, N'38cffadb-bf8c-4817-80c0-b0728b88e62b', 1, 1, NULL, NULL, NULL)
INSERT INTO [ERPSettings].[ComponentByRole] ( [IdRole], [IdComponent], [IsActive], [IsVisible], [ReadFunction], [WriteFunction], [TransactionUserId]) VALUES ( 1, N'1b3aa138-60cd-4bc7-b548-36cfe607fb80', 1, 1, NULL, NULL, NULL)
INSERT INTO [ERPSettings].[ComponentByRole] ( [IdRole], [IdComponent], [IsActive], [IsVisible], [ReadFunction], [WriteFunction], [TransactionUserId]) VALUES ( 1, N'd034ea69-ba73-49b4-a2de-26e719ed36d1', 1, 1, NULL, NULL, NULL)
INSERT INTO [ERPSettings].[ComponentByRole] ( [IdRole], [IdComponent], [IsActive], [IsVisible], [ReadFunction], [WriteFunction], [TransactionUserId]) VALUES ( 1, N'cdaf935b-0075-41c4-b367-10635532f35d', 1, 1, NULL, NULL, NULL)
INSERT INTO [ERPSettings].[ComponentByRole] ( [IdRole], [IdComponent], [IsActive], [IsVisible], [ReadFunction], [WriteFunction], [TransactionUserId]) VALUES ( 1, N'1618b273-e82e-4b23-b345-dfca25f34363', 1, 1, NULL, NULL, NULL)
INSERT INTO [ERPSettings].[ComponentByRole] ( [IdRole], [IdComponent], [IsActive], [IsVisible], [ReadFunction], [WriteFunction], [TransactionUserId]) VALUES ( 1, N'ebb7020d-b71f-492a-9fe5-81e20c79ba8c', 1, 1, NULL, NULL, NULL)
INSERT INTO [ERPSettings].[ComponentByRole] ( [IdRole], [IdComponent], [IsActive], [IsVisible], [ReadFunction], [WriteFunction], [TransactionUserId]) VALUES ( 1, N'0f73f30f-0793-49ae-8b03-a0530b72ae00', 1, 1, NULL, NULL, NULL)
INSERT INTO [ERPSettings].[ComponentByRole] ( [IdRole], [IdComponent], [IsActive], [IsVisible], [ReadFunction], [WriteFunction], [TransactionUserId]) VALUES ( 1, N'19098cef-5bd4-4d56-9dbc-fcb61d77eb2e', 1, 1, NULL, NULL, NULL)
INSERT INTO [ERPSettings].[ComponentByRole] ( [IdRole], [IdComponent], [IsActive], [IsVisible], [ReadFunction], [WriteFunction], [TransactionUserId]) VALUES ( 1, N'3fc7d089-6a35-47d3-9f29-c1d60bb9bbfb', 1, 1, NULL, NULL, NULL)
INSERT INTO [ERPSettings].[ComponentByRole] ( [IdRole], [IdComponent], [IsActive], [IsVisible], [ReadFunction], [WriteFunction], [TransactionUserId]) VALUES ( 1, N'd25c821a-2e8e-4f28-bf4d-fb6d9161adc2', 1, 1, NULL, NULL, NULL)
INSERT INTO [ERPSettings].[ComponentByRole] ( [IdRole], [IdComponent], [IsActive], [IsVisible], [ReadFunction], [WriteFunction], [TransactionUserId]) VALUES ( 1, N'3f38d98b-cf2f-4e9d-932d-002333b05c14', 1, 1, NULL, NULL, NULL)
INSERT INTO [ERPSettings].[ComponentByRole] ( [IdRole], [IdComponent], [IsActive], [IsVisible], [ReadFunction], [WriteFunction], [TransactionUserId]) VALUES ( 1, N'20b83bda-94a2-4668-9c91-792732c83001', 1, 1, NULL, NULL, NULL)
INSERT INTO [ERPSettings].[ComponentByRole] ( [IdRole], [IdComponent], [IsActive], [IsVisible], [ReadFunction], [WriteFunction], [TransactionUserId]) VALUES ( 1, N'f088304d-2f23-46a8-9d7b-ace78e25442d', 1, 1, NULL, NULL, NULL)
INSERT INTO [ERPSettings].[ComponentByRole] ( [IdRole], [IdComponent], [IsActive], [IsVisible], [ReadFunction], [WriteFunction], [TransactionUserId]) VALUES ( 1, N'eb94efb8-5969-4ac0-bfdd-95d604911e57', 1, 1, NULL, NULL, NULL)
INSERT INTO [ERPSettings].[ComponentByRole] ( [IdRole], [IdComponent], [IsActive], [IsVisible], [ReadFunction], [WriteFunction], [TransactionUserId]) VALUES ( 1, N'198ad5eb-fb85-40a3-922e-a5245000e6e4', 1, 1, NULL, NULL, NULL)
INSERT INTO [ERPSettings].[ComponentByRole] ( [IdRole], [IdComponent], [IsActive], [IsVisible], [ReadFunction], [WriteFunction], [TransactionUserId]) VALUES ( 1, N'7c4a84a2-cf55-479b-b265-c473672dc060', 1, 1, NULL, NULL, NULL)
INSERT INTO [ERPSettings].[ComponentByRole] ( [IdRole], [IdComponent], [IsActive], [IsVisible], [ReadFunction], [WriteFunction], [TransactionUserId]) VALUES ( 1, N'9963d6e9-94aa-4e57-bf94-550ef1086be8', 1, 1, NULL, NULL, NULL)
INSERT INTO [ERPSettings].[ComponentByRole] ( [IdRole], [IdComponent], [IsActive], [IsVisible], [ReadFunction], [WriteFunction], [TransactionUserId]) VALUES ( 1, N'aadaee8e-6d4a-412e-895e-9c83435d1dd8', 1, 1, NULL, NULL, NULL)
INSERT INTO [ERPSettings].[ComponentByRole] ( [IdRole], [IdComponent], [IsActive], [IsVisible], [ReadFunction], [WriteFunction], [TransactionUserId]) VALUES ( 1, N'2065f49e-ce51-41ab-a4a4-cf4d58e1c22e', 1, 1, NULL, NULL, NULL)
INSERT INTO [ERPSettings].[ComponentByRole] ( [IdRole], [IdComponent], [IsActive], [IsVisible], [ReadFunction], [WriteFunction], [TransactionUserId]) VALUES ( 1, N'3eb0d749-68a6-4b38-acce-a4e6883a69b3', 1, 1, NULL, NULL, NULL)
INSERT INTO [ERPSettings].[ComponentByRole] ( [IdRole], [IdComponent], [IsActive], [IsVisible], [ReadFunction], [WriteFunction], [TransactionUserId]) VALUES ( 1, N'609633c1-5569-4d8c-ba68-dcdeabf3395e', 1, 1, NULL, NULL, NULL)
INSERT INTO [ERPSettings].[ComponentByRole] ( [IdRole], [IdComponent], [IsActive], [IsVisible], [ReadFunction], [WriteFunction], [TransactionUserId]) VALUES ( 1, N'811b4b16-e308-42f7-867b-441e17a6a852', 1, 1, NULL, NULL, NULL)
INSERT INTO [ERPSettings].[ComponentByRole] ( [IdRole], [IdComponent], [IsActive], [IsVisible], [ReadFunction], [WriteFunction], [TransactionUserId]) VALUES ( 1, N'58489866-521d-4b5c-8421-e2686ae80991', 1, 1, NULL, NULL, NULL)
INSERT INTO [ERPSettings].[ComponentByRole] ( [IdRole], [IdComponent], [IsActive], [IsVisible], [ReadFunction], [WriteFunction], [TransactionUserId]) VALUES ( 1, N'a1fbf199-7072-4543-b602-d40250e21328', 1, 1, NULL, NULL, NULL)
INSERT INTO [ERPSettings].[ComponentByRole] ( [IdRole], [IdComponent], [IsActive], [IsVisible], [ReadFunction], [WriteFunction], [TransactionUserId]) VALUES ( 1, N'0fa0d240-9202-44bf-a1d3-f3ad0464c1eb', 1, 1, NULL, NULL, NULL)
INSERT INTO [ERPSettings].[ComponentByRole] ( [IdRole], [IdComponent], [IsActive], [IsVisible], [ReadFunction], [WriteFunction], [TransactionUserId]) VALUES ( 1, N'b0ac9d9d-b03e-4c7e-b975-4b6fa46a1d24', 1, 1, NULL, NULL, NULL)
INSERT INTO [ERPSettings].[ComponentByRole] ( [IdRole], [IdComponent], [IsActive], [IsVisible], [ReadFunction], [WriteFunction], [TransactionUserId]) VALUES ( 1, N'64d10aec-8913-461f-b7bf-6f9171bf8f39', 1, 1, NULL, NULL, NULL)
INSERT INTO [ERPSettings].[ComponentByRole] ( [IdRole], [IdComponent], [IsActive], [IsVisible], [ReadFunction], [WriteFunction], [TransactionUserId]) VALUES ( 1, N'478477c0-d086-4989-be81-9891364a5188', 1, 1, NULL, NULL, NULL)
INSERT INTO [ERPSettings].[ComponentByRole] ( [IdRole], [IdComponent], [IsActive], [IsVisible], [ReadFunction], [WriteFunction], [TransactionUserId]) VALUES ( 1, N'1427b441-2c56-44ef-9d4b-288278c0c362', 1, 1, NULL, NULL, NULL)
INSERT INTO [ERPSettings].[ComponentByRole] ( [IdRole], [IdComponent], [IsActive], [IsVisible], [ReadFunction], [WriteFunction], [TransactionUserId]) VALUES ( 1, N'dadf22bb-bd88-4275-b363-362b75f6e5c1', 1, 1, NULL, NULL, NULL)
INSERT INTO [ERPSettings].[ComponentByRole] ( [IdRole], [IdComponent], [IsActive], [IsVisible], [ReadFunction], [WriteFunction], [TransactionUserId]) VALUES ( 1, N'3e0f4164-8bad-464c-ba12-2a644aa125c5', 1, 1, NULL, NULL, NULL)
INSERT INTO [ERPSettings].[ComponentByRole] ( [IdRole], [IdComponent], [IsActive], [IsVisible], [ReadFunction], [WriteFunction], [TransactionUserId]) VALUES ( 1, N'a70d2916-f935-4bdd-8cd8-e4192a2bdfc6', 1, 1, NULL, NULL, NULL)
INSERT INTO [ERPSettings].[ComponentByRole] ( [IdRole], [IdComponent], [IsActive], [IsVisible], [ReadFunction], [WriteFunction], [TransactionUserId]) VALUES ( 1, N'e65cea85-5abb-427f-9cd7-2c72944c3de7', 1, 1, NULL, NULL, NULL)
INSERT INTO [ERPSettings].[ComponentByRole] ( [IdRole], [IdComponent], [IsActive], [IsVisible], [ReadFunction], [WriteFunction], [TransactionUserId]) VALUES ( 1, N'5f695bf1-f5c8-4127-bd24-5472f2e88039', 1, 1, NULL, NULL, NULL)
INSERT INTO [ERPSettings].[ComponentByRole] ( [IdRole], [IdComponent], [IsActive], [IsVisible], [ReadFunction], [WriteFunction], [TransactionUserId]) VALUES ( 1, N'f0721794-23a7-42a3-b5e9-351e66ca6376', 1, 1, NULL, NULL, NULL)
INSERT INTO [ERPSettings].[ComponentByRole] ( [IdRole], [IdComponent], [IsActive], [IsVisible], [ReadFunction], [WriteFunction], [TransactionUserId]) VALUES ( 1, N'e4cabf9d-ea2b-47c5-985e-3c2f8f8eae67', 1, 1, NULL, NULL, NULL)
INSERT INTO [ERPSettings].[ComponentByRole] ( [IdRole], [IdComponent], [IsActive], [IsVisible], [ReadFunction], [WriteFunction], [TransactionUserId]) VALUES ( 1, N'55a84d3a-b6d7-4afe-bfbf-d4b7863426c2', 1, 1, NULL, NULL, NULL)
INSERT INTO [ERPSettings].[ComponentByRole] ( [IdRole], [IdComponent], [IsActive], [IsVisible], [ReadFunction], [WriteFunction], [TransactionUserId]) VALUES ( 1, N'0663e421-cd75-4819-8d35-c79269ec7898', 1, 1, NULL, NULL, NULL)
INSERT INTO [ERPSettings].[ComponentByRole] ( [IdRole], [IdComponent], [IsActive], [IsVisible], [ReadFunction], [WriteFunction], [TransactionUserId]) VALUES ( 1, N'f6f4d4e7-013b-47be-a888-4db19dd7264b', 1, 1, NULL, NULL, NULL)
INSERT INTO [ERPSettings].[ComponentByRole] ( [IdRole], [IdComponent], [IsActive], [IsVisible], [ReadFunction], [WriteFunction], [TransactionUserId]) VALUES ( 1, N'56d8a862-a3e1-4fb3-bbe0-2bb2489d1186', 1, 1, NULL, NULL, NULL)
INSERT INTO [ERPSettings].[ComponentByRole] ( [IdRole], [IdComponent], [IsActive], [IsVisible], [ReadFunction], [WriteFunction], [TransactionUserId]) VALUES ( 1, N'8bc424e7-63ac-4f5e-b39a-5f9b39b08399', 1, 1, NULL, NULL, NULL)
INSERT INTO [ERPSettings].[ComponentByRole] ( [IdRole], [IdComponent], [IsActive], [IsVisible], [ReadFunction], [WriteFunction], [TransactionUserId]) VALUES ( 1, N'cda3cb63-d61a-4efc-aba9-9665156f7cfe', 1, 1, NULL, NULL, NULL)
INSERT INTO [ERPSettings].[ComponentByRole] ( [IdRole], [IdComponent], [IsActive], [IsVisible], [ReadFunction], [WriteFunction], [TransactionUserId]) VALUES ( 1, N'dd247048-ac9f-4727-af3b-6b3973e88dd8', 1, 1, NULL, NULL, NULL)
INSERT INTO [ERPSettings].[ComponentByRole] ( [IdRole], [IdComponent], [IsActive], [IsVisible], [ReadFunction], [WriteFunction], [TransactionUserId]) VALUES ( 1, N'd595c581-11ac-4d59-8f07-10294ebfa33e', 1, 1, NULL, NULL, NULL)
INSERT INTO [ERPSettings].[ComponentByRole] ( [IdRole], [IdComponent], [IsActive], [IsVisible], [ReadFunction], [WriteFunction], [TransactionUserId]) VALUES ( 1, N'50ffa0d5-0a37-41d0-b1f9-9f30ee83c0ea', 1, 1, NULL, NULL, NULL)
INSERT INTO [ERPSettings].[ComponentByRole] ( [IdRole], [IdComponent], [IsActive], [IsVisible], [ReadFunction], [WriteFunction], [TransactionUserId]) VALUES ( 1, N'b6a8b606-8665-48e6-8309-6f89d8a09939', 1, 1, NULL, NULL, NULL)
INSERT INTO [ERPSettings].[ComponentByRole] ( [IdRole], [IdComponent], [IsActive], [IsVisible], [ReadFunction], [WriteFunction], [TransactionUserId]) VALUES ( 1, N'2ce853ce-ada4-42e7-8743-ada0c4477ab2', 1, 1, NULL, NULL, NULL)
INSERT INTO [ERPSettings].[ComponentByRole] ( [IdRole], [IdComponent], [IsActive], [IsVisible], [ReadFunction], [WriteFunction], [TransactionUserId]) VALUES ( 1, N'542ff33f-7353-4fd2-94b2-8274bbde3065', 1, 1, NULL, NULL, NULL)
INSERT INTO [ERPSettings].[ComponentByRole] ( [IdRole], [IdComponent], [IsActive], [IsVisible], [ReadFunction], [WriteFunction], [TransactionUserId]) VALUES ( 1, N'c0ed5835-a8d8-4c0d-a7a3-eb8c8121055e', 1, 1, NULL, NULL, NULL)
INSERT INTO [ERPSettings].[ComponentByRole] ( [IdRole], [IdComponent], [IsActive], [IsVisible], [ReadFunction], [WriteFunction], [TransactionUserId]) VALUES ( 1, N'a60422d1-96d3-4e7c-b93d-34506abba8a2', 1, 1, NULL, NULL, NULL)
INSERT INTO [ERPSettings].[ComponentByRole] ( [IdRole], [IdComponent], [IsActive], [IsVisible], [ReadFunction], [WriteFunction], [TransactionUserId]) VALUES ( 1, N'948fa177-bb70-4a9c-a654-6434b7f70385', 1, 1, NULL, NULL, NULL)
INSERT INTO [ERPSettings].[ComponentByRole] ( [IdRole], [IdComponent], [IsActive], [IsVisible], [ReadFunction], [WriteFunction], [TransactionUserId]) VALUES ( 1, N'245d492e-626f-4771-a4a4-cc041701fd0c', 1, 1, NULL, NULL, NULL)
INSERT INTO [ERPSettings].[ComponentByRole] ( [IdRole], [IdComponent], [IsActive], [IsVisible], [ReadFunction], [WriteFunction], [TransactionUserId]) VALUES ( 1, N'a71d91f2-906d-4242-b4a2-8be0b9ed93f4', 1, 1, NULL, NULL, NULL)
INSERT INTO [ERPSettings].[ComponentByRole] ( [IdRole], [IdComponent], [IsActive], [IsVisible], [ReadFunction], [WriteFunction], [TransactionUserId]) VALUES ( 1, N'd1c1a29b-079b-4a7e-995f-5e449fc7e10a', 1, 1, NULL, NULL, NULL)
INSERT INTO [ERPSettings].[ComponentByRole] ( [IdRole], [IdComponent], [IsActive], [IsVisible], [ReadFunction], [WriteFunction], [TransactionUserId]) VALUES ( 1, N'04aecf7a-4b69-494b-85ba-d21db83cac80', 1, 1, NULL, NULL, NULL)
INSERT INTO [ERPSettings].[ComponentByRole] ( [IdRole], [IdComponent], [IsActive], [IsVisible], [ReadFunction], [WriteFunction], [TransactionUserId]) VALUES ( 1, N'dabef25e-aeae-406a-91dc-ead7f3ca118b', 1, 1, NULL, NULL, NULL)
INSERT INTO [ERPSettings].[ComponentByRole] ([IdRole], [IdComponent], [IsActive], [IsVisible], [ReadFunction], [WriteFunction], [TransactionUserId]) VALUES ( 1, N'780107e3-8107-4b6a-b10a-a75a4d8c739d', 1, 1, NULL, NULL, NULL)
INSERT INTO [ERPSettings].[ComponentByRole] ([IdRole], [IdComponent], [IsActive], [IsVisible], [ReadFunction], [WriteFunction], [TransactionUserId]) VALUES ( 1, N'a1763c60-4098-47b3-8a10-77dcc9c1f69d', 1, 1, NULL, NULL, NULL)
INSERT INTO [ERPSettings].[ComponentByRole] ([IdRole], [IdComponent], [IsActive], [IsVisible], [ReadFunction], [WriteFunction], [TransactionUserId]) VALUES ( 1, N'bf1b8933-c13f-45e8-9362-98393965c4eb', 1, 1, NULL, NULL, NULL)
INSERT INTO [ERPSettings].[ComponentByRole] ([IdRole], [IdComponent], [IsActive], [IsVisible], [ReadFunction], [WriteFunction], [TransactionUserId]) VALUES ( 1, N'5b139f06-1ae2-4b87-92c5-5208f45ae824', 1, 1, NULL, NULL, NULL)
INSERT INTO [ERPSettings].[ComponentByRole] ([IdRole], [IdComponent], [IsActive], [IsVisible], [ReadFunction], [WriteFunction], [TransactionUserId]) VALUES ( 1, N'9a1f190b-8207-4d86-b69b-1021e009a7ef', 1, 1, NULL, NULL, NULL)
INSERT INTO [ERPSettings].[ComponentByRole] ([IdRole], [IdComponent], [IsActive], [IsVisible], [ReadFunction], [WriteFunction], [TransactionUserId]) VALUES ( 1, N'a2b82b71-701d-4a7c-bb3d-63637ed56b71', 1, 1, NULL, NULL, NULL)
INSERT INTO [ERPSettings].[ComponentByRole] ([IdRole], [IdComponent], [IsActive], [IsVisible], [ReadFunction], [WriteFunction], [TransactionUserId]) VALUES ( 1, N'24c9d0c9-93c5-48ba-93dc-b8b16010f488', 1, 1, NULL, NULL, NULL)
INSERT INTO [ERPSettings].[ComponentByRole] ([IdRole], [IdComponent], [IsActive], [IsVisible], [ReadFunction], [WriteFunction], [TransactionUserId]) VALUES ( 1, N'de356b33-f169-4cfa-8356-4f910f40a84f', 1, 1, NULL, NULL, NULL)
INSERT INTO [ERPSettings].[ComponentByRole] ([IdRole], [IdComponent], [IsActive], [IsVisible], [ReadFunction], [WriteFunction], [TransactionUserId]) VALUES ( 1, N'2b9c835f-1e2d-4baf-9a68-4b22dc175324', 1, 1, NULL, NULL, NULL)
INSERT INTO [ERPSettings].[ComponentByRole] ([IdRole], [IdComponent], [IsActive], [IsVisible], [ReadFunction], [WriteFunction], [TransactionUserId]) VALUES ( 1, N'6cde0e38-586e-4ca9-ab0a-e6b59290b8ab', 1, 1, NULL, NULL, NULL)
INSERT INTO [ERPSettings].[ComponentByRole] ([IdRole], [IdComponent], [IsActive], [IsVisible], [ReadFunction], [WriteFunction], [TransactionUserId]) VALUES ( 1, N'216a4d00-1b30-4cda-a008-6688c8351a10', 1, 1, NULL, NULL, NULL)
INSERT INTO [ERPSettings].[ComponentByRole] ([IdRole], [IdComponent], [IsActive], [IsVisible], [ReadFunction], [WriteFunction], [TransactionUserId]) VALUES ( 1, N'ccfd8cb7-c56d-4765-9bca-ecc19146f1ed', 1, 1, NULL, NULL, NULL)
INSERT INTO [ERPSettings].[ComponentByRole] ([IdRole], [IdComponent], [IsActive], [IsVisible], [ReadFunction], [WriteFunction], [TransactionUserId]) VALUES ( 1, N'9c1c0480-e103-45af-be65-803544b4f23f', 1, 1, NULL, NULL, NULL)
INSERT INTO [ERPSettings].[ComponentByRole] ([IdRole], [IdComponent], [IsActive], [IsVisible], [ReadFunction], [WriteFunction], [TransactionUserId]) VALUES ( 1, N'db7f02a0-3730-4149-b485-426122cdd5f4', 1, 1, NULL, NULL, NULL)
INSERT INTO [ERPSettings].[ComponentByRole] ([IdRole], [IdComponent], [IsActive], [IsVisible], [ReadFunction], [WriteFunction], [TransactionUserId]) VALUES ( 1, N'768bccfa-9efa-4fbd-9fb0-ca1bf6d49952', 1, 1, NULL, NULL, NULL)
INSERT INTO [ERPSettings].[ComponentByRole] ([IdRole], [IdComponent], [IsActive], [IsVisible], [ReadFunction], [WriteFunction], [TransactionUserId]) VALUES ( 1, N'0846c2cb-31b1-46fa-a1d3-308cb59b4421', 1, 1, NULL, NULL, NULL)
INSERT INTO [ERPSettings].[ComponentByRole] ([IdRole], [IdComponent], [IsActive], [IsVisible], [ReadFunction], [WriteFunction], [TransactionUserId]) VALUES ( 1, N'8add60b9-5b5e-4091-84cf-e3c9d5d25c8c', 1, 1, NULL, NULL, NULL)
INSERT INTO [ERPSettings].[ComponentByRole] ([IdRole], [IdComponent], [IsActive], [IsVisible], [ReadFunction], [WriteFunction], [TransactionUserId]) VALUES ( 1, N'ba8b69fe-d4f6-4da0-97c2-12951c5daa74', 1, 1, NULL, NULL, NULL)
INSERT INTO [ERPSettings].[ComponentByRole] ([IdRole], [IdComponent], [IsActive], [IsVisible], [ReadFunction], [WriteFunction], [TransactionUserId]) VALUES ( 1, N'e67eb891-e1b6-4f8a-8e1d-f21369a4e2ab', 1, 1, NULL, NULL, NULL)
INSERT INTO [ERPSettings].[ComponentByRole] ([IdRole], [IdComponent], [IsActive], [IsVisible], [ReadFunction], [WriteFunction], [TransactionUserId]) VALUES ( 1, N'10af286f-ff0e-4a30-a944-59acc369a929', 1, 1, NULL, NULL, NULL)
INSERT INTO [ERPSettings].[ComponentByRole] ([IdRole], [IdComponent], [IsActive], [IsVisible], [ReadFunction], [WriteFunction], [TransactionUserId]) VALUES ( 1, N'b3c0c34f-170c-4c29-8a93-181c09cda62e', 1, 1, NULL, NULL, NULL)
INSERT INTO [ERPSettings].[ComponentByRole] ([IdRole], [IdComponent], [IsActive], [IsVisible], [ReadFunction], [WriteFunction], [TransactionUserId]) VALUES ( 1, N'da0a17a4-dbdd-4271-b7e6-4229fb24f743', 1, 1, NULL, NULL, NULL)
INSERT INTO [ERPSettings].[ComponentByRole] ([IdRole], [IdComponent], [IsActive], [IsVisible], [ReadFunction], [WriteFunction], [TransactionUserId]) VALUES ( 1, N'1c1956c1-50e2-4fde-8eaf-c8c8b66be025', 1, 1, NULL, NULL, NULL)
INSERT INTO [ERPSettings].[ComponentByRole] ([IdRole], [IdComponent], [IsActive], [IsVisible], [ReadFunction], [WriteFunction], [TransactionUserId]) VALUES ( 1, N'098411db-2944-4318-b918-6a7a48f90db8', 1, 1, NULL, NULL, NULL)
INSERT INTO [ERPSettings].[ComponentByRole] ([IdRole], [IdComponent], [IsActive], [IsVisible], [ReadFunction], [WriteFunction], [TransactionUserId]) VALUES ( 1, N'bf155d17-f739-422c-83d6-87815b95893c', 1, 1, NULL, NULL, NULL)
INSERT INTO [ERPSettings].[ComponentByRole] ([IdRole], [IdComponent], [IsActive], [IsVisible], [ReadFunction], [WriteFunction], [TransactionUserId]) VALUES ( 1, N'4cd45bb1-48e8-4a54-a25e-28a1a27dfd7a', 1, 1, NULL, NULL, NULL)
INSERT INTO [ERPSettings].[ComponentByRole] ([IdRole], [IdComponent], [IsActive], [IsVisible], [ReadFunction], [WriteFunction], [TransactionUserId]) VALUES ( 1, N'15c6bd6e-dddc-4b4f-a135-9539942d10ff', 1, 1, NULL, NULL, NULL)
INSERT INTO [ERPSettings].[ComponentByRole] ([IdRole], [IdComponent], [IsActive], [IsVisible], [ReadFunction], [WriteFunction], [TransactionUserId]) VALUES ( 1, N'a790e859-3eff-472f-9bb2-3c0456ec4908', 1, 1, NULL, NULL, NULL)
INSERT INTO [ERPSettings].[ComponentByRole] ([IdRole], [IdComponent], [IsActive], [IsVisible], [ReadFunction], [WriteFunction], [TransactionUserId]) VALUES ( 1, N'01c0bc3e-6804-4676-8f12-ae68e015a3bc', 1, 1, NULL, NULL, NULL)
INSERT INTO [ERPSettings].[ComponentByRole] ([IdRole], [IdComponent], [IsActive], [IsVisible], [ReadFunction], [WriteFunction], [TransactionUserId]) VALUES ( 1, N'7e38138c-82a6-4555-9100-9289fc6dc32d', 1, 1, NULL, NULL, NULL)
INSERT INTO [ERPSettings].[ComponentByRole] ([IdRole], [IdComponent], [IsActive], [IsVisible], [ReadFunction], [WriteFunction], [TransactionUserId]) VALUES ( 1, N'015332fe-8331-47c4-ae62-2faf1d1ad1b5', 1, 1, NULL, NULL, NULL)
INSERT INTO [ERPSettings].[ComponentByRole] ([IdRole], [IdComponent], [IsActive], [IsVisible], [ReadFunction], [WriteFunction], [TransactionUserId]) VALUES ( 1, N'35c1553b-5ba4-46a7-b53d-3c862f8334c5', 1, 1, NULL, NULL, NULL)
INSERT INTO [ERPSettings].[ComponentByRole] ([IdRole], [IdComponent], [IsActive], [IsVisible], [ReadFunction], [WriteFunction], [TransactionUserId]) VALUES ( 1, N'ec9ecb5a-ca4d-4481-88b5-90b2dcfd256b', 1, 1, NULL, NULL, NULL)
INSERT INTO [ERPSettings].[ComponentByRole] ([IdRole], [IdComponent], [IsActive], [IsVisible], [ReadFunction], [WriteFunction], [TransactionUserId]) VALUES ( 1, N'151d1b8c-b035-4962-b2a2-418c5783cbb7', 1, 1, NULL, NULL, NULL)
INSERT INTO [ERPSettings].[ComponentByRole] ([IdRole], [IdComponent], [IsActive], [IsVisible], [ReadFunction], [WriteFunction], [TransactionUserId]) VALUES ( 1, N'c7725ba2-5bec-4ff7-bd0c-329e315f4283', 1, 1, NULL, NULL, NULL)
INSERT INTO [ERPSettings].[ComponentByRole] ([IdRole], [IdComponent], [IsActive], [IsVisible], [ReadFunction], [WriteFunction], [TransactionUserId]) VALUES ( 1, N'cef18719-3140-4b80-927d-f6fb7bdb3911', 1, 1, NULL, NULL, NULL)
INSERT INTO [ERPSettings].[ComponentByRole] ([IdRole], [IdComponent], [IsActive], [IsVisible], [ReadFunction], [WriteFunction], [TransactionUserId]) VALUES ( 1, N'51b56f09-9416-4805-9df1-45a5ae580a45', 1, 1, NULL, NULL, NULL)
INSERT INTO [ERPSettings].[ComponentByRole] ([IdRole], [IdComponent], [IsActive], [IsVisible], [ReadFunction], [WriteFunction], [TransactionUserId]) VALUES ( 1, N'2c2ecc65-9244-4455-b405-7cd6031d1475', 1, 1, NULL, NULL, NULL)
INSERT INTO [ERPSettings].[ComponentByRole] ([IdRole], [IdComponent], [IsActive], [IsVisible], [ReadFunction], [WriteFunction], [TransactionUserId]) VALUES ( 1, N'1f41f7fc-40f9-465c-89fc-6c3b734ab1db', 1, 1, NULL, NULL, NULL)
INSERT INTO [ERPSettings].[ComponentByRole] ([IdRole], [IdComponent], [IsActive], [IsVisible], [ReadFunction], [WriteFunction], [TransactionUserId]) VALUES ( 1, N'38438358-79a4-4a11-ad34-6b5162d3458c', 1, 1, NULL, NULL, NULL)
INSERT INTO [ERPSettings].[ComponentByRole] ([IdRole], [IdComponent], [IsActive], [IsVisible], [ReadFunction], [WriteFunction], [TransactionUserId]) VALUES ( 1, N'95f15041-1120-4888-8b09-9fcdb74c99f9', 1, 1, NULL, NULL, NULL)
INSERT INTO [ERPSettings].[ComponentByRole] ([IdRole], [IdComponent], [IsActive], [IsVisible], [ReadFunction], [WriteFunction], [TransactionUserId]) VALUES ( 1, N'd735f4c8-6982-4264-8fff-68e9363df1ae', 1, 1, NULL, NULL, NULL)
INSERT INTO [ERPSettings].[ComponentByRole] ([IdRole], [IdComponent], [IsActive], [IsVisible], [ReadFunction], [WriteFunction], [TransactionUserId]) VALUES ( 1, N'16a7efd4-0ae2-43cf-88d6-066ae1736a61', 1, 1, NULL, NULL, NULL)
INSERT INTO [ERPSettings].[ComponentByRole] ([IdRole], [IdComponent], [IsActive], [IsVisible], [ReadFunction], [WriteFunction], [TransactionUserId]) VALUES ( 1, N'0993c352-51d3-49d5-8ec6-8cad2dd2f1c2', 1, 1, NULL, NULL, NULL)
INSERT INTO [ERPSettings].[ComponentByRole] ([IdRole], [IdComponent], [IsActive], [IsVisible], [ReadFunction], [WriteFunction], [TransactionUserId]) VALUES ( 1, N'883e4b65-269a-43f2-9a39-a1b1dd355447', 1, 1, NULL, NULL, NULL)
INSERT INTO [ERPSettings].[ComponentByRole] ([IdRole], [IdComponent], [IsActive], [IsVisible], [ReadFunction], [WriteFunction], [TransactionUserId]) VALUES ( 1, N'787bb0cd-657d-4d50-9225-993ffcb027cc', 1, 1, NULL, NULL, NULL)
INSERT INTO [ERPSettings].[ComponentByRole] ([IdRole], [IdComponent], [IsActive], [IsVisible], [ReadFunction], [WriteFunction], [TransactionUserId]) VALUES ( 1, N'610616af-d03d-4000-ad64-69c13dd8ebbc', 1, 1, NULL, NULL, NULL)
INSERT INTO [ERPSettings].[ComponentByRole] ([IdRole], [IdComponent], [IsActive], [IsVisible], [ReadFunction], [WriteFunction], [TransactionUserId]) VALUES ( 1, N'1197cfa9-a5af-46aa-a5e7-179e295710b3', 1, 1, NULL, NULL, NULL)
INSERT INTO [ERPSettings].[ComponentByRole] ([IdRole], [IdComponent], [IsActive], [IsVisible], [ReadFunction], [WriteFunction], [TransactionUserId]) VALUES ( 1, N'c93381ac-7591-4dba-9661-233e288d4dce', 1, 1, NULL, NULL, NULL)
INSERT INTO [ERPSettings].[ComponentByRole] ([IdRole], [IdComponent], [IsActive], [IsVisible], [ReadFunction], [WriteFunction], [TransactionUserId]) VALUES ( 1, N'78c05ff4-0ae9-48af-8c9a-6be91165f3c4', 1, 1, NULL, NULL, NULL)
INSERT INTO [ERPSettings].[ComponentByRole] ([IdRole], [IdComponent], [IsActive], [IsVisible], [ReadFunction], [WriteFunction], [TransactionUserId]) VALUES ( 1, N'0ffce95f-55ad-4e99-8389-fc7d55b0b74a', 1, 1, NULL, NULL, NULL)
INSERT INTO [ERPSettings].[ComponentByRole] ([IdRole], [IdComponent], [IsActive], [IsVisible], [ReadFunction], [WriteFunction], [TransactionUserId]) VALUES ( 1, N'2678ce54-5920-4cf6-93d8-bf10856b437b', 1, 1, NULL, NULL, NULL)
INSERT INTO [ERPSettings].[ComponentByRole] ([IdRole], [IdComponent], [IsActive], [IsVisible], [ReadFunction], [WriteFunction], [TransactionUserId]) VALUES ( 1, N'ee51a5db-eb44-4506-ab5d-13ee26446ab3', 1, 1, NULL, NULL, NULL)
INSERT INTO [ERPSettings].[ComponentByRole] ([IdRole], [IdComponent], [IsActive], [IsVisible], [ReadFunction], [WriteFunction], [TransactionUserId]) VALUES ( 1, N'cdbe011e-6d71-4bc7-b44d-0e277c386935', 1, 1, NULL, NULL, NULL)
INSERT INTO [ERPSettings].[ComponentByRole] ([IdRole], [IdComponent], [IsActive], [IsVisible], [ReadFunction], [WriteFunction], [TransactionUserId]) VALUES ( 1, N'85e71025-6956-43c2-b16f-75f1cf54ced2', 1, 1, NULL, NULL, NULL)
INSERT INTO [ERPSettings].[ComponentByRole] ([IdRole], [IdComponent], [IsActive], [IsVisible], [ReadFunction], [WriteFunction], [TransactionUserId]) VALUES ( 1, N'6e85db65-30ec-4fac-b615-7c3d3ecdebb8', 1, 1, NULL, NULL, NULL)
INSERT INTO [ERPSettings].[ComponentByRole] ([IdRole], [IdComponent], [IsActive], [IsVisible], [ReadFunction], [WriteFunction], [TransactionUserId]) VALUES ( 1, N'70d0f2c2-1c2f-4725-bab5-5d12a419771e', 1, 1, NULL, NULL, NULL)
INSERT INTO [ERPSettings].[ComponentByRole] ([IdRole], [IdComponent], [IsActive], [IsVisible], [ReadFunction], [WriteFunction], [TransactionUserId]) VALUES ( 1, N'e1705951-98b6-4758-a07a-eb369c2b76b8', 1, 1, NULL, NULL, NULL)
INSERT INTO [ERPSettings].[ComponentByRole] ([IdRole], [IdComponent], [IsActive], [IsVisible], [ReadFunction], [WriteFunction], [TransactionUserId]) VALUES ( 1, N'c3c06c86-1d25-409e-8a73-135ca9a377dd', 1, 1, NULL, NULL, NULL)
INSERT INTO [ERPSettings].[ComponentByRole] ([IdRole], [IdComponent], [IsActive], [IsVisible], [ReadFunction], [WriteFunction], [TransactionUserId]) VALUES ( 1, N'874c891b-5a41-4505-8785-a7f2b6b24cd9', 1, 1, NULL, NULL, NULL)
INSERT INTO [ERPSettings].[ComponentByRole] ([IdRole], [IdComponent], [IsActive], [IsVisible], [ReadFunction], [WriteFunction], [TransactionUserId]) VALUES ( 1, N'62813ff0-9118-4567-b356-771368e57351', 1, 1, NULL, NULL, NULL)
INSERT INTO [ERPSettings].[ComponentByRole] ([IdRole], [IdComponent], [IsActive], [IsVisible], [ReadFunction], [WriteFunction], [TransactionUserId]) VALUES ( 1, N'28326791-35e2-4bf1-bd23-2a4fa83909f2', 1, 1, NULL, NULL, NULL)
INSERT INTO [ERPSettings].[ComponentByRole] ([IdRole], [IdComponent], [IsActive], [IsVisible], [ReadFunction], [WriteFunction], [TransactionUserId]) VALUES ( 1, N'fa4a27e5-5cbe-4756-a1a1-a8c6402724ee', 1, 1, NULL, NULL, NULL)
INSERT INTO [ERPSettings].[ComponentByRole] ([IdRole], [IdComponent], [IsActive], [IsVisible], [ReadFunction], [WriteFunction], [TransactionUserId]) VALUES ( 1, N'eb8d7cb2-95d1-48ac-bf38-4be462bd96dc', 1, 1, NULL, NULL, NULL)
INSERT INTO [ERPSettings].[ComponentByRole] ([IdRole], [IdComponent], [IsActive], [IsVisible], [ReadFunction], [WriteFunction], [TransactionUserId]) VALUES ( 1, N'14b30788-8648-4199-90a8-abca1cf7daf3', 1, 1, NULL, NULL, NULL)
INSERT INTO [ERPSettings].[ComponentByRole] ([IdRole], [IdComponent], [IsActive], [IsVisible], [ReadFunction], [WriteFunction], [TransactionUserId]) VALUES ( 1, N'0850ad0d-989f-4ab6-a7ee-9e497458e5d6', 1, 1, NULL, NULL, NULL)
INSERT INTO [ERPSettings].[ComponentByRole] ([IdRole], [IdComponent], [IsActive], [IsVisible], [ReadFunction], [WriteFunction], [TransactionUserId]) VALUES ( 1, N'8be09b24-c99f-47f3-92d4-e51508eea826', 1, 1, NULL, NULL, NULL)
INSERT INTO [ERPSettings].[ComponentByRole] ([IdRole], [IdComponent], [IsActive], [IsVisible], [ReadFunction], [WriteFunction], [TransactionUserId]) VALUES ( 1, N'7362432d-2574-4ed9-b0ef-3d679f333a40', 1, 1, NULL, NULL, NULL)
INSERT INTO [ERPSettings].[ComponentByRole] ([IdRole], [IdComponent], [IsActive], [IsVisible], [ReadFunction], [WriteFunction], [TransactionUserId]) VALUES ( 1, N'0cb3f755-6c1a-4ec1-9c74-becd40f046cb', 1, 1, NULL, NULL, NULL)
INSERT INTO [ERPSettings].[ComponentByRole] ([IdRole], [IdComponent], [IsActive], [IsVisible], [ReadFunction], [WriteFunction], [TransactionUserId]) VALUES ( 1, N'c78c8873-b19f-4caa-b2f0-e1a97ce18713', 1, 1, NULL, NULL, NULL)
INSERT INTO [ERPSettings].[ComponentByRole] ([IdRole], [IdComponent], [IsActive], [IsVisible], [ReadFunction], [WriteFunction], [TransactionUserId]) VALUES ( 1, N'522f6399-8856-46b0-a75b-25adeeef91fb', 1, 1, NULL, NULL, NULL)
INSERT INTO [ERPSettings].[ComponentByRole] ([IdRole], [IdComponent], [IsActive], [IsVisible], [ReadFunction], [WriteFunction], [TransactionUserId]) VALUES ( 1, N'09326505-d9d3-4930-9a35-a2a5e6000635', 1, 1, NULL, NULL, NULL)
INSERT INTO [ERPSettings].[ComponentByRole] ([IdRole], [IdComponent], [IsActive], [IsVisible], [ReadFunction], [WriteFunction], [TransactionUserId]) VALUES ( 1, N'a6f90e59-b28f-4ec1-97bc-7d5a32e1b5b7', 1, 1, NULL, NULL, NULL)
INSERT INTO [ERPSettings].[ComponentByRole] ([IdRole], [IdComponent], [IsActive], [IsVisible], [ReadFunction], [WriteFunction], [TransactionUserId]) VALUES ( 1, N'9d65d896-7a15-4546-8597-b7fb7b2c92b6', 1, 1, NULL, NULL, NULL)
INSERT INTO [ERPSettings].[ComponentByRole] ([IdRole], [IdComponent], [IsActive], [IsVisible], [ReadFunction], [WriteFunction], [TransactionUserId]) VALUES ( 1, N'6eb0ad1a-178a-4a63-a15c-9ae1325a45c6', 1, 1, NULL, NULL, NULL)
INSERT INTO [ERPSettings].[ComponentByRole] ([IdRole], [IdComponent], [IsActive], [IsVisible], [ReadFunction], [WriteFunction], [TransactionUserId]) VALUES ( 1, N'92d28173-42d4-432f-902e-126b36a9b4a3', 1, 1, NULL, NULL, NULL)
INSERT INTO [ERPSettings].[ComponentByRole] ([IdRole], [IdComponent], [IsActive], [IsVisible], [ReadFunction], [WriteFunction], [TransactionUserId]) VALUES ( 1, N'4e56a6aa-8101-4eba-b088-0cd7cbb4c094', 1, 1, NULL, NULL, NULL)
INSERT INTO [ERPSettings].[ComponentByRole] ([IdRole], [IdComponent], [IsActive], [IsVisible], [ReadFunction], [WriteFunction], [TransactionUserId]) VALUES ( 1, N'd2cc7c64-b08c-4b35-8d1d-33ff97ac3c83', 1, 1, NULL, NULL, NULL)
INSERT INTO [ERPSettings].[ComponentByRole] ([IdRole], [IdComponent], [IsActive], [IsVisible], [ReadFunction], [WriteFunction], [TransactionUserId]) VALUES ( 1, N'fdad2776-5bb4-4890-93ef-a363642d7b67', 1, 1, NULL, NULL, NULL)
INSERT INTO [ERPSettings].[ComponentByRole] ([IdRole], [IdComponent], [IsActive], [IsVisible], [ReadFunction], [WriteFunction], [TransactionUserId]) VALUES ( 1, N'564c397b-628c-462b-a360-e3dff44929e0', 1, 1, NULL, NULL, NULL)
INSERT INTO [ERPSettings].[ComponentByRole] ([IdRole], [IdComponent], [IsActive], [IsVisible], [ReadFunction], [WriteFunction], [TransactionUserId]) VALUES ( 1, N'e7abbd11-a926-42f9-8726-f48e41c828b0', 1, 1, NULL, NULL, NULL)
INSERT INTO [ERPSettings].[ComponentByRole] ([IdRole], [IdComponent], [IsActive], [IsVisible], [ReadFunction], [WriteFunction], [TransactionUserId]) VALUES ( 1, N'b544f706-6989-4593-90db-a8a0157225e0', 1, 1, NULL, NULL, NULL)
INSERT INTO [ERPSettings].[ComponentByRole] ([IdRole], [IdComponent], [IsActive], [IsVisible], [ReadFunction], [WriteFunction], [TransactionUserId]) VALUES ( 1, N'ca9d5ea7-d111-406e-9aec-e730be56b94a', 1, 1, NULL, NULL, NULL)
INSERT INTO [ERPSettings].[ComponentByRole] ([IdRole], [IdComponent], [IsActive], [IsVisible], [ReadFunction], [WriteFunction], [TransactionUserId]) VALUES ( 1, N'c76ad56a-523f-4138-a312-6cf586928833', 1, 1, NULL, NULL, NULL)
INSERT INTO [ERPSettings].[ComponentByRole] ([IdRole], [IdComponent], [IsActive], [IsVisible], [ReadFunction], [WriteFunction], [TransactionUserId]) VALUES ( 1, N'dc69d366-6f48-4ddd-95a7-abd211e7bf02', 1, 1, NULL, NULL, NULL)
INSERT INTO [ERPSettings].[ComponentByRole] ([IdRole], [IdComponent], [IsActive], [IsVisible], [ReadFunction], [WriteFunction], [TransactionUserId]) VALUES ( 1, N'93de32c3-e281-4b38-8cd6-1eef2220e6e0', 1, 1, NULL, NULL, NULL)
INSERT INTO [ERPSettings].[ComponentByRole] ([IdRole], [IdComponent], [IsActive], [IsVisible], [ReadFunction], [WriteFunction], [TransactionUserId]) VALUES ( 1, N'48e1635a-1a3c-4e24-8f22-35f001afaa08', 1, 1, NULL, NULL, NULL)
INSERT INTO [ERPSettings].[ComponentByRole] ([IdRole], [IdComponent], [IsActive], [IsVisible], [ReadFunction], [WriteFunction], [TransactionUserId]) VALUES ( 1, N'f958d5a1-09d2-443f-839f-2c2b4a316227', 1, 1, NULL, NULL, NULL)
INSERT INTO [ERPSettings].[ComponentByRole] ([IdRole], [IdComponent], [IsActive], [IsVisible], [ReadFunction], [WriteFunction], [TransactionUserId]) VALUES ( 1, N'65cda83b-be21-447f-854e-fc7df35146ab', 1, 1, NULL, NULL, NULL)
INSERT INTO [ERPSettings].[ComponentByRole] ([IdRole], [IdComponent], [IsActive], [IsVisible], [ReadFunction], [WriteFunction], [TransactionUserId]) VALUES ( 1, N'f02caece-0702-465f-b6a3-7686a74556d0', 1, 1, NULL, NULL, NULL)
INSERT INTO [ERPSettings].[ComponentByRole] ([IdRole], [IdComponent], [IsActive], [IsVisible], [ReadFunction], [WriteFunction], [TransactionUserId]) VALUES ( 1, N'5f2c052e-c3a3-4a52-a9a9-90baf04c38b9', 1, 1, NULL, NULL, NULL)
INSERT INTO [ERPSettings].[ComponentByRole] ([IdRole], [IdComponent], [IsActive], [IsVisible], [ReadFunction], [WriteFunction], [TransactionUserId]) VALUES ( 1, N'8458b439-1d4f-402c-bd74-64aa0664975c', 1, 1, NULL, NULL, NULL)
INSERT INTO [ERPSettings].[ComponentByRole] ([IdRole], [IdComponent], [IsActive], [IsVisible], [ReadFunction], [WriteFunction], [TransactionUserId]) VALUES ( 1, N'4f1bd3da-dc73-4f9a-9218-9d619cdeff83', 1, 1, NULL, NULL, NULL)
INSERT INTO [ERPSettings].[ComponentByRole] ([IdRole], [IdComponent], [IsActive], [IsVisible], [ReadFunction], [WriteFunction], [TransactionUserId]) VALUES ( 1, N'435dc69a-5ec5-4ce3-9ea5-09ee2f747117', 1, 1, NULL, NULL, NULL)
INSERT INTO [ERPSettings].[ComponentByRole] ([IdRole], [IdComponent], [IsActive], [IsVisible], [ReadFunction], [WriteFunction], [TransactionUserId]) VALUES ( 1, N'94e968ab-4621-4bd5-b793-e90c26715381', 1, 1, NULL, NULL, NULL)
INSERT INTO [ERPSettings].[ComponentByRole] ([IdRole], [IdComponent], [IsActive], [IsVisible], [ReadFunction], [WriteFunction], [TransactionUserId]) VALUES ( 1, N'531e7502-97a3-45c3-82fc-c17f30d45449', 1, 1, NULL, NULL, NULL)
INSERT INTO [ERPSettings].[ComponentByRole] ([IdRole], [IdComponent], [IsActive], [IsVisible], [ReadFunction], [WriteFunction], [TransactionUserId]) VALUES ( 1, N'3ba6d383-ffcf-425f-b49e-79695cac7e1f', 1, 1, NULL, NULL, NULL)
INSERT INTO [ERPSettings].[ComponentByRole] ([IdRole], [IdComponent], [IsActive], [IsVisible], [ReadFunction], [WriteFunction], [TransactionUserId]) VALUES ( 1, N'aa79d935-813a-466d-bd8d-e57bfdd589cc', 1, 1, NULL, NULL, NULL)
INSERT INTO [ERPSettings].[ComponentByRole] ([IdRole], [IdComponent], [IsActive], [IsVisible], [ReadFunction], [WriteFunction], [TransactionUserId]) VALUES ( 1, N'1687a564-d769-4a6d-ade5-cf1df8ef44b6', 1, 1, NULL, NULL, NULL)
INSERT INTO [ERPSettings].[ComponentByRole] ([IdRole], [IdComponent], [IsActive], [IsVisible], [ReadFunction], [WriteFunction], [TransactionUserId]) VALUES ( 1, N'372b8309-6b61-4841-8323-0a33cfb3df5b', 1, 1, NULL, NULL, NULL)
INSERT INTO [ERPSettings].[ComponentByRole] ([IdRole], [IdComponent], [IsActive], [IsVisible], [ReadFunction], [WriteFunction], [TransactionUserId]) VALUES ( 1, N'145e80c1-bd75-4c79-823b-de4a1d30a0cb', 1, 1, NULL, NULL, NULL)
INSERT INTO [ERPSettings].[ComponentByRole] ([IdRole], [IdComponent], [IsActive], [IsVisible], [ReadFunction], [WriteFunction], [TransactionUserId]) VALUES ( 1, N'7b0345e9-f8b7-4c1c-8170-6182dd23ea5d', 1, 1, NULL, NULL, NULL)
INSERT INTO [ERPSettings].[ComponentByRole] ([IdRole], [IdComponent], [IsActive], [IsVisible], [ReadFunction], [WriteFunction], [TransactionUserId]) VALUES ( 1, N'f21306b8-582f-4a8c-8a5b-2b7d98d1d678', 1, 1, NULL, NULL, NULL)
INSERT INTO [ERPSettings].[ComponentByRole] ([IdRole], [IdComponent], [IsActive], [IsVisible], [ReadFunction], [WriteFunction], [TransactionUserId]) VALUES ( 1, N'318093f6-a666-40f1-bc63-a8ee89afe90d', 1, 1, NULL, NULL, NULL)
INSERT INTO [ERPSettings].[ComponentByRole] ([IdRole], [IdComponent], [IsActive], [IsVisible], [ReadFunction], [WriteFunction], [TransactionUserId]) VALUES ( 1, N'f64ebdc0-620e-4c5b-b33f-89fc54138abc', 1, 1, NULL, NULL, NULL)
INSERT INTO [ERPSettings].[ComponentByRole] ([IdRole], [IdComponent], [IsActive], [IsVisible], [ReadFunction], [WriteFunction], [TransactionUserId]) VALUES ( 1, N'420ff9c0-6646-4915-9552-246ec6539395', 1, 1, NULL, NULL, NULL)
INSERT INTO [ERPSettings].[ComponentByRole] ([IdRole], [IdComponent], [IsActive], [IsVisible], [ReadFunction], [WriteFunction], [TransactionUserId]) VALUES ( 1, N'17e09a68-bdce-454c-9e65-76aaf13a7774', 1, 1, NULL, NULL, NULL)
INSERT INTO [ERPSettings].[ComponentByRole] ([IdRole], [IdComponent], [IsActive], [IsVisible], [ReadFunction], [WriteFunction], [TransactionUserId]) VALUES ( 1, N'829aad80-dcfc-42c1-a051-7ce271cbefe4', 1, 1, NULL, NULL, NULL)
INSERT INTO [ERPSettings].[ComponentByRole] ([IdRole], [IdComponent], [IsActive], [IsVisible], [ReadFunction], [WriteFunction], [TransactionUserId]) VALUES ( 1, N'cc130779-922f-45f7-bfa4-b9d90605a966', 1, 1, NULL, NULL, NULL)
INSERT INTO [ERPSettings].[ComponentByRole] ([IdRole], [IdComponent], [IsActive], [IsVisible], [ReadFunction], [WriteFunction], [TransactionUserId]) VALUES ( 1, N'cbf1a87c-c30a-4326-a783-4d3f8e685e4d', 1, 1, NULL, NULL, NULL)
INSERT INTO [ERPSettings].[ComponentByRole] ([IdRole], [IdComponent], [IsActive], [IsVisible], [ReadFunction], [WriteFunction], [TransactionUserId]) VALUES ( 1, N'83b8bb43-eb7f-4d26-8618-e85e49ea1f99', 1, 1, NULL, NULL, NULL)
INSERT INTO [ERPSettings].[ComponentByRole] ([IdRole], [IdComponent], [IsActive], [IsVisible], [ReadFunction], [WriteFunction], [TransactionUserId]) VALUES ( 1, N'edfa4649-8d8d-41f1-b8e4-5a3a3528e2a5', 1, 1, NULL, NULL, NULL)
INSERT INTO [ERPSettings].[ComponentByRole] ([IdRole], [IdComponent], [IsActive], [IsVisible], [ReadFunction], [WriteFunction], [TransactionUserId]) VALUES ( 1, N'fec36bc6-da1f-4f29-b3e5-2f7f1ddca630', 1, 1, NULL, NULL, NULL)
INSERT INTO [ERPSettings].[ComponentByRole] ([IdRole], [IdComponent], [IsActive], [IsVisible], [ReadFunction], [WriteFunction], [TransactionUserId]) VALUES ( 1, N'5c4508b9-dcb2-412e-ac35-482095f75211', 1, 1, NULL, NULL, NULL)
INSERT INTO [ERPSettings].[ComponentByRole] ([IdRole], [IdComponent], [IsActive], [IsVisible], [ReadFunction], [WriteFunction], [TransactionUserId]) VALUES ( 1, N'd5e8bd09-ea24-430e-ac5c-75c6975de75f', 1, 1, NULL, NULL, NULL)
INSERT INTO [ERPSettings].[ComponentByRole] ([IdRole], [IdComponent], [IsActive], [IsVisible], [ReadFunction], [WriteFunction], [TransactionUserId]) VALUES ( 1, N'9fb14a91-4f73-46d7-a84b-b6b3452db895', 1, 1, NULL, NULL, NULL)
INSERT INTO [ERPSettings].[ComponentByRole] ([IdRole], [IdComponent], [IsActive], [IsVisible], [ReadFunction], [WriteFunction], [TransactionUserId]) VALUES ( 1, N'b4a7d3a4-3006-41c2-ba8a-5cf124afa658', 1, 1, NULL, NULL, NULL)
INSERT INTO [ERPSettings].[ComponentByRole] ([IdRole], [IdComponent], [IsActive], [IsVisible], [ReadFunction], [WriteFunction], [TransactionUserId]) VALUES ( 1, N'e35322ba-0a8b-4219-8272-f6d523495e80', 1, 1, NULL, NULL, NULL)
INSERT INTO [ERPSettings].[ComponentByRole] ([IdRole], [IdComponent], [IsActive], [IsVisible], [ReadFunction], [WriteFunction], [TransactionUserId]) VALUES ( 1, N'afe2eb75-42f2-4594-9115-a1f94ee80c1d', 1, 1, NULL, NULL, NULL)
INSERT INTO [ERPSettings].[ComponentByRole] ([IdRole], [IdComponent], [IsActive], [IsVisible], [ReadFunction], [WriteFunction], [TransactionUserId]) VALUES ( 1, N'97545a3e-7dfb-4053-aca9-987c5a6ade4b', 1, 1, NULL, NULL, NULL)
INSERT INTO [ERPSettings].[ComponentByRole] ([IdRole], [IdComponent], [IsActive], [IsVisible], [ReadFunction], [WriteFunction], [TransactionUserId]) VALUES ( 1, N'7a4cfbe8-ca43-4489-9f34-f7550d68cf3e', 1, 1, NULL, NULL, NULL)
INSERT INTO [ERPSettings].[ComponentByRole] ([IdRole], [IdComponent], [IsActive], [IsVisible], [ReadFunction], [WriteFunction], [TransactionUserId]) VALUES ( 1, N'4260d508-8910-45c9-b0c4-ff6c2ba6af48', 1, 1, NULL, NULL, NULL)
INSERT INTO [ERPSettings].[ComponentByRole] ([IdRole], [IdComponent], [IsActive], [IsVisible], [ReadFunction], [WriteFunction], [TransactionUserId]) VALUES ( 1, N'5c80ed67-b75d-4946-8e20-3dced85ae1ac', 1, 1, NULL, NULL, NULL)
INSERT INTO [ERPSettings].[ComponentByRole] ([IdRole], [IdComponent], [IsActive], [IsVisible], [ReadFunction], [WriteFunction], [TransactionUserId]) VALUES ( 1, N'd98f9f3f-d3fc-487b-8e16-a9ea4ef48b66', 1, 1, NULL, NULL, NULL)
INSERT INTO [ERPSettings].[ComponentByRole] ([IdRole], [IdComponent], [IsActive], [IsVisible], [ReadFunction], [WriteFunction], [TransactionUserId]) VALUES ( 1, N'bb45f3f6-4c1b-4477-a4d1-7a5b821e90e7', 1, 1, NULL, NULL, NULL)
INSERT INTO [ERPSettings].[ComponentByRole] ([IdRole], [IdComponent], [IsActive], [IsVisible], [ReadFunction], [WriteFunction], [TransactionUserId]) VALUES ( 1, N'b846ef73-08d0-43d1-98b8-3efcfe7ea1bf', 1, 1, NULL, NULL, NULL)
INSERT INTO [ERPSettings].[ComponentByRole] ([IdRole], [IdComponent], [IsActive], [IsVisible], [ReadFunction], [WriteFunction], [TransactionUserId]) VALUES ( 1, N'68c8d0d4-91bd-40c1-88de-b0e28575e663', 1, 1, NULL, NULL, NULL)
INSERT INTO [ERPSettings].[ComponentByRole] ([IdRole], [IdComponent], [IsActive], [IsVisible], [ReadFunction], [WriteFunction], [TransactionUserId]) VALUES ( 1, N'a3e2af8f-9083-4aff-bbb2-e1fdadaf6906', 1, 1, NULL, NULL, NULL)
INSERT INTO [ERPSettings].[ComponentByRole] ([IdRole], [IdComponent], [IsActive], [IsVisible], [ReadFunction], [WriteFunction], [TransactionUserId]) VALUES ( 1, N'c7713ffe-55e6-4aaa-8d5d-401de3465cdc', 1, 1, NULL, NULL, NULL)
INSERT INTO [ERPSettings].[ComponentByRole] ([IdRole], [IdComponent], [IsActive], [IsVisible], [ReadFunction], [WriteFunction], [TransactionUserId]) VALUES ( 1, N'46068d9d-71de-4c4a-8e4a-ba19314d99b4', 1, 1, NULL, NULL, NULL)
INSERT INTO [ERPSettings].[ComponentByRole] ([IdRole], [IdComponent], [IsActive], [IsVisible], [ReadFunction], [WriteFunction], [TransactionUserId]) VALUES ( 1, N'b6888e43-897c-44e9-9de1-7065373e39cf', 1, 1, NULL, NULL, NULL)
INSERT INTO [ERPSettings].[ComponentByRole] ([IdRole], [IdComponent], [IsActive], [IsVisible], [ReadFunction], [WriteFunction], [TransactionUserId]) VALUES ( 1, N'59b1f4f4-24f9-4999-acfe-317e13f49371', 1, 1, NULL, NULL, NULL)
INSERT INTO [ERPSettings].[ComponentByRole] ([IdRole], [IdComponent], [IsActive], [IsVisible], [ReadFunction], [WriteFunction], [TransactionUserId]) VALUES ( 1, N'603e9380-eb44-4ae1-ac6c-58eb95343a37', 1, 1, NULL, NULL, NULL)
INSERT INTO [ERPSettings].[ComponentByRole] ([IdRole], [IdComponent], [IsActive], [IsVisible], [ReadFunction], [WriteFunction], [TransactionUserId]) VALUES ( 1, N'ad9a5b5a-2ec0-41d1-9ee1-ad6f0b07cb39', 1, 1, NULL, NULL, NULL)
INSERT INTO [ERPSettings].[ComponentByRole] ([IdRole], [IdComponent], [IsActive], [IsVisible], [ReadFunction], [WriteFunction], [TransactionUserId]) VALUES ( 1, N'56125a06-24ff-471a-b6e7-63ab39c662fc', 1, 1, NULL, NULL, NULL)
INSERT INTO [ERPSettings].[ComponentByRole] ([IdRole], [IdComponent], [IsActive], [IsVisible], [ReadFunction], [WriteFunction], [TransactionUserId]) VALUES ( 1, N'1726a79c-9700-412c-9e82-cbcb103fa61d', 1, 1, NULL, NULL, NULL)
INSERT INTO [ERPSettings].[ComponentByRole] ([IdRole], [IdComponent], [IsActive], [IsVisible], [ReadFunction], [WriteFunction], [TransactionUserId]) VALUES ( 1, N'5175e7df-bce6-4196-9624-64935c11ab34', 1, 1, NULL, NULL, NULL)
INSERT INTO [ERPSettings].[ComponentByRole] ([IdRole], [IdComponent], [IsActive], [IsVisible], [ReadFunction], [WriteFunction], [TransactionUserId]) VALUES ( 1, N'019d04b1-234d-4b71-afa3-ef11f67559c2', 1, 1, NULL, NULL, NULL)
INSERT INTO [ERPSettings].[ComponentByRole] ([IdRole], [IdComponent], [IsActive], [IsVisible], [ReadFunction], [WriteFunction], [TransactionUserId]) VALUES ( 1, N'dabba246-8ee7-493c-ac73-96f201863d9e', 1, 1, NULL, NULL, NULL)
INSERT INTO [ERPSettings].[ComponentByRole] ([IdRole], [IdComponent], [IsActive], [IsVisible], [ReadFunction], [WriteFunction], [TransactionUserId]) VALUES ( 1, N'ceca57d1-ef6a-4108-9e60-c229ab4d2f10', 1, 1, NULL, NULL, NULL)
INSERT INTO [ERPSettings].[ComponentByRole] ([IdRole], [IdComponent], [IsActive], [IsVisible], [ReadFunction], [WriteFunction], [TransactionUserId]) VALUES ( 1, N'eb44f64d-5557-4d3a-8f6d-31778d47eef9', 1, 1, NULL, NULL, NULL)
INSERT INTO [ERPSettings].[ComponentByRole] ([IdRole], [IdComponent], [IsActive], [IsVisible], [ReadFunction], [WriteFunction], [TransactionUserId]) VALUES ( 1, N'9b9a2d76-b341-44fa-bdc6-a8f3b17ab40d', 1, 1, NULL, NULL, NULL)
INSERT INTO [ERPSettings].[ComponentByRole] ([IdRole], [IdComponent], [IsActive], [IsVisible], [ReadFunction], [WriteFunction], [TransactionUserId]) VALUES ( 1, N'bed5ea87-5023-4b36-bf42-a1d37283ef91', 1, 1, NULL, NULL, NULL)
INSERT INTO [ERPSettings].[ComponentByRole] ([IdRole], [IdComponent], [IsActive], [IsVisible], [ReadFunction], [WriteFunction], [TransactionUserId]) VALUES ( 1, N'28ee45ba-faba-4419-a30a-4eb092d07c36', 1, 1, NULL, NULL, NULL)
INSERT INTO [ERPSettings].[ComponentByRole] ([IdRole], [IdComponent], [IsActive], [IsVisible], [ReadFunction], [WriteFunction], [TransactionUserId]) VALUES ( 1, N'88d19b1e-0962-4dc6-bb5b-e679b2fd44e3', 1, 1, NULL, NULL, NULL)
INSERT INTO [ERPSettings].[ComponentByRole] ([IdRole], [IdComponent], [IsActive], [IsVisible], [ReadFunction], [WriteFunction], [TransactionUserId]) VALUES ( 1, N'4097f446-8e47-4867-8be7-c6dd4e0a9a1e', 1, 1, NULL, NULL, NULL)

INSERT INTO [ERPSettings].[PredicateFormat] ([IdPredicateFormat], [PredicateName], [Operator], [TransactionUserId], [IsDeleted], [Deleted_Token]) VALUES (N'0c0761f5-ed91-48b2-937e-096854c68ecb', NULL, NULL, NULL, 0, NULL)
INSERT INTO [ERPSettings].[PredicateFormat] ([IdPredicateFormat], [PredicateName], [Operator], [TransactionUserId], [IsDeleted], [Deleted_Token]) VALUES (N'0c8546d6-a65f-4717-b058-40efd1b58a22', NULL, NULL, NULL, 0, NULL)
INSERT INTO [ERPSettings].[PredicateFormat] ([IdPredicateFormat], [PredicateName], [Operator], [TransactionUserId], [IsDeleted], [Deleted_Token]) VALUES (N'10a101ff-637f-4687-a04f-ef8f068f5fea', NULL, NULL, NULL, 0, NULL)
INSERT INTO [ERPSettings].[PredicateFormat] ([IdPredicateFormat], [PredicateName], [Operator], [TransactionUserId], [IsDeleted], [Deleted_Token]) VALUES (N'23a2b31d-9b77-40d8-9d16-26366f213a3d', NULL, NULL, NULL, 0, NULL)
INSERT INTO [ERPSettings].[PredicateFormat] ([IdPredicateFormat], [PredicateName], [Operator], [TransactionUserId], [IsDeleted], [Deleted_Token]) VALUES (N'30866fb3-07b2-486e-aac5-c8de29a8bd8e', NULL, 0, NULL, 0, NULL)
INSERT INTO [ERPSettings].[PredicateFormat] ([IdPredicateFormat], [PredicateName], [Operator], [TransactionUserId], [IsDeleted], [Deleted_Token]) VALUES (N'7d380af5-9463-4fdb-8aa7-09f5ff8f6720', NULL, NULL, NULL, 0, NULL)
INSERT INTO [ERPSettings].[PredicateFormat] ([IdPredicateFormat], [PredicateName], [Operator], [TransactionUserId], [IsDeleted], [Deleted_Token]) VALUES (N'd1c8319b-9963-4b76-bfbe-bd29891601c1', NULL, NULL, NULL, 0, NULL)
INSERT INTO [ERPSettings].[PredicateFormat] ([IdPredicateFormat], [PredicateName], [Operator], [TransactionUserId], [IsDeleted], [Deleted_Token]) VALUES (N'd317f57a-3e04-4523-b6e8-30753031afcb', NULL, NULL, NULL, 0, NULL)
INSERT INTO [ERPSettings].[PredicateFormat] ([IdPredicateFormat], [PredicateName], [Operator], [TransactionUserId], [IsDeleted], [Deleted_Token]) VALUES (N'df477eb1-b196-4f61-aa5c-88fa1844fad1', NULL, 0, NULL, 0, NULL)
INSERT INTO [ERPSettings].[PredicateFormat] ([IdPredicateFormat], [PredicateName], [Operator], [TransactionUserId], [IsDeleted], [Deleted_Token]) VALUES (N'f7a49ff1-02b2-449e-8da1-3cb50202e587', NULL, 0, NULL, 0, NULL)
INSERT INTO [ERPSettings].[OrderBy] ([IdOrderBy], [IdPredicateFormat], [Prop], [Direction], [TransactionUserId], [IsDeleted], [Deleted_Token]) VALUES (N'2a96443a-8138-4025-a835-3c1d1c49ea0a', N'23a2b31d-9b77-40d8-9d16-26366f213a3d', N'Id', 2, NULL, 0, NULL)
INSERT INTO [ERPSettings].[OrderBy] ([IdOrderBy], [IdPredicateFormat], [Prop], [Direction], [TransactionUserId], [IsDeleted], [Deleted_Token]) VALUES (N'5adfc1ca-93e2-4a54-92ae-0a923952142c', N'10a101ff-637f-4687-a04f-ef8f068f5fea', N'Id', 2, NULL, 0, NULL)
INSERT INTO [ERPSettings].[OrderBy] ([IdOrderBy], [IdPredicateFormat], [Prop], [Direction], [TransactionUserId], [IsDeleted], [Deleted_Token]) VALUES (N'8f6f0d67-8cd5-42cf-965f-cac4e2d7008e', N'0c8546d6-a65f-4717-b058-40efd1b58a22', N'Id', 2, NULL, 0, NULL)
INSERT INTO [ERPSettings].[GridComponent] ([IdComponent], [TreeType], [k_on_change]) VALUES (N'0fa0d240-9202-44bf-a1d3-f3ad0464c1eb', 0, NULL)
INSERT INTO [ERPSettings].[GridComponent] ([IdComponent], [TreeType], [k_on_change]) VALUES (N'28326791-35e2-4bf1-bd23-2a4fa83909f2', 0, NULL)
INSERT INTO [ERPSettings].[GridComponent] ([IdComponent], [TreeType], [k_on_change]) VALUES (N'3ba6d383-ffcf-425f-b49e-79695cac7e1f', 0, NULL)
INSERT INTO [ERPSettings].[GridComponent] ([IdComponent], [TreeType], [k_on_change]) VALUES (N'bf1b8933-c13f-45e8-9362-98393965c4eb', 0, NULL)
INSERT INTO [ERPSettings].[GridComponent] ([IdComponent], [TreeType], [k_on_change]) VALUES (N'cdaf935b-0075-41c4-b367-10635532f35d', 0, NULL)
INSERT INTO [ERPSettings].[GridComponent] ([IdComponent], [TreeType], [k_on_change]) VALUES (N'e67eb891-e1b6-4f8a-8e1d-f21369a4e2ab', 0, NULL)
INSERT INTO [ERPSettings].[GridComponent] ([IdComponent], [TreeType], [k_on_change]) VALUES (N'f088304d-2f23-46a8-9d7b-ace78e25442d', 0, NULL)

INSERT INTO [ERPSettings].[Entity] ( [TableSchema], [EntityName], [TableName], [TransactionUserId], [IsDeleted], [Fr], [Ar], [En], [De], [Ch], [Es], [IsReference], [IdRelatedEntity], [Deleted_Token]) VALUES ( N'Payroll', N'ConstantRateValidityPeriod', N'ConstantRateValidityPeriod', NULL, 0, N'ConstantRateValidityPeriod', N'ConstantRateValidityPeriod', N'ConstantRateValidityPeriod', NULL, NULL, NULL, NULL, NULL, NULL)
INSERT INTO [ERPSettings].[Entity] ( [TableSchema], [EntityName], [TableName], [TransactionUserId], [IsDeleted], [Fr], [Ar], [En], [De], [Ch], [Es], [IsReference], [IdRelatedEntity], [Deleted_Token]) VALUES ( N'Payroll', N'ConstantValueValidityPeriod', N'ConstantValueValidityPeriod', NULL, 0, N'ConstantValueValidityPeriod', N'ConstantValueValidityPeriod', N'ConstantValueValidityPeriod', NULL, NULL, NULL, NULL, NULL, NULL)
INSERT INTO [ERPSettings].[Entity] ( [TableSchema], [EntityName], [TableName], [TransactionUserId], [IsDeleted], [Fr], [Ar], [En], [De], [Ch], [Es], [IsReference], [IdRelatedEntity], [Deleted_Token]) VALUES ( N'Payroll', N'RuleCategory', N'RuleCategory', NULL, 0, N'RuleCategory', N'RuleCategory', N'RuleCategory', NULL, NULL, NULL, NULL, NULL, NULL)
INSERT INTO [ERPSettings].[Entity] ( [TableSchema], [EntityName], [TableName], [TransactionUserId], [IsDeleted], [Fr], [Ar], [En], [De], [Ch], [Es], [IsReference], [IdRelatedEntity], [Deleted_Token]) VALUES ( N'Payroll', N'Applicability', N'Applicability', NULL, 0, N'Applicability', N'Applicability', N'Applicability', NULL, NULL, NULL, NULL, NULL, NULL)
INSERT INTO [ERPSettings].[Entity] ( [TableSchema], [EntityName], [TableName], [TransactionUserId], [IsDeleted], [Fr], [Ar], [En], [De], [Ch], [Es], [IsReference], [IdRelatedEntity], [Deleted_Token]) VALUES ( N'Payroll', N'RuleType', N'RuleType', NULL, 0, N'RuleType', N'RuleType', N'RuleType', NULL, NULL, NULL, NULL, NULL, NULL)
INSERT INTO [ERPSettings].[Entity] ( [TableSchema], [EntityName], [TableName], [TransactionUserId], [IsDeleted], [Fr], [Ar], [En], [De], [Ch], [Es], [IsReference], [IdRelatedEntity], [Deleted_Token]) VALUES ( N'Payroll', N'Payslip', N'Payslip', NULL, 0, N'Payslip', N'Payslip', N'Payslip', NULL, NULL, NULL, NULL, NULL, NULL)

INSERT INTO [ERPSettings].[ComboBoxDataSource] ([IdComponent], [IdServiceParameters], [error], [autoSync], [pageSize], [serverPaging], [serverSorting], [serverFiltering], [serverGrouping], [serverAggregates], [IsStaticDataSource]) VALUES (N'51b56f09-9416-4805-9df1-45a5ae580a45', N'62c03615-6ad8-4b6d-82c2-8fe41df5db7b', NULL, 0, NULL, 0, 0, 0, 0, 0, 0)
INSERT INTO [ERPSettings].[ComboBoxDataSource] ([IdComponent], [IdServiceParameters], [error], [autoSync], [pageSize], [serverPaging], [serverSorting], [serverFiltering], [serverGrouping], [serverAggregates], [IsStaticDataSource]) VALUES (N'68c8d0d4-91bd-40c1-88de-b0e28575e663', N'3d74ea73-70bb-4d3e-9901-5c07f8283588', NULL, 0, NULL, 0, 0, 0, 0, 0, 0)
INSERT INTO [ERPSettings].[ComboBoxDataSource] ([IdComponent], [IdServiceParameters], [error], [autoSync], [pageSize], [serverPaging], [serverSorting], [serverFiltering], [serverGrouping], [serverAggregates], [IsStaticDataSource]) VALUES (N'a1763c60-4098-47b3-8a10-77dcc9c1f69d', N'6065dec8-80d7-4a46-9cf3-97b60e4d3e96', NULL, 0, NULL, 0, 0, 0, 0, 0, 0)
INSERT INTO [ERPSettings].[ComboBoxDataSource] ([IdComponent], [IdServiceParameters], [error], [autoSync], [pageSize], [serverPaging], [serverSorting], [serverFiltering], [serverGrouping], [serverAggregates], [IsStaticDataSource]) VALUES (N'bed5ea87-5023-4b36-bf42-a1d37283ef91', N'c6b556d7-c010-4939-9887-4cc12bb69182', NULL, 0, NULL, 0, 0, 0, 0, 0, 0)
INSERT INTO [ERPSettings].[ComboBoxDataSource] ([IdComponent], [IdServiceParameters], [error], [autoSync], [pageSize], [serverPaging], [serverSorting], [serverFiltering], [serverGrouping], [serverAggregates], [IsStaticDataSource]) VALUES (N'c7725ba2-5bec-4ff7-bd0c-329e315f4283', N'499862fc-58cf-47b2-9d7f-26411ef5dd98', NULL, 0, NULL, 0, 0, 0, 0, 0, 0)
INSERT INTO [ERPSettings].[ComboBoxDataSource] ([IdComponent], [IdServiceParameters], [error], [autoSync], [pageSize], [serverPaging], [serverSorting], [serverFiltering], [serverGrouping], [serverAggregates], [IsStaticDataSource]) VALUES (N'ec9ecb5a-ca4d-4481-88b5-90b2dcfd256b', N'17b91184-9770-45bc-9102-eac3e453e2c7', NULL, 0, NULL, 0, 0, 0, 0, 0, 0)
INSERT INTO [ERPSettings].[Module] ([IdModule], [ModuleName], [IdModuleParent], [Rank], [FR], [EN], [AR], [DE], [CH], [ES], [class], [InMenuList]) VALUES (N'155b0f5c-f9a0-4f3d-aae5-85a75a7ffacd', N'Payslip', N'24548e5d-76cc-4fc8-a7ee-02986b9274a7', 7, N'Bulletin de paie', N'Payslip', N'Payslip_AR', N'Payslip_DE', N'Payslip_CH', N'PayslipèES', N'icon-note', 1)
INSERT INTO [ERPSettings].[GridDataSource] ([IdGridOptions], [IdServiceParameters], [error], [autoSync], [pageSize], [serverPaging], [serverSorting], [serverFiltering], [serverGrouping], [serverAggregates], [batch], [Id], [ParentId], [children], [hasChildrens], [expanded]) VALUES (N'0fa0d240-9202-44bf-a1d3-f3ad0464c1eb', N'cb1ca241-896c-4133-8f58-3a42fc578e88', NULL, 0, 10, 1, 0, 1, 0, 0, 0, NULL, NULL, NULL, NULL, NULL)
INSERT INTO [ERPSettings].[GridDataSource] ([IdGridOptions], [IdServiceParameters], [error], [autoSync], [pageSize], [serverPaging], [serverSorting], [serverFiltering], [serverGrouping], [serverAggregates], [batch], [Id], [ParentId], [children], [hasChildrens], [expanded]) VALUES (N'28326791-35e2-4bf1-bd23-2a4fa83909f2', N'4372694f-316f-47e6-a017-194e6bc8f68d', NULL, 0, 5, 0, 0, 0, 0, 0, 0, NULL, NULL, NULL, NULL, NULL)
INSERT INTO [ERPSettings].[GridDataSource] ([IdGridOptions], [IdServiceParameters], [error], [autoSync], [pageSize], [serverPaging], [serverSorting], [serverFiltering], [serverGrouping], [serverAggregates], [batch], [Id], [ParentId], [children], [hasChildrens], [expanded]) VALUES (N'3ba6d383-ffcf-425f-b49e-79695cac7e1f', N'09290de7-7f0a-40b2-87e7-82d18c3c3994', NULL, 0, 5, 0, 0, 0, 0, 0, 0, NULL, NULL, NULL, NULL, NULL)
INSERT INTO [ERPSettings].[GridDataSource] ([IdGridOptions], [IdServiceParameters], [error], [autoSync], [pageSize], [serverPaging], [serverSorting], [serverFiltering], [serverGrouping], [serverAggregates], [batch], [Id], [ParentId], [children], [hasChildrens], [expanded]) VALUES (N'bf1b8933-c13f-45e8-9362-98393965c4eb', N'81db4ccc-702e-44bc-86ed-e9011c0b13cc', NULL, 0, 5, 0, 0, 0, 0, 0, 0, NULL, NULL, NULL, NULL, NULL)
INSERT INTO [ERPSettings].[GridDataSource] ([IdGridOptions], [IdServiceParameters], [error], [autoSync], [pageSize], [serverPaging], [serverSorting], [serverFiltering], [serverGrouping], [serverAggregates], [batch], [Id], [ParentId], [children], [hasChildrens], [expanded]) VALUES (N'cdaf935b-0075-41c4-b367-10635532f35d', N'5d0d3677-9733-405c-afa1-f655941de1c4', NULL, 0, 10, 1, 0, 1, 0, 0, 0, NULL, NULL, NULL, NULL, NULL)
INSERT INTO [ERPSettings].[GridDataSource] ([IdGridOptions], [IdServiceParameters], [error], [autoSync], [pageSize], [serverPaging], [serverSorting], [serverFiltering], [serverGrouping], [serverAggregates], [batch], [Id], [ParentId], [children], [hasChildrens], [expanded]) VALUES (N'e67eb891-e1b6-4f8a-8e1d-f21369a4e2ab', N'c43ef29e-700d-45f0-8c1b-6f54d2f83601', NULL, 0, 5, 0, 0, 0, 0, 0, 0, NULL, NULL, NULL, NULL, NULL)
INSERT INTO [ERPSettings].[GridDataSource] ([IdGridOptions], [IdServiceParameters], [error], [autoSync], [pageSize], [serverPaging], [serverSorting], [serverFiltering], [serverGrouping], [serverAggregates], [batch], [Id], [ParentId], [children], [hasChildrens], [expanded]) VALUES (N'f088304d-2f23-46a8-9d7b-ace78e25442d', N'dc992306-a708-4147-b484-2e6f86e88e61', NULL, 0, 10, 1, 0, 1, 0, 0, 0, NULL, NULL, NULL, NULL, NULL)
INSERT INTO [ERPSettings].[ComboBoxOptions] ([IdComponent], [autoBind], [dataTextField], [dataValueField], [delay], [enable], [filter], [fixedGroupTemplate], [groupTemplate], [height], [headerTemplate], [template], [valueTemplate], [footerTemplate], [change], [close], [dataBound], [filtering], [open], [select], [name]) VALUES (N'51b56f09-9416-4805-9df1-45a5ae580a45', 1, N'Label', N'Id', NULL, 1, N'contains', NULL, NULL, 500, NULL, NULL, NULL, NULL, NULL, NULL, NULL, NULL, NULL, NULL, N'IdApplicability')
INSERT INTO [ERPSettings].[ComboBoxOptions] ([IdComponent], [autoBind], [dataTextField], [dataValueField], [delay], [enable], [filter], [fixedGroupTemplate], [groupTemplate], [height], [headerTemplate], [template], [valueTemplate], [footerTemplate], [change], [close], [dataBound], [filtering], [open], [select], [name]) VALUES (N'68c8d0d4-91bd-40c1-88de-b0e28575e663', 1, N'SalaryStructureReference', N'Id', NULL, 1, N'contains', NULL, NULL, 500, NULL, NULL, NULL, NULL, NULL, NULL, NULL, NULL, NULL, NULL, N'IdParent')
INSERT INTO [ERPSettings].[ComboBoxOptions] ([IdComponent], [autoBind], [dataTextField], [dataValueField], [delay], [enable], [filter], [fixedGroupTemplate], [groupTemplate], [height], [headerTemplate], [template], [valueTemplate], [footerTemplate], [change], [close], [dataBound], [filtering], [open], [select], [name]) VALUES (N'a1763c60-4098-47b3-8a10-77dcc9c1f69d', 1, N'SalaryStructureReference', N'Id', NULL, 1, N'contains', NULL, NULL, 500, NULL, NULL, NULL, NULL, NULL, NULL, NULL, NULL, NULL, NULL, N'IdParent')
INSERT INTO [ERPSettings].[ComboBoxOptions] ([IdComponent], [autoBind], [dataTextField], [dataValueField], [delay], [enable], [filter], [fixedGroupTemplate], [groupTemplate], [height], [headerTemplate], [template], [valueTemplate], [footerTemplate], [change], [close], [dataBound], [filtering], [open], [select], [name]) VALUES (N'bed5ea87-5023-4b36-bf42-a1d37283ef91', 1, N'SalaryStructureReference', N'Id', NULL, 1, N'contains', NULL, NULL, 500, NULL, NULL, NULL, NULL, NULL, NULL, NULL, NULL, NULL, NULL, N'IdParent')
INSERT INTO [ERPSettings].[ComboBoxOptions] ([IdComponent], [autoBind], [dataTextField], [dataValueField], [delay], [enable], [filter], [fixedGroupTemplate], [groupTemplate], [height], [headerTemplate], [template], [valueTemplate], [footerTemplate], [change], [close], [dataBound], [filtering], [open], [select], [name]) VALUES (N'c7725ba2-5bec-4ff7-bd0c-329e315f4283', 1, N'Label', N'Id', NULL, 1, N'contains', NULL, NULL, 500, NULL, NULL, NULL, NULL, NULL, NULL, NULL, NULL, NULL, NULL, N'IdRuleType')
INSERT INTO [ERPSettings].[ComboBoxOptions] ([IdComponent], [autoBind], [dataTextField], [dataValueField], [delay], [enable], [filter], [fixedGroupTemplate], [groupTemplate], [height], [headerTemplate], [template], [valueTemplate], [footerTemplate], [change], [close], [dataBound], [filtering], [open], [select], [name]) VALUES (N'ec9ecb5a-ca4d-4481-88b5-90b2dcfd256b', 1, N'Label', N'Id', NULL, 1, N'contains', NULL, NULL, 500, NULL, NULL, NULL, NULL, NULL, NULL, NULL, NULL, NULL, NULL, N'IdRuleCategory')
INSERT INTO [ERPSettings].[Filter] ([IdFilter], [IdPredicateFormat], [Prop], [Operation], [Value], [IsDynamicValue], [TransactionUserId], [IsDeleted], [IsSearchPredicate], [Deleted_Token], [Type]) VALUES (N'0c0ada17-43cf-46b7-bf7c-2524ed11797c', N'd317f57a-3e04-4523-b6e8-30753031afcb', N'SalaryStructureReference', 2, NULL, 0, NULL, 0, 1, NULL, NULL)
INSERT INTO [ERPSettings].[Filter] ([IdFilter], [IdPredicateFormat], [Prop], [Operation], [Value], [IsDynamicValue], [TransactionUserId], [IsDeleted], [IsSearchPredicate], [Deleted_Token], [Type]) VALUES (N'21474cad-5cf9-4c5c-91f4-03d9968eb469', N'30866fb3-07b2-486e-aac5-c8de29a8bd8e', N'IdConstantRate', 1, NULL, 1, NULL, 0, NULL, NULL, NULL)
INSERT INTO [ERPSettings].[Filter] ([IdFilter], [IdPredicateFormat], [Prop], [Operation], [Value], [IsDynamicValue], [TransactionUserId], [IsDeleted], [IsSearchPredicate], [Deleted_Token], [Type]) VALUES (N'3c0c5bfc-2096-45ad-a01f-5ab474e52415', N'd317f57a-3e04-4523-b6e8-30753031afcb', N'Name', 2, NULL, 0, NULL, 0, 1, NULL, NULL)
INSERT INTO [ERPSettings].[Filter] ([IdFilter], [IdPredicateFormat], [Prop], [Operation], [Value], [IsDynamicValue], [TransactionUserId], [IsDeleted], [IsSearchPredicate], [Deleted_Token], [Type]) VALUES (N'616a9f29-1551-4410-a854-e82fd91df0e4', N'f7a49ff1-02b2-449e-8da1-3cb50202e587', N'Id', 1, NULL, 1, NULL, 0, NULL, NULL, NULL)
INSERT INTO [ERPSettings].[Filter] ([IdFilter], [IdPredicateFormat], [Prop], [Operation], [Value], [IsDynamicValue], [TransactionUserId], [IsDeleted], [IsSearchPredicate], [Deleted_Token], [Type]) VALUES (N'bb287026-2d5e-4a0e-9bd9-ae139b57b724', N'df477eb1-b196-4f61-aa5c-88fa1844fad1', N'IdConstantValue', 1, NULL, 1, NULL, 0, NULL, NULL, NULL)
INSERT INTO [ERPSettings].[Menu] ([IdMenu], [IdFunctionnality], [DefaultRoute], [Picture], [Rank], [FR], [EN], [AR], [DE], [CH], [ES], [class], [IsVisible], [InMenuList]) VALUES (N'9f16fbf6-5ab2-4c81-bf53-17d47f833f45', N'0acce7c4-1da6-4276-a199-a4db6270bfd7', N'/payroll/payslip/update', NULL, 2, N'Modifier', N'Updtae', N'Modifier_AR', N'Modifier_DE', N'Modifier_CH', N'Modifier_ES', N'fa fa-chevron-right', NULL, 0)
INSERT INTO [ERPSettings].[Menu] ([IdMenu], [IdFunctionnality], [DefaultRoute], [Picture], [Rank], [FR], [EN], [AR], [DE], [CH], [ES], [class], [IsVisible], [InMenuList]) VALUES (N'b1c6f86b-12fb-4951-b955-ca86643d493d', N'06eb3687-d016-4597-9538-c1eaed785b50', N'/payroll/payslip/list', NULL, 3, N'Liste', N'List', N'Liste_AR', N'Liste_DE', N'Liste_CH', N'Liste_ES', N'fa fa-chevron-right', NULL, 1)
INSERT INTO [ERPSettings].[Menu] ([IdMenu], [IdFunctionnality], [DefaultRoute], [Picture], [Rank], [FR], [EN], [AR], [DE], [CH], [ES], [class], [IsVisible], [InMenuList]) VALUES (N'c5e33645-5948-4bb4-b52a-7b352e424463', N'5d854334-c1b7-48c8-8811-7a37ca16dc7b', N'/payroll/variable/update', NULL, 2, N'Modifier variable', N'Update variable', N'Modifier variable_AR', N'Modifier variable_DE', N'Modifier variable_CH', N'Modifier variable_ES', N'fa fa-chevron-right', NULL, 0)
INSERT INTO [ERPSettings].[Menu] ([IdMenu], [IdFunctionnality], [DefaultRoute], [Picture], [Rank], [FR], [EN], [AR], [DE], [CH], [ES], [class], [IsVisible], [InMenuList]) VALUES (N'c6130b85-b8e1-4d37-9c2f-2afcf1536005', N'71a1d18f-85e1-4c77-ac51-fd731dcd925f', N'/payroll/payslip/add', NULL, 1, N'Ajouter bulletin de paie', N'Add payslip', N'Ajouter bulletin de paie_AR', N'Ajouter bulletin de paie_DE', N'Ajouter bulletin de paie_CH', N'Ajouter bulletin de paie_ES', N'fa fa-chevron-right', NULL, 1)
INSERT INTO [ERPSettings].[CheckBoxComponent] ([IdComponent], [Checked], [ng_change]) VALUES (N'38438358-79a4-4a11-ad34-6b5162d3458c', 1, NULL)
INSERT INTO [ERPSettings].[ButtonComponent] ([IdComponent], [ng_model], [ng_click], [type], [ButtonType], [IdServiceParameter], [ngDisabled]) VALUES (N'019d04b1-234d-4b71-afa3-ef11f67559c2', N'', N'bController.baseService.actionService.save(''019d04b1-234d-4b71-afa3-ef11f67559c2'')', N'submit', 0, N'b3436913-8d94-405e-a50b-3182b5197996', NULL)
INSERT INTO [ERPSettings].[ButtonComponent] ([IdComponent], [ng_model], [ng_click], [type], [ButtonType], [IdServiceParameter], [ngDisabled]) VALUES (N'04aecf7a-4b69-494b-85ba-d21db83cac80', N'', N'bController.baseService.actionService.redirectionService.redirectTo(''/payroll/salarystructure/add'')', N'submit', 0, NULL, NULL)
INSERT INTO [ERPSettings].[ButtonComponent] ([IdComponent], [ng_model], [ng_click], [type], [ButtonType], [IdServiceParameter], [ngDisabled]) VALUES (N'0ffce95f-55ad-4e99-8389-fc7d55b0b74a', N'', N'bController.baseService.actionService.redirectionService.redirectTo(''/payroll/variable/list'')', N'submit', 0, NULL, NULL)
INSERT INTO [ERPSettings].[ButtonComponent] ([IdComponent], [ng_model], [ng_click], [type], [ButtonType], [IdServiceParameter], [ngDisabled]) VALUES (N'1726a79c-9700-412c-9e82-cbcb103fa61d', N'', N'bController.baseService.actionService.redirectionService.redirectTo(''/payroll/salarystructure/list'')', N'submit', 0, NULL, NULL)
INSERT INTO [ERPSettings].[ButtonComponent] ([IdComponent], [ng_model], [ng_click], [type], [ButtonType], [IdServiceParameter], [ngDisabled]) VALUES (N'1b3aa138-60cd-4bc7-b548-36cfe607fb80', N'', N'bController.baseService.actionService.redirectionService.redirectTo(''/payroll/variable/add'')', N'submit', 0, NULL, NULL)
INSERT INTO [ERPSettings].[ButtonComponent] ([IdComponent], [ng_model], [ng_click], [type], [ButtonType], [IdServiceParameter], [ngDisabled]) VALUES (N'3eb0d749-68a6-4b38-acce-a4e6883a69b3', N'', N'bController.baseService.actionService.redirectionService.redirectTo(''/payroll/constantvalue/add'')', N'submit', 0, NULL, NULL)
INSERT INTO [ERPSettings].[ButtonComponent] ([IdComponent], [ng_model], [ng_click], [type], [ButtonType], [IdServiceParameter], [ngDisabled]) VALUES (N'542ff33f-7353-4fd2-94b2-8274bbde3065', N'', N'bController.baseService.actionService.save(''542ff33f-7353-4fd2-94b2-8274bbde3065'')', N'submit', 0, N'de918dbe-29e0-4082-85e9-fc2d57854f64', NULL)
INSERT INTO [ERPSettings].[ButtonComponent] ([IdComponent], [ng_model], [ng_click], [type], [ButtonType], [IdServiceParameter], [ngDisabled]) VALUES (N'7a4cfbe8-ca43-4489-9f34-f7550d68cf3e', N'', N'bController.baseService.actionService.save(''7a4cfbe8-ca43-4489-9f34-f7550d68cf3e'')', N'submit', 0, N'fec86504-5829-47be-80f5-6cdaec9eb353', NULL)
INSERT INTO [ERPSettings].[ButtonComponent] ([IdComponent], [ng_model], [ng_click], [type], [ButtonType], [IdServiceParameter], [ngDisabled]) VALUES (N'83b8bb43-eb7f-4d26-8618-e85e49ea1f99', N'', N'bController.baseService.actionService.redirectionService.redirectTo(''/payroll/constantrate/list'')', N'submit', 0, NULL, NULL)
INSERT INTO [ERPSettings].[ButtonComponent] ([IdComponent], [ng_model], [ng_click], [type], [ButtonType], [IdServiceParameter], [ngDisabled]) VALUES (N'8add60b9-5b5e-4091-84cf-e3c9d5d25c8c', N'', N'bController.baseService.actionService.redirectionService.redirectTo(''/payroll/salaryrule/add'')', N'submit', 0, NULL, NULL)
INSERT INTO [ERPSettings].[ButtonComponent] ([IdComponent], [ng_model], [ng_click], [type], [ButtonType], [IdServiceParameter], [ngDisabled]) VALUES (N'9d65d896-7a15-4546-8597-b7fb7b2c92b6', N'', N'bController.baseService.actionService.addToGrid(''9d65d896-7a15-4546-8597-b7fb7b2c92b6'',''28326791-35e2-4bf1-bd23-2a4fa83909f2'')', N'submit', 0, NULL, NULL)
INSERT INTO [ERPSettings].[ButtonComponent] ([IdComponent], [ng_model], [ng_click], [type], [ButtonType], [IdServiceParameter], [ngDisabled]) VALUES (N'afe2eb75-42f2-4594-9115-a1f94ee80c1d', N'', N'bController.baseService.actionService.redirectionService.redirectTo(''/payroll/salarystructure/list'')', N'submit', 0, NULL, NULL)
INSERT INTO [ERPSettings].[ButtonComponent] ([IdComponent], [ng_model], [ng_click], [type], [ButtonType], [IdServiceParameter], [ngDisabled]) VALUES (N'b6a8b606-8665-48e6-8309-6f89d8a09939', N'', N'bController.baseService.actionService.redirectionService.redirectTo(''/payroll/salarystructure/list'')', N'submit', 0, NULL, NULL)
INSERT INTO [ERPSettings].[ButtonComponent] ([IdComponent], [ng_model], [ng_click], [type], [ButtonType], [IdServiceParameter], [ngDisabled]) VALUES (N'e65cea85-5abb-427f-9cd7-2c72944c3de7', N'', N'bController.baseService.actionService.redirectionService.redirectTo(''/payroll/constantrate/add'')', N'submit', 0, NULL, NULL)
INSERT INTO [ERPSettings].[ButtonComponent] ([IdComponent], [ng_model], [ng_click], [type], [ButtonType], [IdServiceParameter], [ngDisabled]) VALUES (N'e7abbd11-a926-42f9-8726-f48e41c828b0', N'', N'bController.baseService.actionService.redirectionService.redirectTo(''/payroll/constantvalue/list'')', N'submit', 0, NULL, NULL)
INSERT INTO [ERPSettings].[ButtonComponent] ([IdComponent], [ng_model], [ng_click], [type], [ButtonType], [IdServiceParameter], [ngDisabled]) VALUES (N'ee51a5db-eb44-4506-ab5d-13ee26446ab3', N'', N'bController.baseService.actionService.save(''ee51a5db-eb44-4506-ab5d-13ee26446ab3'')', N'submit', 0, N'2bd71214-0c5e-4175-8b53-f114e7ac91ed', NULL)
INSERT INTO [ERPSettings].[ButtonComponent] ([IdComponent], [ng_model], [ng_click], [type], [ButtonType], [IdServiceParameter], [ngDisabled]) VALUES (N'f0721794-23a7-42a3-b5e9-351e66ca6376', N'', N'bController.baseService.actionService.save(''f0721794-23a7-42a3-b5e9-351e66ca6376'')', N'submit', 0, N'8386ebe0-0c0b-4293-b1d9-31449bab9fde', NULL)
INSERT INTO [ERPSettings].[ButtonComponent] ([IdComponent], [ng_model], [ng_click], [type], [ButtonType], [IdServiceParameter], [ngDisabled]) VALUES (N'f64ebdc0-620e-4c5b-b33f-89fc54138abc', N'', N'bController.baseService.actionService.addToGrid(''f64ebdc0-620e-4c5b-b33f-89fc54138abc'',''3ba6d383-ffcf-425f-b49e-79695cac7e1f'')', N'submit', 0, NULL, NULL)
INSERT INTO [ERPSettings].[ButtonComponent] ([IdComponent], [ng_model], [ng_click], [type], [ButtonType], [IdServiceParameter], [ngDisabled]) VALUES (N'fdad2776-5bb4-4890-93ef-a363642d7b67', N'', N'bController.baseService.actionService.save(''fdad2776-5bb4-4890-93ef-a363642d7b67'')', N'submit', 0, N'619675ce-0735-4f42-b4b4-fb476b85567c', NULL)
INSERT INTO [ERPSettings].[ButtonComponent] ([IdComponent], [ng_model], [ng_click], [type], [ButtonType], [IdServiceParameter], [ngDisabled]) VALUES (N'fec36bc6-da1f-4f29-b3e5-2f7f1ddca630', N'', N'bController.baseService.actionService.save(''fec36bc6-da1f-4f29-b3e5-2f7f1ddca630'')', N'submit', 0, N'f948c704-a456-49dc-b156-4e7ab049cd99', NULL)
INSERT INTO [ERPSettings].[FunctionnalityModule] ([IdFunctionnalityModule], [IdFunctionnality], [IdModule]) VALUES (N'033cc96f-2bae-49f4-82bc-dd76e6278590', N'5d854334-c1b7-48c8-8811-7a37ca16dc7b', N'd23aaf9e-127b-417c-ba8a-a31c41c3a97e')
INSERT INTO [ERPSettings].[FunctionnalityModule] ([IdFunctionnalityModule], [IdFunctionnality], [IdModule]) VALUES (N'098f191a-71ff-4d84-8188-f59f6d2d7bbb', N'71a1d18f-85e1-4c77-ac51-fd731dcd925f', N'155b0f5c-f9a0-4f3d-aae5-85a75a7ffacd')
INSERT INTO [ERPSettings].[FunctionnalityModule] ([IdFunctionnalityModule], [IdFunctionnality], [IdModule]) VALUES (N'339434dd-b9d9-460d-b95d-797daa6c76b5', N'0acce7c4-1da6-4276-a199-a4db6270bfd7', N'155b0f5c-f9a0-4f3d-aae5-85a75a7ffacd')
INSERT INTO [ERPSettings].[FunctionnalityModule] ([IdFunctionnalityModule], [IdFunctionnality], [IdModule]) VALUES (N'f05e9623-57cc-402c-a1ea-b5655fdc44c0', N'06eb3687-d016-4597-9538-c1eaed785b50', N'155b0f5c-f9a0-4f3d-aae5-85a75a7ffacd')
INSERT INTO [ERPSettings].[Relation] ([IdRelation], [IdPredicateFormat], [Prop], [TransactionUserId], [IsDeleted], [Deleted_Token]) VALUES (N'133c315c-6792-4657-a6e9-9d3b14448c51', N'0c0761f5-ed91-48b2-937e-096854c68ecb', N'IdRuleUniqueReferenceNavigation', NULL, 0, NULL)
INSERT INTO [ERPSettings].[Relation] ([IdRelation], [IdPredicateFormat], [Prop], [TransactionUserId], [IsDeleted], [Deleted_Token]) VALUES (N'1de638a7-4359-4435-bf49-18fe13923eaa', N'0c0761f5-ed91-48b2-937e-096854c68ecb', N'IdRuleCategoryNavigation', NULL, 0, NULL)
INSERT INTO [ERPSettings].[Relation] ([IdRelation], [IdPredicateFormat], [Prop], [TransactionUserId], [IsDeleted], [Deleted_Token]) VALUES (N'24ad3c25-5ff7-4ce2-9178-8385d56453ca', N'0c8546d6-a65f-4717-b058-40efd1b58a22', N'ConstantValueValidityPeriod', NULL, 0, NULL)
INSERT INTO [ERPSettings].[Relation] ([IdRelation], [IdPredicateFormat], [Prop], [TransactionUserId], [IsDeleted], [Deleted_Token]) VALUES (N'28228f3e-510e-456e-afb0-ba745e20bdd2', N'10a101ff-637f-4687-a04f-ef8f068f5fea', N'ConstantRateValidityPeriod', NULL, 0, NULL)
INSERT INTO [ERPSettings].[Relation] ([IdRelation], [IdPredicateFormat], [Prop], [TransactionUserId], [IsDeleted], [Deleted_Token]) VALUES (N'33cabf25-c510-4b21-9495-ff461d3d8730', N'0c0761f5-ed91-48b2-937e-096854c68ecb', N'IdApplicabilityNavigation', NULL, 0, NULL)
INSERT INTO [ERPSettings].[Relation] ([IdRelation], [IdPredicateFormat], [Prop], [TransactionUserId], [IsDeleted], [Deleted_Token]) VALUES (N'5b9ff3b4-318a-4700-be91-53cf5bc20ebd', N'0c8546d6-a65f-4717-b058-40efd1b58a22', N'IdRuleUniqueReferenceNavigation', NULL, 0, NULL)
INSERT INTO [ERPSettings].[Relation] ([IdRelation], [IdPredicateFormat], [Prop], [TransactionUserId], [IsDeleted], [Deleted_Token]) VALUES (N'98a4cd8f-f0e7-4cd2-a291-c8db0aee29f4', N'7d380af5-9463-4fdb-8aa7-09f5ff8f6720', N'IdRuleTypeNavigation', NULL, 0, NULL)
INSERT INTO [ERPSettings].[Relation] ([IdRelation], [IdPredicateFormat], [Prop], [TransactionUserId], [IsDeleted], [Deleted_Token]) VALUES (N'9e59ed31-b0f5-4efa-bfc9-d9772d40eec6', N'23a2b31d-9b77-40d8-9d16-26366f213a3d', N'IdRuleUniqueReferenceNavigation', NULL, 0, NULL)
INSERT INTO [ERPSettings].[Relation] ([IdRelation], [IdPredicateFormat], [Prop], [TransactionUserId], [IsDeleted], [Deleted_Token]) VALUES (N'c357b2fd-76f3-4444-94f1-24c4c45c1246', N'10a101ff-637f-4687-a04f-ef8f068f5fea', N'IdRuleUniqueReferenceNavigation', NULL, 0, NULL)
INSERT INTO [ERPSettings].[Relation] ([IdRelation], [IdPredicateFormat], [Prop], [TransactionUserId], [IsDeleted], [Deleted_Token]) VALUES (N'c3781cbd-0f05-4049-af26-f481c1a06259', N'0c0761f5-ed91-48b2-937e-096854c68ecb', N'IdRuleTypeNavigation', NULL, 0, NULL)
INSERT INTO [ERPSettings].[Relation] ([IdRelation], [IdPredicateFormat], [Prop], [TransactionUserId], [IsDeleted], [Deleted_Token]) VALUES (N'eca7a3e7-8612-4f0d-aaf9-f4bec81a92f4', N'd1c8319b-9963-4b76-bfbe-bd29891601c1', N'IdParentNavigation', NULL, 0, NULL)
INSERT INTO [ERPSettings].[GridOptions] ([IdGridOptions], [name], [allowCopy], [altRowTemplate], [autoBind], [dataBound], [columnResizeHandleWidth], [columnMenu], [detailTemplate], [editable], [filterable], [groupable], [height], [mobile], [navigatable], [noRecords], [pageable], [reorderable], [resizable], [rowTemplate], [scrollable], [selectable], [sortable], [excel], [pdf], [checkboxes], [dataTextField], [select], [check], [expand], [loadOnDemand]) VALUES (N'0fa0d240-9202-44bf-a1d3-f3ad0464c1eb', NULL, 0, N'True', 1, NULL, NULL, 0, NULL, 0, 1, 1, NULL, 0, 1, 0, 1, 0, 1, NULL, 1, N'1', 1, 1, 1, NULL, NULL, NULL, NULL, NULL, NULL)
INSERT INTO [ERPSettings].[GridOptions] ([IdGridOptions], [name], [allowCopy], [altRowTemplate], [autoBind], [dataBound], [columnResizeHandleWidth], [columnMenu], [detailTemplate], [editable], [filterable], [groupable], [height], [mobile], [navigatable], [noRecords], [pageable], [reorderable], [resizable], [rowTemplate], [scrollable], [selectable], [sortable], [excel], [pdf], [checkboxes], [dataTextField], [select], [check], [expand], [loadOnDemand]) VALUES (N'28326791-35e2-4bf1-bd23-2a4fa83909f2', NULL, 0, N'True', 1, NULL, NULL, 0, NULL, 0, 1, 1, 500, 0, 1, 0, 1, 0, 1, NULL, 1, N'0', 1, 0, 0, NULL, NULL, NULL, NULL, NULL, NULL)
INSERT INTO [ERPSettings].[GridOptions] ([IdGridOptions], [name], [allowCopy], [altRowTemplate], [autoBind], [dataBound], [columnResizeHandleWidth], [columnMenu], [detailTemplate], [editable], [filterable], [groupable], [height], [mobile], [navigatable], [noRecords], [pageable], [reorderable], [resizable], [rowTemplate], [scrollable], [selectable], [sortable], [excel], [pdf], [checkboxes], [dataTextField], [select], [check], [expand], [loadOnDemand]) VALUES (N'3ba6d383-ffcf-425f-b49e-79695cac7e1f', NULL, 0, N'True', 1, NULL, NULL, 0, NULL, 0, 1, 1, 500, 0, 1, 0, 1, 0, 1, NULL, 1, N'0', 1, 0, 0, NULL, NULL, NULL, NULL, NULL, NULL)
INSERT INTO [ERPSettings].[GridOptions] ([IdGridOptions], [name], [allowCopy], [altRowTemplate], [autoBind], [dataBound], [columnResizeHandleWidth], [columnMenu], [detailTemplate], [editable], [filterable], [groupable], [height], [mobile], [navigatable], [noRecords], [pageable], [reorderable], [resizable], [rowTemplate], [scrollable], [selectable], [sortable], [excel], [pdf], [checkboxes], [dataTextField], [select], [check], [expand], [loadOnDemand]) VALUES (N'bf1b8933-c13f-45e8-9362-98393965c4eb', NULL, 0, N'True', 1, NULL, NULL, 0, NULL, 0, 1, 1, 500, 0, 1, 0, 1, 0, 1, NULL, 1, N'0', 1, 1, 1, NULL, NULL, NULL, NULL, NULL, NULL)
INSERT INTO [ERPSettings].[GridOptions] ([IdGridOptions], [name], [allowCopy], [altRowTemplate], [autoBind], [dataBound], [columnResizeHandleWidth], [columnMenu], [detailTemplate], [editable], [filterable], [groupable], [height], [mobile], [navigatable], [noRecords], [pageable], [reorderable], [resizable], [rowTemplate], [scrollable], [selectable], [sortable], [excel], [pdf], [checkboxes], [dataTextField], [select], [check], [expand], [loadOnDemand]) VALUES (N'cdaf935b-0075-41c4-b367-10635532f35d', NULL, 0, N'True', 1, NULL, NULL, 0, NULL, 0, 1, 1, NULL, 0, 1, 0, 1, 0, 1, NULL, 1, N'1', 1, 1, 1, NULL, NULL, NULL, NULL, NULL, NULL)
INSERT INTO [ERPSettings].[GridOptions] ([IdGridOptions], [name], [allowCopy], [altRowTemplate], [autoBind], [dataBound], [columnResizeHandleWidth], [columnMenu], [detailTemplate], [editable], [filterable], [groupable], [height], [mobile], [navigatable], [noRecords], [pageable], [reorderable], [resizable], [rowTemplate], [scrollable], [selectable], [sortable], [excel], [pdf], [checkboxes], [dataTextField], [select], [check], [expand], [loadOnDemand]) VALUES (N'e67eb891-e1b6-4f8a-8e1d-f21369a4e2ab', NULL, 0, N'True', 1, NULL, NULL, 0, NULL, 0, 1, 1, 500, 0, 1, 0, 1, 0, 1, NULL, 1, N'0', 1, 1, 1, NULL, NULL, NULL, NULL, NULL, NULL)
INSERT INTO [ERPSettings].[GridOptions] ([IdGridOptions], [name], [allowCopy], [altRowTemplate], [autoBind], [dataBound], [columnResizeHandleWidth], [columnMenu], [detailTemplate], [editable], [filterable], [groupable], [height], [mobile], [navigatable], [noRecords], [pageable], [reorderable], [resizable], [rowTemplate], [scrollable], [selectable], [sortable], [excel], [pdf], [checkboxes], [dataTextField], [select], [check], [expand], [loadOnDemand]) VALUES (N'f088304d-2f23-46a8-9d7b-ace78e25442d', NULL, 0, N'True', 1, NULL, NULL, 0, NULL, 0, 1, 1, NULL, 0, 1, 0, 1, 0, 1, NULL, 1, N'1', 1, 1, 1, NULL, NULL, NULL, NULL, NULL, NULL)

ALTER TABLE [ERPSettings].[DialogComponent]
    ADD CONSTRAINT [FK_DialogComponent_Component] FOREIGN KEY ([IdComponent]) REFERENCES [ERPSettings].[Component] ([IdComponent])
ALTER TABLE [ERPSettings].[GridOptions]
    ADD CONSTRAINT [FK_GridOptions_GridComponent] FOREIGN KEY ([IdGridOptions]) REFERENCES [ERPSettings].[GridComponent] ([IdComponent])
ALTER TABLE [ERPSettings].[RadioButtonComponentDetails]
    ADD CONSTRAINT [FK_RadioButtonComponentDetails_Component] FOREIGN KEY ([IdComponent]) REFERENCES [ERPSettings].[Component] ([IdComponent])
ALTER TABLE [ERPSettings].[Relation]
    ADD CONSTRAINT [FK_Relation_PredicateFormat] FOREIGN KEY ([IdPredicateFormat]) REFERENCES [ERPSettings].[PredicateFormat] ([IdPredicateFormat])
ALTER TABLE [ERPSettings].[RadioButtonComponent]
    ADD CONSTRAINT [FK_RadioButtonComponent_Component] FOREIGN KEY ([IdComponent]) REFERENCES [ERPSettings].[Component] ([IdComponent])

ALTER TABLE [ERPSettings].[FunctionnalityModule]
    ADD CONSTRAINT [FK_FunctionnalityModule_Functionality] FOREIGN KEY ([IdFunctionnality]) REFERENCES [ERPSettings].[Functionality] ([IdFunctionality])
ALTER TABLE [ERPSettings].[FunctionnalityModule]
    ADD CONSTRAINT [FK_FunctionnalityModule_Module] FOREIGN KEY ([IdModule]) REFERENCES [ERPSettings].[Module] ([IdModule])
ALTER TABLE [ERPSettings].[ButtonComponent]
    ADD CONSTRAINT [FK_ButtonComponent_Component] FOREIGN KEY ([IdComponent]) REFERENCES [ERPSettings].[Component] ([IdComponent])
ALTER TABLE [ERPSettings].[ButtonComponent]
    ADD CONSTRAINT [FK_ButtonComponent_ServiceParameters] FOREIGN KEY ([IdServiceParameter]) REFERENCES [ERPSettings].[ServiceParameters] ([IdServiceParameters])
ALTER TABLE [ERPSettings].[CheckBoxComponent]
    ADD CONSTRAINT [FK_CheckBoxComponent_Component] FOREIGN KEY ([IdComponent]) REFERENCES [ERPSettings].[Component] ([IdComponent])

ALTER TABLE [ERPSettings].[Menu]
    ADD CONSTRAINT [FK_Menu_Functionality] FOREIGN KEY ([IdFunctionnality]) REFERENCES [ERPSettings].[Functionality] ([IdFunctionality])
ALTER TABLE [ERPSettings].[Filter]
    ADD CONSTRAINT [FK_Filter_PredicateFormat] FOREIGN KEY ([IdPredicateFormat]) REFERENCES [ERPSettings].[PredicateFormat] ([IdPredicateFormat])
ALTER TABLE [ERPSettings].[InputDatePickerOptions]
    ADD CONSTRAINT [FK_InputDatePickerOptions_InputComponent] FOREIGN KEY ([IdDatePickerOptions]) REFERENCES [ERPSettings].[InputComponent] ([IdComponent])

ALTER TABLE [ERPSettings].[LabelComponent]
    ADD CONSTRAINT [FK_LabelComponent_Component] FOREIGN KEY ([IdComponent]) REFERENCES [ERPSettings].[Component] ([IdComponent])
ALTER TABLE [ERPSettings].[ComboBoxOptions]
    ADD CONSTRAINT [FK_ComboBoxOptions_ComboBoxComponent] FOREIGN KEY ([IdComponent]) REFERENCES [ERPSettings].[ComboBoxComponent] ([IdComponent])
ALTER TABLE [ERPSettings].[RoleInfo]
    ADD CONSTRAINT [FK_Information_RoleInfo] FOREIGN KEY ([IdInformation]) REFERENCES [ERPSettings].[Information] ([IdInfo])
ALTER TABLE [ERPSettings].[RoleInfo]
    ADD CONSTRAINT [FK_Role_RoleInfo] FOREIGN KEY ([IdRole]) REFERENCES [ERPSettings].[Role] ([Id])
ALTER TABLE [ERPSettings].[CheckBoxComponentDetails]
    ADD CONSTRAINT [FK_CheckBoxDetailsComponent_Component] FOREIGN KEY ([IdComponent]) REFERENCES [ERPSettings].[Component] ([IdComponent])
ALTER TABLE [ERPSettings].[GridDataSource]
    ADD CONSTRAINT [FK_GridDataSource_GridOptions] FOREIGN KEY ([IdGridOptions]) REFERENCES [ERPSettings].[GridOptions] ([IdGridOptions])
ALTER TABLE [ERPSettings].[GridDataSource]
    ADD CONSTRAINT [FK_GridDataSource_ServiceParameters] FOREIGN KEY ([IdServiceParameters]) REFERENCES [ERPSettings].[ServiceParameters] ([IdServiceParameters])
ALTER TABLE [ERPSettings].[Module]
    ADD CONSTRAINT [FK_Module_Module] FOREIGN KEY ([IdModuleParent]) REFERENCES [ERPSettings].[Module] ([IdModule])
ALTER TABLE [ERPSettings].[UserRole]
    ADD CONSTRAINT [FK_UserRole_Role] FOREIGN KEY ([IdRole]) REFERENCES [ERPSettings].[Role] ([Id]) ON DELETE CASCADE
ALTER TABLE [ERPSettings].[UserRole]
    ADD CONSTRAINT [FK_UserRole_User] FOREIGN KEY ([IdUser]) REFERENCES [ERPSettings].[User] ([Id]) ON DELETE CASCADE
ALTER TABLE [ERPSettings].[ComboBoxDataSourceItems]
    ADD CONSTRAINT [FK_ComboBoxDataSourceItems_ComboBoxDataSource] FOREIGN KEY ([IdComboBoxDataSource]) REFERENCES [ERPSettings].[ComboBoxDataSource] ([IdComponent])
ALTER TABLE [ERPSettings].[ComboBoxDataSource]
    ADD CONSTRAINT [FK_ComboBoxDataSource_ComboBoxOptions] FOREIGN KEY ([IdComponent]) REFERENCES [ERPSettings].[ComboBoxOptions] ([IdComponent])
ALTER TABLE [ERPSettings].[ComboBoxDataSource]
    ADD CONSTRAINT [FK_ComboBoxDataSource_ServiceParameters] FOREIGN KEY ([IdServiceParameters]) REFERENCES [ERPSettings].[ServiceParameters] ([IdServiceParameters])

ALTER TABLE [ERPSettings].[FieldSetComponent]
    ADD CONSTRAINT [FK_FieldSetComponent_Component] FOREIGN KEY ([IdComponent]) REFERENCES [ERPSettings].[Component] ([IdComponent])
ALTER TABLE [ERPSettings].[EntityCodification]
    ADD CONSTRAINT [FK_EntityCodification_Codification] FOREIGN KEY ([IdCodification]) REFERENCES [ERPSettings].[Codification] ([Id])
ALTER TABLE [ERPSettings].[EntityCodification]
    ADD CONSTRAINT [FK_EntityCodification_Entity] FOREIGN KEY ([IdEntity]) REFERENCES [ERPSettings].[Entity] ([Id])
ALTER TABLE [ERPSettings].[Entity]
    ADD CONSTRAINT [FK_Entity_Entity] FOREIGN KEY ([IdRelatedEntity]) REFERENCES [ERPSettings].[Entity] ([Id])

ALTER TABLE [ERPSettings].[GridComponent]
    ADD CONSTRAINT [FK_GridComponent_Component] FOREIGN KEY ([IdComponent]) REFERENCES [ERPSettings].[Component] ([IdComponent])

ALTER TABLE [ERPSettings].[ReportParameters]
    ADD CONSTRAINT [FK_ReportViewerParameters_ReportViewerComponent] FOREIGN KEY ([IdComponent]) REFERENCES [ERPSettings].[ReportComponent] ([IdComponent])
ALTER TABLE [ERPSettings].[ReportComponent]
    ADD CONSTRAINT [FK_ReportViewerComponent_Component] FOREIGN KEY ([IdComponent]) REFERENCES [ERPSettings].[Component] ([IdComponent])


ALTER TABLE [ERPSettings].[ModuleByUser]
    ADD CONSTRAINT [FK_ModuleByUser_Module] FOREIGN KEY ([IdModule]) REFERENCES [ERPSettings].[Module] ([IdModule])
ALTER TABLE [ERPSettings].[ModuleByUser]
    ADD CONSTRAINT [FK_ModuleByUser_User] FOREIGN KEY ([IdUser]) REFERENCES [ERPSettings].[User] ([Id]) ON DELETE CASCADE
ALTER TABLE [ERPSettings].[Information]
    ADD CONSTRAINT [FK_Information_Functionality] FOREIGN KEY ([IdFunctionality]) REFERENCES [ERPSettings].[Functionality] ([IdFunctionality])

ALTER TABLE [ERPSettings].[OrderBy]
    ADD CONSTRAINT [FK_OrderBy_PredicateFormat] FOREIGN KEY ([IdPredicateFormat]) REFERENCES [ERPSettings].[PredicateFormat] ([IdPredicateFormat])
ALTER TABLE [ERPSettings].[ComponentByRole]
    ADD CONSTRAINT [FK_ViewConfigurationRole_ViewConfiguration] FOREIGN KEY ([IdComponent]) REFERENCES [ERPSettings].[Component] ([IdComponent])
ALTER TABLE [ERPSettings].[ComponentByRole]
    ADD CONSTRAINT [FK_ViewConfigurationRole_Role] FOREIGN KEY ([IdRole]) REFERENCES [ERPSettings].[Role] ([Id]) ON DELETE CASCADE
ALTER TABLE [ERPSettings].[GridButtonComponent]
    ADD CONSTRAINT [FK_GridButtonComponent_ServiceParameters] FOREIGN KEY ([IdServiceParameter]) REFERENCES [ERPSettings].[ServiceParameters] ([IdServiceParameters])
ALTER TABLE [ERPSettings].[GridButtonComponent]
    ADD CONSTRAINT [FK_GridButtonComponent_Component] FOREIGN KEY ([IdComponent]) REFERENCES [ERPSettings].[Component] ([IdComponent])
ALTER TABLE [ERPSettings].[FormComponent]
    ADD CONSTRAINT [FK_FormComponent_Component] FOREIGN KEY ([IdComponent]) REFERENCES [ERPSettings].[Component] ([IdComponent])
ALTER TABLE [ERPSettings].[FormComponent]
    ADD CONSTRAINT [FK_FormComponent_ServiceParameters] FOREIGN KEY ([IdServiceParameter]) REFERENCES [ERPSettings].[ServiceParameters] ([IdServiceParameters])

ALTER TABLE [ERPSettings].[ModuleByRole]
    ADD CONSTRAINT [FK_ModuleByRole_Module] FOREIGN KEY ([IdModule]) REFERENCES [ERPSettings].[Module] ([IdModule])
ALTER TABLE [ERPSettings].[ModuleByRole]
    ADD CONSTRAINT [FK_ModuleByRole_Role] FOREIGN KEY ([IdRole]) REFERENCES [ERPSettings].[Role] ([Id]) ON DELETE CASCADE
ALTER TABLE [ERPSettings].[ComboBoxComponent]
    ADD CONSTRAINT [FK_ComboboxComponent_Component] FOREIGN KEY ([IdComponent]) REFERENCES [ERPSettings].[Component] ([IdComponent])
ALTER TABLE [ERPSettings].[ToolBarItem]
    ADD CONSTRAINT [FK_ToolBarItemToolBarOptions] FOREIGN KEY ([IdToolBarOptions]) REFERENCES [ERPSettings].[ToolBarOptions] ([IdToolBarOptions])
ALTER TABLE [ERPSettings].[ToolBarOptions]
    ADD CONSTRAINT [FK_ToolBarOptionsToolbarComponent] FOREIGN KEY ([IdToolBarOptions]) REFERENCES [ERPSettings].[ToolBarComponent] ([IdComponent])


ALTER TABLE [ERPSettings].[DropDownListOptions]
    ADD CONSTRAINT [FK_DropDownListOptions_DropDownListComponent] FOREIGN KEY ([IdDropDownListOptions]) REFERENCES [ERPSettings].[DropDownListComponent] ([IdComponent])

ALTER TABLE [ERPSettings].[BarCodeComponent]
    ADD CONSTRAINT [FK_BarCodeComponent_Component] FOREIGN KEY ([IdComponent]) REFERENCES [ERPSettings].[Component] ([IdComponent])
ALTER TABLE [ERPSettings].[BarCodeComponent]
    ADD CONSTRAINT [FK_BarCodeComponent_InputComponent] FOREIGN KEY ([IdInputComponent]) REFERENCES [ERPSettings].[InputComponent] ([IdComponent])
ALTER TABLE [ERPSettings].[InputComponent]
    ADD CONSTRAINT [FK_InputComponent_Component] FOREIGN KEY ([IdComponent]) REFERENCES [ERPSettings].[Component] ([IdComponent])


ALTER TABLE [ERPSettings].[FunctionnalityByUser]
    ADD CONSTRAINT [FK_FunctionnalityByUser_Functionality] FOREIGN KEY ([IdFunctionality]) REFERENCES [ERPSettings].[Functionality] ([IdFunctionality])
ALTER TABLE [ERPSettings].[FunctionnalityByUser]
    ADD CONSTRAINT [FK_FunctionnalityByUser_User] FOREIGN KEY ([IdUser]) REFERENCES [ERPSettings].[User] ([Id]) ON DELETE CASCADE

ALTER TABLE [ERPSettings].[GridColumnComponent]
    ADD CONSTRAINT [FK_GridColumnComponent_Component] FOREIGN KEY ([IdComponent]) REFERENCES [ERPSettings].[Component] ([IdComponent])

ALTER TABLE [ERPSettings].[ComponentByUser]
    ADD CONSTRAINT [FK_ComponentByUser_User] FOREIGN KEY ([IdUser]) REFERENCES [ERPSettings].[User] ([Id]) ON DELETE CASCADE
ALTER TABLE [ERPSettings].[ComponentByUser]
    ADD CONSTRAINT [FK_ComponentByUser_Component] FOREIGN KEY ([IdComponent]) REFERENCES [ERPSettings].[Component] ([IdComponent]) ON DELETE CASCADE

ALTER TABLE [ERPSettings].[DropDownListComponent]
    ADD CONSTRAINT [FK_DropDownListComponent_Component] FOREIGN KEY ([IdComponent]) REFERENCES [ERPSettings].[Component] ([IdComponent])



ALTER TABLE [ERPSettings].[ToolBarComponent]
    ADD CONSTRAINT [FK_ComponentToolbarComponent] FOREIGN KEY ([IdComponent]) REFERENCES [ERPSettings].[Component] ([IdComponent])
ALTER TABLE [ERPSettings].[QrCodeComponent]
    ADD CONSTRAINT [FK_QrCodeComponent_Component] FOREIGN KEY ([IdComponent]) REFERENCES [ERPSettings].[Component] ([IdComponent])
ALTER TABLE [ERPSettings].[QrCodeComponent]
    ADD CONSTRAINT [FK_QrCodeComponent_InputComponent] FOREIGN KEY ([IdInputComponent]) REFERENCES [ERPSettings].[InputComponent] ([IdComponent])
ALTER TABLE [ERPSettings].[FunctionalityByRole]
    ADD CONSTRAINT [FK_FunctionalityRole_Role] FOREIGN KEY ([IdRole]) REFERENCES [ERPSettings].[Role] ([Id]) ON DELETE CASCADE
ALTER TABLE [ERPSettings].[FunctionalityByRole]
    ADD CONSTRAINT [FK_FunctionalityRole_Functionality] FOREIGN KEY ([IdFunctionality]) REFERENCES [ERPSettings].[Functionality] ([IdFunctionality])
ALTER TABLE [ERPSettings].[Functionality]
    ADD CONSTRAINT [FK_Functionality_RequestType] FOREIGN KEY ([IdRequestType]) REFERENCES [ERPSettings].[RequestType] ([Id])

ALTER TABLE [ERPSettings].[DropDownListDataSource]
    ADD CONSTRAINT [FK_DropDownListDataSource_DropDownListOptions] FOREIGN KEY ([IdDropDownListOptions]) REFERENCES [ERPSettings].[DropDownListOptions] ([IdDropDownListOptions])
ALTER TABLE [ERPSettings].[DropDownListDataSource]
    ADD CONSTRAINT [FK_DropDownListDataSource_ServiceParameters] FOREIGN KEY ([IdServiceParameters]) REFERENCES [ERPSettings].[ServiceParameters] ([IdServiceParameters])
ALTER TABLE [ERPSettings].[ServiceParameters]
    ADD CONSTRAINT [FK_ServiceParameters_PredicateFormat] FOREIGN KEY ([IdPredicateFormat]) REFERENCES [ERPSettings].[PredicateFormat] ([IdPredicateFormat])
ALTER TABLE [ERPSettings].[ColumnMenuComponent]
    ADD CONSTRAINT [FK_ComponentColumnMenu] FOREIGN KEY ([IdComponent]) REFERENCES [ERPSettings].[Component] ([IdComponent])
ALTER TABLE [ERPSettings].[UserInfo]
    ADD CONSTRAINT [FK_Info_UserInfo] FOREIGN KEY ([IdInformation]) REFERENCES [ERPSettings].[Information] ([IdInfo])
ALTER TABLE [ERPSettings].[UserInfo]
    ADD CONSTRAINT [FK_User_UserInfo] FOREIGN KEY ([IdUser]) REFERENCES [ERPSettings].[User] ([Id])

ALTER TABLE [ERPSettings].[ImageComponent]
    ADD CONSTRAINT [FK_ImageComponent_Component] FOREIGN KEY ([IdComponent]) REFERENCES [ERPSettings].[Component] ([IdComponent])
ALTER TABLE [ERPSettings].[Component]
    ADD CONSTRAINT [FK_Component_Component1] FOREIGN KEY ([IdComponentChangedBy]) REFERENCES [ERPSettings].[Component] ([IdComponent])
ALTER TABLE [ERPSettings].[Component]
    ADD CONSTRAINT [FK_Component_Functionality] FOREIGN KEY ([IdFunctionality]) REFERENCES [ERPSettings].[Functionality] ([IdFunctionality])
ALTER TABLE [ERPSettings].[Component]
    ADD CONSTRAINT [FK_Component_Component] FOREIGN KEY ([IdComponentParent]) REFERENCES [ERPSettings].[Component] ([IdComponent])

COMMIT TRANSACTION

----AHMED Resolve duplicate Datasource WS Callback----

BEGIN TRANSACTION

UPDATE [ERPSettings].[DropDownListDataSource] SET pageSize=32 WHERE pageSize=8;

COMMIT TRANSACTION


--houssem filter with in value 
BEGIN TRANSACTION
INSERT INTO [ERPSettings].[Filter] ([IdFilter], [IdPredicateFormat], [Prop], [Operation], [Value], [IsDynamicValue], [TransactionUserId], [IsDeleted], [IsSearchPredicate], [Deleted_Token], [Type]) VALUES (N'36bfbcf5-7ae8-41a8-9783-584556c92c61', N'7676d97b-2639-47ab-9ac3-b755ca2609a0', N'Matricule', 2, NULL, 0, NULL, 0, 1, NULL, NULL)
INSERT INTO [ERPSettings].[Filter] ([IdFilter], [IdPredicateFormat], [Prop], [Operation], [Value], [IsDynamicValue], [TransactionUserId], [IsDeleted], [IsSearchPredicate], [Deleted_Token], [Type]) VALUES (N'58fc7a80-d4a2-4ad2-bb98-ce374de6ae14', N'32063d47-2bae-4719-8793-5ade3a9d41b3', N'Matricule', 2, NULL, 0, NULL, 0, 1, NULL, NULL)
INSERT INTO [ERPSettings].[Filter] ([IdFilter], [IdPredicateFormat], [Prop], [Operation], [Value], [IsDynamicValue], [TransactionUserId], [IsDeleted], [IsSearchPredicate], [Deleted_Token], [Type]) VALUES (N'7ce7c7a3-9673-484d-951e-33fab68330bc', N'a9977989-4f1f-4103-8b79-d1f0daac0aca', N'Matricule', 2, NULL, 0, NULL, 0, 1, NULL, NULL)
INSERT INTO [ERPSettings].[Filter] ([IdFilter], [IdPredicateFormat], [Prop], [Operation], [Value], [IsDynamicValue], [TransactionUserId], [IsDeleted], [IsSearchPredicate], [Deleted_Token], [Type]) VALUES (N'8dca4a68-d4b6-4a38-804e-783c62f4f2fa', N'ec2d6423-d4a1-4a6b-8ec8-702dc952f253', N'Matricule', 2, NULL, 0, NULL, 0, 1, NULL, NULL)
COMMIT TRANSACTION

-- houssem delelet login
BEGIN TRANSACTION
DELETE FROM [ERPSettings].[ComponentByRole] WHERE [IdComponent]=N'3073464c-5213-4f18-8d07-c608ae236ef9'
DELETE FROM [ERPSettings].[ComponentByRole] WHERE [IdComponent]=N'b5e14190-a79a-42bb-bd74-59030b836f8d'
DELETE FROM [ERPSettings].[InputComponent] WHERE [IdComponent]=N'3073464c-5213-4f18-8d07-c608ae236ef9'
DELETE FROM [ERPSettings].[InputComponent] WHERE [IdComponent]=N'b5e14190-a79a-42bb-bd74-59030b836f8d'
DELETE FROM [ERPSettings].[Component] WHERE [IdComponent]=N'3073464c-5213-4f18-8d07-c608ae236ef9'
DELETE FROM [ERPSettings].[Component] WHERE [IdComponent]=N'b5e14190-a79a-42bb-bd74-59030b836f8d'
UPDATE [ERPSettings].[Component] SET [rank]=2 WHERE [IdComponent]=N'06a34679-b7eb-4452-9637-d938b9cbfbae'
UPDATE [ERPSettings].[Component] SET [rank]=4 WHERE [IdComponent]=N'518cc8f8-5b8f-4679-a956-4478a74d6d26'
UPDATE [ERPSettings].[Component] SET [rank]=1 WHERE [IdComponent]=N'54140061-73cf-4ecd-a516-847f8e4e6c8c'
UPDATE [ERPSettings].[Component] SET [rank]=1, [IdComponentParent]=N'02bc1876-63a2-4c45-8a44-aa0772a70398' WHERE [IdComponent]=N'6951679d-2895-4509-80f1-73e1fe689c5f'
UPDATE [ERPSettings].[Component] SET [rank]=5 WHERE [IdComponent]=N'bbaefc2a-ce8a-44d1-ad81-93dbb24838c6'
UPDATE [ERPSettings].[Component] SET [rank]=3 WHERE [IdComponent]=N'c1773a99-696f-4bc9-a237-16a40a1b551a'
DELETE FROM [ERPSettings].[Filter] WHERE [IdFilter]=N'22d34441-70aa-47e4-ad28-50d4a01c78e3'
UPDATE [ERPSettings].[ServiceParameters] SET [IdPredicateFormat]=NULL WHERE [IdServiceParameters]=N'73eb40d0-a801-438b-bfd4-5bb2026bebe7'
COMMIT TRANSACTION
--BOUBAKER ECHIEB
BEGIN TRANSACTION
ALTER TABLE [ERPSettings].[ReportParameters] DROP CONSTRAINT [FK_ReportViewerParameters_ReportViewerComponent]
ALTER TABLE [Sales].[DocumentTypeRelation] DROP CONSTRAINT [FK_DocumentTypeRelation_DocumentTypeRelation]
ALTER TABLE [Sales].[DocumentTypeRelation] DROP CONSTRAINT [FK_DocumentTypeRelation_DocumentType]
ALTER TABLE [Sales].[DocumentType] DROP CONSTRAINT [FK_DocumentType_DocumentType]
ALTER TABLE [Payment].[DocumentPayment] DROP CONSTRAINT [FK_DocumentPayement_Payement]
ALTER TABLE [ERPSettings].[RadioButtonComponent] DROP CONSTRAINT [FK_RadioButtonComponent_Component]
ALTER TABLE [ERPSettings].[RadioButtonComponentDetails] DROP CONSTRAINT [FK_RadioButtonComponentDetails_Component]
ALTER TABLE [ERPSettings].[ComboBoxOptions] DROP CONSTRAINT [FK_ComboBoxOptions_ComboBoxComponent]
ALTER TABLE [ERPSettings].[ReportComponent] DROP CONSTRAINT [FK_ReportViewerComponent_Component]
ALTER TABLE [ERPSettings].[FunctionalityByRole] DROP CONSTRAINT [FK_FunctionalityRole_Role]
ALTER TABLE [ERPSettings].[FunctionalityByRole] DROP CONSTRAINT [FK_FunctionalityRole_Functionality]
ALTER TABLE [ERPSettings].[CheckBoxComponent] DROP CONSTRAINT [FK_CheckBoxComponent_Component]
ALTER TABLE [ERPSettings].[FunctionnalityModule] DROP CONSTRAINT [FK_FunctionnalityModule_Functionality]
ALTER TABLE [ERPSettings].[FunctionnalityModule] DROP CONSTRAINT [FK_FunctionnalityModule_Module]
ALTER TABLE [ERPSettings].[CheckBoxComponentDetails] DROP CONSTRAINT [FK_CheckBoxDetailsComponent_Component]
ALTER TABLE [ERPSettings].[ColumnMenuComponent] DROP CONSTRAINT [FK_ComponentColumnMenu]
ALTER TABLE [ERPSettings].[Menu] DROP CONSTRAINT [FK_Menu_Functionality]
ALTER TABLE [ERPSettings].[InputDatePickerOptions] DROP CONSTRAINT [FK_InputDatePickerOptions_InputComponent]
ALTER TABLE [ERPSettings].[Relation] DROP CONSTRAINT [FK_Relation_PredicateFormat]
ALTER TABLE [Payroll].[Variable] DROP CONSTRAINT [FK_Variable_RuleUnique]
ALTER TABLE [Payment].[WithholdingTaxLine] DROP CONSTRAINT [FK_WithholdingTaxLine_WithholdingTax]
ALTER TABLE [Payment].[WithholdingTaxLine] DROP CONSTRAINT [FK_WithholdingTaxLine_Payment]
ALTER TABLE [ERPSettings].[OrderBy] DROP CONSTRAINT [FK_OrderBy_PredicateFormat]
ALTER TABLE [ERPSettings].[ComboBoxDataSourceItems] DROP CONSTRAINT [FK_ComboBoxDataSourceItems_ComboBoxDataSource]
ALTER TABLE [Inventory].[TaxeItem] DROP CONSTRAINT [FK_TaxeItem_Taxe]
ALTER TABLE [Inventory].[TaxeItem] DROP CONSTRAINT [FK_TaxeItem_Item]
ALTER TABLE [Inventory].[ItemWarehouse] DROP CONSTRAINT [FK_ItemWarehouse_Warehouse]
ALTER TABLE [Inventory].[ItemWarehouse] DROP CONSTRAINT [FK_ItemWarehouse_Item]
ALTER TABLE [Payment].[Payment] DROP CONSTRAINT [FK_Payment_PaymentMethod]
ALTER TABLE [Payment].[Payment] DROP CONSTRAINT [FK_Payment_BankAccount]
ALTER TABLE [Payment].[Payment] DROP CONSTRAINT [FK_Payment_Tiers]
ALTER TABLE [Payroll].[Leave] DROP CONSTRAINT [FK_Leave_Employee]
ALTER TABLE [Payroll].[Leave] DROP CONSTRAINT [FK_Leave_LeaveStatus]
ALTER TABLE [Payroll].[Leave] DROP CONSTRAINT [FK_Leave_LeaveType]
ALTER TABLE [Administration].[Transfer] DROP CONSTRAINT [FK_Transfer_Entity]
ALTER TABLE [ERPSettings].[ComboBoxComponent] DROP CONSTRAINT [FK_ComboboxComponent_Component]
ALTER TABLE [Payroll].[Manager] DROP CONSTRAINT [FK_Manager_Employee]
ALTER TABLE [Payroll].[Manager] DROP CONSTRAINT [FK_Manager_Team]
ALTER TABLE [ERPSettings].[UserInfo] DROP CONSTRAINT [FK_Info_UserInfo]
ALTER TABLE [ERPSettings].[UserInfo] DROP CONSTRAINT [FK_User_UserInfo]
ALTER TABLE [ERPSettings].[GridButtonComponent] DROP CONSTRAINT [FK_GridButtonComponent_ServiceParameters]
ALTER TABLE [ERPSettings].[GridButtonComponent] DROP CONSTRAINT [FK_GridButtonComponent_Component]
ALTER TABLE [Sales].[DocumentLineTaxe] DROP CONSTRAINT [FK_DocumentLineTaxe_Taxe]
ALTER TABLE [Sales].[DocumentLineTaxe] DROP CONSTRAINT [FK_DocumentLineTaxe_DocumentLine]
ALTER TABLE [Shared].[Taxe] DROP CONSTRAINT [FK_Taxe_TaxeType]
ALTER TABLE [ERPSettings].[DropDownListDataSource] DROP CONSTRAINT [FK_DropDownListDataSource_DropDownListOptions]
ALTER TABLE [ERPSettings].[DropDownListDataSource] DROP CONSTRAINT [FK_DropDownListDataSource_ServiceParameters]
ALTER TABLE [ERPSettings].[DropDownListOptions] DROP CONSTRAINT [FK_DropDownListOptions_DropDownListComponent]
ALTER TABLE [ERPSettings].[BarCodeComponent] DROP CONSTRAINT [FK_BarCodeComponent_Component]
ALTER TABLE [ERPSettings].[BarCodeComponent] DROP CONSTRAINT [FK_BarCodeComponent_InputComponent]
ALTER TABLE [ERPSettings].[ModuleByRole] DROP CONSTRAINT [FK_ModuleByRole_Module]
ALTER TABLE [ERPSettings].[ModuleByRole] DROP CONSTRAINT [FK_ModuleByRole_Role]
ALTER TABLE [ERPSettings].[QrCodeComponent] DROP CONSTRAINT [FK_QrCodeComponent_Component]
ALTER TABLE [ERPSettings].[QrCodeComponent] DROP CONSTRAINT [FK_QrCodeComponent_InputComponent]
ALTER TABLE [Inventory].[Warehouse] DROP CONSTRAINT [FK_Warehouse_Warehouse]
ALTER TABLE [Stock].[StockDocumentLineSerialNumber] DROP CONSTRAINT [FK_StockDocumentSerialNumber_SerialNumber]
ALTER TABLE [ERPSettings].[FormComponent] DROP CONSTRAINT [FK_FormComponent_Component]
ALTER TABLE [ERPSettings].[FormComponent] DROP CONSTRAINT [FK_FormComponent_ServiceParameters]
ALTER TABLE [ERPSettings].[DialogComponent] DROP CONSTRAINT [FK_DialogComponent_Component]
ALTER TABLE [Treasury].[DetailTimetable] DROP CONSTRAINT [FK_DetailTimetable_Timetable]
ALTER TABLE [Treasury].[DetailTimetable] DROP CONSTRAINT [FK_DetailTimetable_PaymentType]
ALTER TABLE [Payroll].[IdentityPieces] DROP CONSTRAINT [FK_IdentityPieces_TypeIdentityPieces]
ALTER TABLE [Payroll].[IdentityPieces] DROP CONSTRAINT [FK_IdentityPieces_Employee]
ALTER TABLE [ERPSettings].[ToolBarItem] DROP CONSTRAINT [FK_ToolBarItemToolBarOptions]
ALTER TABLE [ERPSettings].[ToolBarOptions] DROP CONSTRAINT [FK_ToolBarOptionsToolbarComponent]
ALTER TABLE [Administration].[CurrencyRate] DROP CONSTRAINT [FK_CurrencyRate_Currency]
ALTER TABLE [ERPSettings].[RoleInfo] DROP CONSTRAINT [FK_Information_RoleInfo]
ALTER TABLE [ERPSettings].[RoleInfo] DROP CONSTRAINT [FK_Role_RoleInfo]
ALTER TABLE [ERPSettings].[Information] DROP CONSTRAINT [FK_Information_Functionality]
ALTER TABLE [Administration].[EntityAxisValues] DROP CONSTRAINT [FK_EntityAxisValues_Entity]
ALTER TABLE [Administration].[EntityAxisValues] DROP CONSTRAINT [FK_EntityAxisValues_AxisValue]
ALTER TABLE [Shared].[ContactTypeDocument] DROP CONSTRAINT [FK_ContactTypeDocument_Contact]
ALTER TABLE [Shared].[Contact] DROP CONSTRAINT [FK_Contact_Tiers]
ALTER TABLE [ERPSettings].[ImageComponent] DROP CONSTRAINT [FK_ImageComponent_Component]
ALTER TABLE [Treasury].[DetailReconciliation] DROP CONSTRAINT [FK_DetailReconciliation2]
ALTER TABLE [Treasury].[DetailReconciliation] DROP CONSTRAINT [FK_DetailReconciliation3]
ALTER TABLE [Treasury].[DetailReconciliation] DROP CONSTRAINT [FK_DetailReconciliation]
ALTER TABLE [ERPSettings].[Filter] DROP CONSTRAINT [FK_Filter_PredicateFormat]
ALTER TABLE [ERPSettings].[InputComponent] DROP CONSTRAINT [FK_InputComponent_Component]
ALTER TABLE [ERPSettings].[LabelComponent] DROP CONSTRAINT [FK_LabelComponent_Component]
ALTER TABLE [Stock].[TypeStockCalculation] DROP CONSTRAINT [FK_TYPESTOC_ASSOCIATI_STOCKCAL]
ALTER TABLE [Payroll].[SalaryStructure_SalaryRule] DROP CONSTRAINT [FK_SalaryStructureRule_Rule]
ALTER TABLE [Payroll].[SalaryStructure_SalaryRule] DROP CONSTRAINT [FK_SalaryStructureRule_Structure]
ALTER TABLE [Payroll].[SalaryStructure] DROP CONSTRAINT [FK_SalaryStructure_SalaryStructureParent]
ALTER TABLE [Stock].[StockCalculation] DROP CONSTRAINT [FK_STOCKCAL_ASSOCIATI_DOCUMENT]
ALTER TABLE [Sales].[DetailsSettlementMode] DROP CONSTRAINT [FK_DetailsSettlementMode_SettlementType]
ALTER TABLE [Sales].[DetailsSettlementMode] DROP CONSTRAINT [FK_DetailsSettlementMode_PaymentMethod]
ALTER TABLE [Sales].[DetailsSettlementMode] DROP CONSTRAINT [FK_DetailsSettlementMode_SettlementMode]
ALTER TABLE [Shared].[ZipCode] DROP CONSTRAINT [FK_ZipCode_City]
ALTER TABLE [ERPSettings].[Module] DROP CONSTRAINT [FK_Module_Module]
ALTER TABLE [ERPSettings].[Entity] DROP CONSTRAINT [FK_Entity_Entity]
ALTER TABLE [ERPSettings].[ModuleByUser] DROP CONSTRAINT [FK_ModuleByUser_Module]
ALTER TABLE [ERPSettings].[ModuleByUser] DROP CONSTRAINT [FK_ModuleByUser_User]
ALTER TABLE [Payroll].[CommercialsCustomerContract] DROP CONSTRAINT [FK_CommercialsCustomerContract_Employee]
ALTER TABLE [Payroll].[CommercialsCustomerContract] DROP CONSTRAINT [FK_CommercialsCustomerContract_Prices]
ALTER TABLE [Sales].[DocumentLinePrices] DROP CONSTRAINT [FK_DocumentLinePrices_Prices]
ALTER TABLE [Sales].[DocumentLinePrices] DROP CONSTRAINT [FK_DocumentLinePrices_DocumentLine]
ALTER TABLE [Payroll].[EmployeeSkills] DROP CONSTRAINT [FK_EmployeeSkills_Employee]
ALTER TABLE [Payroll].[EmployeeSkills] DROP CONSTRAINT [FK_EmployeeSkills_Skills]
ALTER TABLE [Inventory].[StockDocumentLine] DROP CONSTRAINT [FK_StockDocumentLine_StockDocument]
ALTER TABLE [Inventory].[StockDocumentLine] DROP CONSTRAINT [FK_StockDocumentLine_Item]
ALTER TABLE [Inventory].[StockDocument] DROP CONSTRAINT [FK_StockDocument_Warehouse]
ALTER TABLE [Inventory].[StockDocument] DROP CONSTRAINT [FK_StockDocument_Warehouse1]
ALTER TABLE [Inventory].[StockDocument] DROP CONSTRAINT [FK_StockDocument_TypeStockDocument]
ALTER TABLE [Inventory].[StockDocument] DROP CONSTRAINT [FK_StockDocument_DocumentStatus]
ALTER TABLE [ERPSettings].[Functionality] DROP CONSTRAINT [FK_Functionality_RequestType]
ALTER TABLE [Payment].[PaymentMethod] DROP CONSTRAINT [FK_PayementMethod_PayementType]
ALTER TABLE [Payroll].[ParentInCharge] DROP CONSTRAINT [FK_ParentInCharge_Employee]
ALTER TABLE [Payroll].[ParentInCharge] DROP CONSTRAINT [FK_ParentInCharge_ParentType]
ALTER TABLE [Sales].[Prices] DROP CONSTRAINT [FK_Prices_DiscountGroupTiers]
ALTER TABLE [Sales].[Prices] DROP CONSTRAINT [FK_Prices_DiscountGroupItem]
ALTER TABLE [Sales].[Prices] DROP CONSTRAINT [FK_Prices_Item]
ALTER TABLE [Sales].[Prices] DROP CONSTRAINT [FK_Prices_Tiers]
ALTER TABLE [Sales].[Prices] DROP CONSTRAINT [FK_Prices_Currency]
ALTER TABLE [ERPSettings].[ButtonComponent] DROP CONSTRAINT [FK_ButtonComponent_Component]
ALTER TABLE [ERPSettings].[ButtonComponent] DROP CONSTRAINT [FK_ButtonComponent_ServiceParameters]
ALTER TABLE [ERPSettings].[ComponentByRole] DROP CONSTRAINT [FK_ViewConfigurationRole_ViewConfiguration]
ALTER TABLE [ERPSettings].[ComponentByRole] DROP CONSTRAINT [FK_ViewConfigurationRole_Role]
ALTER TABLE [Stock].[SerialNumber] DROP CONSTRAINT [FK_SerialNumber_Article1]
ALTER TABLE [Stock].[SerialNumber] DROP CONSTRAINT [FK_SerialNumber_Batch]
ALTER TABLE [Payment].[SettlementCommitment] DROP CONSTRAINT [FK_SettlementCommitment_Settlement]
ALTER TABLE [Payment].[SettlementCommitment] DROP CONSTRAINT [FK_SettlementCommitment_FinancialCommitment]
ALTER TABLE [Sales].[FinancialCommitment] DROP CONSTRAINT [FK_FinancialCommitment_DocumentStatus]
ALTER TABLE [Sales].[FinancialCommitment] DROP CONSTRAINT [FK_FinancialCommitment_PaymentMethod]
ALTER TABLE [Sales].[FinancialCommitment] DROP CONSTRAINT [FK_FinancialCommitment_Document]
ALTER TABLE [Payroll].[ConsultantsCustomerContract] DROP CONSTRAINT [FK_ConsultantsCustomerContract_Employee]
ALTER TABLE [Payroll].[ConsultantsCustomerContract] DROP CONSTRAINT [FK_ConsultantsCustomerContract_Prices]
ALTER TABLE [Stock].[Storage] DROP CONSTRAINT [FK_STORAGE_ASSOCIATI_SECTION]
ALTER TABLE [Stock].[Storage] DROP CONSTRAINT [FK_STORAGE_ASSOCIATI_ARTICLE]
ALTER TABLE [Stock].[Article] DROP CONSTRAINT [FK_Article_StockManagementMethod]
ALTER TABLE [Stock].[Article] DROP CONSTRAINT [FK_Article_SaleManagementMethod]
ALTER TABLE [Stock].[Article] DROP CONSTRAINT [FK_Article_AccountingAccount]
ALTER TABLE [Sales].[TaxeGroupTiersConfig] DROP CONSTRAINT [FK_TaxeTiersConfig_TaxeGroupTiers]
ALTER TABLE [Sales].[TaxeGroupTiersConfig] DROP CONSTRAINT [FK_TaxeTiersConfig_Taxe]
ALTER TABLE [Payroll].[SalaryRule] DROP CONSTRAINT [FK_SalaryRule_Applicability]
ALTER TABLE [Payroll].[SalaryRule] DROP CONSTRAINT [FK_SalaryRule_ContributionRegister]
ALTER TABLE [Payroll].[SalaryRule] DROP CONSTRAINT [FK_SalaryRule_RuleCategory]
ALTER TABLE [Payroll].[SalaryRule] DROP CONSTRAINT [FK_SalaryRule_RuleType]
ALTER TABLE [Payroll].[SalaryRule] DROP CONSTRAINT [FK_SalaryRule_RuleUniqueReference]
ALTER TABLE [Inventory].[Item] DROP CONSTRAINT [FK_Item_DiscountGroupItem]
ALTER TABLE [Inventory].[Item] DROP CONSTRAINT [FK_Item_UnitType]
ALTER TABLE [Inventory].[Item] DROP CONSTRAINT [FK_Item_UnitType1]
ALTER TABLE [Inventory].[Item] DROP CONSTRAINT [FK_Item_Nature]
ALTER TABLE [ERPSettings].[GridColumnComponent] DROP CONSTRAINT [FK_GridColumnComponent_Component]
ALTER TABLE [Treasury].[Timetable] DROP CONSTRAINT [FK_Timetable_PaymentType]
ALTER TABLE [Treasury].[Timetable] DROP CONSTRAINT [FK_Timetable_Tiers]
ALTER TABLE [Sales].[Document] DROP CONSTRAINT [FK_Document_DocumentStatus]
ALTER TABLE [Sales].[Document] DROP CONSTRAINT [FK_Document_PaymentMethod]
ALTER TABLE [Sales].[Document] DROP CONSTRAINT [FK_Document_Tiers]
ALTER TABLE [Sales].[Document] DROP CONSTRAINT [FK_Document_SettlementMode]
ALTER TABLE [Sales].[Document] DROP CONSTRAINT [FK_Document_Currency]
ALTER TABLE [Sales].[Document] DROP CONSTRAINT [FK_Document_BankAccount]
ALTER TABLE [Sales].[Document] DROP CONSTRAINT [FK_Document_Employee]
ALTER TABLE [ERPSettings].[GridComponent] DROP CONSTRAINT [FK_GridComponent_Component]
ALTER TABLE [ERPSettings].[FunctionnalityByUser] DROP CONSTRAINT [FK_FunctionnalityByUser_Functionality]
ALTER TABLE [ERPSettings].[FunctionnalityByUser] DROP CONSTRAINT [FK_FunctionnalityByUser_User]
ALTER TABLE [Stock].[StockMovement] DROP CONSTRAINT [FK_StockMovement_StockDocumentLine]
ALTER TABLE [Stock].[StockMovement] DROP CONSTRAINT [FK_StockMovement_Warehouse]
ALTER TABLE [Stock].[StockMovement] DROP CONSTRAINT [FK_StockMovement_DocumentLine]
ALTER TABLE [Stock].[StockMovement] DROP CONSTRAINT [FK_StockMovement_Item]
ALTER TABLE [Sales].[SaleSettings] DROP CONSTRAINT [FK_SaleSetting_Company]
ALTER TABLE [ERPSettings].[UserRole] DROP CONSTRAINT [FK_UserRole_Role]
ALTER TABLE [ERPSettings].[UserRole] DROP CONSTRAINT [FK_UserRole_User]
ALTER TABLE [ERPSettings].[ToolBarComponent] DROP CONSTRAINT [FK_ComponentToolbarComponent]
ALTER TABLE [Payroll].[Payslip] DROP CONSTRAINT [FK_Payslip_Employee]

ALTER TABLE [Treasury].[ReceiptSpent] DROP CONSTRAINT [FK_ReceiptSpent_PaymentMethod]
ALTER TABLE [Treasury].[ReceiptSpent] DROP CONSTRAINT [FK_RecipeSpent_PaymentDirection]
ALTER TABLE [Treasury].[ReceiptSpent] DROP CONSTRAINT [FK_RecipeSpent_Tiers]
ALTER TABLE [ERPSettings].[MsgNotification] DROP CONSTRAINT [FK_MsgNotification_Message]
ALTER TABLE [ERPSettings].[Message] DROP CONSTRAINT [FK_Information_Message]
ALTER TABLE [Payment].[WithholdingTax] DROP CONSTRAINT [FK_WithholdingTax_Tiers]
ALTER TABLE [Payroll].[ConstantRateValidityPeriod] DROP CONSTRAINT [FK_ConstantRate_ValidityPeriod]
ALTER TABLE [Payroll].[ConstantRate] DROP CONSTRAINT [FK_ConstantRate_RuleUniqueReference]
ALTER TABLE [Payment].[Settlement] DROP CONSTRAINT [FK_Settlement_BankAccount]
ALTER TABLE [Payment].[Settlement] DROP CONSTRAINT [FK_Settlement_DocumentStatus]
ALTER TABLE [Payment].[Settlement] DROP CONSTRAINT [FK_Settlement_Currency]
ALTER TABLE [Payment].[Settlement] DROP CONSTRAINT [FK_Settlement_PaymentMethod]
ALTER TABLE [Payment].[Settlement] DROP CONSTRAINT [FK_Settlement_Tiers]
ALTER TABLE [Payroll].[Team] DROP CONSTRAINT [FK_Team_Department]
ALTER TABLE [Payroll].[Contract] DROP CONSTRAINT [FK_Contract_ContractType]
ALTER TABLE [Payroll].[Contract] DROP CONSTRAINT [FK_Contract_Employee]
ALTER TABLE [Payroll].[Contract] DROP CONSTRAINT [FK_Contract_Job]
ALTER TABLE [Payroll].[Contract] DROP CONSTRAINT [FK_Contract_PlannedPayroll]
ALTER TABLE [Payroll].[Contract] DROP CONSTRAINT [FK_Contract_SalaryStructure]
ALTER TABLE [Payroll].[Employee] DROP CONSTRAINT [FK_Employee_City]
ALTER TABLE [Payroll].[Employee] DROP CONSTRAINT [FK_Employee_Country]
ALTER TABLE [Payroll].[Employee] DROP CONSTRAINT [FK_Employee_Employee]
ALTER TABLE [Payroll].[Employee] DROP CONSTRAINT [FK_Employee_QualificationCountry]
ALTER TABLE [Payroll].[Employee] DROP CONSTRAINT [FK_Employee_QualificationType]
ALTER TABLE [Payroll].[Employee] DROP CONSTRAINT [FK_Employee_Echellon]
ALTER TABLE [Payroll].[Employee] DROP CONSTRAINT [FK_Employee_Grade]
ALTER TABLE [Payroll].[Employee] DROP CONSTRAINT [FK_Employee_MaritalStatus]

ALTER TABLE [Payroll].[Employee] DROP CONSTRAINT [FK_Employee_Team]
ALTER TABLE [Payroll].[Employee] DROP CONSTRAINT [FK_Employee_UpperHierarchy]
ALTER TABLE [ERPSettings].[GridDataSource] DROP CONSTRAINT [FK_GridDataSource_GridOptions]
ALTER TABLE [ERPSettings].[GridDataSource] DROP CONSTRAINT [FK_GridDataSource_ServiceParameters]
ALTER TABLE [ERPSettings].[GridOptions] DROP CONSTRAINT [FK_GridOptions_GridComponent]
ALTER TABLE [Payroll].[ConstantValueValidityPeriod] DROP CONSTRAINT [FK_ConstantValueValidityPeriod_ConstantValue]
ALTER TABLE [ERPSettings].[EntityCodification] DROP CONSTRAINT [FK_EntityCodification_Codification]
ALTER TABLE [ERPSettings].[EntityCodification] DROP CONSTRAINT [FK_EntityCodification_Entity]
ALTER TABLE [ERPSettings].[Codification] DROP CONSTRAINT [FK_Codification_Codification]
ALTER TABLE [Payroll].[ConstantValue] DROP CONSTRAINT [FK_ConstantValue_RuleUniqueReference]
ALTER TABLE [Sales].[DocumentLine] DROP CONSTRAINT [FK_DocumentLine_Item]
ALTER TABLE [Sales].[DocumentLine] DROP CONSTRAINT [FK_DocumentLine_Warehouse]
ALTER TABLE [Sales].[DocumentLine] DROP CONSTRAINT [FK_DocumentLine_DocumentLine]
ALTER TABLE [Sales].[DocumentLine] DROP CONSTRAINT [FK_DocumentLine_Prices]
ALTER TABLE [Sales].[DocumentLine] DROP CONSTRAINT [FK_DocumentLine_Document]
ALTER TABLE [Sales].[DocumentLine] DROP CONSTRAINT [FK_DocumentLine_MeasureUnit]
ALTER TABLE [ERPSettings].[ComboBoxDataSource] DROP CONSTRAINT [FK_ComboBoxDataSource_ComboBoxOptions]
ALTER TABLE [ERPSettings].[ComboBoxDataSource] DROP CONSTRAINT [FK_ComboBoxDataSource_ServiceParameters]
ALTER TABLE [ERPSettings].[ServiceParameters] DROP CONSTRAINT [FK_ServiceParameters_PredicateFormat]
ALTER TABLE [ERPSettings].[DropDownListComponent] DROP CONSTRAINT [FK_DropDownListComponent_Component]
ALTER TABLE [ERPSettings].[FieldSetComponent] DROP CONSTRAINT [FK_FieldSetComponent_Component]
ALTER TABLE [ERPSettings].[Component] DROP CONSTRAINT [FK_Component_Component1]
ALTER TABLE [ERPSettings].[Component] DROP CONSTRAINT [FK_Component_Functionality]
ALTER TABLE [ERPSettings].[Component] DROP CONSTRAINT [FK_Component_Component]
ALTER TABLE [ERPSettings].[ComponentByUser] DROP CONSTRAINT [FK_ComponentByUser_User]
ALTER TABLE [ERPSettings].[ComponentByUser] DROP CONSTRAINT [FK_ComponentByUser_Component]
ALTER TABLE [Sales].[PurchaseSettings] DROP CONSTRAINT [FK_PurchaseSetting_Company]
ALTER TABLE [Shared].[Company] DROP CONSTRAINT [FK_Company_ZipCode]
ALTER TABLE [Shared].[Company] DROP CONSTRAINT [FK_Company_Currency]
ALTER TABLE [Shared].[Company] DROP CONSTRAINT [FK_Company_BankAccount]
ALTER TABLE [Sales].[Tiers] DROP CONSTRAINT [FK_Tiers_City]
ALTER TABLE [Sales].[Tiers] DROP CONSTRAINT [FK_Tiers_Currency]
ALTER TABLE [Sales].[Tiers] DROP CONSTRAINT [FK_TIERS_ASSOCIATI_PAYEMENT]
ALTER TABLE [Sales].[Tiers] DROP CONSTRAINT [FK_TIERS_ASSOCIATI_TYPETIER]
ALTER TABLE [Sales].[Tiers] DROP CONSTRAINT [FK_Tiers_Pays]
ALTER TABLE [Sales].[Tiers] DROP CONSTRAINT [FK_Tiers_AccountingAccount]
ALTER TABLE [Sales].[Tiers] DROP CONSTRAINT [FK_Tiers_TaxeGroupTiers]
ALTER TABLE [Sales].[Tiers] DROP CONSTRAINT [FK_Tiers_DiscountGroupTiers]
ALTER TABLE [Shared].[City] DROP CONSTRAINT [FK_Ville_Pays]
DELETE FROM [ERPSettings].[Relation] WHERE [IdRelation]=N'0a0a21e6-4661-4e91-bf87-d249abc1b29a'
DELETE FROM [ERPSettings].[Relation] WHERE [IdRelation]=N'2204300f-e41b-4cf7-9058-c62ceaf33124'
DELETE FROM [ERPSettings].[Relation] WHERE [IdRelation]=N'7ecc8660-ea88-43ed-82c2-c76bbfe9f8be'
DELETE FROM [ERPSettings].[Relation] WHERE [IdRelation]=N'ae8e7279-5be4-4b61-a3da-2bb29c086e42'
DELETE FROM [ERPSettings].[Relation] WHERE [IdRelation]=N'c0d41c57-fe36-4f0e-b83c-1ecff32e6e29'
DELETE FROM [ERPSettings].[GridButtonComponent] WHERE [IdComponent]=N'21136a11-088d-4bac-ac34-d92d37dd112d'
DELETE FROM [ERPSettings].[GridButtonComponent] WHERE [IdComponent]=N'd4ee83cb-dfc6-4504-abd2-2a2ee1f4d784'
DELETE FROM [ERPSettings].[DropDownListDataSource] WHERE [IdDropDownListOptions]=N'1a643df6-1174-45d4-bd33-90848f9fd86d'
DELETE FROM [ERPSettings].[DropDownListDataSource] WHERE [IdDropDownListOptions]=N'62152ede-2d75-479f-8be3-4d09a58495e7'
DELETE FROM [ERPSettings].[DropDownListDataSource] WHERE [IdDropDownListOptions]=N'b5097bb6-2685-4e7b-a816-22b5aedf2de2'
DELETE FROM [ERPSettings].[DropDownListDataSource] WHERE [IdDropDownListOptions]=N'ce46622e-cd84-49a6-b60c-1c172d788cbd'
DELETE FROM [ERPSettings].[DropDownListOptions] WHERE [IdDropDownListOptions]=N'1a643df6-1174-45d4-bd33-90848f9fd86d'
DELETE FROM [ERPSettings].[DropDownListOptions] WHERE [IdDropDownListOptions]=N'62152ede-2d75-479f-8be3-4d09a58495e7'
DELETE FROM [ERPSettings].[DropDownListOptions] WHERE [IdDropDownListOptions]=N'b5097bb6-2685-4e7b-a816-22b5aedf2de2'
DELETE FROM [ERPSettings].[DropDownListOptions] WHERE [IdDropDownListOptions]=N'ce46622e-cd84-49a6-b60c-1c172d788cbd'
DELETE FROM [ERPSettings].[FormComponent] WHERE [IdComponent]=N'0d4447b2-077d-4eb6-b157-8957900e11c5'
DELETE FROM [ERPSettings].[Filter] WHERE [IdFilter]=N'4976c879-d174-4f3f-b9c4-bee668ed1006'
DELETE FROM [ERPSettings].[Filter] WHERE [IdFilter]=N'4da65713-5f66-4b6c-9903-9729ed13ef4c'
DELETE FROM [ERPSettings].[Filter] WHERE [IdFilter]=N'6b3fe20c-43a1-4409-8a59-b22b7df1e122'
DELETE FROM [ERPSettings].[Filter] WHERE [IdFilter]=N'879112c9-c01e-4b1d-9ad3-602dcbbedcf1'
DELETE FROM [ERPSettings].[Filter] WHERE [IdFilter]=N'88d4ad76-c3b0-4916-81fc-d9b2b69c485a'
DELETE FROM [ERPSettings].[Filter] WHERE [IdFilter]=N'bf32d11e-cdf8-4eb7-b24d-63bcd8fddd6b'
DELETE FROM [ERPSettings].[Filter] WHERE [IdFilter]=N'dceded20-c576-43be-bf08-376b71cb5d73'
DELETE FROM [ERPSettings].[Filter] WHERE [IdFilter]=N'ec01ae60-67a0-48d6-895e-a58a28e038af'
DELETE FROM [ERPSettings].[PredicateFormat] WHERE [IdPredicateFormat]=N'3739f1c4-67ad-408a-a957-0ec7de73ec36'
DELETE FROM [ERPSettings].[PredicateFormat] WHERE [IdPredicateFormat]=N'46c89436-39ff-4e35-baf7-d1f69061679f'
DELETE FROM [ERPSettings].[PredicateFormat] WHERE [IdPredicateFormat]=N'f292247a-f7b0-48a2-96cd-cfc1d5dfec1d'
DELETE FROM [ERPSettings].[PredicateFormat] WHERE [IdPredicateFormat]=N'f6293d3f-cdcc-42df-be9d-3304db4f8a62'
DELETE FROM [ERPSettings].[InputComponent] WHERE [IdComponent]=N'506e8e20-127b-4869-ab68-80b18772e01b'
DELETE FROM [ERPSettings].[InputComponent] WHERE [IdComponent]=N'b33dda21-d3e9-43d2-b8a5-62b6f2388a7a'
DELETE FROM [ERPSettings].[InputComponent] WHERE [IdComponent]=N'bdede972-8198-4751-80d5-c16d31f4bdbe'
DELETE FROM [ERPSettings].[InputComponent] WHERE [IdComponent]=N'ca6c6fae-ca77-4b1a-b5a0-b48c206b8ba9'
DELETE FROM [ERPSettings].[InputComponent] WHERE [IdComponent]=N'df7c4b35-ce1e-4678-aced-14b60a1916ac'
DELETE FROM [ERPSettings].[InputComponent] WHERE [IdComponent]=N'e495135b-e490-42a6-9851-0976b059f516'
DELETE FROM [ERPSettings].[ButtonComponent] WHERE [IdComponent]=N'39cd67a3-00cc-474e-8759-de3bbec206d3'
DELETE FROM [ERPSettings].[ButtonComponent] WHERE [IdComponent]=N'50e63633-705f-434f-99de-a4c60cf5fd92'
DELETE FROM [ERPSettings].[ButtonComponent] WHERE [IdComponent]=N'b79549b6-b244-41f4-90ca-383c0fb39ead'

DELETE FROM [ERPSettings].[ComponentByRole] WHERE [IdComponent]=N'089080b2-e3fc-49e6-a040-df337f29e088'
DELETE FROM [ERPSettings].[ComponentByRole] WHERE [IdComponent]=N'0d4447b2-077d-4eb6-b157-8957900e11c5'
DELETE FROM [ERPSettings].[ComponentByRole] WHERE [IdComponent]=N'1a643df6-1174-45d4-bd33-90848f9fd86d'
DELETE FROM [ERPSettings].[ComponentByRole] WHERE [IdComponent]=N'21136a11-088d-4bac-ac34-d92d37dd112d'
DELETE FROM [ERPSettings].[ComponentByRole] WHERE [IdComponent]=N'21cb8e1b-cacb-454d-917e-342c54d416dd'
DELETE FROM [ERPSettings].[ComponentByRole] WHERE [IdComponent]=N'313b1cb4-7a2d-4f5f-a264-8e5ff296ebd3'
DELETE FROM [ERPSettings].[ComponentByRole] WHERE [IdComponent]=N'389e11bd-e77d-43af-aeec-86acc79f4e94'
DELETE FROM [ERPSettings].[ComponentByRole] WHERE [IdComponent]=N'39cd67a3-00cc-474e-8759-de3bbec206d3'
DELETE FROM [ERPSettings].[ComponentByRole] WHERE [IdComponent]=N'50335027-ea20-4601-9b53-27ce28412590'
DELETE FROM [ERPSettings].[ComponentByRole] WHERE [IdComponent]=N'506e8e20-127b-4869-ab68-80b18772e01b'
DELETE FROM [ERPSettings].[ComponentByRole] WHERE [IdComponent]=N'50e63633-705f-434f-99de-a4c60cf5fd92'
DELETE FROM [ERPSettings].[ComponentByRole] WHERE [IdComponent]=N'53d12ac3-445c-4fe9-b0e3-dc1a3c9b195d'
DELETE FROM [ERPSettings].[ComponentByRole] WHERE [IdComponent]=N'62152ede-2d75-479f-8be3-4d09a58495e7'
DELETE FROM [ERPSettings].[ComponentByRole] WHERE [IdComponent]=N'627a0593-d3e8-48b5-9361-a07c3031ca1e'
DELETE FROM [ERPSettings].[ComponentByRole] WHERE [IdComponent]=N'66cc6f5e-8eae-4b0c-a557-e6ac06d664a2'
DELETE FROM [ERPSettings].[ComponentByRole] WHERE [IdComponent]=N'68771a48-44aa-4c63-960a-927215c8ef9b'
DELETE FROM [ERPSettings].[ComponentByRole] WHERE [IdComponent]=N'6ead3281-41bc-4685-97a6-24e86fbae7ef'
DELETE FROM [ERPSettings].[ComponentByRole] WHERE [IdComponent]=N'7244d369-b9db-4260-bf75-f7db4ddf06b3'
DELETE FROM [ERPSettings].[ComponentByRole] WHERE [IdComponent]=N'75ff434e-4b01-4e02-ac5a-6b1c8faddfa3'
DELETE FROM [ERPSettings].[ComponentByRole] WHERE [IdComponent]=N'7c9f996c-4c5e-47fd-9e1e-0ee9d315cd9a'
DELETE FROM [ERPSettings].[ComponentByRole] WHERE [IdComponent]=N'804d21b3-5b03-4b99-b3b8-1a1bb9c36cee'
DELETE FROM [ERPSettings].[ComponentByRole] WHERE [IdComponent]=N'8f91bf83-baf7-41f1-ac2d-a2beb35128af'
DELETE FROM [ERPSettings].[ComponentByRole] WHERE [IdComponent]=N'9016fcd9-3757-4720-b72a-b03efd979942'
DELETE FROM [ERPSettings].[ComponentByRole] WHERE [IdComponent]=N'9866a1c6-2f81-48d5-a098-15ab68a8f64a'
DELETE FROM [ERPSettings].[ComponentByRole] WHERE [IdComponent]=N'9fba779e-fe0c-4ad5-b9a0-2dae26e44208'
DELETE FROM [ERPSettings].[ComponentByRole] WHERE [IdComponent]=N'b2bd005b-a1fb-4e71-88b0-b6f04315725c'
DELETE FROM [ERPSettings].[ComponentByRole] WHERE [IdComponent]=N'b33dda21-d3e9-43d2-b8a5-62b6f2388a7a'
DELETE FROM [ERPSettings].[ComponentByRole] WHERE [IdComponent]=N'b5097bb6-2685-4e7b-a816-22b5aedf2de2'
DELETE FROM [ERPSettings].[ComponentByRole] WHERE [IdComponent]=N'b79549b6-b244-41f4-90ca-383c0fb39ead'
DELETE FROM [ERPSettings].[ComponentByRole] WHERE [IdComponent]=N'bdede972-8198-4751-80d5-c16d31f4bdbe'
DELETE FROM [ERPSettings].[ComponentByRole] WHERE [IdComponent]=N'ca6c6fae-ca77-4b1a-b5a0-b48c206b8ba9'
DELETE FROM [ERPSettings].[ComponentByRole] WHERE [IdComponent]=N'ce46622e-cd84-49a6-b60c-1c172d788cbd'
DELETE FROM [ERPSettings].[ComponentByRole] WHERE [IdComponent]=N'd4ee83cb-dfc6-4504-abd2-2a2ee1f4d784'
DELETE FROM [ERPSettings].[ComponentByRole] WHERE [IdComponent]=N'df7c4b35-ce1e-4678-aced-14b60a1916ac'
DELETE FROM [ERPSettings].[ComponentByRole] WHERE [IdComponent]=N'e0279360-d055-451e-a214-b96261f24a65'
DELETE FROM [ERPSettings].[ComponentByRole] WHERE [IdComponent]=N'e495135b-e490-42a6-9851-0976b059f516'
DELETE FROM [ERPSettings].[ComponentByRole] WHERE [IdComponent]=N'e9737e9a-7b63-4788-bc63-a89ad20633b3'
DELETE FROM [ERPSettings].[ComponentByRole] WHERE [IdComponent]=N'ea894ca9-3b2e-4a76-bb70-cf32951ae315'
DELETE FROM [ERPSettings].[ComponentByRole] WHERE [IdComponent]=N'ee031f83-6767-4381-88ff-d780381490d7'
DELETE FROM [ERPSettings].[GridColumnComponent] WHERE [IdComponent]=N'089080b2-e3fc-49e6-a040-df337f29e088'
DELETE FROM [ERPSettings].[GridColumnComponent] WHERE [IdComponent]=N'53d12ac3-445c-4fe9-b0e3-dc1a3c9b195d'
DELETE FROM [ERPSettings].[GridColumnComponent] WHERE [IdComponent]=N'66cc6f5e-8eae-4b0c-a557-e6ac06d664a2'
DELETE FROM [ERPSettings].[GridColumnComponent] WHERE [IdComponent]=N'6ead3281-41bc-4685-97a6-24e86fbae7ef'
DELETE FROM [ERPSettings].[GridColumnComponent] WHERE [IdComponent]=N'9866a1c6-2f81-48d5-a098-15ab68a8f64a'
DELETE FROM [ERPSettings].[GridColumnComponent] WHERE [IdComponent]=N'9fba779e-fe0c-4ad5-b9a0-2dae26e44208'
DELETE FROM [ERPSettings].[GridComponent] WHERE [IdComponent]=N'21cb8e1b-cacb-454d-917e-342c54d416dd'
DELETE FROM [ERPSettings].[GridDataSource] WHERE [IdGridOptions]=N'21cb8e1b-cacb-454d-917e-342c54d416dd'
DELETE FROM [ERPSettings].[GridOptions] WHERE [IdGridOptions]=N'21cb8e1b-cacb-454d-917e-342c54d416dd'
DELETE FROM [ERPSettings].[ServiceParameters] WHERE [IdServiceParameters]=N'218d2383-0d3a-4c91-b0bf-6c49e7ed7999'
DELETE FROM [ERPSettings].[ServiceParameters] WHERE [IdServiceParameters]=N'3d52b9b7-b998-42fa-9a76-ba91f4dde833'
DELETE FROM [ERPSettings].[ServiceParameters] WHERE [IdServiceParameters]=N'4b0dc25a-3d83-43e7-819c-0a880d30ba07'
DELETE FROM [ERPSettings].[ServiceParameters] WHERE [IdServiceParameters]=N'a7a92574-7de8-4487-b090-133b893c12af'
DELETE FROM [ERPSettings].[ServiceParameters] WHERE [IdServiceParameters]=N'b4ec5680-0bc2-4c71-b54e-19fc4fa518cd'
DELETE FROM [ERPSettings].[ServiceParameters] WHERE [IdServiceParameters]=N'cdda216f-1fbf-4c85-90eb-8ab04d24497f'
DELETE FROM [ERPSettings].[ServiceParameters] WHERE [IdServiceParameters]=N'ecad38de-3cb5-4aa0-a7b1-8daddbd11523'
DELETE FROM [ERPSettings].[DropDownListComponent] WHERE [IdComponent]=N'1a643df6-1174-45d4-bd33-90848f9fd86d'
DELETE FROM [ERPSettings].[DropDownListComponent] WHERE [IdComponent]=N'62152ede-2d75-479f-8be3-4d09a58495e7'
DELETE FROM [ERPSettings].[DropDownListComponent] WHERE [IdComponent]=N'b5097bb6-2685-4e7b-a816-22b5aedf2de2'
DELETE FROM [ERPSettings].[DropDownListComponent] WHERE [IdComponent]=N'ce46622e-cd84-49a6-b60c-1c172d788cbd'
DELETE FROM [ERPSettings].[Component] WHERE [IdComponent]=N'089080b2-e3fc-49e6-a040-df337f29e088'
DELETE FROM [ERPSettings].[Component] WHERE [IdComponent]=N'0d4447b2-077d-4eb6-b157-8957900e11c5'
DELETE FROM [ERPSettings].[Component] WHERE [IdComponent]=N'1a643df6-1174-45d4-bd33-90848f9fd86d'
DELETE FROM [ERPSettings].[Component] WHERE [IdComponent]=N'21136a11-088d-4bac-ac34-d92d37dd112d'
DELETE FROM [ERPSettings].[Component] WHERE [IdComponent]=N'21cb8e1b-cacb-454d-917e-342c54d416dd'
DELETE FROM [ERPSettings].[Component] WHERE [IdComponent]=N'313b1cb4-7a2d-4f5f-a264-8e5ff296ebd3'
DELETE FROM [ERPSettings].[Component] WHERE [IdComponent]=N'389e11bd-e77d-43af-aeec-86acc79f4e94'
DELETE FROM [ERPSettings].[Component] WHERE [IdComponent]=N'39cd67a3-00cc-474e-8759-de3bbec206d3'
DELETE FROM [ERPSettings].[Component] WHERE [IdComponent]=N'50335027-ea20-4601-9b53-27ce28412590'
DELETE FROM [ERPSettings].[Component] WHERE [IdComponent]=N'506e8e20-127b-4869-ab68-80b18772e01b'
DELETE FROM [ERPSettings].[Component] WHERE [IdComponent]=N'50e63633-705f-434f-99de-a4c60cf5fd92'
DELETE FROM [ERPSettings].[Component] WHERE [IdComponent]=N'53d12ac3-445c-4fe9-b0e3-dc1a3c9b195d'
DELETE FROM [ERPSettings].[Component] WHERE [IdComponent]=N'62152ede-2d75-479f-8be3-4d09a58495e7'
DELETE FROM [ERPSettings].[Component] WHERE [IdComponent]=N'627a0593-d3e8-48b5-9361-a07c3031ca1e'
DELETE FROM [ERPSettings].[Component] WHERE [IdComponent]=N'66cc6f5e-8eae-4b0c-a557-e6ac06d664a2'
DELETE FROM [ERPSettings].[Component] WHERE [IdComponent]=N'68771a48-44aa-4c63-960a-927215c8ef9b'
DELETE FROM [ERPSettings].[Component] WHERE [IdComponent]=N'6ead3281-41bc-4685-97a6-24e86fbae7ef'
DELETE FROM [ERPSettings].[Component] WHERE [IdComponent]=N'7244d369-b9db-4260-bf75-f7db4ddf06b3'
DELETE FROM [ERPSettings].[Component] WHERE [IdComponent]=N'75ff434e-4b01-4e02-ac5a-6b1c8faddfa3'
DELETE FROM [ERPSettings].[Component] WHERE [IdComponent]=N'7c9f996c-4c5e-47fd-9e1e-0ee9d315cd9a'
DELETE FROM [ERPSettings].[Component] WHERE [IdComponent]=N'804d21b3-5b03-4b99-b3b8-1a1bb9c36cee'
DELETE FROM [ERPSettings].[Component] WHERE [IdComponent]=N'8f91bf83-baf7-41f1-ac2d-a2beb35128af'
DELETE FROM [ERPSettings].[Component] WHERE [IdComponent]=N'9016fcd9-3757-4720-b72a-b03efd979942'
DELETE FROM [ERPSettings].[Component] WHERE [IdComponent]=N'9866a1c6-2f81-48d5-a098-15ab68a8f64a'
DELETE FROM [ERPSettings].[Component] WHERE [IdComponent]=N'9fba779e-fe0c-4ad5-b9a0-2dae26e44208'
DELETE FROM [ERPSettings].[Component] WHERE [IdComponent]=N'b2bd005b-a1fb-4e71-88b0-b6f04315725c'
DELETE FROM [ERPSettings].[Component] WHERE [IdComponent]=N'b33dda21-d3e9-43d2-b8a5-62b6f2388a7a'
DELETE FROM [ERPSettings].[Component] WHERE [IdComponent]=N'b5097bb6-2685-4e7b-a816-22b5aedf2de2'
DELETE FROM [ERPSettings].[Component] WHERE [IdComponent]=N'b79549b6-b244-41f4-90ca-383c0fb39ead'
DELETE FROM [ERPSettings].[Component] WHERE [IdComponent]=N'bdede972-8198-4751-80d5-c16d31f4bdbe'
DELETE FROM [ERPSettings].[Component] WHERE [IdComponent]=N'ca6c6fae-ca77-4b1a-b5a0-b48c206b8ba9'
DELETE FROM [ERPSettings].[Component] WHERE [IdComponent]=N'ce46622e-cd84-49a6-b60c-1c172d788cbd'
DELETE FROM [ERPSettings].[Component] WHERE [IdComponent]=N'd4ee83cb-dfc6-4504-abd2-2a2ee1f4d784'
DELETE FROM [ERPSettings].[Component] WHERE [IdComponent]=N'df7c4b35-ce1e-4678-aced-14b60a1916ac'
DELETE FROM [ERPSettings].[Component] WHERE [IdComponent]=N'e0279360-d055-451e-a214-b96261f24a65'
DELETE FROM [ERPSettings].[Component] WHERE [IdComponent]=N'e495135b-e490-42a6-9851-0976b059f516'
DELETE FROM [ERPSettings].[Component] WHERE [IdComponent]=N'e9737e9a-7b63-4788-bc63-a89ad20633b3'
DELETE FROM [ERPSettings].[Component] WHERE [IdComponent]=N'ea894ca9-3b2e-4a76-bb70-cf32951ae315'
DELETE FROM [ERPSettings].[Component] WHERE [IdComponent]=N'ee031f83-6767-4381-88ff-d780381490d7'
UPDATE [ERPSettings].[DropDownListComponent] SET [k_on_change]=N'bController.baseService.actionService.onChangeDataSource(''c0f45a72-0492-42ce-a30b-b5ea8b2d9256'')' WHERE [IdComponent]=N'c0f45a72-0492-42ce-a30b-b5ea8b2d9256'
UPDATE [ERPSettings].[Component] SET [rank]=4 WHERE [IdComponent]=N'095a2d3c-94f9-46e6-acec-8d14e1b9ebf5'
UPDATE [ERPSettings].[Component] SET [rank]=3 WHERE [IdComponent]=N'a8c77aaa-e6ad-40c9-a4cf-d4b923b57ccd'
UPDATE [ERPSettings].[Component] SET [rank]=1, [IdComponentChangedBy]=NULL WHERE [IdComponent]=N'c0f45a72-0492-42ce-a30b-b5ea8b2d9256'
INSERT INTO [ERPSettings].[Component] ([IdComponent], [rank], [ComponentName], [IdComponentType], [IdFunctionality], [IdComponentParent], [FR], [EN], [AR], [DE], [CH], [ES], [IdButton], [classDiv], [classLabel], [class], [IsEncapsulated], [IdComponentChangedBy], [EntityName], [style], [ng_hide], [IsToInitialize], [IdFunctionalityForm], [IsFireChange]) VALUES (N'005a5d7e-ca28-4ea5-bfa8-fe5923ab7688', 1, N'Code', 1, N'e7b3084b-711a-43e3-8ab6-a37af089281e', N'71923d84-faf4-4b8c-b453-6bc4c0cc6e44', N'Code', N'Code', N'Code_AR', N'Code_DE', N'Code_CH', N'Code_ES', N'3515778b-d04b-4a7e-864e-fac0161ec53c', N'form-group col-lg-12 col-md-12 col-sm-12', N'col-lg-4 col-md-4 col-sm-4', N'k-textbox', 0, NULL, N'Axis', NULL, NULL, 1, N'e7b3084b-711a-43e3-8ab6-a37af089281e', NULL)
INSERT INTO [ERPSettings].[Component] ([IdComponent], [rank], [ComponentName], [IdComponentType], [IdFunctionality], [IdComponentParent], [FR], [EN], [AR], [DE], [CH], [ES], [IdButton], [classDiv], [classLabel], [class], [IsEncapsulated], [IdComponentChangedBy], [EntityName], [style], [ng_hide], [IsToInitialize], [IdFunctionalityForm], [IsFireChange]) VALUES (N'02df6ea7-4b9e-42e5-8e17-65900484b5df', 2, N'Fr', 1, N'e7b3084b-711a-43e3-8ab6-a37af089281e', N'0781ecf7-b931-49f3-9fae-64853969f789', NULL, NULL, NULL, NULL, NULL, NULL, N'96480d7c-5baf-44e8-8133-c4f19a422e35', N'form-group col-lg-4 col-md-6 col-sm-12', N'col-lg-4 col-md-4 col-sm-4', N'k-textbox', 0, N'4e6c5cca-76d1-4434-afa4-67204f81b443', N'AxisEntity', NULL, N'true', 1, N'e7b3084b-711a-43e3-8ab6-a37af089281e', NULL)
INSERT INTO [ERPSettings].[Component] ([IdComponent], [rank], [ComponentName], [IdComponentType], [IdFunctionality], [IdComponentParent], [FR], [EN], [AR], [DE], [CH], [ES], [IdButton], [classDiv], [classLabel], [class], [IsEncapsulated], [IdComponentChangedBy], [EntityName], [style], [ng_hide], [IsToInitialize], [IdFunctionalityForm], [IsFireChange]) VALUES (N'03f831be-8b3b-4443-895b-9995ef425344', 1, N'IdTableEntity', 8, N'3ff1b7e8-5c50-4e66-9d14-5474c49f36c6', N'f5636527-9650-4e87-bb3f-12c66b3870c9', N'Entité', N'Entity', NULL, NULL, NULL, NULL, N'ccc8e2da-c106-4293-a297-9e3c32d2a266', N'form-group col-lg-4 col-md-6 col-sm-12', N'col-lg-4 col-md-4 col-sm-4', N'', 0, NULL, N'AxisEntity', NULL, NULL, 1, N'3ff1b7e8-5c50-4e66-9d14-5474c49f36c6', NULL)
INSERT INTO [ERPSettings].[Component] ([IdComponent], [rank], [ComponentName], [IdComponentType], [IdFunctionality], [IdComponentParent], [FR], [EN], [AR], [DE], [CH], [ES], [IdButton], [classDiv], [classLabel], [class], [IsEncapsulated], [IdComponentChangedBy], [EntityName], [style], [ng_hide], [IsToInitialize], [IdFunctionalityForm], [IsFireChange]) VALUES (N'048c601c-c256-4bcb-8272-3b4252e3a1f9', 3, N'En', 1, N'3ff1b7e8-5c50-4e66-9d14-5474c49f36c6', N'f5636527-9650-4e87-bb3f-12c66b3870c9', NULL, NULL, NULL, NULL, NULL, NULL, N'ccc8e2da-c106-4293-a297-9e3c32d2a266', N'form-group col-lg-12 col-md-12 col-sm-12', N'col-lg-4 col-md-4 col-sm-4', N'k-textbox', 0, N'03f831be-8b3b-4443-895b-9995ef425344', N'AxisEntity', NULL, N'true', 1, N'3ff1b7e8-5c50-4e66-9d14-5474c49f36c6', NULL)
INSERT INTO [ERPSettings].[Component] ([IdComponent], [rank], [ComponentName], [IdComponentType], [IdFunctionality], [IdComponentParent], [FR], [EN], [AR], [DE], [CH], [ES], [IdButton], [classDiv], [classLabel], [class], [IsEncapsulated], [IdComponentChangedBy], [EntityName], [style], [ng_hide], [IsToInitialize], [IdFunctionalityForm], [IsFireChange]) VALUES (N'055e3c6a-b68e-4518-a82e-67fa3cd2c526', 2, N'Code', 4, N'e7b3084b-711a-43e3-8ab6-a37af089281e', N'd1e81bd9-b2dd-4741-8a2d-e7914bee7e58', N'Code', N'Code', N'Code_AR', N'Code_DE', N'Code_CH', N'Code_ES', NULL, N'col-lg-12 col-md-12 col-sm-12', N'col-lg-4 col-md-4 col-sm-4', N'', 0, NULL, N'AxisValue', NULL, NULL, 0, N'e7b3084b-711a-43e3-8ab6-a37af089281e', NULL)
INSERT INTO [ERPSettings].[Component] ([IdComponent], [rank], [ComponentName], [IdComponentType], [IdFunctionality], [IdComponentParent], [FR], [EN], [AR], [DE], [CH], [ES], [IdButton], [classDiv], [classLabel], [class], [IsEncapsulated], [IdComponentChangedBy], [EntityName], [style], [ng_hide], [IsToInitialize], [IdFunctionalityForm], [IsFireChange]) VALUES (N'0781ecf7-b931-49f3-9fae-64853969f789', 1, N'DIV1', 9, N'e7b3084b-711a-43e3-8ab6-a37af089281e', N'8b3bbd65-51d8-4029-925c-0032b819acad', NULL, NULL, NULL, NULL, NULL, NULL, NULL, N'', N'', N'col-lg-12 col-md-12 col-sm-12', 0, NULL, N'Axis', NULL, NULL, 1, N'e7b3084b-711a-43e3-8ab6-a37af089281e', NULL)
INSERT INTO [ERPSettings].[Component] ([IdComponent], [rank], [ComponentName], [IdComponentType], [IdFunctionality], [IdComponentParent], [FR], [EN], [AR], [DE], [CH], [ES], [IdButton], [classDiv], [classLabel], [class], [IsEncapsulated], [IdComponentChangedBy], [EntityName], [style], [ng_hide], [IsToInitialize], [IdFunctionalityForm], [IsFireChange]) VALUES (N'095b419f-6b76-440b-a7ca-512be621f14e', 1, N'FORM1', 6, N'e7b3084b-711a-43e3-8ab6-a37af089281e', NULL, N'Axe', N'Axis', N'Axe_AR', N'Axe_DE', N'Axe_CH', N'Axe_ES', NULL, N'col-lg-12 col-md-12 col-sm-12', N'col-lg-4 col-md-4 col-sm-4', N'', 0, NULL, N'Axis', NULL, NULL, 1, N'e7b3084b-711a-43e3-8ab6-a37af089281e', NULL)
INSERT INTO [ERPSettings].[Component] ([IdComponent], [rank], [ComponentName], [IdComponentType], [IdFunctionality], [IdComponentParent], [FR], [EN], [AR], [DE], [CH], [ES], [IdButton], [classDiv], [classLabel], [class], [IsEncapsulated], [IdComponentChangedBy], [EntityName], [style], [ng_hide], [IsToInitialize], [IdFunctionalityForm], [IsFireChange]) VALUES (N'09f31a00-4807-46b2-bb34-103dbacf0987', 1, N'Id', 4, N'e7b3084b-711a-43e3-8ab6-a37af089281e', N'a4d5c427-bd4e-44ca-9e35-10a8e4a537b0', NULL, NULL, NULL, NULL, NULL, NULL, NULL, N'col-lg-12 col-md-12 col-sm-12', N'col-lg-4 col-md-4 col-sm-4', N'', 0, NULL, N'AxisEntity', NULL, NULL, 1, N'e7b3084b-711a-43e3-8ab6-a37af089281e', NULL)
INSERT INTO [ERPSettings].[Component] ([IdComponent], [rank], [ComponentName], [IdComponentType], [IdFunctionality], [IdComponentParent], [FR], [EN], [AR], [DE], [CH], [ES], [IdButton], [classDiv], [classLabel], [class], [IsEncapsulated], [IdComponentChangedBy], [EntityName], [style], [ng_hide], [IsToInitialize], [IdFunctionalityForm], [IsFireChange]) VALUES (N'105d20e8-5112-459f-be96-cf32a5e97f4a', 2, N'IdTableEntity', 4, N'e7b3084b-711a-43e3-8ab6-a37af089281e', N'a4d5c427-bd4e-44ca-9e35-10a8e4a537b0', N'', N'', NULL, NULL, NULL, NULL, NULL, N'col-lg-12 col-md-12 col-sm-12', N'col-lg-4 col-md-4 col-sm-4', N'', 0, NULL, N'AxisEntity', NULL, NULL, 1, N'e7b3084b-711a-43e3-8ab6-a37af089281e', NULL)
INSERT INTO [ERPSettings].[Component] ([IdComponent], [rank], [ComponentName], [IdComponentType], [IdFunctionality], [IdComponentParent], [FR], [EN], [AR], [DE], [CH], [ES], [IdButton], [classDiv], [classLabel], [class], [IsEncapsulated], [IdComponentChangedBy], [EntityName], [style], [ng_hide], [IsToInitialize], [IdFunctionalityForm], [IsFireChange]) VALUES (N'1112ffb6-8a10-4b27-a554-dfcf1b6bb260', 3, N'En', 1, N'e7b3084b-711a-43e3-8ab6-a37af089281e', N'0781ecf7-b931-49f3-9fae-64853969f789', NULL, NULL, NULL, NULL, NULL, NULL, N'96480d7c-5baf-44e8-8133-c4f19a422e35', N'form-group col-lg-12 col-md-12 col-sm-12', N'col-lg-4 col-md-4 col-sm-4', N'k-textbox', 0, N'4e6c5cca-76d1-4434-afa4-67204f81b443', N'AxisEntity', NULL, N'true', 1, N'e7b3084b-711a-43e3-8ab6-a37af089281e', NULL)
INSERT INTO [ERPSettings].[Component] ([IdComponent], [rank], [ComponentName], [IdComponentType], [IdFunctionality], [IdComponentParent], [FR], [EN], [AR], [DE], [CH], [ES], [IdButton], [classDiv], [classLabel], [class], [IsEncapsulated], [IdComponentChangedBy], [EntityName], [style], [ng_hide], [IsToInitialize], [IdFunctionalityForm], [IsFireChange]) VALUES (N'173aa6fe-fed4-49d7-901a-76e78586769a', 1, N'Code', 1, N'e7b3084b-711a-43e3-8ab6-a37af089281e', N'22dbc805-d0a4-4d1a-932f-2574f6e05b5f', N'Code', N'Code', N'Code_AR', N'Code_DE', N'Code_CH', N'Code_ES', N'68a7affe-4269-4bd9-8020-c8a109924743', N'form-group col-lg-4 col-md-6 col-sm-12', N'col-lg-4 col-md-4 col-sm-4', N'k-textbox', 0, NULL, N'AxisValue', NULL, NULL, 0, N'e7b3084b-711a-43e3-8ab6-a37af089281e', NULL)
INSERT INTO [ERPSettings].[Component] ([IdComponent], [rank], [ComponentName], [IdComponentType], [IdFunctionality], [IdComponentParent], [FR], [EN], [AR], [DE], [CH], [ES], [IdButton], [classDiv], [classLabel], [class], [IsEncapsulated], [IdComponentChangedBy], [EntityName], [style], [ng_hide], [IsToInitialize], [IdFunctionalityForm], [IsFireChange]) VALUES (N'1dc0e6a1-8b70-47df-8a42-7c39de6ab083', 1, N'GRIDBUTTON1', 16, N'e7b3084b-711a-43e3-8ab6-a37af089281e', N'42136f09-d662-4f00-9941-8d904040bf59', N'GRIDBUTTON1', N'GRIDBUTTON1', N'GRIDBUTTON1_AR', N'GRIDBUTTON1_DE', N'GRIDBUTTON1_CH', N'GRIDBUTTON1_ES', N'68a7affe-4269-4bd9-8020-c8a109924743', N'col-lg-12 col-md-12 col-sm-12', N'col-lg-4 col-md-4 col-sm-4', N'glyphicon glyphicon-edit', 0, NULL, N'AxisValue', NULL, NULL, 1, N'e7b3084b-711a-43e3-8ab6-a37af089281e', NULL)
INSERT INTO [ERPSettings].[Component] ([IdComponent], [rank], [ComponentName], [IdComponentType], [IdFunctionality], [IdComponentParent], [FR], [EN], [AR], [DE], [CH], [ES], [IdButton], [classDiv], [classLabel], [class], [IsEncapsulated], [IdComponentChangedBy], [EntityName], [style], [ng_hide], [IsToInitialize], [IdFunctionalityForm], [IsFireChange]) VALUES (N'1dd2b2a5-b334-4322-8a8c-c42fff3f90ca', 5, N'IsDeleted', 4, N'e7b3084b-711a-43e3-8ab6-a37af089281e', N'a4d5c427-bd4e-44ca-9e35-10a8e4a537b0', NULL, NULL, NULL, NULL, NULL, NULL, NULL, N'col-lg-12 col-md-12 col-sm-12', N'col-lg-4 col-md-4 col-sm-4', N'', 0, NULL, N'AxisEntity', NULL, NULL, 1, N'e7b3084b-711a-43e3-8ab6-a37af089281e', NULL)
INSERT INTO [ERPSettings].[Component] ([IdComponent], [rank], [ComponentName], [IdComponentType], [IdFunctionality], [IdComponentParent], [FR], [EN], [AR], [DE], [CH], [ES], [IdButton], [classDiv], [classLabel], [class], [IsEncapsulated], [IdComponentChangedBy], [EntityName], [style], [ng_hide], [IsToInitialize], [IdFunctionalityForm], [IsFireChange]) VALUES (N'1f19a254-4e07-4d90-a94e-6d4f68f83aae', 2, N'En', 1, N'e7b3084b-711a-43e3-8ab6-a37af089281e', N'8ed64ad5-e8d7-4064-b9e9-043fc1b5f2fb', N'EN', N'EN', N'EN_AR', N'EN_DE', N'EN_CH', N'EN_ES', N'3515778b-d04b-4a7e-864e-fac0161ec53c', N'form-group col-lg-12 col-md-12 col-sm-12', N'col-lg-4 col-md-4 col-sm-4', N'k-textbox', 0, NULL, N'Axis', NULL, NULL, 1, N'e7b3084b-711a-43e3-8ab6-a37af089281e', NULL)
INSERT INTO [ERPSettings].[Component] ([IdComponent], [rank], [ComponentName], [IdComponentType], [IdFunctionality], [IdComponentParent], [FR], [EN], [AR], [DE], [CH], [ES], [IdButton], [classDiv], [classLabel], [class], [IsEncapsulated], [IdComponentChangedBy], [EntityName], [style], [ng_hide], [IsToInitialize], [IdFunctionalityForm], [IsFireChange]) VALUES (N'1f96c033-da43-4637-b7bd-6f040ccfaf55', 2, N'DIV2', 9, N'e7b3084b-711a-43e3-8ab6-a37af089281e', N'71cf8625-10ac-4c97-95e0-52fc6a60234f', N'DIV2', N'DIV2', N'DIV2_AR', N'DIV2_DE', N'DIV2_CH', N'DIV2_ES', NULL, N'', N'', N'', 0, NULL, N'Item', NULL, NULL, 1, N'e7b3084b-711a-43e3-8ab6-a37af089281e', NULL)
INSERT INTO [ERPSettings].[Component] ([IdComponent], [rank], [ComponentName], [IdComponentType], [IdFunctionality], [IdComponentParent], [FR], [EN], [AR], [DE], [CH], [ES], [IdButton], [classDiv], [classLabel], [class], [IsEncapsulated], [IdComponentChangedBy], [EntityName], [style], [ng_hide], [IsToInitialize], [IdFunctionalityForm], [IsFireChange]) VALUES (N'22dbc805-d0a4-4d1a-932f-2574f6e05b5f', 1, N'DIV4', 9, N'e7b3084b-711a-43e3-8ab6-a37af089281e', N'f688494f-5765-4752-a52b-691281620028', N'DIV4', N'DIV4', N'DIV4_AR', N'DIV4_DE', N'DIV4_CH', N'DIV4_ES', NULL, N'', N'', N'col-lg-12 col-md-12 col-sm-12', 0, NULL, N'Axis', NULL, NULL, 1, N'e7b3084b-711a-43e3-8ab6-a37af089281e', NULL)
INSERT INTO [ERPSettings].[Component] ([IdComponent], [rank], [ComponentName], [IdComponentType], [IdFunctionality], [IdComponentParent], [FR], [EN], [AR], [DE], [CH], [ES], [IdButton], [classDiv], [classLabel], [class], [IsEncapsulated], [IdComponentChangedBy], [EntityName], [style], [ng_hide], [IsToInitialize], [IdFunctionalityForm], [IsFireChange]) VALUES (N'23326c06-7cbd-47d5-88a7-6cfc547bb8c7', 3, N'IsRequired', 4, N'3ff1b7e8-5c50-4e66-9d14-5474c49f36c6', N'd0c55480-9e9d-4ae7-9093-e11afe7ad99e', N'Requis (*)', N'Required (*)', NULL, NULL, NULL, NULL, NULL, N'col-lg-12 col-md-12 col-sm-12', N'col-lg-4 col-md-4 col-sm-4', N'', 0, NULL, N'AxisEntity', N'', NULL, 1, N'3ff1b7e8-5c50-4e66-9d14-5474c49f36c6', NULL)
INSERT INTO [ERPSettings].[Component] ([IdComponent], [rank], [ComponentName], [IdComponentType], [IdFunctionality], [IdComponentParent], [FR], [EN], [AR], [DE], [CH], [ES], [IdButton], [classDiv], [classLabel], [class], [IsEncapsulated], [IdComponentChangedBy], [EntityName], [style], [ng_hide], [IsToInitialize], [IdFunctionalityForm], [IsFireChange]) VALUES (N'2ccd1207-a352-42b9-8db8-2775fe11d6cf', 1, N'DIVCONTAINER1', 17, N'e7b3084b-711a-43e3-8ab6-a37af089281e', N'095b419f-6b76-440b-a7ca-512be621f14e', N'Modifier axe', N'Update axis', N'Update axis', N'Update axis', N'Update axis', N'Update axis', NULL, N'col-lg-12 col-md-12 col-sm-12', N'', N'', 0, NULL, N'Axis', NULL, NULL, 1, N'e7b3084b-711a-43e3-8ab6-a37af089281e', NULL)
INSERT INTO [ERPSettings].[Component] ([IdComponent], [rank], [ComponentName], [IdComponentType], [IdFunctionality], [IdComponentParent], [FR], [EN], [AR], [DE], [CH], [ES], [IdButton], [classDiv], [classLabel], [class], [IsEncapsulated], [IdComponentChangedBy], [EntityName], [style], [ng_hide], [IsToInitialize], [IdFunctionalityForm], [IsFireChange]) VALUES (N'2ed9e6b0-b5f7-4ec7-9c62-5da923c6d67e', 3, N'AxisValueRelationShipIdAxisValueNavigation', 8, N'e7b3084b-711a-43e3-8ab6-a37af089281e', N'22dbc805-d0a4-4d1a-932f-2574f6e05b5f', N'Valeurs parent', N'Parent values', N'Valeurs parent_AR', N'Valeurs parent_DE', N'Valeurs parent_CH', N'Valeurs parent_ES', N'68a7affe-4269-4bd9-8020-c8a109924743', N'form-group col-lg-4 col-md-6 col-sm-12', N'col-lg-4 col-md-4 col-sm-4', N'k-textbox', 0, N'c9faaa18-e03c-4936-a4a7-981de77a22fe', N'AxisValue', NULL, NULL, 1, N'e7b3084b-711a-43e3-8ab6-a37af089281e', NULL)
INSERT INTO [ERPSettings].[Component] ([IdComponent], [rank], [ComponentName], [IdComponentType], [IdFunctionality], [IdComponentParent], [FR], [EN], [AR], [DE], [CH], [ES], [IdButton], [classDiv], [classLabel], [class], [IsEncapsulated], [IdComponentChangedBy], [EntityName], [style], [ng_hide], [IsToInitialize], [IdFunctionalityForm], [IsFireChange]) VALUES (N'320a96df-8a39-4bec-b335-26cc2fe81694', 1, N'Delete', 16, N'3ff1b7e8-5c50-4e66-9d14-5474c49f36c6', N'ada29ca9-b96e-42bd-8788-70f855a5d8a6', NULL, NULL, NULL, NULL, NULL, NULL, N'ccc8e2da-c106-4293-a297-9e3c32d2a266', N'col-lg-12 col-md-12 col-sm-12', N'col-lg-4 col-md-4 col-sm-4', N'glyphicon glyphicon-trash', 0, NULL, N'Axis', N'', NULL, 1, N'3ff1b7e8-5c50-4e66-9d14-5474c49f36c6', NULL)
INSERT INTO [ERPSettings].[Component] ([IdComponent], [rank], [ComponentName], [IdComponentType], [IdFunctionality], [IdComponentParent], [FR], [EN], [AR], [DE], [CH], [ES], [IdButton], [classDiv], [classLabel], [class], [IsEncapsulated], [IdComponentChangedBy], [EntityName], [style], [ng_hide], [IsToInitialize], [IdFunctionalityForm], [IsFireChange]) VALUES (N'3515778b-d04b-4a7e-864e-fac0161ec53c', 1, N'BUTTON1', 7, N'e7b3084b-711a-43e3-8ab6-a37af089281e', N'1f96c033-da43-4637-b7bd-6f040ccfaf55', N'Mettre à jours', N'Update', N'Enregistrer_AR', N'Enregistrer_DE', N'Enregistrer_CH', N'Enregistrer_ES', NULL, N'form-group col-lg-12 col-md-12 col-sm-12', N'col-lg-4 col-md-4 col-sm-4', N'k-button', 0, NULL, N'Currency', NULL, NULL, 1, N'e7b3084b-711a-43e3-8ab6-a37af089281e', NULL)
INSERT INTO [ERPSettings].[Component] ([IdComponent], [rank], [ComponentName], [IdComponentType], [IdFunctionality], [IdComponentParent], [FR], [EN], [AR], [DE], [CH], [ES], [IdButton], [classDiv], [classLabel], [class], [IsEncapsulated], [IdComponentChangedBy], [EntityName], [style], [ng_hide], [IsToInitialize], [IdFunctionalityForm], [IsFireChange]) VALUES (N'42136f09-d662-4f00-9941-8d904040bf59', 6, N'GRIDCOLUMN3', 4, N'e7b3084b-711a-43e3-8ab6-a37af089281e', N'd1e81bd9-b2dd-4741-8a2d-e7914bee7e58', N'GRIDCOLUMN3', N'GRIDCOLUMN3', N'GRIDCOLUMN3_AR', N'GRIDCOLUMN3_DE', N'GRIDCOLUMN3_CH', N'GRIDCOLUMN3_ES', NULL, N'col-lg-12 col-md-12 col-sm-12', N'col-lg-4 col-md-4 col-sm-4', N'', 0, NULL, N'AxisValue', NULL, NULL, 1, N'e7b3084b-711a-43e3-8ab6-a37af089281e', NULL)
INSERT INTO [ERPSettings].[Component] ([IdComponent], [rank], [ComponentName], [IdComponentType], [IdFunctionality], [IdComponentParent], [FR], [EN], [AR], [DE], [CH], [ES], [IdButton], [classDiv], [classLabel], [class], [IsEncapsulated], [IdComponentChangedBy], [EntityName], [style], [ng_hide], [IsToInitialize], [IdFunctionalityForm], [IsFireChange]) VALUES (N'46f033e0-02c0-432d-866c-c82ba90721f3', 2, N'GRIDBUTTON2', 16, N'e7b3084b-711a-43e3-8ab6-a37af089281e', N'42136f09-d662-4f00-9941-8d904040bf59', N'GRIDBUTTON2', N'GRIDBUTTON2', N'GRIDBUTTON2_AR', N'GRIDBUTTON2_DE', N'GRIDBUTTON2_CH', N'GRIDBUTTON2_ES', NULL, N'col-lg-12 col-md-12 col-sm-12', N'col-lg-4 col-md-4 col-sm-4', N'glyphicon glyphicon-trash', 0, NULL, N'AxisValue', NULL, NULL, 1, N'e7b3084b-711a-43e3-8ab6-a37af089281e', NULL)
INSERT INTO [ERPSettings].[Component] ([IdComponent], [rank], [ComponentName], [IdComponentType], [IdFunctionality], [IdComponentParent], [FR], [EN], [AR], [DE], [CH], [ES], [IdButton], [classDiv], [classLabel], [class], [IsEncapsulated], [IdComponentChangedBy], [EntityName], [style], [ng_hide], [IsToInitialize], [IdFunctionalityForm], [IsFireChange]) VALUES (N'47374b10-4236-4984-b336-9093b2e95127', 1, N'Id', 4, N'3ff1b7e8-5c50-4e66-9d14-5474c49f36c6', N'd0c55480-9e9d-4ae7-9093-e11afe7ad99e', NULL, NULL, NULL, NULL, NULL, NULL, NULL, N'col-lg-12 col-md-12 col-sm-12', N'col-lg-4 col-md-4 col-sm-4', N'', 0, NULL, N'AxisEntity', NULL, NULL, 1, N'3ff1b7e8-5c50-4e66-9d14-5474c49f36c6', NULL)
INSERT INTO [ERPSettings].[Component] ([IdComponent], [rank], [ComponentName], [IdComponentType], [IdFunctionality], [IdComponentParent], [FR], [EN], [AR], [DE], [CH], [ES], [IdButton], [classDiv], [classLabel], [class], [IsEncapsulated], [IdComponentChangedBy], [EntityName], [style], [ng_hide], [IsToInitialize], [IdFunctionalityForm], [IsFireChange]) VALUES (N'4837ffaa-26c9-4798-bf03-7962f2434607', 3, N'Div', 9, N'3ff1b7e8-5c50-4e66-9d14-5474c49f36c6', N'cfac746d-ea3c-463c-ad4c-d8595e7716a6', NULL, NULL, NULL, NULL, NULL, NULL, NULL, N'', N'', N'col-lg-12 col-md-12 col-sm-12', 0, NULL, N'Axis', NULL, NULL, 0, N'3ff1b7e8-5c50-4e66-9d14-5474c49f36c6', NULL)
INSERT INTO [ERPSettings].[Component] ([IdComponent], [rank], [ComponentName], [IdComponentType], [IdFunctionality], [IdComponentParent], [FR], [EN], [AR], [DE], [CH], [ES], [IdButton], [classDiv], [classLabel], [class], [IsEncapsulated], [IdComponentChangedBy], [EntityName], [style], [ng_hide], [IsToInitialize], [IdFunctionalityForm], [IsFireChange]) VALUES (N'4e4c58a3-67f4-43c6-a805-77e666ad29d3', 2, N'Label', 1, N'e7b3084b-711a-43e3-8ab6-a37af089281e', N'71923d84-faf4-4b8c-b453-6bc4c0cc6e44', N'Désignation', N'Designation', N'Designation_AR', N'Designation_DE', N'Designation_CH', N'Designation_ES', N'3515778b-d04b-4a7e-864e-fac0161ec53c', N'form-group col-lg-12 col-md-12 col-sm-12', N'col-lg-4 col-md-4 col-sm-4', N'k-textbox', 0, NULL, N'Axis', NULL, NULL, 1, N'e7b3084b-711a-43e3-8ab6-a37af089281e', NULL)
INSERT INTO [ERPSettings].[Component] ([IdComponent], [rank], [ComponentName], [IdComponentType], [IdFunctionality], [IdComponentParent], [FR], [EN], [AR], [DE], [CH], [ES], [IdButton], [classDiv], [classLabel], [class], [IsEncapsulated], [IdComponentChangedBy], [EntityName], [style], [ng_hide], [IsToInitialize], [IdFunctionalityForm], [IsFireChange]) VALUES (N'4e6c5cca-76d1-4434-afa4-67204f81b443', 1, N'IdTableEntity', 8, N'e7b3084b-711a-43e3-8ab6-a37af089281e', N'0781ecf7-b931-49f3-9fae-64853969f789', N'Entité', N'Entity', NULL, NULL, NULL, NULL, N'96480d7c-5baf-44e8-8133-c4f19a422e35', N'form-group col-lg-4 col-md-6 col-sm-12', N'col-lg-4 col-md-4 col-sm-4', N'', 0, NULL, N'AxisEntity', NULL, NULL, 1, N'e7b3084b-711a-43e3-8ab6-a37af089281e', NULL)
INSERT INTO [ERPSettings].[Component] ([IdComponent], [rank], [ComponentName], [IdComponentType], [IdFunctionality], [IdComponentParent], [FR], [EN], [AR], [DE], [CH], [ES], [IdButton], [classDiv], [classLabel], [class], [IsEncapsulated], [IdComponentChangedBy], [EntityName], [style], [ng_hide], [IsToInitialize], [IdFunctionalityForm], [IsFireChange]) VALUES (N'6533759c-00f0-4351-bff8-53201c9f5be5', 2, N'Fr', 1, N'3ff1b7e8-5c50-4e66-9d14-5474c49f36c6', N'f5636527-9650-4e87-bb3f-12c66b3870c9', NULL, NULL, NULL, NULL, NULL, NULL, N'ccc8e2da-c106-4293-a297-9e3c32d2a266', N'form-group col-lg-4 col-md-6 col-sm-12', N'col-lg-4 col-md-4 col-sm-4', N'k-textbox', 0, N'03f831be-8b3b-4443-895b-9995ef425344', N'AxisEntity', NULL, N'true', 1, N'3ff1b7e8-5c50-4e66-9d14-5474c49f36c6', NULL)
INSERT INTO [ERPSettings].[Component] ([IdComponent], [rank], [ComponentName], [IdComponentType], [IdFunctionality], [IdComponentParent], [FR], [EN], [AR], [DE], [CH], [ES], [IdButton], [classDiv], [classLabel], [class], [IsEncapsulated], [IdComponentChangedBy], [EntityName], [style], [ng_hide], [IsToInitialize], [IdFunctionalityForm], [IsFireChange]) VALUES (N'66100fbc-7b4f-4128-b9b1-bb8a09d3ef4f', 5, N'IsDeleted', 4, N'e7b3084b-711a-43e3-8ab6-a37af089281e', N'd1e81bd9-b2dd-4741-8a2d-e7914bee7e58', NULL, NULL, NULL, NULL, NULL, NULL, NULL, N'col-lg-12 col-md-12 col-sm-12', N'col-lg-4 col-md-4 col-sm-4', N'', 0, NULL, N'AxisEntity', NULL, NULL, 1, N'e7b3084b-711a-43e3-8ab6-a37af089281e', NULL)
INSERT INTO [ERPSettings].[Component] ([IdComponent], [rank], [ComponentName], [IdComponentType], [IdFunctionality], [IdComponentParent], [FR], [EN], [AR], [DE], [CH], [ES], [IdButton], [classDiv], [classLabel], [class], [IsEncapsulated], [IdComponentChangedBy], [EntityName], [style], [ng_hide], [IsToInitialize], [IdFunctionalityForm], [IsFireChange]) VALUES (N'68a7affe-4269-4bd9-8020-c8a109924743', 1, N'OK', 7, N'e7b3084b-711a-43e3-8ab6-a37af089281e', N'e5ed4de0-4f9b-4ed7-aeb3-ca52e8777bcd', N'Enregistrer', N'Save', N'Enregistrer_AR', N'Enregistrer_DE', N'Enregistrer_CH', N'Enregistrer_ES', NULL, N'form-group col-lg-12 col-md-12 col-sm-12', N'col-lg-4 col-md-4 col-sm-4', N'k-button pull-right', 0, NULL, N'AxisValue', NULL, NULL, 1, N'e7b3084b-711a-43e3-8ab6-a37af089281e', NULL)
INSERT INTO [ERPSettings].[Component] ([IdComponent], [rank], [ComponentName], [IdComponentType], [IdFunctionality], [IdComponentParent], [FR], [EN], [AR], [DE], [CH], [ES], [IdButton], [classDiv], [classLabel], [class], [IsEncapsulated], [IdComponentChangedBy], [EntityName], [style], [ng_hide], [IsToInitialize], [IdFunctionalityForm], [IsFireChange]) VALUES (N'71383efb-0a6b-4c74-8195-9340a4335e36', 4, N'AxisValueRelationShipIdAxisValueNavigation', 4, N'e7b3084b-711a-43e3-8ab6-a37af089281e', N'd1e81bd9-b2dd-4741-8a2d-e7914bee7e58', N'AxisValueRelationShipIdAxisValueNavigation', N'AxisValueRelationShipIdAxisValueNavigation', N'AxisValueRelationShipIdAxisValueNavigation_AR', N'AxisValueRelationShipIdAxisValueNavigation_DE', N'AxisValueRelationShipIdAxisValueNavigation_CH', N'AxisValueRelationShipIdAxisValueNavigation_ES', NULL, N'col-lg-12 col-md-12 col-sm-12', N'col-lg-4 col-md-4 col-sm-4', N'', 0, NULL, N'AxisValue', NULL, NULL, 1, N'e7b3084b-711a-43e3-8ab6-a37af089281e', NULL)
INSERT INTO [ERPSettings].[Component] ([IdComponent], [rank], [ComponentName], [IdComponentType], [IdFunctionality], [IdComponentParent], [FR], [EN], [AR], [DE], [CH], [ES], [IdButton], [classDiv], [classLabel], [class], [IsEncapsulated], [IdComponentChangedBy], [EntityName], [style], [ng_hide], [IsToInitialize], [IdFunctionalityForm], [IsFireChange]) VALUES (N'71923d84-faf4-4b8c-b453-6bc4c0cc6e44', 1, N'DIV1', 9, N'e7b3084b-711a-43e3-8ab6-a37af089281e', N'e467f008-f620-462c-a601-7374f066e451', N'DIV1', N'DIV1', N'DIV1_AR', N'DIV1_DE', N'DIV1_CH', N'DIV1_ES', NULL, N'', N'', N'col-lg-4 col-md-6 col-sm-12', 0, NULL, N'Axis', NULL, NULL, 1, N'e7b3084b-711a-43e3-8ab6-a37af089281e', NULL)
INSERT INTO [ERPSettings].[Component] ([IdComponent], [rank], [ComponentName], [IdComponentType], [IdFunctionality], [IdComponentParent], [FR], [EN], [AR], [DE], [CH], [ES], [IdButton], [classDiv], [classLabel], [class], [IsEncapsulated], [IdComponentChangedBy], [EntityName], [style], [ng_hide], [IsToInitialize], [IdFunctionalityForm], [IsFireChange]) VALUES (N'71cf8625-10ac-4c97-95e0-52fc6a60234f', 2, N'DIV4', 9, N'e7b3084b-711a-43e3-8ab6-a37af089281e', N'fe308406-33b9-4e1c-a07d-5b2ca1485379', N'DIV4', N'DIV4', N'DIV4_AR', N'DIV4_DE', N'DIV4_CH', N'DIV4_ES', NULL, N'', N'', N'btn-group', 0, NULL, N'Item', N'display: inline-flex;float:right;', NULL, 1, N'e7b3084b-711a-43e3-8ab6-a37af089281e', NULL)
INSERT INTO [ERPSettings].[Component] ([IdComponent], [rank], [ComponentName], [IdComponentType], [IdFunctionality], [IdComponentParent], [FR], [EN], [AR], [DE], [CH], [ES], [IdButton], [classDiv], [classLabel], [class], [IsEncapsulated], [IdComponentChangedBy], [EntityName], [style], [ng_hide], [IsToInitialize], [IdFunctionalityForm], [IsFireChange]) VALUES (N'749b63ae-d97c-4d13-ae43-285c5be9ae77', 1, N'Delete', 16, N'e7b3084b-711a-43e3-8ab6-a37af089281e', N'b9aca643-121b-4fdf-8eef-d0b6548e3915', NULL, NULL, NULL, NULL, NULL, NULL, N'96480d7c-5baf-44e8-8133-c4f19a422e35', N'col-lg-12 col-md-12 col-sm-12', N'col-lg-4 col-md-4 col-sm-4', N'glyphicon glyphicon-trash', 0, NULL, N'Axis', N'', NULL, 1, N'e7b3084b-711a-43e3-8ab6-a37af089281e', NULL)
INSERT INTO [ERPSettings].[Component] ([IdComponent], [rank], [ComponentName], [IdComponentType], [IdFunctionality], [IdComponentParent], [FR], [EN], [AR], [DE], [CH], [ES], [IdButton], [classDiv], [classLabel], [class], [IsEncapsulated], [IdComponentChangedBy], [EntityName], [style], [ng_hide], [IsToInitialize], [IdFunctionalityForm], [IsFireChange]) VALUES (N'77f3c823-5ec4-4428-8ee1-99ac4d150baa', 1, N'Fr', 1, N'e7b3084b-711a-43e3-8ab6-a37af089281e', N'8ed64ad5-e8d7-4064-b9e9-043fc1b5f2fb', N'FR', N'FR', N'FR_AR', N'FR_DE', N'FR_CH', N'FR_ES', N'3515778b-d04b-4a7e-864e-fac0161ec53c', N'form-group col-lg-12 col-md-12 col-sm-12', N'col-lg-4 col-md-4 col-sm-4', N'k-textbox', 0, NULL, N'Axis', NULL, NULL, 1, N'e7b3084b-711a-43e3-8ab6-a37af089281e', NULL)
INSERT INTO [ERPSettings].[Component] ([IdComponent], [rank], [ComponentName], [IdComponentType], [IdFunctionality], [IdComponentParent], [FR], [EN], [AR], [DE], [CH], [ES], [IdButton], [classDiv], [classLabel], [class], [IsEncapsulated], [IdComponentChangedBy], [EntityName], [style], [ng_hide], [IsToInitialize], [IdFunctionalityForm], [IsFireChange]) VALUES (N'792a0356-55cc-47bb-9569-6a71eb63f5d2', 3, N'Div', 9, N'e7b3084b-711a-43e3-8ab6-a37af089281e', N'8b3bbd65-51d8-4029-925c-0032b819acad', NULL, NULL, NULL, NULL, NULL, NULL, NULL, N'', N'', N'col-lg-12 col-md-12 col-sm-12', 0, NULL, N'Axis', NULL, NULL, 0, N'e7b3084b-711a-43e3-8ab6-a37af089281e', NULL)
INSERT INTO [ERPSettings].[Component] ([IdComponent], [rank], [ComponentName], [IdComponentType], [IdFunctionality], [IdComponentParent], [FR], [EN], [AR], [DE], [CH], [ES], [IdButton], [classDiv], [classLabel], [class], [IsEncapsulated], [IdComponentChangedBy], [EntityName], [style], [ng_hide], [IsToInitialize], [IdFunctionalityForm], [IsFireChange]) VALUES (N'7aad1ab1-ee81-403b-9018-7c826ece17c1', 4, N'Fr', 4, N'e7b3084b-711a-43e3-8ab6-a37af089281e', N'a4d5c427-bd4e-44ca-9e35-10a8e4a537b0', N'Entité', N'Entity', NULL, NULL, NULL, NULL, NULL, N'col-lg-12 col-md-12 col-sm-12', N'col-lg-4 col-md-4 col-sm-4', N'', 0, NULL, N'AxisEntity', NULL, NULL, 1, N'e7b3084b-711a-43e3-8ab6-a37af089281e', NULL)
INSERT INTO [ERPSettings].[Component] ([IdComponent], [rank], [ComponentName], [IdComponentType], [IdFunctionality], [IdComponentParent], [FR], [EN], [AR], [DE], [CH], [ES], [IdButton], [classDiv], [classLabel], [class], [IsEncapsulated], [IdComponentChangedBy], [EntityName], [style], [ng_hide], [IsToInitialize], [IdFunctionalityForm], [IsFireChange]) VALUES (N'86343a7f-ac7b-4a0d-9066-e68b95522b8d', 4, N'Fr', 4, N'3ff1b7e8-5c50-4e66-9d14-5474c49f36c6', N'd0c55480-9e9d-4ae7-9093-e11afe7ad99e', N'Entité', N'Entity', NULL, NULL, NULL, NULL, NULL, N'col-lg-12 col-md-12 col-sm-12', N'col-lg-4 col-md-4 col-sm-4', N'', 0, NULL, N'AxisEntity', NULL, NULL, 1, N'3ff1b7e8-5c50-4e66-9d14-5474c49f36c6', NULL)
INSERT INTO [ERPSettings].[Component] ([IdComponent], [rank], [ComponentName], [IdComponentType], [IdFunctionality], [IdComponentParent], [FR], [EN], [AR], [DE], [CH], [ES], [IdButton], [classDiv], [classLabel], [class], [IsEncapsulated], [IdComponentChangedBy], [EntityName], [style], [ng_hide], [IsToInitialize], [IdFunctionalityForm], [IsFireChange]) VALUES (N'8b101ff1-7928-4615-927f-143d707d9bf0', 2, N'DIV2', 9, N'3ff1b7e8-5c50-4e66-9d14-5474c49f36c6', N'cfac746d-ea3c-463c-ad4c-d8595e7716a6', NULL, NULL, NULL, NULL, NULL, NULL, NULL, N'', N'', N'col-lg-12 col-md-12 col-sm-12', 0, NULL, N'AxisEntity', NULL, NULL, 1, N'3ff1b7e8-5c50-4e66-9d14-5474c49f36c6', NULL)
INSERT INTO [ERPSettings].[Component] ([IdComponent], [rank], [ComponentName], [IdComponentType], [IdFunctionality], [IdComponentParent], [FR], [EN], [AR], [DE], [CH], [ES], [IdButton], [classDiv], [classLabel], [class], [IsEncapsulated], [IdComponentChangedBy], [EntityName], [style], [ng_hide], [IsToInitialize], [IdFunctionalityForm], [IsFireChange]) VALUES (N'8b3bbd65-51d8-4029-925c-0032b819acad', 2, N'DIVCONTAINER4', 17, N'e7b3084b-711a-43e3-8ab6-a37af089281e', N'095b419f-6b76-440b-a7ca-512be621f14e', N'Entités', N'Entities', NULL, NULL, NULL, NULL, NULL, N'col-lg-12 col-md-12 col-sm-12', N'', N'col-lg-12 col-md-12 col-sm-12', 0, NULL, N'AxisEntity', NULL, NULL, 1, N'e7b3084b-711a-43e3-8ab6-a37af089281e', NULL)
INSERT INTO [ERPSettings].[Component] ([IdComponent], [rank], [ComponentName], [IdComponentType], [IdFunctionality], [IdComponentParent], [FR], [EN], [AR], [DE], [CH], [ES], [IdButton], [classDiv], [classLabel], [class], [IsEncapsulated], [IdComponentChangedBy], [EntityName], [style], [ng_hide], [IsToInitialize], [IdFunctionalityForm], [IsFireChange]) VALUES (N'8ed64ad5-e8d7-4064-b9e9-043fc1b5f2fb', 3, N'DIV2', 9, N'e7b3084b-711a-43e3-8ab6-a37af089281e', N'e467f008-f620-462c-a601-7374f066e451', N'DIV2', N'DIV2', N'DIV2_AR', N'DIV2_DE', N'DIV2_CH', N'DIV2_ES', NULL, N'', N'', N'col-lg-4 col-md-6 col-sm-12', 0, NULL, N'Axis', NULL, NULL, 1, N'e7b3084b-711a-43e3-8ab6-a37af089281e', NULL)
INSERT INTO [ERPSettings].[Component] ([IdComponent], [rank], [ComponentName], [IdComponentType], [IdFunctionality], [IdComponentParent], [FR], [EN], [AR], [DE], [CH], [ES], [IdButton], [classDiv], [classLabel], [class], [IsEncapsulated], [IdComponentChangedBy], [EntityName], [style], [ng_hide], [IsToInitialize], [IdFunctionalityForm], [IsFireChange]) VALUES (N'96480d7c-5baf-44e8-8133-c4f19a422e35', 1, N'Enregitrer_', 7, N'e7b3084b-711a-43e3-8ab6-a37af089281e', N'9cc1ad8c-da95-4384-9af7-2be266050008', N'Enregistrer', N'Save', NULL, NULL, NULL, NULL, NULL, N'form-group col-lg-12 col-md-12 col-sm-12', N'col-lg-4 col-md-4 col-sm-4', N'k-button pull-right', 0, NULL, N'AxisEntity', NULL, NULL, 1, N'e7b3084b-711a-43e3-8ab6-a37af089281e', NULL)
INSERT INTO [ERPSettings].[Component] ([IdComponent], [rank], [ComponentName], [IdComponentType], [IdFunctionality], [IdComponentParent], [FR], [EN], [AR], [DE], [CH], [ES], [IdButton], [classDiv], [classLabel], [class], [IsEncapsulated], [IdComponentChangedBy], [EntityName], [style], [ng_hide], [IsToInitialize], [IdFunctionalityForm], [IsFireChange]) VALUES (N'9cc1ad8c-da95-4384-9af7-2be266050008', 2, N'DIV2', 9, N'e7b3084b-711a-43e3-8ab6-a37af089281e', N'8b3bbd65-51d8-4029-925c-0032b819acad', NULL, NULL, NULL, NULL, NULL, NULL, NULL, N'', N'', N'col-lg-12 col-md-12 col-sm-12', 0, NULL, N'AxisEntity', NULL, NULL, 1, N'e7b3084b-711a-43e3-8ab6-a37af089281e', NULL)
INSERT INTO [ERPSettings].[Component] ([IdComponent], [rank], [ComponentName], [IdComponentType], [IdFunctionality], [IdComponentParent], [FR], [EN], [AR], [DE], [CH], [ES], [IdButton], [classDiv], [classLabel], [class], [IsEncapsulated], [IdComponentChangedBy], [EntityName], [style], [ng_hide], [IsToInitialize], [IdFunctionalityForm], [IsFireChange]) VALUES (N'9cc3e8cd-fb5c-4c84-a884-3e250c2201e4', 1, N'Id', 4, N'e7b3084b-711a-43e3-8ab6-a37af089281e', N'd1e81bd9-b2dd-4741-8a2d-e7914bee7e58', NULL, NULL, NULL, NULL, NULL, NULL, NULL, N'col-lg-12 col-md-12 col-sm-12', N'col-lg-4 col-md-4 col-sm-4', N'', 0, NULL, N'AxisValue', NULL, NULL, 1, N'e7b3084b-711a-43e3-8ab6-a37af089281e', NULL)
INSERT INTO [ERPSettings].[Component] ([IdComponent], [rank], [ComponentName], [IdComponentType], [IdFunctionality], [IdComponentParent], [FR], [EN], [AR], [DE], [CH], [ES], [IdButton], [classDiv], [classLabel], [class], [IsEncapsulated], [IdComponentChangedBy], [EntityName], [style], [ng_hide], [IsToInitialize], [IdFunctionalityForm], [IsFireChange]) VALUES (N'a0c03d02-f304-43a7-94d5-a8c029e0507f', 3, N'Label', 4, N'e7b3084b-711a-43e3-8ab6-a37af089281e', N'd1e81bd9-b2dd-4741-8a2d-e7914bee7e58', N'Désignation', N'Designation', N'Désignation_AR', N'Désignation_DE', N'Désignation_CH', N'Désignation_ES', NULL, N'col-lg-12 col-md-12 col-sm-12', N'col-lg-4 col-md-4 col-sm-4', N'', 0, NULL, N'AxisValue', NULL, NULL, 1, N'e7b3084b-711a-43e3-8ab6-a37af089281e', NULL)
INSERT INTO [ERPSettings].[Component] ([IdComponent], [rank], [ComponentName], [IdComponentType], [IdFunctionality], [IdComponentParent], [FR], [EN], [AR], [DE], [CH], [ES], [IdButton], [classDiv], [classLabel], [class], [IsEncapsulated], [IdComponentChangedBy], [EntityName], [style], [ng_hide], [IsToInitialize], [IdFunctionalityForm], [IsFireChange]) VALUES (N'a4d5c427-bd4e-44ca-9e35-10a8e4a537b0', 1, N'AxisEntity', 3, N'e7b3084b-711a-43e3-8ab6-a37af089281e', N'792a0356-55cc-47bb-9569-6a71eb63f5d2', NULL, NULL, NULL, NULL, NULL, NULL, N'3515778b-d04b-4a7e-864e-fac0161ec53c', N'col-lg-12 col-md-12 col-sm-12', N'col-lg-4 col-md-4 col-sm-4', N'', 0, NULL, N'Axis', NULL, NULL, 1, N'e7b3084b-711a-43e3-8ab6-a37af089281e', NULL)
INSERT INTO [ERPSettings].[Component] ([IdComponent], [rank], [ComponentName], [IdComponentType], [IdFunctionality], [IdComponentParent], [FR], [EN], [AR], [DE], [CH], [ES], [IdButton], [classDiv], [classLabel], [class], [IsEncapsulated], [IdComponentChangedBy], [EntityName], [style], [ng_hide], [IsToInitialize], [IdFunctionalityForm], [IsFireChange]) VALUES (N'a518b845-0e76-4179-ba93-c1ed8bbd500f', 2, N'DIV3', 9, N'e7b3084b-711a-43e3-8ab6-a37af089281e', N'e467f008-f620-462c-a601-7374f066e451', N'DIV3', N'DIV3', N'DIV3_AR', N'DIV3_DE', N'DIV3_CH', N'DIV3_ES', NULL, N'', N'', N'col-lg-4 col-md-6 col-sm-12', 0, NULL, N'MeasureUnit', NULL, NULL, 1, N'e7b3084b-711a-43e3-8ab6-a37af089281e', NULL)
INSERT INTO [ERPSettings].[Component] ([IdComponent], [rank], [ComponentName], [IdComponentType], [IdFunctionality], [IdComponentParent], [FR], [EN], [AR], [DE], [CH], [ES], [IdButton], [classDiv], [classLabel], [class], [IsEncapsulated], [IdComponentChangedBy], [EntityName], [style], [ng_hide], [IsToInitialize], [IdFunctionalityForm], [IsFireChange]) VALUES (N'ada29ca9-b96e-42bd-8788-70f855a5d8a6', 5, N'Actions', 4, N'3ff1b7e8-5c50-4e66-9d14-5474c49f36c6', N'd0c55480-9e9d-4ae7-9093-e11afe7ad99e', NULL, NULL, NULL, NULL, NULL, NULL, NULL, N'col-lg-12 col-md-12 col-sm-12', N'col-lg-4 col-md-4 col-sm-4', N'', 0, NULL, N'Axis', NULL, NULL, 1, N'3ff1b7e8-5c50-4e66-9d14-5474c49f36c6', NULL)
INSERT INTO [ERPSettings].[Component] ([IdComponent], [rank], [ComponentName], [IdComponentType], [IdFunctionality], [IdComponentParent], [FR], [EN], [AR], [DE], [CH], [ES], [IdButton], [classDiv], [classLabel], [class], [IsEncapsulated], [IdComponentChangedBy], [EntityName], [style], [ng_hide], [IsToInitialize], [IdFunctionalityForm], [IsFireChange]) VALUES (N'b22a80a0-73a1-4e59-9db5-97044fc7d0a7', 4, N'IsRequired', 13, N'e7b3084b-711a-43e3-8ab6-a37af089281e', N'0781ecf7-b931-49f3-9fae-64853969f789', NULL, NULL, NULL, NULL, NULL, NULL, N'96480d7c-5baf-44e8-8133-c4f19a422e35', N'form-group col-lg-12 col-md-12 col-sm-12', N'col-lg-4 col-md-4 col-sm-4', N'', 0, NULL, N'AxisEntity', N'display:none;', NULL, 1, N'e7b3084b-711a-43e3-8ab6-a37af089281e', NULL)
INSERT INTO [ERPSettings].[Component] ([IdComponent], [rank], [ComponentName], [IdComponentType], [IdFunctionality], [IdComponentParent], [FR], [EN], [AR], [DE], [CH], [ES], [IdButton], [classDiv], [classLabel], [class], [IsEncapsulated], [IdComponentChangedBy], [EntityName], [style], [ng_hide], [IsToInitialize], [IdFunctionalityForm], [IsFireChange]) VALUES (N'b9aca643-121b-4fdf-8eef-d0b6548e3915', 6, N'Actions', 4, N'e7b3084b-711a-43e3-8ab6-a37af089281e', N'a4d5c427-bd4e-44ca-9e35-10a8e4a537b0', NULL, NULL, NULL, NULL, NULL, NULL, NULL, N'col-lg-12 col-md-12 col-sm-12', N'col-lg-4 col-md-4 col-sm-4', N'', 0, NULL, N'Axis', NULL, NULL, 1, N'e7b3084b-711a-43e3-8ab6-a37af089281e', NULL)
INSERT INTO [ERPSettings].[Component] ([IdComponent], [rank], [ComponentName], [IdComponentType], [IdFunctionality], [IdComponentParent], [FR], [EN], [AR], [DE], [CH], [ES], [IdButton], [classDiv], [classLabel], [class], [IsEncapsulated], [IdComponentChangedBy], [EntityName], [style], [ng_hide], [IsToInitialize], [IdFunctionalityForm], [IsFireChange]) VALUES (N'bae26d91-9e00-4a73-a367-2c161ae177aa', 3, N'DIV3', 9, N'e7b3084b-711a-43e3-8ab6-a37af089281e', N'cc086769-95fe-4ff4-91f6-7e78a6181039', N'DIV3', N'DIV3', N'DIV3_AR', N'DIV3_DE', N'DIV3_CH', N'DIV3_ES', NULL, N'', N'', N'', 0, NULL, N'Axis', NULL, NULL, 1, N'e7b3084b-711a-43e3-8ab6-a37af089281e', NULL)
INSERT INTO [ERPSettings].[Component] ([IdComponent], [rank], [ComponentName], [IdComponentType], [IdFunctionality], [IdComponentParent], [FR], [EN], [AR], [DE], [CH], [ES], [IdButton], [classDiv], [classLabel], [class], [IsEncapsulated], [IdComponentChangedBy], [EntityName], [style], [ng_hide], [IsToInitialize], [IdFunctionalityForm], [IsFireChange]) VALUES (N'bc484558-0e49-406e-909e-9df6e1c82914', 1, N'BUTTON1', 7, N'e7b3084b-711a-43e3-8ab6-a37af089281e', N'c0f57af7-47ba-4d16-8270-f449477266a6', N'Retourner à la liste', N'Back to list', N'Retourner a la liste_AR', N'Retourner a la liste_DE', N'Retourner a la liste_CH', N'Retourner a la liste_ES', NULL, N'form-group col-lg-12 col-md-12 col-sm-12', N'col-lg-4 col-md-4 col-sm-4', N'k-button', 0, NULL, N'Item', NULL, NULL, 1, N'e7b3084b-711a-43e3-8ab6-a37af089281e', NULL)
INSERT INTO [ERPSettings].[Component] ([IdComponent], [rank], [ComponentName], [IdComponentType], [IdFunctionality], [IdComponentParent], [FR], [EN], [AR], [DE], [CH], [ES], [IdButton], [classDiv], [classLabel], [class], [IsEncapsulated], [IdComponentChangedBy], [EntityName], [style], [ng_hide], [IsToInitialize], [IdFunctionalityForm], [IsFireChange]) VALUES (N'c0f57af7-47ba-4d16-8270-f449477266a6', 1, N'DIV1', 9, N'e7b3084b-711a-43e3-8ab6-a37af089281e', N'71cf8625-10ac-4c97-95e0-52fc6a60234f', N'DIV1', N'DIV1', N'DIV1_AR', N'DIV1_DE', N'DIV1_CH', N'DIV1_ES', NULL, N'', N'', N'', 0, NULL, N'Item', NULL, NULL, 1, N'e7b3084b-711a-43e3-8ab6-a37af089281e', NULL)
INSERT INTO [ERPSettings].[Component] ([IdComponent], [rank], [ComponentName], [IdComponentType], [IdFunctionality], [IdComponentParent], [FR], [EN], [AR], [DE], [CH], [ES], [IdButton], [classDiv], [classLabel], [class], [IsEncapsulated], [IdComponentChangedBy], [EntityName], [style], [ng_hide], [IsToInitialize], [IdFunctionalityForm], [IsFireChange]) VALUES (N'c9faaa18-e03c-4936-a4a7-981de77a22fe', 1, N'AxisRelationShipIdAxisNavigation', 8, N'e7b3084b-711a-43e3-8ab6-a37af089281e', N'a518b845-0e76-4179-ba93-c1ed8bbd500f', N'Axe parent', N'Parent axis', N'Axe parent_AR', N'Axe parent_DE', N'Axe parent_CH', N'Axe parent_ES', N'3515778b-d04b-4a7e-864e-fac0161ec53c', N'form-group col-lg-12 col-md-12 col-sm-12', N'col-lg-4 col-md-4 col-sm-4', N'k-textbox', 0, NULL, N'Axis', NULL, NULL, 1, N'e7b3084b-711a-43e3-8ab6-a37af089281e', NULL)
INSERT INTO [ERPSettings].[Component] ([IdComponent], [rank], [ComponentName], [IdComponentType], [IdFunctionality], [IdComponentParent], [FR], [EN], [AR], [DE], [CH], [ES], [IdButton], [classDiv], [classLabel], [class], [IsEncapsulated], [IdComponentChangedBy], [EntityName], [style], [ng_hide], [IsToInitialize], [IdFunctionalityForm], [IsFireChange]) VALUES (N'cae8bff7-a010-4b74-9352-03632520d677', 4, N'IsRequired', 13, N'3ff1b7e8-5c50-4e66-9d14-5474c49f36c6', N'f5636527-9650-4e87-bb3f-12c66b3870c9', NULL, NULL, NULL, NULL, NULL, NULL, N'ccc8e2da-c106-4293-a297-9e3c32d2a266', N'form-group col-lg-12 col-md-12 col-sm-12', N'col-lg-4 col-md-4 col-sm-4', N'', 0, NULL, N'AxisEntity', N'display:none;', NULL, 1, N'3ff1b7e8-5c50-4e66-9d14-5474c49f36c6', NULL)
INSERT INTO [ERPSettings].[Component] ([IdComponent], [rank], [ComponentName], [IdComponentType], [IdFunctionality], [IdComponentParent], [FR], [EN], [AR], [DE], [CH], [ES], [IdButton], [classDiv], [classLabel], [class], [IsEncapsulated], [IdComponentChangedBy], [EntityName], [style], [ng_hide], [IsToInitialize], [IdFunctionalityForm], [IsFireChange]) VALUES (N'cc086769-95fe-4ff4-91f6-7e78a6181039', 3, N'DIVCONTAINER2', 17, N'e7b3084b-711a-43e3-8ab6-a37af089281e', N'095b419f-6b76-440b-a7ca-512be621f14e', N'Valeurs', N'Values', N'Valeurs_AR', N'Valeurs_DE', N'Valeurs_CH', N'Valeurs_ES', NULL, N'col-lg-12 col-md-12 col-sm-12', N'', N'', 0, NULL, N'Axis', NULL, NULL, 1, N'e7b3084b-711a-43e3-8ab6-a37af089281e', NULL)
INSERT INTO [ERPSettings].[Component] ([IdComponent], [rank], [ComponentName], [IdComponentType], [IdFunctionality], [IdComponentParent], [FR], [EN], [AR], [DE], [CH], [ES], [IdButton], [classDiv], [classLabel], [class], [IsEncapsulated], [IdComponentChangedBy], [EntityName], [style], [ng_hide], [IsToInitialize], [IdFunctionalityForm], [IsFireChange]) VALUES (N'ccc8e2da-c106-4293-a297-9e3c32d2a266', 1, N'Enregitrer_', 7, N'3ff1b7e8-5c50-4e66-9d14-5474c49f36c6', N'8b101ff1-7928-4615-927f-143d707d9bf0', N'Enregistrer', N'Save', NULL, NULL, NULL, NULL, NULL, N'form-group col-lg-12 col-md-12 col-sm-12', N'col-lg-4 col-md-4 col-sm-4', N'k-button pull-right', 0, NULL, N'AxisEntity', NULL, NULL, 1, N'3ff1b7e8-5c50-4e66-9d14-5474c49f36c6', NULL)
INSERT INTO [ERPSettings].[Component] ([IdComponent], [rank], [ComponentName], [IdComponentType], [IdFunctionality], [IdComponentParent], [FR], [EN], [AR], [DE], [CH], [ES], [IdButton], [classDiv], [classLabel], [class], [IsEncapsulated], [IdComponentChangedBy], [EntityName], [style], [ng_hide], [IsToInitialize], [IdFunctionalityForm], [IsFireChange]) VALUES (N'cfac746d-ea3c-463c-ad4c-d8595e7716a6', 2, N'DIVCONTAINER4', 17, N'3ff1b7e8-5c50-4e66-9d14-5474c49f36c6', N'74bf761e-730c-4575-82e6-6f4f84a0e68c', N'Entités', N'Entities', NULL, NULL, NULL, NULL, NULL, N'col-lg-12 col-md-12 col-sm-12', N'', N'col-lg-12 col-md-12 col-sm-12', 0, NULL, N'AxisEntity', NULL, NULL, 1, N'3ff1b7e8-5c50-4e66-9d14-5474c49f36c6', NULL)
INSERT INTO [ERPSettings].[Component] ([IdComponent], [rank], [ComponentName], [IdComponentType], [IdFunctionality], [IdComponentParent], [FR], [EN], [AR], [DE], [CH], [ES], [IdButton], [classDiv], [classLabel], [class], [IsEncapsulated], [IdComponentChangedBy], [EntityName], [style], [ng_hide], [IsToInitialize], [IdFunctionalityForm], [IsFireChange]) VALUES (N'd0c55480-9e9d-4ae7-9093-e11afe7ad99e', 1, N'AxisEntity', 3, N'3ff1b7e8-5c50-4e66-9d14-5474c49f36c6', N'4837ffaa-26c9-4798-bf03-7962f2434607', NULL, NULL, NULL, NULL, NULL, NULL, N'f780dcd7-f22d-41e2-9e1d-bc1e8aa1d892', N'col-lg-12 col-md-12 col-sm-12', N'col-lg-4 col-md-4 col-sm-4', N'', 0, NULL, N'Axis', NULL, NULL, 0, N'3ff1b7e8-5c50-4e66-9d14-5474c49f36c6', NULL)
INSERT INTO [ERPSettings].[Component] ([IdComponent], [rank], [ComponentName], [IdComponentType], [IdFunctionality], [IdComponentParent], [FR], [EN], [AR], [DE], [CH], [ES], [IdButton], [classDiv], [classLabel], [class], [IsEncapsulated], [IdComponentChangedBy], [EntityName], [style], [ng_hide], [IsToInitialize], [IdFunctionalityForm], [IsFireChange]) VALUES (N'd1e81bd9-b2dd-4741-8a2d-e7914bee7e58', 1, N'AxisValue', 3, N'e7b3084b-711a-43e3-8ab6-a37af089281e', N'bae26d91-9e00-4a73-a367-2c161ae177aa', N'Valeur de l''axe', N'Axis Value', N'AxisValue_AR', N'AxisValue_DE', N'AxisValue_CH', N'AxisValue_ES', N'3515778b-d04b-4a7e-864e-fac0161ec53c', N'col-lg-12 col-md-12 col-sm-12', N'col-lg-4 col-md-4 col-sm-4', N'', 0, NULL, N'Axis', NULL, NULL, 1, N'e7b3084b-711a-43e3-8ab6-a37af089281e', NULL)
INSERT INTO [ERPSettings].[Component] ([IdComponent], [rank], [ComponentName], [IdComponentType], [IdFunctionality], [IdComponentParent], [FR], [EN], [AR], [DE], [CH], [ES], [IdButton], [classDiv], [classLabel], [class], [IsEncapsulated], [IdComponentChangedBy], [EntityName], [style], [ng_hide], [IsToInitialize], [IdFunctionalityForm], [IsFireChange]) VALUES (N'e467f008-f620-462c-a601-7374f066e451', 1, N'DIV3', 9, N'e7b3084b-711a-43e3-8ab6-a37af089281e', N'2ccd1207-a352-42b9-8db8-2775fe11d6cf', N'DIV3', N'DIV3', N'DIV3_AR', N'DIV3_DE', N'DIV3_CH', N'DIV3_ES', NULL, N'', N'', N'row', 0, NULL, N'Axis', NULL, NULL, 1, N'e7b3084b-711a-43e3-8ab6-a37af089281e', NULL)
INSERT INTO [ERPSettings].[Component] ([IdComponent], [rank], [ComponentName], [IdComponentType], [IdFunctionality], [IdComponentParent], [FR], [EN], [AR], [DE], [CH], [ES], [IdButton], [classDiv], [classLabel], [class], [IsEncapsulated], [IdComponentChangedBy], [EntityName], [style], [ng_hide], [IsToInitialize], [IdFunctionalityForm], [IsFireChange]) VALUES (N'e5ed4de0-4f9b-4ed7-aeb3-ca52e8777bcd', 2, N'DIV2', 9, N'e7b3084b-711a-43e3-8ab6-a37af089281e', N'cc086769-95fe-4ff4-91f6-7e78a6181039', N'DIV2', N'DIV2', N'DIV2_AR', N'DIV2_DE', N'DIV2_CH', N'DIV2_ES', NULL, N'', N'', N'row', 0, NULL, N'Axis', NULL, NULL, 1, N'e7b3084b-711a-43e3-8ab6-a37af089281e', NULL)
INSERT INTO [ERPSettings].[Component] ([IdComponent], [rank], [ComponentName], [IdComponentType], [IdFunctionality], [IdComponentParent], [FR], [EN], [AR], [DE], [CH], [ES], [IdButton], [classDiv], [classLabel], [class], [IsEncapsulated], [IdComponentChangedBy], [EntityName], [style], [ng_hide], [IsToInitialize], [IdFunctionalityForm], [IsFireChange]) VALUES (N'e695e15f-9e41-479e-80d8-554c32ff2f00', 2, N'IdTableEntity', 4, N'3ff1b7e8-5c50-4e66-9d14-5474c49f36c6', N'd0c55480-9e9d-4ae7-9093-e11afe7ad99e', N'', N'', NULL, NULL, NULL, NULL, NULL, N'col-lg-12 col-md-12 col-sm-12', N'col-lg-4 col-md-4 col-sm-4', N'', 0, NULL, N'AxisEntity', NULL, NULL, 1, N'3ff1b7e8-5c50-4e66-9d14-5474c49f36c6', NULL)
INSERT INTO [ERPSettings].[Component] ([IdComponent], [rank], [ComponentName], [IdComponentType], [IdFunctionality], [IdComponentParent], [FR], [EN], [AR], [DE], [CH], [ES], [IdButton], [classDiv], [classLabel], [class], [IsEncapsulated], [IdComponentChangedBy], [EntityName], [style], [ng_hide], [IsToInitialize], [IdFunctionalityForm], [IsFireChange]) VALUES (N'eba870b2-a715-4dd9-baa2-ab9fd87e20f8', 3, N'IsRequired', 4, N'e7b3084b-711a-43e3-8ab6-a37af089281e', N'a4d5c427-bd4e-44ca-9e35-10a8e4a537b0', N'Requis (*)', N'Required (*)', NULL, NULL, NULL, NULL, NULL, N'col-lg-12 col-md-12 col-sm-12', N'col-lg-4 col-md-4 col-sm-4', N'', 0, NULL, N'AxisEntity', N'', NULL, 1, N'e7b3084b-711a-43e3-8ab6-a37af089281e', NULL)
INSERT INTO [ERPSettings].[Component] ([IdComponent], [rank], [ComponentName], [IdComponentType], [IdFunctionality], [IdComponentParent], [FR], [EN], [AR], [DE], [CH], [ES], [IdButton], [classDiv], [classLabel], [class], [IsEncapsulated], [IdComponentChangedBy], [EntityName], [style], [ng_hide], [IsToInitialize], [IdFunctionalityForm], [IsFireChange]) VALUES (N'ed2f2b42-b586-4670-be61-5045966f378d', 2, N'Label', 1, N'e7b3084b-711a-43e3-8ab6-a37af089281e', N'22dbc805-d0a4-4d1a-932f-2574f6e05b5f', N'Désignation', N'Designation', N'Designation_AR', N'Designation_DE', N'Designation_CH', N'Designation_ES', N'68a7affe-4269-4bd9-8020-c8a109924743', N'form-group col-lg-4 col-md-6 col-sm-12', N'col-lg-4 col-md-4 col-sm-4', N'k-textbox', 0, NULL, N'AxisValue', NULL, NULL, 0, N'e7b3084b-711a-43e3-8ab6-a37af089281e', NULL)
INSERT INTO [ERPSettings].[Component] ([IdComponent], [rank], [ComponentName], [IdComponentType], [IdFunctionality], [IdComponentParent], [FR], [EN], [AR], [DE], [CH], [ES], [IdButton], [classDiv], [classLabel], [class], [IsEncapsulated], [IdComponentChangedBy], [EntityName], [style], [ng_hide], [IsToInitialize], [IdFunctionalityForm], [IsFireChange]) VALUES (N'f5636527-9650-4e87-bb3f-12c66b3870c9', 1, N'DIV1', 9, N'3ff1b7e8-5c50-4e66-9d14-5474c49f36c6', N'cfac746d-ea3c-463c-ad4c-d8595e7716a6', NULL, NULL, NULL, NULL, NULL, NULL, NULL, N'', N'', N'col-lg-12 col-md-12 col-sm-12', 0, NULL, N'Axis', NULL, NULL, 1, N'3ff1b7e8-5c50-4e66-9d14-5474c49f36c6', NULL)
INSERT INTO [ERPSettings].[Component] ([IdComponent], [rank], [ComponentName], [IdComponentType], [IdFunctionality], [IdComponentParent], [FR], [EN], [AR], [DE], [CH], [ES], [IdButton], [classDiv], [classLabel], [class], [IsEncapsulated], [IdComponentChangedBy], [EntityName], [style], [ng_hide], [IsToInitialize], [IdFunctionalityForm], [IsFireChange]) VALUES (N'f58bd518-10e8-421f-93ca-f13fc3985042', 1, N'DIV3', 9, N'e7b3084b-711a-43e3-8ab6-a37af089281e', N'fe308406-33b9-4e1c-a07d-5b2ca1485379', N'DIV3', N'DIV3', N'DIV3_AR', N'DIV3_DE', N'DIV3_CH', N'DIV3_ES', NULL, N'', N'', N'', 0, NULL, N'Item', NULL, NULL, 1, N'e7b3084b-711a-43e3-8ab6-a37af089281e', NULL)
INSERT INTO [ERPSettings].[Component] ([IdComponent], [rank], [ComponentName], [IdComponentType], [IdFunctionality], [IdComponentParent], [FR], [EN], [AR], [DE], [CH], [ES], [IdButton], [classDiv], [classLabel], [class], [IsEncapsulated], [IdComponentChangedBy], [EntityName], [style], [ng_hide], [IsToInitialize], [IdFunctionalityForm], [IsFireChange]) VALUES (N'f688494f-5765-4752-a52b-691281620028', 1, N'DIV1', 9, N'e7b3084b-711a-43e3-8ab6-a37af089281e', N'cc086769-95fe-4ff4-91f6-7e78a6181039', N'DIV1', N'DIV1', N'DIV1_AR', N'DIV1_DE', N'DIV1_CH', N'DIV1_ES', NULL, N'', N'', N'row', 0, NULL, N'Axis', NULL, NULL, 1, N'e7b3084b-711a-43e3-8ab6-a37af089281e', NULL)
INSERT INTO [ERPSettings].[Component] ([IdComponent], [rank], [ComponentName], [IdComponentType], [IdFunctionality], [IdComponentParent], [FR], [EN], [AR], [DE], [CH], [ES], [IdButton], [classDiv], [classLabel], [class], [IsEncapsulated], [IdComponentChangedBy], [EntityName], [style], [ng_hide], [IsToInitialize], [IdFunctionalityForm], [IsFireChange]) VALUES (N'fe308406-33b9-4e1c-a07d-5b2ca1485379', 4, N'DIV2', 9, N'e7b3084b-711a-43e3-8ab6-a37af089281e', N'095b419f-6b76-440b-a7ca-512be621f14e', N'DIV2', N'DIV2', N'DIV2_AR', N'DIV2_DE', N'DIV2_CH', N'DIV2_ES', NULL, N'', N'', N'row text-center', 0, NULL, N'Item', NULL, NULL, 1, N'e7b3084b-711a-43e3-8ab6-a37af089281e', NULL)
INSERT INTO [ERPSettings].[DropDownListComponent] ([IdComponent], [ng_model], [required], [ng_blur], [ng_bind], [k_on_change], [DropdownType], [DropdownIndex], [ng_disabled], [urlValueMapper]) VALUES (N'03f831be-8b3b-4443-895b-9995ef425344', N'', 1, NULL, NULL, N'bController.baseService.actionService.onChangeDataSource(''03f831be-8b3b-4443-895b-9995ef425344'')', 1, NULL, NULL, NULL)
INSERT INTO [ERPSettings].[DropDownListComponent] ([IdComponent], [ng_model], [required], [ng_blur], [ng_bind], [k_on_change], [DropdownType], [DropdownIndex], [ng_disabled], [urlValueMapper]) VALUES (N'2ed9e6b0-b5f7-4ec7-9c62-5da923c6d67e', N'', NULL, NULL, NULL, N'bController.baseService.actionService.onChangeDataSource(''2ed9e6b0-b5f7-4ec7-9c62-5da923c6d67e'')', 2, N'IdAxisValueParent', NULL, NULL)
INSERT INTO [ERPSettings].[DropDownListComponent] ([IdComponent], [ng_model], [required], [ng_blur], [ng_bind], [k_on_change], [DropdownType], [DropdownIndex], [ng_disabled], [urlValueMapper]) VALUES (N'4e6c5cca-76d1-4434-afa4-67204f81b443', N'', 1, NULL, NULL, N'bController.baseService.actionService.onChangeDataSource(''4e6c5cca-76d1-4434-afa4-67204f81b443'')', 1, NULL, NULL, NULL)
INSERT INTO [ERPSettings].[DropDownListComponent] ([IdComponent], [ng_model], [required], [ng_blur], [ng_bind], [k_on_change], [DropdownType], [DropdownIndex], [ng_disabled], [urlValueMapper]) VALUES (N'c9faaa18-e03c-4936-a4a7-981de77a22fe', N'', NULL, NULL, NULL, N'bController.baseService.actionService.onChangeAxesParent(''c9faaa18-e03c-4936-a4a7-981de77a22fe'')', 2, N'IdAxisParent', NULL, NULL)
INSERT INTO [ERPSettings].[ServiceParameters] ([IdServiceParameters], [Method], [URL], [TModel], [Module], [IdPredicateFormat], [TransactionUserId], [IsDeleted], [Deleted_Token]) VALUES (N'01affc7e-78ea-4e2b-aca0-803da8692bcd', N'PUT', N'/api/base/update', N'Axis', N'Administration', NULL, NULL, 0, NULL)
INSERT INTO [ERPSettings].[ServiceParameters] ([IdServiceParameters], [Method], [URL], [TModel], [Module], [IdPredicateFormat], [TransactionUserId], [IsDeleted], [Deleted_Token]) VALUES (N'1d829ef6-52f8-49d6-8836-06c614e1e9de', N'POST', N'/api/base/getPredicate', N'AxisEntity', N'Administration', N'fbf79e37-e81c-4dc0-aa3e-6de17ddc35f6', NULL, 0, NULL)
INSERT INTO [ERPSettings].[ServiceParameters] ([IdServiceParameters], [Method], [URL], [TModel], [Module], [IdPredicateFormat], [TransactionUserId], [IsDeleted], [Deleted_Token]) VALUES (N'1e87f7e1-4419-485f-8a48-f2ff4ef6c77f', N'POST', N'/api/base/getPredicate', N'AxisValue', N'Administration', N'bdd36d49-ad39-404a-96b9-601a4d21a88f', NULL, 0, NULL)
INSERT INTO [ERPSettings].[ServiceParameters] ([IdServiceParameters], [Method], [URL], [TModel], [Module], [IdPredicateFormat], [TransactionUserId], [IsDeleted], [Deleted_Token]) VALUES (N'404de664-2996-4ce4-b0d2-2a4329240164', N'POST', N'/api/base/getDataSourcePredicate', N'Entity', N'ErpSettings', NULL, NULL, 0, NULL)
INSERT INTO [ERPSettings].[ServiceParameters] ([IdServiceParameters], [Method], [URL], [TModel], [Module], [IdPredicateFormat], [TransactionUserId], [IsDeleted], [Deleted_Token]) VALUES (N'595e3e9d-7c2c-4e35-94bf-4a5e6fd71abd', N'POST', N'/api/base/getPredicate', N'AxisValue', N'Administration', N'f171fb32-4c0d-456b-b83a-bcc95f4eec82', NULL, 0, NULL)
INSERT INTO [ERPSettings].[ServiceParameters] ([IdServiceParameters], [Method], [URL], [TModel], [Module], [IdPredicateFormat], [TransactionUserId], [IsDeleted], [Deleted_Token]) VALUES (N'8555651b-b56e-4738-bcee-9762180093a7', N'POST', N'/api/base/getDataSourcePredicate', N'Entity', N'ErpSettings', NULL, NULL, 0, NULL)
INSERT INTO [ERPSettings].[ServiceParameters] ([IdServiceParameters], [Method], [URL], [TModel], [Module], [IdPredicateFormat], [TransactionUserId], [IsDeleted], [Deleted_Token]) VALUES (N'8b546a03-1a43-4e5b-8396-a739af3de4e6', N'POST', N'/api/base/getPredicate', N'Axis', N'Administration', N'84f0d43d-cb08-4a18-b27e-4b1dfd4ef107', NULL, 0, NULL)
INSERT INTO [ERPSettings].[ServiceParameters] ([IdServiceParameters], [Method], [URL], [TModel], [Module], [IdPredicateFormat], [TransactionUserId], [IsDeleted], [Deleted_Token]) VALUES (N'8d350240-e33b-4202-ad4c-849795868b99', N'POST', N'/api/base/getPredicate', N'Axis', N'Administration', N'8079aec2-77e1-4611-ad29-2f3c8afba94d', NULL, 0, NULL)
INSERT INTO [ERPSettings].[GridOptions] ([IdGridOptions], [name], [allowCopy], [altRowTemplate], [autoBind], [dataBound], [columnResizeHandleWidth], [columnMenu], [detailTemplate], [editable], [filterable], [groupable], [height], [mobile], [navigatable], [noRecords], [pageable], [reorderable], [resizable], [rowTemplate], [scrollable], [selectable], [sortable], [excel], [pdf], [checkboxes], [dataTextField], [select], [check], [expand], [loadOnDemand]) VALUES (N'a4d5c427-bd4e-44ca-9e35-10a8e4a537b0', NULL, 0, N'True', 1, NULL, NULL, 0, NULL, 0, 1, 1, NULL, 0, 0, 0, 1, 0, 1, NULL, 1, N'False', 1, 0, 0, NULL, NULL, NULL, NULL, NULL, NULL)
INSERT INTO [ERPSettings].[GridOptions] ([IdGridOptions], [name], [allowCopy], [altRowTemplate], [autoBind], [dataBound], [columnResizeHandleWidth], [columnMenu], [detailTemplate], [editable], [filterable], [groupable], [height], [mobile], [navigatable], [noRecords], [pageable], [reorderable], [resizable], [rowTemplate], [scrollable], [selectable], [sortable], [excel], [pdf], [checkboxes], [dataTextField], [select], [check], [expand], [loadOnDemand]) VALUES (N'd0c55480-9e9d-4ae7-9093-e11afe7ad99e', NULL, 0, N'True', 1, NULL, NULL, 0, NULL, 0, 1, 1, NULL, 0, 0, 0, 1, 0, 1, NULL, 1, N'False', 1, 0, 0, NULL, NULL, NULL, NULL, NULL, NULL)
INSERT INTO [ERPSettings].[GridOptions] ([IdGridOptions], [name], [allowCopy], [altRowTemplate], [autoBind], [dataBound], [columnResizeHandleWidth], [columnMenu], [detailTemplate], [editable], [filterable], [groupable], [height], [mobile], [navigatable], [noRecords], [pageable], [reorderable], [resizable], [rowTemplate], [scrollable], [selectable], [sortable], [excel], [pdf], [checkboxes], [dataTextField], [select], [check], [expand], [loadOnDemand]) VALUES (N'd1e81bd9-b2dd-4741-8a2d-e7914bee7e58', NULL, 0, N'True', 1, NULL, NULL, 0, NULL, 0, 1, 1, 500, 0, 0, 0, 1, 1, 1, NULL, 1, N'0', 1, 0, 0, NULL, NULL, NULL, NULL, NULL, NULL)
INSERT INTO [ERPSettings].[GridDataSource] ([IdGridOptions], [IdServiceParameters], [error], [autoSync], [pageSize], [serverPaging], [serverSorting], [serverFiltering], [serverGrouping], [serverAggregates], [batch], [Id], [ParentId], [children], [hasChildrens], [expanded]) VALUES (N'a4d5c427-bd4e-44ca-9e35-10a8e4a537b0', N'1d829ef6-52f8-49d6-8836-06c614e1e9de', NULL, 0, 10, 0, 0, 0, 0, 0, 0, NULL, NULL, NULL, NULL, NULL)
INSERT INTO [ERPSettings].[GridDataSource] ([IdGridOptions], [IdServiceParameters], [error], [autoSync], [pageSize], [serverPaging], [serverSorting], [serverFiltering], [serverGrouping], [serverAggregates], [batch], [Id], [ParentId], [children], [hasChildrens], [expanded]) VALUES (N'd0c55480-9e9d-4ae7-9093-e11afe7ad99e', NULL, NULL, 0, 10, 0, 0, 0, 0, 0, 0, NULL, NULL, NULL, NULL, NULL)
INSERT INTO [ERPSettings].[GridDataSource] ([IdGridOptions], [IdServiceParameters], [error], [autoSync], [pageSize], [serverPaging], [serverSorting], [serverFiltering], [serverGrouping], [serverAggregates], [batch], [Id], [ParentId], [children], [hasChildrens], [expanded]) VALUES (N'd1e81bd9-b2dd-4741-8a2d-e7914bee7e58', N'1e87f7e1-4419-485f-8a48-f2ff4ef6c77f', NULL, 0, 10, 0, 0, 0, 0, 0, 0, NULL, NULL, NULL, NULL, NULL)
INSERT INTO [ERPSettings].[GridComponent] ([IdComponent], [TreeType], [k_on_change]) VALUES (N'a4d5c427-bd4e-44ca-9e35-10a8e4a537b0', 0, NULL)
INSERT INTO [ERPSettings].[GridComponent] ([IdComponent], [TreeType], [k_on_change]) VALUES (N'd0c55480-9e9d-4ae7-9093-e11afe7ad99e', 0, NULL)
INSERT INTO [ERPSettings].[GridComponent] ([IdComponent], [TreeType], [k_on_change]) VALUES (N'd1e81bd9-b2dd-4741-8a2d-e7914bee7e58', 0, NULL)
INSERT INTO [ERPSettings].[GridColumnComponent] ([IdComponent], [field], [title], [width], [format], [groupHeaderTemplate], [hidden], [template], [nullable], [type], [editable], [defaultValue], [menu]) VALUES (N'055e3c6a-b68e-4518-a82e-67fa3cd2c526', N'Code', N'{{''055e3c6a-b68e-4518-a82e-67fa3cd2c526'' | translate }}', NULL, NULL, N'#= value #', 0, NULL, 0, NULL, 0, NULL, NULL)
INSERT INTO [ERPSettings].[GridColumnComponent] ([IdComponent], [field], [title], [width], [format], [groupHeaderTemplate], [hidden], [template], [nullable], [type], [editable], [defaultValue], [menu]) VALUES (N'09f31a00-4807-46b2-bb34-103dbacf0987', N'Id', N'{{''09f31a00-4807-46b2-bb34-103dbacf0987'' | translate }}', NULL, NULL, N'#= value #', 1, NULL, 0, NULL, 0, NULL, NULL)
INSERT INTO [ERPSettings].[GridColumnComponent] ([IdComponent], [field], [title], [width], [format], [groupHeaderTemplate], [hidden], [template], [nullable], [type], [editable], [defaultValue], [menu]) VALUES (N'105d20e8-5112-459f-be96-cf32a5e97f4a', N'IdTableEntity', N'{{''105d20e8-5112-459f-be96-cf32a5e97f4a'' | translate }}', NULL, NULL, N'#= value #', 1, NULL, 0, NULL, 0, NULL, NULL)
INSERT INTO [ERPSettings].[GridColumnComponent] ([IdComponent], [field], [title], [width], [format], [groupHeaderTemplate], [hidden], [template], [nullable], [type], [editable], [defaultValue], [menu]) VALUES (N'1dd2b2a5-b334-4322-8a8c-c42fff3f90ca', N'IsDeleted', N'{{''1dd2b2a5-b334-4322-8a8c-c42fff3f90ca'' | translate}}', NULL, NULL, N'#= value #', 1, NULL, 0, NULL, 0, NULL, NULL)
INSERT INTO [ERPSettings].[GridColumnComponent] ([IdComponent], [field], [title], [width], [format], [groupHeaderTemplate], [hidden], [template], [nullable], [type], [editable], [defaultValue], [menu]) VALUES (N'23326c06-7cbd-47d5-88a7-6cfc547bb8c7', N'IsRequired', N'{{''23326c06-7cbd-47d5-88a7-6cfc547bb8c7'' | translate}}', N'9em', NULL, N'#= value #', 0, N'<input id=''#=IdTableEntity#'' type=''checkbox'' class=''k-checkbox''  #= IsRequired ? checked=''checked'' : '''' # ng-click=''bController.baseService.actionService.setAsRequired(dataItem)'' ><label class=''k-checkbox-label'' for=''#=IdTableEntity#''></label>', 0, NULL, 0, N'', NULL)
INSERT INTO [ERPSettings].[GridColumnComponent] ([IdComponent], [field], [title], [width], [format], [groupHeaderTemplate], [hidden], [template], [nullable], [type], [editable], [defaultValue], [menu]) VALUES (N'42136f09-d662-4f00-9941-8d904040bf59', NULL, N'{{''42136f09-d662-4f00-9941-8d904040bf59'' | translate }}', NULL, NULL, N'#= value #', 0, NULL, 0, NULL, 0, NULL, NULL)
INSERT INTO [ERPSettings].[GridColumnComponent] ([IdComponent], [field], [title], [width], [format], [groupHeaderTemplate], [hidden], [template], [nullable], [type], [editable], [defaultValue], [menu]) VALUES (N'47374b10-4236-4984-b336-9093b2e95127', N'Id', N'{{''47374b10-4236-4984-b336-9093b2e95127'' | translate}}', NULL, NULL, N'#= value #', 1, NULL, 0, NULL, 0, NULL, NULL)
INSERT INTO [ERPSettings].[GridColumnComponent] ([IdComponent], [field], [title], [width], [format], [groupHeaderTemplate], [hidden], [template], [nullable], [type], [editable], [defaultValue], [menu]) VALUES (N'66100fbc-7b4f-4128-b9b1-bb8a09d3ef4f', N'IsDeleted', N'{{''66100fbc-7b4f-4128-b9b1-bb8a09d3ef4f'' | translate}}', NULL, NULL, N'#= value #', 1, NULL, 0, NULL, 0, NULL, NULL)
INSERT INTO [ERPSettings].[GridColumnComponent] ([IdComponent], [field], [title], [width], [format], [groupHeaderTemplate], [hidden], [template], [nullable], [type], [editable], [defaultValue], [menu]) VALUES (N'71383efb-0a6b-4c74-8195-9340a4335e36', N'AxisValueRelationShipIdAxisValueNavigation', N'{{''71383efb-0a6b-4c74-8195-9340a4335e36'' | translate }}', NULL, NULL, N'#= value #', 1, NULL, 0, NULL, 0, NULL, NULL)
INSERT INTO [ERPSettings].[GridColumnComponent] ([IdComponent], [field], [title], [width], [format], [groupHeaderTemplate], [hidden], [template], [nullable], [type], [editable], [defaultValue], [menu]) VALUES (N'7aad1ab1-ee81-403b-9018-7c826ece17c1', N'IdTableEntityNavigation.Fr', N'{{''7aad1ab1-ee81-403b-9018-7c826ece17c1'' | translate }}', NULL, NULL, N'#= value #', 0, NULL, 0, NULL, 0, NULL, NULL)
INSERT INTO [ERPSettings].[GridColumnComponent] ([IdComponent], [field], [title], [width], [format], [groupHeaderTemplate], [hidden], [template], [nullable], [type], [editable], [defaultValue], [menu]) VALUES (N'86343a7f-ac7b-4a0d-9066-e68b95522b8d', N'Fr', N'{{''86343a7f-ac7b-4a0d-9066-e68b95522b8d'' | translate}}', NULL, NULL, N'#= value #', 0, NULL, 0, NULL, 0, NULL, NULL)
INSERT INTO [ERPSettings].[GridColumnComponent] ([IdComponent], [field], [title], [width], [format], [groupHeaderTemplate], [hidden], [template], [nullable], [type], [editable], [defaultValue], [menu]) VALUES (N'9cc3e8cd-fb5c-4c84-a884-3e250c2201e4', N'Id', N'{{''9cc3e8cd-fb5c-4c84-a884-3e250c2201e4'' | translate}}', NULL, NULL, N'#= value #', 1, NULL, 0, NULL, 0, NULL, NULL)
INSERT INTO [ERPSettings].[GridColumnComponent] ([IdComponent], [field], [title], [width], [format], [groupHeaderTemplate], [hidden], [template], [nullable], [type], [editable], [defaultValue], [menu]) VALUES (N'a0c03d02-f304-43a7-94d5-a8c029e0507f', N'Label', N'{{''a0c03d02-f304-43a7-94d5-a8c029e0507f'' | translate }}', NULL, NULL, N'#= value #', 0, NULL, 0, NULL, 0, NULL, NULL)
INSERT INTO [ERPSettings].[GridColumnComponent] ([IdComponent], [field], [title], [width], [format], [groupHeaderTemplate], [hidden], [template], [nullable], [type], [editable], [defaultValue], [menu]) VALUES (N'ada29ca9-b96e-42bd-8788-70f855a5d8a6', NULL, N'{{''ada29ca9-b96e-42bd-8788-70f855a5d8a6'' | translate}}', NULL, NULL, N'#= value #', 0, NULL, 0, NULL, 0, NULL, NULL)
INSERT INTO [ERPSettings].[GridColumnComponent] ([IdComponent], [field], [title], [width], [format], [groupHeaderTemplate], [hidden], [template], [nullable], [type], [editable], [defaultValue], [menu]) VALUES (N'b9aca643-121b-4fdf-8eef-d0b6548e3915', NULL, N'{{''b9aca643-121b-4fdf-8eef-d0b6548e3915'' | translate }}', NULL, NULL, N'#= value #', 0, NULL, 0, NULL, 0, NULL, NULL)
INSERT INTO [ERPSettings].[GridColumnComponent] ([IdComponent], [field], [title], [width], [format], [groupHeaderTemplate], [hidden], [template], [nullable], [type], [editable], [defaultValue], [menu]) VALUES (N'e695e15f-9e41-479e-80d8-554c32ff2f00', N'IdTableEntity', N'{{''e695e15f-9e41-479e-80d8-554c32ff2f00'' | translate}}', NULL, NULL, N'#= value #', 1, NULL, 0, NULL, 0, NULL, NULL)
INSERT INTO [ERPSettings].[GridColumnComponent] ([IdComponent], [field], [title], [width], [format], [groupHeaderTemplate], [hidden], [template], [nullable], [type], [editable], [defaultValue], [menu]) VALUES (N'eba870b2-a715-4dd9-baa2-ab9fd87e20f8', N'IsRequired', N'{{''eba870b2-a715-4dd9-baa2-ab9fd87e20f8'' | translate }}', N'9em', NULL, N'#= value #', 0, N'<input id=''#=IdTableEntity#'' type=''checkbox'' class=''k-checkbox''  #= IsRequired ? checked=''checked'' : '''' # ng-click=''bController.baseService.actionService.setAsRequired(dataItem)'' ><label class=''k-checkbox-label'' for=''#=IdTableEntity#''></label>', 0, NULL, 0, N'', NULL)

INSERT INTO [ERPSettings].[ComponentByRole] ( [IdRole], [IdComponent], [IsActive], [IsVisible], [ReadFunction], [WriteFunction], [TransactionUserId]) VALUES ( 1, N'cfac746d-ea3c-463c-ad4c-d8595e7716a6', 1, 1, NULL, NULL, NULL)
INSERT INTO [ERPSettings].[ComponentByRole] ( [IdRole], [IdComponent], [IsActive], [IsVisible], [ReadFunction], [WriteFunction], [TransactionUserId]) VALUES ( 1, N'f5636527-9650-4e87-bb3f-12c66b3870c9', 1, 1, NULL, NULL, NULL)
INSERT INTO [ERPSettings].[ComponentByRole] ( [IdRole], [IdComponent], [IsActive], [IsVisible], [ReadFunction], [WriteFunction], [TransactionUserId]) VALUES (1, N'8b101ff1-7928-4615-927f-143d707d9bf0', 1, 1, NULL, NULL, NULL)
INSERT INTO [ERPSettings].[ComponentByRole] ( [IdRole], [IdComponent], [IsActive], [IsVisible], [ReadFunction], [WriteFunction], [TransactionUserId]) VALUES ( 1, N'4837ffaa-26c9-4798-bf03-7962f2434607', 1, 1, NULL, NULL, NULL)
INSERT INTO [ERPSettings].[ComponentByRole] ( [IdRole], [IdComponent], [IsActive], [IsVisible], [ReadFunction], [WriteFunction], [TransactionUserId]) VALUES ( 1, N'03f831be-8b3b-4443-895b-9995ef425344', 1, 1, NULL, NULL, NULL)
INSERT INTO [ERPSettings].[ComponentByRole] ( [IdRole], [IdComponent], [IsActive], [IsVisible], [ReadFunction], [WriteFunction], [TransactionUserId]) VALUES ( 1, N'ccc8e2da-c106-4293-a297-9e3c32d2a266', 1, 1, NULL, NULL, NULL)
INSERT INTO [ERPSettings].[ComponentByRole] ( [IdRole], [IdComponent], [IsActive], [IsVisible], [ReadFunction], [WriteFunction], [TransactionUserId]) VALUES ( 1, N'd0c55480-9e9d-4ae7-9093-e11afe7ad99e', 1, 1, NULL, NULL, NULL)
INSERT INTO [ERPSettings].[ComponentByRole] ( [IdRole], [IdComponent], [IsActive], [IsVisible], [ReadFunction], [WriteFunction], [TransactionUserId]) VALUES ( 1, N'6533759c-00f0-4351-bff8-53201c9f5be5', 1, 1, NULL, NULL, NULL)
INSERT INTO [ERPSettings].[ComponentByRole] ( [IdRole], [IdComponent], [IsActive], [IsVisible], [ReadFunction], [WriteFunction], [TransactionUserId]) VALUES ( 1, N'86343a7f-ac7b-4a0d-9066-e68b95522b8d', 1, 1, NULL, NULL, NULL)
INSERT INTO [ERPSettings].[ComponentByRole] ( [IdRole], [IdComponent], [IsActive], [IsVisible], [ReadFunction], [WriteFunction], [TransactionUserId]) VALUES ( 1, N'ada29ca9-b96e-42bd-8788-70f855a5d8a6', 1, 1, NULL, NULL, NULL)
INSERT INTO [ERPSettings].[ComponentByRole] ( [IdRole], [IdComponent], [IsActive], [IsVisible], [ReadFunction], [WriteFunction], [TransactionUserId]) VALUES ( 1, N'320a96df-8a39-4bec-b335-26cc2fe81694', 1, 1, NULL, NULL, NULL)
INSERT INTO [ERPSettings].[ComponentByRole] ( [IdRole], [IdComponent], [IsActive], [IsVisible], [ReadFunction], [WriteFunction], [TransactionUserId]) VALUES ( 1, N'23326c06-7cbd-47d5-88a7-6cfc547bb8c7', 1, 1, NULL, NULL, NULL)
INSERT INTO [ERPSettings].[ComponentByRole] ( [IdRole], [IdComponent], [IsActive], [IsVisible], [ReadFunction], [WriteFunction], [TransactionUserId]) VALUES (1, N'048c601c-c256-4bcb-8272-3b4252e3a1f9', 1, 1, NULL, NULL, NULL)
INSERT INTO [ERPSettings].[ComponentByRole] ( [IdRole], [IdComponent], [IsActive], [IsVisible], [ReadFunction], [WriteFunction], [TransactionUserId]) VALUES (1, N'e695e15f-9e41-479e-80d8-554c32ff2f00', 1, 1, NULL, NULL, NULL)
INSERT INTO [ERPSettings].[ComponentByRole] ( [IdRole], [IdComponent], [IsActive], [IsVisible], [ReadFunction], [WriteFunction], [TransactionUserId]) VALUES (1, N'47374b10-4236-4984-b336-9093b2e95127', 1, 1, NULL, NULL, NULL)
INSERT INTO [ERPSettings].[ComponentByRole] ( [IdRole], [IdComponent], [IsActive], [IsVisible], [ReadFunction], [WriteFunction], [TransactionUserId]) VALUES (1, N'cae8bff7-a010-4b74-9352-03632520d677', 1, 1, NULL, NULL, NULL)
INSERT INTO [ERPSettings].[ComponentByRole] ( [IdRole], [IdComponent], [IsActive], [IsVisible], [ReadFunction], [WriteFunction], [TransactionUserId]) VALUES (1, N'095b419f-6b76-440b-a7ca-512be621f14e', 1, 1, NULL, NULL, NULL)
INSERT INTO [ERPSettings].[ComponentByRole] ( [IdRole], [IdComponent], [IsActive], [IsVisible], [ReadFunction], [WriteFunction], [TransactionUserId]) VALUES (1, N'fe308406-33b9-4e1c-a07d-5b2ca1485379', 1, 1, NULL, NULL, NULL)
INSERT INTO [ERPSettings].[ComponentByRole] ( [IdRole], [IdComponent], [IsActive], [IsVisible], [ReadFunction], [WriteFunction], [TransactionUserId]) VALUES (1, N'71cf8625-10ac-4c97-95e0-52fc6a60234f', 1, 1, NULL, NULL, NULL)
INSERT INTO [ERPSettings].[ComponentByRole] ( [IdRole], [IdComponent], [IsActive], [IsVisible], [ReadFunction], [WriteFunction], [TransactionUserId]) VALUES (1, N'1f96c033-da43-4637-b7bd-6f040ccfaf55', 1, 1, NULL, NULL, NULL)
INSERT INTO [ERPSettings].[ComponentByRole] ( [IdRole], [IdComponent], [IsActive], [IsVisible], [ReadFunction], [WriteFunction], [TransactionUserId]) VALUES (1, N'3515778b-d04b-4a7e-864e-fac0161ec53c', 1, 1, NULL, NULL, NULL)
INSERT INTO [ERPSettings].[ComponentByRole] ( [IdRole], [IdComponent], [IsActive], [IsVisible], [ReadFunction], [WriteFunction], [TransactionUserId]) VALUES (1, N'c0f57af7-47ba-4d16-8270-f449477266a6', 1, 1, NULL, NULL, NULL)
INSERT INTO [ERPSettings].[ComponentByRole] ( [IdRole], [IdComponent], [IsActive], [IsVisible], [ReadFunction], [WriteFunction], [TransactionUserId]) VALUES ( 1, N'bc484558-0e49-406e-909e-9df6e1c82914', 1, 1, NULL, NULL, NULL)
INSERT INTO [ERPSettings].[ComponentByRole] ( [IdRole], [IdComponent], [IsActive], [IsVisible], [ReadFunction], [WriteFunction], [TransactionUserId]) VALUES (1, N'f58bd518-10e8-421f-93ca-f13fc3985042', 1, 1, NULL, NULL, NULL)
INSERT INTO [ERPSettings].[ComponentByRole] ( [IdRole], [IdComponent], [IsActive], [IsVisible], [ReadFunction], [WriteFunction], [TransactionUserId]) VALUES (1, N'cc086769-95fe-4ff4-91f6-7e78a6181039', 1, 1, NULL, NULL, NULL)
INSERT INTO [ERPSettings].[ComponentByRole] ( [IdRole], [IdComponent], [IsActive], [IsVisible], [ReadFunction], [WriteFunction], [TransactionUserId]) VALUES (1, N'f688494f-5765-4752-a52b-691281620028', 1, 1, NULL, NULL, NULL)
INSERT INTO [ERPSettings].[ComponentByRole] ( [IdRole], [IdComponent], [IsActive], [IsVisible], [ReadFunction], [WriteFunction], [TransactionUserId]) VALUES (1, N'22dbc805-d0a4-4d1a-932f-2574f6e05b5f', 1, 1, NULL, NULL, NULL)
INSERT INTO [ERPSettings].[ComponentByRole] ( [IdRole], [IdComponent], [IsActive], [IsVisible], [ReadFunction], [WriteFunction], [TransactionUserId]) VALUES ( 1, N'2ed9e6b0-b5f7-4ec7-9c62-5da923c6d67e', 1, 1, NULL, NULL, NULL)
INSERT INTO [ERPSettings].[ComponentByRole] ( [IdRole], [IdComponent], [IsActive], [IsVisible], [ReadFunction], [WriteFunction], [TransactionUserId]) VALUES (1, N'ed2f2b42-b586-4670-be61-5045966f378d', 1, 1, NULL, NULL, NULL)
INSERT INTO [ERPSettings].[ComponentByRole] ( [IdRole], [IdComponent], [IsActive], [IsVisible], [ReadFunction], [WriteFunction], [TransactionUserId]) VALUES (1, N'173aa6fe-fed4-49d7-901a-76e78586769a', 1, 1, NULL, NULL, NULL)
INSERT INTO [ERPSettings].[ComponentByRole] ( [IdRole], [IdComponent], [IsActive], [IsVisible], [ReadFunction], [WriteFunction], [TransactionUserId]) VALUES (1, N'e5ed4de0-4f9b-4ed7-aeb3-ca52e8777bcd', 1, 1, NULL, NULL, NULL)
INSERT INTO [ERPSettings].[ComponentByRole] ( [IdRole], [IdComponent], [IsActive], [IsVisible], [ReadFunction], [WriteFunction], [TransactionUserId]) VALUES (1, N'68a7affe-4269-4bd9-8020-c8a109924743', 1, 1, NULL, NULL, NULL)
INSERT INTO [ERPSettings].[ComponentByRole] ( [IdRole], [IdComponent], [IsActive], [IsVisible], [ReadFunction], [WriteFunction], [TransactionUserId]) VALUES (1, N'bae26d91-9e00-4a73-a367-2c161ae177aa', 1, 1, NULL, NULL, NULL)
INSERT INTO [ERPSettings].[ComponentByRole] ( [IdRole], [IdComponent], [IsActive], [IsVisible], [ReadFunction], [WriteFunction], [TransactionUserId]) VALUES (1, N'd1e81bd9-b2dd-4741-8a2d-e7914bee7e58', 1, 1, NULL, NULL, NULL)
INSERT INTO [ERPSettings].[ComponentByRole] ( [IdRole], [IdComponent], [IsActive], [IsVisible], [ReadFunction], [WriteFunction], [TransactionUserId]) VALUES (1, N'055e3c6a-b68e-4518-a82e-67fa3cd2c526', 1, 1, NULL, NULL, NULL)
INSERT INTO [ERPSettings].[ComponentByRole] ( [IdRole], [IdComponent], [IsActive], [IsVisible], [ReadFunction], [WriteFunction], [TransactionUserId]) VALUES (1, N'71383efb-0a6b-4c74-8195-9340a4335e36', 1, 1, NULL, NULL, NULL)
INSERT INTO [ERPSettings].[ComponentByRole] ( [IdRole], [IdComponent], [IsActive], [IsVisible], [ReadFunction], [WriteFunction], [TransactionUserId]) VALUES (1, N'42136f09-d662-4f00-9941-8d904040bf59', 1, 1, NULL, NULL, NULL)
INSERT INTO [ERPSettings].[ComponentByRole] ( [IdRole], [IdComponent], [IsActive], [IsVisible], [ReadFunction], [WriteFunction], [TransactionUserId]) VALUES (1, N'46f033e0-02c0-432d-866c-c82ba90721f3', 1, 1, NULL, NULL, NULL)
INSERT INTO [ERPSettings].[ComponentByRole] ( [IdRole], [IdComponent], [IsActive], [IsVisible], [ReadFunction], [WriteFunction], [TransactionUserId]) VALUES (1, N'1dc0e6a1-8b70-47df-8a42-7c39de6ab083', 1, 1, NULL, NULL, NULL)
INSERT INTO [ERPSettings].[ComponentByRole] ( [IdRole], [IdComponent], [IsActive], [IsVisible], [ReadFunction], [WriteFunction], [TransactionUserId]) VALUES ( 1, N'a0c03d02-f304-43a7-94d5-a8c029e0507f', 1, 1, NULL, NULL, NULL)
INSERT INTO [ERPSettings].[ComponentByRole] ( [IdRole], [IdComponent], [IsActive], [IsVisible], [ReadFunction], [WriteFunction], [TransactionUserId]) VALUES (1, N'8b3bbd65-51d8-4029-925c-0032b819acad', 1, 1, NULL, NULL, NULL)
INSERT INTO [ERPSettings].[ComponentByRole] ( [IdRole], [IdComponent], [IsActive], [IsVisible], [ReadFunction], [WriteFunction], [TransactionUserId]) VALUES (1, N'0781ecf7-b931-49f3-9fae-64853969f789', 1, 1, NULL, NULL, NULL)
INSERT INTO [ERPSettings].[ComponentByRole] ( [IdRole], [IdComponent], [IsActive], [IsVisible], [ReadFunction], [WriteFunction], [TransactionUserId]) VALUES ( 1, N'b22a80a0-73a1-4e59-9db5-97044fc7d0a7', 1, 1, NULL, NULL, NULL)
INSERT INTO [ERPSettings].[ComponentByRole] ( [IdRole], [IdComponent], [IsActive], [IsVisible], [ReadFunction], [WriteFunction], [TransactionUserId]) VALUES (1, N'1112ffb6-8a10-4b27-a554-dfcf1b6bb260', 1, 1, NULL, NULL, NULL)
INSERT INTO [ERPSettings].[ComponentByRole] ( [IdRole], [IdComponent], [IsActive], [IsVisible], [ReadFunction], [WriteFunction], [TransactionUserId]) VALUES ( 1, N'02df6ea7-4b9e-42e5-8e17-65900484b5df', 1, 1, NULL, NULL, NULL)
INSERT INTO [ERPSettings].[ComponentByRole] ( [IdRole], [IdComponent], [IsActive], [IsVisible], [ReadFunction], [WriteFunction], [TransactionUserId]) VALUES ( 1, N'4e6c5cca-76d1-4434-afa4-67204f81b443', 1, 1, NULL, NULL, NULL)
INSERT INTO [ERPSettings].[ComponentByRole] ( [IdRole], [IdComponent], [IsActive], [IsVisible], [ReadFunction], [WriteFunction], [TransactionUserId]) VALUES ( 1, N'9cc1ad8c-da95-4384-9af7-2be266050008', 1, 1, NULL, NULL, NULL)
INSERT INTO [ERPSettings].[ComponentByRole] ( [IdRole], [IdComponent], [IsActive], [IsVisible], [ReadFunction], [WriteFunction], [TransactionUserId]) VALUES (1, N'96480d7c-5baf-44e8-8133-c4f19a422e35', 1, 1, NULL, NULL, NULL)
INSERT INTO [ERPSettings].[ComponentByRole] ( [IdRole], [IdComponent], [IsActive], [IsVisible], [ReadFunction], [WriteFunction], [TransactionUserId]) VALUES (1, N'792a0356-55cc-47bb-9569-6a71eb63f5d2', 1, 1, NULL, NULL, NULL)
INSERT INTO [ERPSettings].[ComponentByRole] ( [IdRole], [IdComponent], [IsActive], [IsVisible], [ReadFunction], [WriteFunction], [TransactionUserId]) VALUES (1, N'a4d5c427-bd4e-44ca-9e35-10a8e4a537b0', 1, 1, NULL, NULL, NULL)
INSERT INTO [ERPSettings].[ComponentByRole] ( [IdRole], [IdComponent], [IsActive], [IsVisible], [ReadFunction], [WriteFunction], [TransactionUserId]) VALUES (1, N'105d20e8-5112-459f-be96-cf32a5e97f4a', 1, 1, NULL, NULL, NULL)
INSERT INTO [ERPSettings].[ComponentByRole] ( [IdRole], [IdComponent], [IsActive], [IsVisible], [ReadFunction], [WriteFunction], [TransactionUserId]) VALUES (1, N'eba870b2-a715-4dd9-baa2-ab9fd87e20f8', 1, 1, NULL, NULL, NULL)
INSERT INTO [ERPSettings].[ComponentByRole] ( [IdRole], [IdComponent], [IsActive], [IsVisible], [ReadFunction], [WriteFunction], [TransactionUserId]) VALUES ( 1, N'b9aca643-121b-4fdf-8eef-d0b6548e3915', 1, 1, NULL, NULL, NULL)
INSERT INTO [ERPSettings].[ComponentByRole] ( [IdRole], [IdComponent], [IsActive], [IsVisible], [ReadFunction], [WriteFunction], [TransactionUserId]) VALUES ( 1, N'749b63ae-d97c-4d13-ae43-285c5be9ae77', 1, 1, NULL, NULL, NULL)
INSERT INTO [ERPSettings].[ComponentByRole] ( [IdRole], [IdComponent], [IsActive], [IsVisible], [ReadFunction], [WriteFunction], [TransactionUserId]) VALUES ( 1, N'09f31a00-4807-46b2-bb34-103dbacf0987', 1, 1, NULL, NULL, NULL)
INSERT INTO [ERPSettings].[ComponentByRole] ( [IdRole], [IdComponent], [IsActive], [IsVisible], [ReadFunction], [WriteFunction], [TransactionUserId]) VALUES (1, N'7aad1ab1-ee81-403b-9018-7c826ece17c1', 1, 1, NULL, NULL, NULL)
INSERT INTO [ERPSettings].[ComponentByRole] ( [IdRole], [IdComponent], [IsActive], [IsVisible], [ReadFunction], [WriteFunction], [TransactionUserId]) VALUES (1, N'2ccd1207-a352-42b9-8db8-2775fe11d6cf', 1, 1, NULL, NULL, NULL)
INSERT INTO [ERPSettings].[ComponentByRole] ( [IdRole], [IdComponent], [IsActive], [IsVisible], [ReadFunction], [WriteFunction], [TransactionUserId]) VALUES ( 1, N'e467f008-f620-462c-a601-7374f066e451', 1, 1, NULL, NULL, NULL)
INSERT INTO [ERPSettings].[ComponentByRole] ( [IdRole], [IdComponent], [IsActive], [IsVisible], [ReadFunction], [WriteFunction], [TransactionUserId]) VALUES (1, N'71923d84-faf4-4b8c-b453-6bc4c0cc6e44', 1, 1, NULL, NULL, NULL)
INSERT INTO [ERPSettings].[ComponentByRole] ( [IdRole], [IdComponent], [IsActive], [IsVisible], [ReadFunction], [WriteFunction], [TransactionUserId]) VALUES ( 1, N'4e4c58a3-67f4-43c6-a805-77e666ad29d3', 1, 1, NULL, NULL, NULL)
INSERT INTO [ERPSettings].[ComponentByRole] ( [IdRole], [IdComponent], [IsActive], [IsVisible], [ReadFunction], [WriteFunction], [TransactionUserId]) VALUES (1, N'005a5d7e-ca28-4ea5-bfa8-fe5923ab7688', 1, 1, NULL, NULL, NULL)
INSERT INTO [ERPSettings].[ComponentByRole] ( [IdRole], [IdComponent], [IsActive], [IsVisible], [ReadFunction], [WriteFunction], [TransactionUserId]) VALUES ( 1, N'8ed64ad5-e8d7-4064-b9e9-043fc1b5f2fb', 1, 1, NULL, NULL, NULL)
INSERT INTO [ERPSettings].[ComponentByRole] ( [IdRole], [IdComponent], [IsActive], [IsVisible], [ReadFunction], [WriteFunction], [TransactionUserId]) VALUES (1, N'77f3c823-5ec4-4428-8ee1-99ac4d150baa', 1, 1, NULL, NULL, NULL)
INSERT INTO [ERPSettings].[ComponentByRole] ( [IdRole], [IdComponent], [IsActive], [IsVisible], [ReadFunction], [WriteFunction], [TransactionUserId]) VALUES ( 1, N'1f19a254-4e07-4d90-a94e-6d4f68f83aae', 1, 1, NULL, NULL, NULL)
INSERT INTO [ERPSettings].[ComponentByRole] ( [IdRole], [IdComponent], [IsActive], [IsVisible], [ReadFunction], [WriteFunction], [TransactionUserId]) VALUES ( 1, N'a518b845-0e76-4179-ba93-c1ed8bbd500f', 1, 1, NULL, NULL, NULL)
INSERT INTO [ERPSettings].[ComponentByRole] ( [IdRole], [IdComponent], [IsActive], [IsVisible], [ReadFunction], [WriteFunction], [TransactionUserId]) VALUES (1, N'c9faaa18-e03c-4936-a4a7-981de77a22fe', 1, 1, NULL, NULL, NULL)
INSERT INTO [ERPSettings].[ComponentByRole] ( [IdRole], [IdComponent], [IsActive], [IsVisible], [ReadFunction], [WriteFunction], [TransactionUserId]) VALUES (1, N'9cc3e8cd-fb5c-4c84-a884-3e250c2201e4', 1, 1, NULL, NULL, NULL)
INSERT INTO [ERPSettings].[ComponentByRole] ( [IdRole], [IdComponent], [IsActive], [IsVisible], [ReadFunction], [WriteFunction], [TransactionUserId]) VALUES ( 1, N'1dd2b2a5-b334-4322-8a8c-c42fff3f90ca', 1, 1, NULL, NULL, NULL)
INSERT INTO [ERPSettings].[ComponentByRole] ( [IdRole], [IdComponent], [IsActive], [IsVisible], [ReadFunction], [WriteFunction], [TransactionUserId]) VALUES ( 1, N'66100fbc-7b4f-4128-b9b1-bb8a09d3ef4f', 1, 1, NULL, NULL, NULL)


INSERT INTO [ERPSettings].[ButtonComponent] ([IdComponent], [ng_model], [ng_click], [type], [ButtonType], [IdServiceParameter], [ngDisabled]) VALUES (N'3515778b-d04b-4a7e-864e-fac0161ec53c', N'', N'bController.baseService.actionService.save(''3515778b-d04b-4a7e-864e-fac0161ec53c'')', N'submit', 0, N'01affc7e-78ea-4e2b-aca0-803da8692bcd', NULL)
INSERT INTO [ERPSettings].[ButtonComponent] ([IdComponent], [ng_model], [ng_click], [type], [ButtonType], [IdServiceParameter], [ngDisabled]) VALUES (N'68a7affe-4269-4bd9-8020-c8a109924743', N'', N'bController.baseService.actionService.addToGrid(''68a7affe-4269-4bd9-8020-c8a109924743'',''d1e81bd9-b2dd-4741-8a2d-e7914bee7e58'')', N'submit', 0, NULL, NULL)
INSERT INTO [ERPSettings].[ButtonComponent] ([IdComponent], [ng_model], [ng_click], [type], [ButtonType], [IdServiceParameter], [ngDisabled]) VALUES (N'96480d7c-5baf-44e8-8133-c4f19a422e35', N'', N'bController.baseService.actionService.addToGrid(''96480d7c-5baf-44e8-8133-c4f19a422e35'',''a4d5c427-bd4e-44ca-9e35-10a8e4a537b0'')', N'submit', 0, NULL, NULL)
INSERT INTO [ERPSettings].[ButtonComponent] ([IdComponent], [ng_model], [ng_click], [type], [ButtonType], [IdServiceParameter], [ngDisabled]) VALUES (N'bc484558-0e49-406e-909e-9df6e1c82914', N'', N'bController.baseService.actionService.redirectionService.redirectTo(''/administration/axes/list'')', N'submit', 0, NULL, NULL)
INSERT INTO [ERPSettings].[ButtonComponent] ([IdComponent], [ng_model], [ng_click], [type], [ButtonType], [IdServiceParameter], [ngDisabled]) VALUES (N'ccc8e2da-c106-4293-a297-9e3c32d2a266', N'', N'bController.baseService.actionService.addToGrid(''ccc8e2da-c106-4293-a297-9e3c32d2a266'',''d0c55480-9e9d-4ae7-9093-e11afe7ad99e'')', N'submit', 0, NULL, NULL)
INSERT INTO [ERPSettings].[InputComponent] ([IdComponent], [inputType], [ng_model], [required], [ng_disabled], [ng_minlength], [ng_maxlength], [ng_change], [ng_bind], [ng_blur], [placeholder], [k_ng_model], [k_on_change], [k_format], [k_min], [k_max], [k_decimals], [k_step], [ui_date_mask], [pattern], [k_mask], [defaultValue], [ng_readonly], [formatPrecision], [IsCurrency], [Accept]) VALUES (N'005a5d7e-ca28-4ea5-bfa8-fe5923ab7688', 0, NULL, 1, NULL, NULL, NULL, N'bController.baseService.actionService.onChangeCodeInput(''265624d1-c530-476b-9120-b3bde8269031'')', NULL, NULL, N'{{''005a5d7e-ca28-4ea5-bfa8-fe5923ab7688'' | translate }}', NULL, N'', NULL, NULL, NULL, NULL, NULL, NULL, NULL, NULL, NULL, NULL, NULL, NULL, NULL)
INSERT INTO [ERPSettings].[InputComponent] ([IdComponent], [inputType], [ng_model], [required], [ng_disabled], [ng_minlength], [ng_maxlength], [ng_change], [ng_bind], [ng_blur], [placeholder], [k_ng_model], [k_on_change], [k_format], [k_min], [k_max], [k_decimals], [k_step], [ui_date_mask], [pattern], [k_mask], [defaultValue], [ng_readonly], [formatPrecision], [IsCurrency], [Accept]) VALUES (N'02df6ea7-4b9e-42e5-8e17-65900484b5df', 0, NULL, NULL, 1, NULL, NULL, NULL, NULL, NULL, N'{{''02df6ea7-4b9e-42e5-8e17-65900484b5df'' | translate }}', NULL, NULL, NULL, NULL, NULL, NULL, NULL, NULL, NULL, NULL, NULL, NULL, NULL, NULL, NULL)
INSERT INTO [ERPSettings].[InputComponent] ([IdComponent], [inputType], [ng_model], [required], [ng_disabled], [ng_minlength], [ng_maxlength], [ng_change], [ng_bind], [ng_blur], [placeholder], [k_ng_model], [k_on_change], [k_format], [k_min], [k_max], [k_decimals], [k_step], [ui_date_mask], [pattern], [k_mask], [defaultValue], [ng_readonly], [formatPrecision], [IsCurrency], [Accept]) VALUES (N'048c601c-c256-4bcb-8272-3b4252e3a1f9', 0, NULL, NULL, 1, NULL, NULL, NULL, NULL, NULL, N'{{''048c601c-c256-4bcb-8272-3b4252e3a1f9'' | translate }}', NULL, NULL, NULL, NULL, NULL, NULL, NULL, NULL, NULL, NULL, NULL, NULL, NULL, NULL, NULL)
INSERT INTO [ERPSettings].[InputComponent] ([IdComponent], [inputType], [ng_model], [required], [ng_disabled], [ng_minlength], [ng_maxlength], [ng_change], [ng_bind], [ng_blur], [placeholder], [k_ng_model], [k_on_change], [k_format], [k_min], [k_max], [k_decimals], [k_step], [ui_date_mask], [pattern], [k_mask], [defaultValue], [ng_readonly], [formatPrecision], [IsCurrency], [Accept]) VALUES (N'1112ffb6-8a10-4b27-a554-dfcf1b6bb260', 0, NULL, NULL, 1, NULL, NULL, NULL, NULL, NULL, N'{{''1112ffb6-8a10-4b27-a554-dfcf1b6bb260'' | translate }}', NULL, NULL, NULL, NULL, NULL, NULL, NULL, NULL, NULL, NULL, NULL, NULL, NULL, NULL, NULL)
INSERT INTO [ERPSettings].[InputComponent] ([IdComponent], [inputType], [ng_model], [required], [ng_disabled], [ng_minlength], [ng_maxlength], [ng_change], [ng_bind], [ng_blur], [placeholder], [k_ng_model], [k_on_change], [k_format], [k_min], [k_max], [k_decimals], [k_step], [ui_date_mask], [pattern], [k_mask], [defaultValue], [ng_readonly], [formatPrecision], [IsCurrency], [Accept]) VALUES (N'173aa6fe-fed4-49d7-901a-76e78586769a', 0, NULL, 1, NULL, NULL, NULL, N'bController.baseService.actionService.onChangeCodeInput(''618d9eca-bd5e-4995-8b27-90c52390553b'')', NULL, NULL, N'{{''173aa6fe-fed4-49d7-901a-76e78586769a'' | translate }}', NULL, NULL, NULL, NULL, NULL, NULL, NULL, NULL, NULL, NULL, NULL, NULL, NULL, NULL, NULL)
INSERT INTO [ERPSettings].[InputComponent] ([IdComponent], [inputType], [ng_model], [required], [ng_disabled], [ng_minlength], [ng_maxlength], [ng_change], [ng_bind], [ng_blur], [placeholder], [k_ng_model], [k_on_change], [k_format], [k_min], [k_max], [k_decimals], [k_step], [ui_date_mask], [pattern], [k_mask], [defaultValue], [ng_readonly], [formatPrecision], [IsCurrency], [Accept]) VALUES (N'1f19a254-4e07-4d90-a94e-6d4f68f83aae', 0, NULL, 1, NULL, NULL, 100, NULL, NULL, NULL, N'{{''1f19a254-4e07-4d90-a94e-6d4f68f83aae'' | translate }}', NULL, NULL, NULL, NULL, NULL, NULL, NULL, NULL, NULL, NULL, NULL, NULL, NULL, NULL, NULL)
INSERT INTO [ERPSettings].[InputComponent] ([IdComponent], [inputType], [ng_model], [required], [ng_disabled], [ng_minlength], [ng_maxlength], [ng_change], [ng_bind], [ng_blur], [placeholder], [k_ng_model], [k_on_change], [k_format], [k_min], [k_max], [k_decimals], [k_step], [ui_date_mask], [pattern], [k_mask], [defaultValue], [ng_readonly], [formatPrecision], [IsCurrency], [Accept]) VALUES (N'4e4c58a3-67f4-43c6-a805-77e666ad29d3', 0, NULL, 1, NULL, NULL, NULL, N'bController.baseService.actionService.onChangeCodeInput(''dcd4c105-c014-4e55-91bf-4fdb11dca4b2'')', NULL, NULL, N'{{''4e4c58a3-67f4-43c6-a805-77e666ad29d3'' | translate }}', NULL, NULL, NULL, NULL, NULL, NULL, NULL, NULL, NULL, NULL, NULL, NULL, NULL, NULL, NULL)
INSERT INTO [ERPSettings].[InputComponent] ([IdComponent], [inputType], [ng_model], [required], [ng_disabled], [ng_minlength], [ng_maxlength], [ng_change], [ng_bind], [ng_blur], [placeholder], [k_ng_model], [k_on_change], [k_format], [k_min], [k_max], [k_decimals], [k_step], [ui_date_mask], [pattern], [k_mask], [defaultValue], [ng_readonly], [formatPrecision], [IsCurrency], [Accept]) VALUES (N'6533759c-00f0-4351-bff8-53201c9f5be5', 0, NULL, NULL, 1, NULL, NULL, NULL, NULL, NULL, N'{{''6533759c-00f0-4351-bff8-53201c9f5be5'' | translate }}', NULL, NULL, NULL, NULL, NULL, NULL, NULL, NULL, NULL, NULL, NULL, NULL, NULL, NULL, NULL)
INSERT INTO [ERPSettings].[InputComponent] ([IdComponent], [inputType], [ng_model], [required], [ng_disabled], [ng_minlength], [ng_maxlength], [ng_change], [ng_bind], [ng_blur], [placeholder], [k_ng_model], [k_on_change], [k_format], [k_min], [k_max], [k_decimals], [k_step], [ui_date_mask], [pattern], [k_mask], [defaultValue], [ng_readonly], [formatPrecision], [IsCurrency], [Accept]) VALUES (N'77f3c823-5ec4-4428-8ee1-99ac4d150baa', 0, NULL, 1, NULL, NULL, 100, NULL, NULL, NULL, N'{{''77f3c823-5ec4-4428-8ee1-99ac4d150baa'' | translate }}', NULL, NULL, NULL, NULL, NULL, NULL, NULL, NULL, NULL, NULL, NULL, NULL, NULL, NULL, NULL)
INSERT INTO [ERPSettings].[InputComponent] ([IdComponent], [inputType], [ng_model], [required], [ng_disabled], [ng_minlength], [ng_maxlength], [ng_change], [ng_bind], [ng_blur], [placeholder], [k_ng_model], [k_on_change], [k_format], [k_min], [k_max], [k_decimals], [k_step], [ui_date_mask], [pattern], [k_mask], [defaultValue], [ng_readonly], [formatPrecision], [IsCurrency], [Accept]) VALUES (N'ed2f2b42-b586-4670-be61-5045966f378d', 0, NULL, 1, NULL, NULL, NULL, NULL, NULL, NULL, N'{{''ed2f2b42-b586-4670-be61-5045966f378d'' | translate }}', NULL, NULL, NULL, NULL, NULL, NULL, NULL, NULL, NULL, NULL, NULL, NULL, NULL, NULL, NULL)
INSERT INTO [ERPSettings].[PredicateFormat] ([IdPredicateFormat], [PredicateName], [Operator], [TransactionUserId], [IsDeleted], [Deleted_Token]) VALUES (N'8079aec2-77e1-4611-ad29-2f3c8afba94d', NULL, NULL, NULL, 0, NULL)
INSERT INTO [ERPSettings].[PredicateFormat] ([IdPredicateFormat], [PredicateName], [Operator], [TransactionUserId], [IsDeleted], [Deleted_Token]) VALUES (N'84f0d43d-cb08-4a18-b27e-4b1dfd4ef107', NULL, NULL, NULL, 0, NULL)
INSERT INTO [ERPSettings].[PredicateFormat] ([IdPredicateFormat], [PredicateName], [Operator], [TransactionUserId], [IsDeleted], [Deleted_Token]) VALUES (N'bdd36d49-ad39-404a-96b9-601a4d21a88f', NULL, NULL, NULL, 0, NULL)
INSERT INTO [ERPSettings].[PredicateFormat] ([IdPredicateFormat], [PredicateName], [Operator], [TransactionUserId], [IsDeleted], [Deleted_Token]) VALUES (N'e86d8a53-fc01-4c88-a4f3-7264abbcd438', NULL, NULL, NULL, 0, NULL)
INSERT INTO [ERPSettings].[PredicateFormat] ([IdPredicateFormat], [PredicateName], [Operator], [TransactionUserId], [IsDeleted], [Deleted_Token]) VALUES (N'f171fb32-4c0d-456b-b83a-bcc95f4eec82', NULL, 1, NULL, 0, NULL)
INSERT INTO [ERPSettings].[PredicateFormat] ([IdPredicateFormat], [PredicateName], [Operator], [TransactionUserId], [IsDeleted], [Deleted_Token]) VALUES (N'fbf79e37-e81c-4dc0-aa3e-6de17ddc35f6', NULL, NULL, NULL, 0, NULL)
INSERT INTO [ERPSettings].[Filter] ([IdFilter], [IdPredicateFormat], [Prop], [Operation], [Value], [IsDynamicValue], [TransactionUserId], [IsDeleted], [IsSearchPredicate], [Deleted_Token], [Type]) VALUES (N'05aaee24-d078-4368-a910-56adb75545ea', N'8079aec2-77e1-4611-ad29-2f3c8afba94d', N'Label', 2, NULL, 0, NULL, 0, 1, NULL, NULL)
INSERT INTO [ERPSettings].[Filter] ([IdFilter], [IdPredicateFormat], [Prop], [Operation], [Value], [IsDynamicValue], [TransactionUserId], [IsDeleted], [IsSearchPredicate], [Deleted_Token], [Type]) VALUES (N'0f5a693b-0b6a-427d-aee3-1e908655f6b3', N'fbf79e37-e81c-4dc0-aa3e-6de17ddc35f6', N'IdAxis', 1, NULL, 1, NULL, 0, NULL, NULL, NULL)
INSERT INTO [ERPSettings].[Filter] ([IdFilter], [IdPredicateFormat], [Prop], [Operation], [Value], [IsDynamicValue], [TransactionUserId], [IsDeleted], [IsSearchPredicate], [Deleted_Token], [Type]) VALUES (N'16e9a900-a198-4690-8fd1-defcafac95ac', N'84f0d43d-cb08-4a18-b27e-4b1dfd4ef107', N'Id', 1, NULL, 1, NULL, 0, NULL, NULL, NULL)
INSERT INTO [ERPSettings].[Filter] ([IdFilter], [IdPredicateFormat], [Prop], [Operation], [Value], [IsDynamicValue], [TransactionUserId], [IsDeleted], [IsSearchPredicate], [Deleted_Token], [Type]) VALUES (N'3c160861-b15b-43cd-8d49-0b76b7a527ef', N'f171fb32-4c0d-456b-b83a-bcc95f4eec82', N'IdAxis', 1, NULL, 1, NULL, 0, NULL, NULL, NULL)
INSERT INTO [ERPSettings].[Filter] ([IdFilter], [IdPredicateFormat], [Prop], [Operation], [Value], [IsDynamicValue], [TransactionUserId], [IsDeleted], [IsSearchPredicate], [Deleted_Token], [Type]) VALUES (N'4f233c7e-82ff-4c81-9d19-1c0423882b61', N'e86d8a53-fc01-4c88-a4f3-7264abbcd438', N'IdAxis', 1, NULL, 1, NULL, 0, NULL, NULL, NULL)
INSERT INTO [ERPSettings].[Filter] ([IdFilter], [IdPredicateFormat], [Prop], [Operation], [Value], [IsDynamicValue], [TransactionUserId], [IsDeleted], [IsSearchPredicate], [Deleted_Token], [Type]) VALUES (N'6bbf404b-4a0d-4eab-ae8c-cf45384cf3c2', N'f171fb32-4c0d-456b-b83a-bcc95f4eec82', N'Label', 2, NULL, 0, NULL, 0, 1, NULL, NULL)
INSERT INTO [ERPSettings].[Filter] ([IdFilter], [IdPredicateFormat], [Prop], [Operation], [Value], [IsDynamicValue], [TransactionUserId], [IsDeleted], [IsSearchPredicate], [Deleted_Token], [Type]) VALUES (N'77a98535-f686-49e6-906d-01a678133db0', N'bdd36d49-ad39-404a-96b9-601a4d21a88f', N'IdAxis', NULL, NULL, 1, NULL, 0, 0, NULL, NULL)
INSERT INTO [ERPSettings].[Filter] ([IdFilter], [IdPredicateFormat], [Prop], [Operation], [Value], [IsDynamicValue], [TransactionUserId], [IsDeleted], [IsSearchPredicate], [Deleted_Token], [Type]) VALUES (N'96d481d1-23d7-44c7-8087-390cf473852b', N'f171fb32-4c0d-456b-b83a-bcc95f4eec82', N'Code', 2, NULL, 0, NULL, 0, 1, NULL, NULL)
INSERT INTO [ERPSettings].[Filter] ([IdFilter], [IdPredicateFormat], [Prop], [Operation], [Value], [IsDynamicValue], [TransactionUserId], [IsDeleted], [IsSearchPredicate], [Deleted_Token], [Type]) VALUES (N'a20e061e-e3ad-4f28-9636-cb91b6399d08', N'8079aec2-77e1-4611-ad29-2f3c8afba94d', N'Code', 2, NULL, 0, NULL, 0, 1, NULL, NULL)
INSERT INTO [ERPSettings].[FormComponent] ([IdComponent], [k_rules], [ng_controller], [ng_submit], [data_ng_init], [IdServiceParameter], [NameSpace]) VALUES (N'095b419f-6b76-440b-a7ca-512be621f14e', NULL, N'BaseController as bController', NULL, N'bController.baseService.initService.initView()', N'8b546a03-1a43-4e5b-8396-a739af3de4e6', N'Administration.Axis')
INSERT INTO [ERPSettings].[DropDownListOptions] ([IdDropDownListOptions], [name], [autoBind], [dataTextField], [dataValueField], [delay], [enable], [filter], [fixedGroupTemplate], [groupTemplate], [height], [headerTemplate], [template], [valueTemplate], [footerTemplate], [close], [dataBound], [filtering], [open], [select], [cascadeFrom], [cascadeFromField]) VALUES (N'03f831be-8b3b-4443-895b-9995ef425344', NULL, 1, N'Fr', N'Id', NULL, 1, N'contains', NULL, NULL, 300, NULL, NULL, NULL, NULL, NULL, NULL, NULL, NULL, NULL, NULL, NULL)
INSERT INTO [ERPSettings].[DropDownListOptions] ([IdDropDownListOptions], [name], [autoBind], [dataTextField], [dataValueField], [delay], [enable], [filter], [fixedGroupTemplate], [groupTemplate], [height], [headerTemplate], [template], [valueTemplate], [footerTemplate], [close], [dataBound], [filtering], [open], [select], [cascadeFrom], [cascadeFromField]) VALUES (N'2ed9e6b0-b5f7-4ec7-9c62-5da923c6d67e', NULL, 1, N'Code', N'Id', NULL, 1, N'contains', NULL, NULL, 500, N'<div class="dropdown-header k-widget k-header"> <span>Code</span><span>Label</span></div>', N'<table class="customDropDown sz-40-60"><tr><td>#:data.Code#</td><td>#if(data.Label != null){# #:data.Label ## }#</td></tr></table>', NULL, NULL, NULL, NULL, NULL, NULL, NULL, NULL, NULL)
INSERT INTO [ERPSettings].[DropDownListOptions] ([IdDropDownListOptions], [name], [autoBind], [dataTextField], [dataValueField], [delay], [enable], [filter], [fixedGroupTemplate], [groupTemplate], [height], [headerTemplate], [template], [valueTemplate], [footerTemplate], [close], [dataBound], [filtering], [open], [select], [cascadeFrom], [cascadeFromField]) VALUES (N'4e6c5cca-76d1-4434-afa4-67204f81b443', NULL, 1, N'Fr', N'Id', NULL, 1, N'contains', NULL, NULL, 300, NULL, NULL, NULL, NULL, NULL, NULL, NULL, NULL, NULL, NULL, NULL)
INSERT INTO [ERPSettings].[DropDownListOptions] ([IdDropDownListOptions], [name], [autoBind], [dataTextField], [dataValueField], [delay], [enable], [filter], [fixedGroupTemplate], [groupTemplate], [height], [headerTemplate], [template], [valueTemplate], [footerTemplate], [close], [dataBound], [filtering], [open], [select], [cascadeFrom], [cascadeFromField]) VALUES (N'c9faaa18-e03c-4936-a4a7-981de77a22fe', NULL, 1, N'Code', N'Id', NULL, 1, N'contains', NULL, NULL, 500, N'<div class="dropdown-header k-widget k-header"> <span>Code</span><span>Label</span></div>', N'<table class="customDropDown sz-40-60"><tr><td>#:data.Code#</td><td>#if(data.Label != null){# #:data.Label ## }#</td></tr></table>', NULL, NULL, NULL, NULL, NULL, NULL, NULL, NULL, NULL)
INSERT INTO [ERPSettings].[DropDownListDataSource] ([IdDropDownListOptions], [IdServiceParameters], [error], [autoSync], [pageSize], [serverPaging], [serverSorting], [serverFiltering], [serverGrouping], [serverAggregates]) VALUES (N'03f831be-8b3b-4443-895b-9995ef425344', N'8555651b-b56e-4738-bcee-9762180093a7', NULL, 0, NULL, 1, 0, 1, 0, 0)
INSERT INTO [ERPSettings].[DropDownListDataSource] ([IdDropDownListOptions], [IdServiceParameters], [error], [autoSync], [pageSize], [serverPaging], [serverSorting], [serverFiltering], [serverGrouping], [serverAggregates]) VALUES (N'2ed9e6b0-b5f7-4ec7-9c62-5da923c6d67e', N'595e3e9d-7c2c-4e35-94bf-4a5e6fd71abd', NULL, 0, 20, 0, 0, 0, 0, 0)
INSERT INTO [ERPSettings].[DropDownListDataSource] ([IdDropDownListOptions], [IdServiceParameters], [error], [autoSync], [pageSize], [serverPaging], [serverSorting], [serverFiltering], [serverGrouping], [serverAggregates]) VALUES (N'4e6c5cca-76d1-4434-afa4-67204f81b443', N'404de664-2996-4ce4-b0d2-2a4329240164', NULL, 0, NULL, 1, 0, 1, 0, 0)
INSERT INTO [ERPSettings].[DropDownListDataSource] ([IdDropDownListOptions], [IdServiceParameters], [error], [autoSync], [pageSize], [serverPaging], [serverSorting], [serverFiltering], [serverGrouping], [serverAggregates]) VALUES (N'c9faaa18-e03c-4936-a4a7-981de77a22fe', N'8d350240-e33b-4202-ad4c-849795868b99', NULL, 0, 20, 0, 0, 0, 0, 0)
INSERT INTO [ERPSettings].[GridButtonComponent] ([IdComponent], [ng_click], [type], [k_content], [IdServiceParameter]) VALUES (N'1dc0e6a1-8b70-47df-8a42-7c39de6ab083', N'bController.baseService.actionService.updateLocalInGrid(dataItem,''1dc0e6a1-8b70-47df-8a42-7c39de6ab083'')', N'submit', N'{{''1dc0e6a1-8b70-47df-8a42-7c39de6ab083'' | translate }}', NULL)
INSERT INTO [ERPSettings].[GridButtonComponent] ([IdComponent], [ng_click], [type], [k_content], [IdServiceParameter]) VALUES (N'320a96df-8a39-4bec-b335-26cc2fe81694', N'bController.baseService.actionService.deleteFromGrid(dataItem,''320a96df-8a39-4bec-b335-26cc2fe81694'',''d0c55480-9e9d-4ae7-9093-e11afe7ad99e'')', N'submit', N'{{''320a96df-8a39-4bec-b335-26cc2fe81694'' | translate}}', NULL)
INSERT INTO [ERPSettings].[GridButtonComponent] ([IdComponent], [ng_click], [type], [k_content], [IdServiceParameter]) VALUES (N'46f033e0-02c0-432d-866c-c82ba90721f3', N'bController.baseService.actionService.deleteFromGrid(dataItem,''46f033e0-02c0-432d-866c-c82ba90721f3'',''d1e81bd9-b2dd-4741-8a2d-e7914bee7e58'')', N'submit', N'{{''46f033e0-02c0-432d-866c-c82ba90721f3'' | translate }}', NULL)
INSERT INTO [ERPSettings].[GridButtonComponent] ([IdComponent], [ng_click], [type], [k_content], [IdServiceParameter]) VALUES (N'749b63ae-d97c-4d13-ae43-285c5be9ae77', N'bController.baseService.actionService.deleteFromGrid(dataItem,''749b63ae-d97c-4d13-ae43-285c5be9ae77'',''a4d5c427-bd4e-44ca-9e35-10a8e4a537b0'')', N'submit', N'{{''749b63ae-d97c-4d13-ae43-285c5be9ae77'' | translate }}', NULL)
INSERT INTO [ERPSettings].[Relation] ([IdRelation], [IdPredicateFormat], [Prop], [TransactionUserId], [IsDeleted], [Deleted_Token]) VALUES (N'08459b6a-2171-46f7-93af-9619936f8ddf', N'fbf79e37-e81c-4dc0-aa3e-6de17ddc35f6', N'IdTableEntityNavigation', NULL, 0, NULL)
INSERT INTO [ERPSettings].[Relation] ([IdRelation], [IdPredicateFormat], [Prop], [TransactionUserId], [IsDeleted], [Deleted_Token]) VALUES (N'2478f1f3-a0e5-46b3-908d-ac1c85729615', N'bdd36d49-ad39-404a-96b9-601a4d21a88f', N'AxisValueRelationShipIdAxisValueNavigation', NULL, 0, NULL)
INSERT INTO [ERPSettings].[Relation] ([IdRelation], [IdPredicateFormat], [Prop], [TransactionUserId], [IsDeleted], [Deleted_Token]) VALUES (N'8bc4ddc7-4a47-4b9a-a814-a0d03fecb3df', N'bdd36d49-ad39-404a-96b9-601a4d21a88f', N'AxisValueRelationShipIdAxisValueParentNavigation', NULL, 0, NULL)
INSERT INTO [ERPSettings].[Relation] ([IdRelation], [IdPredicateFormat], [Prop], [TransactionUserId], [IsDeleted], [Deleted_Token]) VALUES (N'df51b95a-922f-4263-a5f9-4382fa1cfd16', N'8079aec2-77e1-4611-ad29-2f3c8afba94d', N'AxisEntity', NULL, 0, NULL)
INSERT INTO [ERPSettings].[Relation] ([IdRelation], [IdPredicateFormat], [Prop], [TransactionUserId], [IsDeleted], [Deleted_Token]) VALUES (N'ef92e348-49f9-4bdc-928e-099f418860a9', N'84f0d43d-cb08-4a18-b27e-4b1dfd4ef107', N'AxisEntity', NULL, 0, NULL)
INSERT INTO [ERPSettings].[Relation] ([IdRelation], [IdPredicateFormat], [Prop], [TransactionUserId], [IsDeleted], [Deleted_Token]) VALUES (N'f629a85f-4e09-4a87-ac3a-6873f02371da', N'84f0d43d-cb08-4a18-b27e-4b1dfd4ef107', N'AxisRelationShipIdAxisNavigation', NULL, 0, NULL)
INSERT INTO [ERPSettings].[CheckBoxComponent] ([IdComponent], [Checked], [ng_change]) VALUES (N'b22a80a0-73a1-4e59-9db5-97044fc7d0a7', 1, NULL)
INSERT INTO [ERPSettings].[CheckBoxComponent] ([IdComponent], [Checked], [ng_change]) VALUES (N'cae8bff7-a010-4b74-9352-03632520d677', 1, NULL)
UPDATE [ERPSettings].[ServiceParameters] SET [IdPredicateFormat]=N'e64267d7-de26-42ad-93b4-9840841b3727' WHERE [IdServiceParameters]=N'404de664-2996-4ce4-b0d2-2a4329240164'
UPDATE [ERPSettings].[ServiceParameters] SET [IdPredicateFormat]=N'd5e2ea41-7649-4a92-8331-38d081f20a71' WHERE [IdServiceParameters]=N'8555651b-b56e-4738-bcee-9762180093a7'
UPDATE [ERPSettings].[Component] SET [rank]=5 WHERE [IdComponent]=N'427c8306-8d39-4bfa-87bd-76078548aa69'
INSERT INTO [ERPSettings].[Component] ([IdComponent], [rank], [ComponentName], [IdComponentType], [IdFunctionality], [IdComponentParent], [FR], [EN], [AR], [DE], [CH], [ES], [IdButton], [classDiv], [classLabel], [class], [IsEncapsulated], [IdComponentChangedBy], [EntityName], [style], [ng_hide], [IsToInitialize], [IdFunctionalityForm], [IsFireChange]) VALUES (N'5d89a36b-f5d8-46f5-9ccb-af2cf5c80694', 4, N'Id', 4, N'3ff1b7e8-5c50-4e66-9d14-5474c49f36c6', N'a8b197e6-b4fb-4af6-b8d2-8879609f4f49', NULL, NULL, NULL, NULL, NULL, NULL, NULL, N'col-lg-12 col-md-12 col-sm-12', N'col-lg-4 col-md-4 col-sm-4', N'', 0, NULL, N'AxisValue', NULL, NULL, 1, N'3ff1b7e8-5c50-4e66-9d14-5474c49f36c6', NULL)
INSERT INTO [ERPSettings].[GridColumnComponent] ([IdComponent], [field], [title], [width], [format], [groupHeaderTemplate], [hidden], [template], [nullable], [type], [editable], [defaultValue], [menu]) VALUES (N'5d89a36b-f5d8-46f5-9ccb-af2cf5c80694', N'Id', N'{{''5d89a36b-f5d8-46f5-9ccb-af2cf5c80694'' | translate}}', NULL, NULL, N'#= value #', 1, NULL, 0, NULL, 0, NULL, NULL)

INSERT INTO [ERPSettings].[ComponentByRole] ( [IdRole], [IdComponent], [IsActive], [IsVisible], [ReadFunction], [WriteFunction], [TransactionUserId]) VALUES (1, N'5d89a36b-f5d8-46f5-9ccb-af2cf5c80694', 1, 1, NULL, NULL, NULL)

INSERT INTO [ERPSettings].[PredicateFormat] ([IdPredicateFormat], [PredicateName], [Operator], [TransactionUserId], [IsDeleted], [Deleted_Token]) VALUES (N'd5e2ea41-7649-4a92-8331-38d081f20a71', NULL, NULL, NULL, 0, NULL)
INSERT INTO [ERPSettings].[PredicateFormat] ([IdPredicateFormat], [PredicateName], [Operator], [TransactionUserId], [IsDeleted], [Deleted_Token]) VALUES (N'e64267d7-de26-42ad-93b4-9840841b3727', NULL, NULL, NULL, 0, NULL)
INSERT INTO [ERPSettings].[Filter] ([IdFilter], [IdPredicateFormat], [Prop], [Operation], [Value], [IsDynamicValue], [TransactionUserId], [IsDeleted], [IsSearchPredicate], [Deleted_Token], [Type]) VALUES (N'36b7287a-0aaf-481a-a533-e648f813425e', N'd5e2ea41-7649-4a92-8331-38d081f20a71', N'Fr', 2, NULL, 0, NULL, 0, 1, NULL, NULL)
INSERT INTO [ERPSettings].[Filter] ([IdFilter], [IdPredicateFormat], [Prop], [Operation], [Value], [IsDynamicValue], [TransactionUserId], [IsDeleted], [IsSearchPredicate], [Deleted_Token], [Type]) VALUES (N'70be804f-24ac-4ce8-b0b0-878051ba4787', N'e64267d7-de26-42ad-93b4-9840841b3727', N'EntityName', 1, NULL, 0, NULL, 0, 1, NULL, NULL)
INSERT INTO [ERPSettings].[Filter] ([IdFilter], [IdPredicateFormat], [Prop], [Operation], [Value], [IsDynamicValue], [TransactionUserId], [IsDeleted], [IsSearchPredicate], [Deleted_Token], [Type]) VALUES (N'ae95ba0f-9698-4b4c-b5b3-7df8d0c19a3a', N'e64267d7-de26-42ad-93b4-9840841b3727', N'Fr', 2, NULL, 0, NULL, 0, 1, NULL, NULL)
INSERT INTO [ERPSettings].[Filter] ([IdFilter], [IdPredicateFormat], [Prop], [Operation], [Value], [IsDynamicValue], [TransactionUserId], [IsDeleted], [IsSearchPredicate], [Deleted_Token], [Type]) VALUES (N'd9b5a9d8-2cea-44fc-b10d-64ce9568fc66', N'd5e2ea41-7649-4a92-8331-38d081f20a71', N'EntityName', 2, NULL, 0, NULL, 0, 1, NULL, NULL)


ALTER TABLE [ERPSettings].[ReportParameters]
   
    ADD CONSTRAINT [FK_ReportViewerParameters_ReportViewerComponent] FOREIGN KEY ([IdComponent]) REFERENCES [ERPSettings].[ReportComponent] ([IdComponent])
ALTER TABLE [Sales].[DocumentTypeRelation]
    ADD CONSTRAINT [FK_DocumentTypeRelation_DocumentTypeRelation] FOREIGN KEY ([CodeDocumentType]) REFERENCES [Sales].[DocumentType] ([CodeType])
ALTER TABLE [Sales].[DocumentTypeRelation]
    ADD CONSTRAINT [FK_DocumentTypeRelation_DocumentType] FOREIGN KEY ([CodeDocumentTypeAssociated]) REFERENCES [Sales].[DocumentType] ([CodeType])
ALTER TABLE [Sales].[DocumentType]
    ADD CONSTRAINT [FK_DocumentType_DocumentType] FOREIGN KEY ([DefaultCodeDocumentTypeAssociated]) REFERENCES [Sales].[DocumentType] ([CodeType])
ALTER TABLE [Payment].[DocumentPayment]
    ADD CONSTRAINT [FK_DocumentPayement_Payement] FOREIGN KEY ([IdPayment]) REFERENCES [Payment].[Payment] ([Id])
ALTER TABLE [ERPSettings].[RadioButtonComponent]
    ADD CONSTRAINT [FK_RadioButtonComponent_Component] FOREIGN KEY ([IdComponent]) REFERENCES [ERPSettings].[Component] ([IdComponent])
ALTER TABLE [ERPSettings].[RadioButtonComponentDetails]
    ADD CONSTRAINT [FK_RadioButtonComponentDetails_Component] FOREIGN KEY ([IdComponent]) REFERENCES [ERPSettings].[Component] ([IdComponent])
ALTER TABLE [ERPSettings].[ComboBoxOptions]
    ADD CONSTRAINT [FK_ComboBoxOptions_ComboBoxComponent] FOREIGN KEY ([IdComponent]) REFERENCES [ERPSettings].[ComboBoxComponent] ([IdComponent])
ALTER TABLE [ERPSettings].[ReportComponent]
    ADD CONSTRAINT [FK_ReportViewerComponent_Component] FOREIGN KEY ([IdComponent]) REFERENCES [ERPSettings].[Component] ([IdComponent])
ALTER TABLE [ERPSettings].[FunctionalityByRole]
    ADD CONSTRAINT [FK_FunctionalityRole_Role] FOREIGN KEY ([IdRole]) REFERENCES [ERPSettings].[Role] ([Id]) ON DELETE CASCADE
ALTER TABLE [ERPSettings].[FunctionalityByRole]
    ADD CONSTRAINT [FK_FunctionalityRole_Functionality] FOREIGN KEY ([IdFunctionality]) REFERENCES [ERPSettings].[Functionality] ([IdFunctionality])
ALTER TABLE [ERPSettings].[CheckBoxComponent]
    ADD CONSTRAINT [FK_CheckBoxComponent_Component] FOREIGN KEY ([IdComponent]) REFERENCES [ERPSettings].[Component] ([IdComponent])
ALTER TABLE [ERPSettings].[FunctionnalityModule]
    ADD CONSTRAINT [FK_FunctionnalityModule_Functionality] FOREIGN KEY ([IdFunctionnality]) REFERENCES [ERPSettings].[Functionality] ([IdFunctionality])
ALTER TABLE [ERPSettings].[FunctionnalityModule]
    ADD CONSTRAINT [FK_FunctionnalityModule_Module] FOREIGN KEY ([IdModule]) REFERENCES [ERPSettings].[Module] ([IdModule])
ALTER TABLE [ERPSettings].[CheckBoxComponentDetails]
    ADD CONSTRAINT [FK_CheckBoxDetailsComponent_Component] FOREIGN KEY ([IdComponent]) REFERENCES [ERPSettings].[Component] ([IdComponent])
ALTER TABLE [ERPSettings].[ColumnMenuComponent]
    ADD CONSTRAINT [FK_ComponentColumnMenu] FOREIGN KEY ([IdComponent]) REFERENCES [ERPSettings].[Component] ([IdComponent])
ALTER TABLE [ERPSettings].[Menu]
    ADD CONSTRAINT [FK_Menu_Functionality] FOREIGN KEY ([IdFunctionnality]) REFERENCES [ERPSettings].[Functionality] ([IdFunctionality])
ALTER TABLE [ERPSettings].[InputDatePickerOptions]
    ADD CONSTRAINT [FK_InputDatePickerOptions_InputComponent] FOREIGN KEY ([IdDatePickerOptions]) REFERENCES [ERPSettings].[InputComponent] ([IdComponent])
ALTER TABLE [ERPSettings].[Relation]
    ADD CONSTRAINT [FK_Relation_PredicateFormat] FOREIGN KEY ([IdPredicateFormat]) REFERENCES [ERPSettings].[PredicateFormat] ([IdPredicateFormat])
ALTER TABLE [Payroll].[Variable]
    WITH NOCHECK ADD CONSTRAINT [FK_Variable_RuleUnique] FOREIGN KEY ([IdRuleUniqueReference]) REFERENCES [Payroll].[RuleUniqueReference] ([Id])
ALTER TABLE [Payment].[WithholdingTaxLine]
    ADD CONSTRAINT [FK_WithholdingTaxLine_WithholdingTax] FOREIGN KEY ([IdWithholdingTax]) REFERENCES [Payment].[WithholdingTax] ([Id])
ALTER TABLE [Payment].[WithholdingTaxLine]
    ADD CONSTRAINT [FK_WithholdingTaxLine_Payment] FOREIGN KEY ([IdReglement]) REFERENCES [Payment].[Payment] ([Id])
ALTER TABLE [ERPSettings].[OrderBy]
    ADD CONSTRAINT [FK_OrderBy_PredicateFormat] FOREIGN KEY ([IdPredicateFormat]) REFERENCES [ERPSettings].[PredicateFormat] ([IdPredicateFormat])
ALTER TABLE [ERPSettings].[ComboBoxDataSourceItems]
    ADD CONSTRAINT [FK_ComboBoxDataSourceItems_ComboBoxDataSource] FOREIGN KEY ([IdComboBoxDataSource]) REFERENCES [ERPSettings].[ComboBoxDataSource] ([IdComponent])
ALTER TABLE [Inventory].[TaxeItem]
    ADD CONSTRAINT [FK_TaxeItem_Taxe] FOREIGN KEY ([IdTaxe]) REFERENCES [Shared].[Taxe] ([Id])
ALTER TABLE [Inventory].[TaxeItem]
    ADD CONSTRAINT [FK_TaxeItem_Item] FOREIGN KEY ([IdItem]) REFERENCES [Inventory].[Item] ([Id]) ON DELETE CASCADE
ALTER TABLE [Inventory].[ItemWarehouse]
    ADD CONSTRAINT [FK_ItemWarehouse_Warehouse] FOREIGN KEY ([IdWarehouse]) REFERENCES [Inventory].[Warehouse] ([Id])
ALTER TABLE [Inventory].[ItemWarehouse]
    ADD CONSTRAINT [FK_ItemWarehouse_Item] FOREIGN KEY ([IdItem]) REFERENCES [Inventory].[Item] ([Id]) ON DELETE CASCADE
ALTER TABLE [Payment].[Payment]
    ADD CONSTRAINT [FK_Payment_PaymentMethod] FOREIGN KEY ([IdPaymentMethod]) REFERENCES [Payment].[PaymentMethod] ([Id])
ALTER TABLE [Payment].[Payment]
    ADD CONSTRAINT [FK_Payment_BankAccount] FOREIGN KEY ([IdBankAccount]) REFERENCES [Shared].[BankAccount] ([Id])
ALTER TABLE [Payment].[Payment]
    ADD CONSTRAINT [FK_Payment_Tiers] FOREIGN KEY ([IdTiers]) REFERENCES [Sales].[Tiers] ([Id])
ALTER TABLE [Payroll].[Leave]
    WITH NOCHECK ADD CONSTRAINT [FK_Leave_Employee] FOREIGN KEY ([IdEmployee]) REFERENCES [Payroll].[Employee] ([Id])
ALTER TABLE [Payroll].[Leave]
    WITH NOCHECK ADD CONSTRAINT [FK_Leave_LeaveStatus] FOREIGN KEY ([IdLeaveStatus]) REFERENCES [Payroll].[LeaveStatus] ([Id])
ALTER TABLE [Payroll].[Leave]
    WITH NOCHECK ADD CONSTRAINT [FK_Leave_LeaveType] FOREIGN KEY ([IdLeaveType]) REFERENCES [Payroll].[LeaveType] ([Id])
ALTER TABLE [Administration].[Transfer]
    ADD CONSTRAINT [FK_Transfer_Entity] FOREIGN KEY ([IdEntity]) REFERENCES [ERPSettings].[Entity] ([Id])
ALTER TABLE [ERPSettings].[ComboBoxComponent]
    ADD CONSTRAINT [FK_ComboboxComponent_Component] FOREIGN KEY ([IdComponent]) REFERENCES [ERPSettings].[Component] ([IdComponent])
ALTER TABLE [Payroll].[Manager]
    WITH NOCHECK ADD CONSTRAINT [FK_Manager_Employee] FOREIGN KEY ([IdEmployee]) REFERENCES [Payroll].[Employee] ([Id])
ALTER TABLE [Payroll].[Manager]
    WITH NOCHECK ADD CONSTRAINT [FK_Manager_Team] FOREIGN KEY ([IdTeam]) REFERENCES [Payroll].[Team] ([Id])
ALTER TABLE [ERPSettings].[UserInfo]
    ADD CONSTRAINT [FK_Info_UserInfo] FOREIGN KEY ([IdInformation]) REFERENCES [ERPSettings].[Information] ([IdInfo])
ALTER TABLE [ERPSettings].[UserInfo]
    ADD CONSTRAINT [FK_User_UserInfo] FOREIGN KEY ([IdUser]) REFERENCES [ERPSettings].[User] ([Id])
ALTER TABLE [ERPSettings].[GridButtonComponent]
    ADD CONSTRAINT [FK_GridButtonComponent_ServiceParameters] FOREIGN KEY ([IdServiceParameter]) REFERENCES [ERPSettings].[ServiceParameters] ([IdServiceParameters])
ALTER TABLE [ERPSettings].[GridButtonComponent]
    ADD CONSTRAINT [FK_GridButtonComponent_Component] FOREIGN KEY ([IdComponent]) REFERENCES [ERPSettings].[Component] ([IdComponent])
ALTER TABLE [Sales].[DocumentLineTaxe]
    ADD CONSTRAINT [FK_DocumentLineTaxe_Taxe] FOREIGN KEY ([IdTaxe]) REFERENCES [Shared].[Taxe] ([Id])
ALTER TABLE [Sales].[DocumentLineTaxe]
    ADD CONSTRAINT [FK_DocumentLineTaxe_DocumentLine] FOREIGN KEY ([IdDocumentLine]) REFERENCES [Sales].[DocumentLine] ([Id]) ON DELETE CASCADE
ALTER TABLE [Shared].[Taxe]
    ADD CONSTRAINT [FK_Taxe_TaxeType] FOREIGN KEY ([IdTaxeType]) REFERENCES [Shared].[TaxeType] ([Id])
ALTER TABLE [ERPSettings].[DropDownListDataSource]
    ADD CONSTRAINT [FK_DropDownListDataSource_DropDownListOptions] FOREIGN KEY ([IdDropDownListOptions]) REFERENCES [ERPSettings].[DropDownListOptions] ([IdDropDownListOptions])
ALTER TABLE [ERPSettings].[DropDownListDataSource]
    ADD CONSTRAINT [FK_DropDownListDataSource_ServiceParameters] FOREIGN KEY ([IdServiceParameters]) REFERENCES [ERPSettings].[ServiceParameters] ([IdServiceParameters])
ALTER TABLE [ERPSettings].[DropDownListOptions]
    ADD CONSTRAINT [FK_DropDownListOptions_DropDownListComponent] FOREIGN KEY ([IdDropDownListOptions]) REFERENCES [ERPSettings].[DropDownListComponent] ([IdComponent])
ALTER TABLE [ERPSettings].[BarCodeComponent]
    ADD CONSTRAINT [FK_BarCodeComponent_Component] FOREIGN KEY ([IdComponent]) REFERENCES [ERPSettings].[Component] ([IdComponent])
ALTER TABLE [ERPSettings].[BarCodeComponent]
    ADD CONSTRAINT [FK_BarCodeComponent_InputComponent] FOREIGN KEY ([IdInputComponent]) REFERENCES [ERPSettings].[InputComponent] ([IdComponent])
ALTER TABLE [ERPSettings].[ModuleByRole]
    ADD CONSTRAINT [FK_ModuleByRole_Module] FOREIGN KEY ([IdModule]) REFERENCES [ERPSettings].[Module] ([IdModule])
ALTER TABLE [ERPSettings].[ModuleByRole]
    ADD CONSTRAINT [FK_ModuleByRole_Role] FOREIGN KEY ([IdRole]) REFERENCES [ERPSettings].[Role] ([Id]) ON DELETE CASCADE
ALTER TABLE [ERPSettings].[QrCodeComponent]
    ADD CONSTRAINT [FK_QrCodeComponent_Component] FOREIGN KEY ([IdComponent]) REFERENCES [ERPSettings].[Component] ([IdComponent])
ALTER TABLE [ERPSettings].[QrCodeComponent]
    ADD CONSTRAINT [FK_QrCodeComponent_InputComponent] FOREIGN KEY ([IdInputComponent]) REFERENCES [ERPSettings].[InputComponent] ([IdComponent])
ALTER TABLE [Inventory].[Warehouse]
    ADD CONSTRAINT [FK_Warehouse_Warehouse] FOREIGN KEY ([IdWarehouseParent]) REFERENCES [Inventory].[Warehouse] ([Id])
ALTER TABLE [Stock].[StockDocumentLineSerialNumber]
    ADD CONSTRAINT [FK_StockDocumentSerialNumber_SerialNumber] FOREIGN KEY ([IdSerialNumber]) REFERENCES [Stock].[SerialNumber] ([IdSerialNumber])
ALTER TABLE [ERPSettings].[FormComponent]
    ADD CONSTRAINT [FK_FormComponent_Component] FOREIGN KEY ([IdComponent]) REFERENCES [ERPSettings].[Component] ([IdComponent])
ALTER TABLE [ERPSettings].[FormComponent]
    ADD CONSTRAINT [FK_FormComponent_ServiceParameters] FOREIGN KEY ([IdServiceParameter]) REFERENCES [ERPSettings].[ServiceParameters] ([IdServiceParameters])
ALTER TABLE [ERPSettings].[DialogComponent]
    ADD CONSTRAINT [FK_DialogComponent_Component] FOREIGN KEY ([IdComponent]) REFERENCES [ERPSettings].[Component] ([IdComponent])
ALTER TABLE [Treasury].[DetailTimetable]
    ADD CONSTRAINT [FK_DetailTimetable_Timetable] FOREIGN KEY ([IdTimetable]) REFERENCES [Treasury].[Timetable] ([Id])
ALTER TABLE [Treasury].[DetailTimetable]
    ADD CONSTRAINT [FK_DetailTimetable_PaymentType] FOREIGN KEY ([IdPaymentType]) REFERENCES [Payment].[PaymentType] ([Id])
ALTER TABLE [Payroll].[IdentityPieces]
    ADD CONSTRAINT [FK_IdentityPieces_TypeIdentityPieces] FOREIGN KEY ([IdTypeIdentityPieces]) REFERENCES [Payroll].[TypeIdentityPieces] ([Id])
ALTER TABLE [Payroll].[IdentityPieces]
    ADD CONSTRAINT [FK_IdentityPieces_Employee] FOREIGN KEY ([IdEmployee]) REFERENCES [Payroll].[Employee] ([Id])
ALTER TABLE [ERPSettings].[ToolBarItem]
    ADD CONSTRAINT [FK_ToolBarItemToolBarOptions] FOREIGN KEY ([IdToolBarOptions]) REFERENCES [ERPSettings].[ToolBarOptions] ([IdToolBarOptions])
ALTER TABLE [ERPSettings].[ToolBarOptions]
    ADD CONSTRAINT [FK_ToolBarOptionsToolbarComponent] FOREIGN KEY ([IdToolBarOptions]) REFERENCES [ERPSettings].[ToolBarComponent] ([IdComponent])
ALTER TABLE [Administration].[CurrencyRate]
    ADD CONSTRAINT [FK_CurrencyRate_Currency] FOREIGN KEY ([IdCurrency]) REFERENCES [Administration].[Currency] ([Id]) ON DELETE CASCADE ON UPDATE CASCADE
ALTER TABLE [ERPSettings].[RoleInfo]
    ADD CONSTRAINT [FK_Information_RoleInfo] FOREIGN KEY ([IdInformation]) REFERENCES [ERPSettings].[Information] ([IdInfo])
ALTER TABLE [ERPSettings].[RoleInfo]
    ADD CONSTRAINT [FK_Role_RoleInfo] FOREIGN KEY ([IdRole]) REFERENCES [ERPSettings].[Role] ([Id])
ALTER TABLE [ERPSettings].[Information]
    ADD CONSTRAINT [FK_Information_Functionality] FOREIGN KEY ([IdFunctionality]) REFERENCES [ERPSettings].[Functionality] ([IdFunctionality])
ALTER TABLE [Administration].[EntityAxisValues]
    ADD CONSTRAINT [FK_EntityAxisValues_Entity] FOREIGN KEY ([Entity]) REFERENCES [ERPSettings].[Entity] ([Id])
ALTER TABLE [Administration].[EntityAxisValues]
    ADD CONSTRAINT [FK_EntityAxisValues_AxisValue] FOREIGN KEY ([IdAxisValue]) REFERENCES [Administration].[AxisValue] ([Id])
ALTER TABLE [Shared].[ContactTypeDocument]
    ADD CONSTRAINT [FK_ContactTypeDocument_Contact] FOREIGN KEY ([IdContact]) REFERENCES [Shared].[Contact] ([Id]) ON DELETE CASCADE
ALTER TABLE [Shared].[Contact]
    ADD CONSTRAINT [FK_Contact_Tiers] FOREIGN KEY ([IdTiers]) REFERENCES [Sales].[Tiers] ([Id]) ON DELETE CASCADE
ALTER TABLE [ERPSettings].[ImageComponent]
    ADD CONSTRAINT [FK_ImageComponent_Component] FOREIGN KEY ([IdComponent]) REFERENCES [ERPSettings].[Component] ([IdComponent])
ALTER TABLE [Treasury].[DetailReconciliation]
    ADD CONSTRAINT [FK_DetailReconciliation2] FOREIGN KEY ([IdPayment]) REFERENCES [Payment].[Payment] ([Id])
ALTER TABLE [Treasury].[DetailReconciliation]
    ADD CONSTRAINT [FK_DetailReconciliation3] FOREIGN KEY ([IdDetailTimetable]) REFERENCES [Treasury].[DetailTimetable] ([Id])
ALTER TABLE [Treasury].[DetailReconciliation]
    ADD CONSTRAINT [FK_DetailReconciliation] FOREIGN KEY ([IdReconciliation]) REFERENCES [Treasury].[Reconciliation] ([Id])
ALTER TABLE [ERPSettings].[Filter]
    ADD CONSTRAINT [FK_Filter_PredicateFormat] FOREIGN KEY ([IdPredicateFormat]) REFERENCES [ERPSettings].[PredicateFormat] ([IdPredicateFormat])
ALTER TABLE [ERPSettings].[InputComponent]
    ADD CONSTRAINT [FK_InputComponent_Component] FOREIGN KEY ([IdComponent]) REFERENCES [ERPSettings].[Component] ([IdComponent])
ALTER TABLE [ERPSettings].[LabelComponent]
    ADD CONSTRAINT [FK_LabelComponent_Component] FOREIGN KEY ([IdComponent]) REFERENCES [ERPSettings].[Component] ([IdComponent])
ALTER TABLE [Stock].[TypeStockCalculation]
    ADD CONSTRAINT [FK_TYPESTOC_ASSOCIATI_STOCKCAL] FOREIGN KEY ([IdStockCalculation]) REFERENCES [Stock].[StockCalculation] ([Id])
ALTER TABLE [Payroll].[SalaryStructure_SalaryRule]
    WITH NOCHECK ADD CONSTRAINT [FK_SalaryStructureRule_Rule] FOREIGN KEY ([IdRule]) REFERENCES [Payroll].[SalaryRule] ([Id])
ALTER TABLE [Payroll].[SalaryStructure_SalaryRule]
    WITH NOCHECK ADD CONSTRAINT [FK_SalaryStructureRule_Structure] FOREIGN KEY ([IdStructure]) REFERENCES [Payroll].[SalaryStructure] ([Id])
ALTER TABLE [Payroll].[SalaryStructure]
    WITH NOCHECK ADD CONSTRAINT [FK_SalaryStructure_SalaryStructureParent] FOREIGN KEY ([IdParent]) REFERENCES [Payroll].[SalaryStructure] ([Id])
ALTER TABLE [Stock].[StockCalculation]
    ADD CONSTRAINT [FK_STOCKCAL_ASSOCIATI_DOCUMENT] FOREIGN KEY ([IdDocument]) REFERENCES [Sales].[Document] ([Id])
ALTER TABLE [Sales].[DetailsSettlementMode]
    ADD CONSTRAINT [FK_DetailsSettlementMode_SettlementType] FOREIGN KEY ([IdSettlementType]) REFERENCES [Sales].[SettlementType] ([Id]) ON DELETE SET NULL
ALTER TABLE [Sales].[DetailsSettlementMode]
    ADD CONSTRAINT [FK_DetailsSettlementMode_PaymentMethod] FOREIGN KEY ([IdPaymentMethod]) REFERENCES [Payment].[PaymentMethod] ([Id]) ON DELETE SET NULL
ALTER TABLE [Sales].[DetailsSettlementMode]
    ADD CONSTRAINT [FK_DetailsSettlementMode_SettlementMode] FOREIGN KEY ([IdSettlementMode]) REFERENCES [Sales].[SettlementMode] ([Id]) ON DELETE SET NULL
ALTER TABLE [Shared].[ZipCode]
    ADD CONSTRAINT [FK_ZipCode_City] FOREIGN KEY ([IdCity]) REFERENCES [Shared].[City] ([Id])
ALTER TABLE [ERPSettings].[Module]
    ADD CONSTRAINT [FK_Module_Module] FOREIGN KEY ([IdModuleParent]) REFERENCES [ERPSettings].[Module] ([IdModule])
ALTER TABLE [ERPSettings].[Entity]
    ADD CONSTRAINT [FK_Entity_Entity] FOREIGN KEY ([IdRelatedEntity]) REFERENCES [ERPSettings].[Entity] ([Id])
ALTER TABLE [ERPSettings].[ModuleByUser]
    ADD CONSTRAINT [FK_ModuleByUser_Module] FOREIGN KEY ([IdModule]) REFERENCES [ERPSettings].[Module] ([IdModule])
ALTER TABLE [ERPSettings].[ModuleByUser]
    ADD CONSTRAINT [FK_ModuleByUser_User] FOREIGN KEY ([IdUser]) REFERENCES [ERPSettings].[User] ([Id]) ON DELETE CASCADE
ALTER TABLE [Payroll].[CommercialsCustomerContract]
    ADD CONSTRAINT [FK_CommercialsCustomerContract_Employee] FOREIGN KEY ([IdEmployee]) REFERENCES [Payroll].[Employee] ([Id])
ALTER TABLE [Payroll].[CommercialsCustomerContract]
    ADD CONSTRAINT [FK_CommercialsCustomerContract_Prices] FOREIGN KEY ([IdPrices]) REFERENCES [Sales].[Prices] ([Id]) ON DELETE CASCADE
ALTER TABLE [Sales].[DocumentLinePrices]
    ADD CONSTRAINT [FK_DocumentLinePrices_Prices] FOREIGN KEY ([IdPrices]) REFERENCES [Sales].[Prices] ([Id])
ALTER TABLE [Sales].[DocumentLinePrices]
    ADD CONSTRAINT [FK_DocumentLinePrices_DocumentLine] FOREIGN KEY ([IdDocumentLine]) REFERENCES [Sales].[DocumentLine] ([Id]) ON DELETE CASCADE
ALTER TABLE [Payroll].[EmployeeSkills]
    WITH NOCHECK ADD CONSTRAINT [FK_EmployeeSkills_Employee] FOREIGN KEY ([IdEmployee]) REFERENCES [Payroll].[Employee] ([Id])
ALTER TABLE [Payroll].[EmployeeSkills]
    WITH NOCHECK ADD CONSTRAINT [FK_EmployeeSkills_Skills] FOREIGN KEY ([IdSkills]) REFERENCES [Payroll].[Skills] ([Id])
ALTER TABLE [Inventory].[StockDocumentLine]
    ADD CONSTRAINT [FK_StockDocumentLine_StockDocument] FOREIGN KEY ([IdStockDocument]) REFERENCES [Inventory].[StockDocument] ([Id]) ON DELETE CASCADE
ALTER TABLE [Inventory].[StockDocumentLine]
    ADD CONSTRAINT [FK_StockDocumentLine_Item] FOREIGN KEY ([IdItem]) REFERENCES [Inventory].[Item] ([Id])
ALTER TABLE [Inventory].[StockDocument]
    ADD CONSTRAINT [FK_StockDocument_Warehouse] FOREIGN KEY ([IdWarehouseDestination]) REFERENCES [Inventory].[Warehouse] ([Id])
ALTER TABLE [Inventory].[StockDocument]
    ADD CONSTRAINT [FK_StockDocument_Warehouse1] FOREIGN KEY ([IdWarehouseSource]) REFERENCES [Inventory].[Warehouse] ([Id])
ALTER TABLE [Inventory].[StockDocument]
    ADD CONSTRAINT [FK_StockDocument_TypeStockDocument] FOREIGN KEY ([TypeStockDocument]) REFERENCES [Inventory].[StockDocumentType] ([CodeType])
ALTER TABLE [Inventory].[StockDocument]
    ADD CONSTRAINT [FK_StockDocument_DocumentStatus] FOREIGN KEY ([IdDocumentStatus]) REFERENCES [Sales].[DocumentStatus] ([Id])
ALTER TABLE [ERPSettings].[Functionality]
    ADD CONSTRAINT [FK_Functionality_RequestType] FOREIGN KEY ([IdRequestType]) REFERENCES [ERPSettings].[RequestType] ([Id])
ALTER TABLE [Payment].[PaymentMethod]
    ADD CONSTRAINT [FK_PayementMethod_PayementType] FOREIGN KEY ([IdPaymentType]) REFERENCES [Payment].[PaymentType] ([Id])
ALTER TABLE [Payroll].[ParentInCharge]
    WITH NOCHECK ADD CONSTRAINT [FK_ParentInCharge_Employee] FOREIGN KEY ([IdEmployee]) REFERENCES [Payroll].[Employee] ([Id])
ALTER TABLE [Payroll].[ParentInCharge]
    WITH NOCHECK ADD CONSTRAINT [FK_ParentInCharge_ParentType] FOREIGN KEY ([IdParentType]) REFERENCES [Payroll].[ParentType] ([Id])
ALTER TABLE [Sales].[Prices]
    ADD CONSTRAINT [FK_Prices_DiscountGroupTiers] FOREIGN KEY ([IdDiscountGroupTiers]) REFERENCES [Sales].[DiscountGroupTiers] ([Id])
ALTER TABLE [Sales].[Prices]
    ADD CONSTRAINT [FK_Prices_DiscountGroupItem] FOREIGN KEY ([IdDiscountGroupItem]) REFERENCES [Inventory].[DiscountGroupItem] ([Id])
ALTER TABLE [Sales].[Prices]
    ADD CONSTRAINT [FK_Prices_Item] FOREIGN KEY ([IdItem]) REFERENCES [Inventory].[Item] ([Id]) ON DELETE SET NULL
ALTER TABLE [Sales].[Prices]
    ADD CONSTRAINT [FK_Prices_Tiers] FOREIGN KEY ([IdTiers]) REFERENCES [Sales].[Tiers] ([Id])
ALTER TABLE [Sales].[Prices]
    ADD CONSTRAINT [FK_Prices_Currency] FOREIGN KEY ([IdUsedCurrency]) REFERENCES [Administration].[Currency] ([Id]) ON DELETE SET DEFAULT
ALTER TABLE [ERPSettings].[ButtonComponent]
    ADD CONSTRAINT [FK_ButtonComponent_Component] FOREIGN KEY ([IdComponent]) REFERENCES [ERPSettings].[Component] ([IdComponent])
ALTER TABLE [ERPSettings].[ButtonComponent]
    ADD CONSTRAINT [FK_ButtonComponent_ServiceParameters] FOREIGN KEY ([IdServiceParameter]) REFERENCES [ERPSettings].[ServiceParameters] ([IdServiceParameters])
ALTER TABLE [ERPSettings].[ComponentByRole]
    ADD CONSTRAINT [FK_ViewConfigurationRole_ViewConfiguration] FOREIGN KEY ([IdComponent]) REFERENCES [ERPSettings].[Component] ([IdComponent])
ALTER TABLE [ERPSettings].[ComponentByRole]
    ADD CONSTRAINT [FK_ViewConfigurationRole_Role] FOREIGN KEY ([IdRole]) REFERENCES [ERPSettings].[Role] ([Id]) ON DELETE CASCADE
ALTER TABLE [Stock].[SerialNumber]
    ADD CONSTRAINT [FK_SerialNumber_Article1] FOREIGN KEY ([IdArticle]) REFERENCES [Stock].[Article] ([Id])
ALTER TABLE [Stock].[SerialNumber]
    ADD CONSTRAINT [FK_SerialNumber_Batch] FOREIGN KEY ([IdBatch]) REFERENCES [Stock].[Batch] ([IdBatch])
ALTER TABLE [Payment].[SettlementCommitment]
    ADD CONSTRAINT [FK_SettlementCommitment_Settlement] FOREIGN KEY ([SettlementId]) REFERENCES [Payment].[Settlement] ([Id]) ON DELETE CASCADE
ALTER TABLE [Payment].[SettlementCommitment]
    ADD CONSTRAINT [FK_SettlementCommitment_FinancialCommitment] FOREIGN KEY ([CommitmentId]) REFERENCES [Sales].[FinancialCommitment] ([Id])
ALTER TABLE [Sales].[FinancialCommitment]
    ADD CONSTRAINT [FK_FinancialCommitment_DocumentStatus] FOREIGN KEY ([IdStatus]) REFERENCES [Sales].[DocumentStatus] ([Id])
ALTER TABLE [Sales].[FinancialCommitment]
    ADD CONSTRAINT [FK_FinancialCommitment_PaymentMethod] FOREIGN KEY ([IdPaymentMethod]) REFERENCES [Payment].[PaymentMethod] ([Id])
ALTER TABLE [Sales].[FinancialCommitment]
    ADD CONSTRAINT [FK_FinancialCommitment_Document] FOREIGN KEY ([IdDocument]) REFERENCES [Sales].[Document] ([Id]) ON DELETE CASCADE
ALTER TABLE [Payroll].[ConsultantsCustomerContract]
    ADD CONSTRAINT [FK_ConsultantsCustomerContract_Employee] FOREIGN KEY ([IdEmployee]) REFERENCES [Payroll].[Employee] ([Id])
ALTER TABLE [Payroll].[ConsultantsCustomerContract]
    ADD CONSTRAINT [FK_ConsultantsCustomerContract_Prices] FOREIGN KEY ([IdPrices]) REFERENCES [Sales].[Prices] ([Id]) ON DELETE CASCADE
ALTER TABLE [Stock].[Storage]
    ADD CONSTRAINT [FK_STORAGE_ASSOCIATI_SECTION] FOREIGN KEY ([IdSection]) REFERENCES [Stock].[Section] ([IdSection])
ALTER TABLE [Stock].[Storage]
    ADD CONSTRAINT [FK_STORAGE_ASSOCIATI_ARTICLE] FOREIGN KEY ([IdArticle]) REFERENCES [Stock].[Article] ([Id])
ALTER TABLE [Stock].[Article]
    ADD CONSTRAINT [FK_Article_StockManagementMethod] FOREIGN KEY ([IdStockManagementMethod]) REFERENCES [Stock].[StockManagementMethod] ([Id])
ALTER TABLE [Stock].[Article]
    ADD CONSTRAINT [FK_Article_SaleManagementMethod] FOREIGN KEY ([IdSaleManagementMethod]) REFERENCES [Stock].[SaleManagementMethod] ([IdSaleManagementMethod])
ALTER TABLE [Stock].[Article]
    ADD CONSTRAINT [FK_Article_AccountingAccount] FOREIGN KEY ([IdAccountingAccount]) REFERENCES [accounting].[AccountingAccount] ([Id])
ALTER TABLE [Sales].[TaxeGroupTiersConfig]
    ADD CONSTRAINT [FK_TaxeTiersConfig_TaxeGroupTiers] FOREIGN KEY ([IdTaxeGroupTiers]) REFERENCES [Sales].[TaxeGroupTiers] ([Id]) ON DELETE CASCADE
ALTER TABLE [Sales].[TaxeGroupTiersConfig]
    ADD CONSTRAINT [FK_TaxeTiersConfig_Taxe] FOREIGN KEY ([IdTaxe]) REFERENCES [Shared].[Taxe] ([Id])
ALTER TABLE [Payroll].[SalaryRule]
    WITH NOCHECK ADD CONSTRAINT [FK_SalaryRule_Applicability] FOREIGN KEY ([IdApplicability]) REFERENCES [Payroll].[Applicability] ([Id])
ALTER TABLE [Payroll].[SalaryRule]
    WITH NOCHECK ADD CONSTRAINT [FK_SalaryRule_ContributionRegister] FOREIGN KEY ([IdContributionRegister]) REFERENCES [Payroll].[ContributionRegister] ([Id])
ALTER TABLE [Payroll].[SalaryRule]
    WITH NOCHECK ADD CONSTRAINT [FK_SalaryRule_RuleCategory] FOREIGN KEY ([IdRuleCategory]) REFERENCES [Payroll].[RuleCategory] ([Id])
ALTER TABLE [Payroll].[SalaryRule]
    WITH NOCHECK ADD CONSTRAINT [FK_SalaryRule_RuleType] FOREIGN KEY ([IdRuleType]) REFERENCES [Payroll].[RuleType] ([Id])
ALTER TABLE [Payroll].[SalaryRule]
    WITH NOCHECK ADD CONSTRAINT [FK_SalaryRule_RuleUniqueReference] FOREIGN KEY ([IdRuleUniqueReference]) REFERENCES [Payroll].[RuleUniqueReference] ([Id])
ALTER TABLE [Inventory].[Item]
    ADD CONSTRAINT [FK_Item_DiscountGroupItem] FOREIGN KEY ([IdDiscountGroupItem]) REFERENCES [Inventory].[DiscountGroupItem] ([Id])
ALTER TABLE [Inventory].[Item]
    ADD CONSTRAINT [FK_Item_UnitType] FOREIGN KEY ([IdUnitSales]) REFERENCES [Stock].[MeasureUnit] ([Id])
ALTER TABLE [Inventory].[Item]
    ADD CONSTRAINT [FK_Item_UnitType1] FOREIGN KEY ([IdUnitStock]) REFERENCES [Stock].[MeasureUnit] ([Id])
ALTER TABLE [Inventory].[Item]
    ADD CONSTRAINT [FK_Item_Nature] FOREIGN KEY ([IdNature]) REFERENCES [Inventory].[Nature] ([Id])
ALTER TABLE [ERPSettings].[GridColumnComponent]
    ADD CONSTRAINT [FK_GridColumnComponent_Component] FOREIGN KEY ([IdComponent]) REFERENCES [ERPSettings].[Component] ([IdComponent])
ALTER TABLE [Treasury].[Timetable]
    ADD CONSTRAINT [FK_Timetable_PaymentType] FOREIGN KEY ([IdPaymentType]) REFERENCES [Payment].[PaymentType] ([Id])
ALTER TABLE [Treasury].[Timetable]
    ADD CONSTRAINT [FK_Timetable_Tiers] FOREIGN KEY ([IdTiers]) REFERENCES [Sales].[Tiers] ([Id])
ALTER TABLE [Sales].[Document]
    ADD CONSTRAINT [FK_Document_DocumentStatus] FOREIGN KEY ([IdDocumentStatus]) REFERENCES [Sales].[DocumentStatus] ([Id])
ALTER TABLE [Sales].[Document]
    ADD CONSTRAINT [FK_Document_PaymentMethod] FOREIGN KEY ([IdPaymentMethod]) REFERENCES [Payment].[PaymentMethod] ([Id])
ALTER TABLE [Sales].[Document]
    ADD CONSTRAINT [FK_Document_Tiers] FOREIGN KEY ([IdTiers]) REFERENCES [Sales].[Tiers] ([Id])
ALTER TABLE [Sales].[Document]
    ADD CONSTRAINT [FK_Document_SettlementMode] FOREIGN KEY ([IdSettlementMode]) REFERENCES [Sales].[SettlementMode] ([Id])
ALTER TABLE [Sales].[Document]
    ADD CONSTRAINT [FK_Document_Currency] FOREIGN KEY ([IdUsedCurrency]) REFERENCES [Administration].[Currency] ([Id])
ALTER TABLE [Sales].[Document]
    ADD CONSTRAINT [FK_Document_BankAccount] FOREIGN KEY ([IdBankAccount]) REFERENCES [Shared].[BankAccount] ([Id])
ALTER TABLE [Sales].[Document]
    ADD CONSTRAINT [FK_Document_Employee] FOREIGN KEY ([IdDecisionMaker]) REFERENCES [Payroll].[Employee] ([Id])
ALTER TABLE [ERPSettings].[GridComponent]
    ADD CONSTRAINT [FK_GridComponent_Component] FOREIGN KEY ([IdComponent]) REFERENCES [ERPSettings].[Component] ([IdComponent])
ALTER TABLE [ERPSettings].[FunctionnalityByUser]
    ADD CONSTRAINT [FK_FunctionnalityByUser_Functionality] FOREIGN KEY ([IdFunctionality]) REFERENCES [ERPSettings].[Functionality] ([IdFunctionality])
ALTER TABLE [ERPSettings].[FunctionnalityByUser]
    ADD CONSTRAINT [FK_FunctionnalityByUser_User] FOREIGN KEY ([IdUser]) REFERENCES [ERPSettings].[User] ([Id]) ON DELETE CASCADE
ALTER TABLE [Stock].[StockMovement]
    ADD CONSTRAINT [FK_StockMovement_StockDocumentLine] FOREIGN KEY ([IdStockDocumentLine]) REFERENCES [Inventory].[StockDocumentLine] ([Id]) ON DELETE CASCADE
ALTER TABLE [Stock].[StockMovement]
    ADD CONSTRAINT [FK_StockMovement_Warehouse] FOREIGN KEY ([IdWarehouse]) REFERENCES [Inventory].[Warehouse] ([Id])
ALTER TABLE [Stock].[StockMovement]
    ADD CONSTRAINT [FK_StockMovement_DocumentLine] FOREIGN KEY ([IdDocumentLine]) REFERENCES [Sales].[DocumentLine] ([Id])
ALTER TABLE [Stock].[StockMovement]
    ADD CONSTRAINT [FK_StockMovement_Item] FOREIGN KEY ([IdItem]) REFERENCES [Inventory].[Item] ([Id]) ON DELETE SET NULL
ALTER TABLE [Sales].[SaleSettings]
    ADD CONSTRAINT [FK_SaleSetting_Company] FOREIGN KEY ([Id]) REFERENCES [Shared].[Company] ([Id])
ALTER TABLE [ERPSettings].[UserRole]
    ADD CONSTRAINT [FK_UserRole_Role] FOREIGN KEY ([IdRole]) REFERENCES [ERPSettings].[Role] ([Id]) ON DELETE CASCADE
ALTER TABLE [ERPSettings].[UserRole]
    ADD CONSTRAINT [FK_UserRole_User] FOREIGN KEY ([IdUser]) REFERENCES [ERPSettings].[User] ([Id]) ON DELETE CASCADE
ALTER TABLE [ERPSettings].[ToolBarComponent]
    ADD CONSTRAINT [FK_ComponentToolbarComponent] FOREIGN KEY ([IdComponent]) REFERENCES [ERPSettings].[Component] ([IdComponent])
ALTER TABLE [Payroll].[Payslip]
    WITH NOCHECK ADD CONSTRAINT [FK_Payslip_Employee] FOREIGN KEY ([IdEmployee]) REFERENCES [Payroll].[Employee] ([Id])
ALTER TABLE [Treasury].[ReceiptSpent]
    ADD CONSTRAINT [FK_ReceiptSpent_PaymentMethod] FOREIGN KEY ([IdPaymentMethod]) REFERENCES [Payment].[PaymentMethod] ([Id])
ALTER TABLE [Treasury].[ReceiptSpent]
    ADD CONSTRAINT [FK_RecipeSpent_PaymentDirection] FOREIGN KEY ([IdPaymentDirection]) REFERENCES [Treasury].[PaymentDirection] ([Id])
ALTER TABLE [Treasury].[ReceiptSpent]
    ADD CONSTRAINT [FK_RecipeSpent_Tiers] FOREIGN KEY ([IdTiers]) REFERENCES [Sales].[Tiers] ([Id])
ALTER TABLE [ERPSettings].[MsgNotification]
    ADD CONSTRAINT [FK_MsgNotification_Message] FOREIGN KEY ([IdMsg]) REFERENCES [ERPSettings].[Message] ([Id])
ALTER TABLE [ERPSettings].[Message]
    ADD CONSTRAINT [FK_Information_Message] FOREIGN KEY ([IdInformation]) REFERENCES [ERPSettings].[Information] ([IdInfo])
ALTER TABLE [Payment].[WithholdingTax]
    ADD CONSTRAINT [FK_WithholdingTax_Tiers] FOREIGN KEY ([IdTiers]) REFERENCES [Sales].[Tiers] ([Id])
ALTER TABLE [Payroll].[ConstantRateValidityPeriod]
    WITH NOCHECK ADD CONSTRAINT [FK_ConstantRate_ValidityPeriod] FOREIGN KEY ([IdConstantRate]) REFERENCES [Payroll].[ConstantRate] ([Id])
ALTER TABLE [Payroll].[ConstantRate]
    WITH NOCHECK ADD CONSTRAINT [FK_ConstantRate_RuleUniqueReference] FOREIGN KEY ([IdRuleUniqueReference]) REFERENCES [Payroll].[RuleUniqueReference] ([Id])
ALTER TABLE [Payment].[Settlement]
    ADD CONSTRAINT [FK_Settlement_BankAccount] FOREIGN KEY ([IdBankAccount]) REFERENCES [Shared].[BankAccount] ([Id])
ALTER TABLE [Payment].[Settlement]
    ADD CONSTRAINT [FK_Settlement_DocumentStatus] FOREIGN KEY ([IdStatus]) REFERENCES [Sales].[DocumentStatus] ([Id])
ALTER TABLE [Payment].[Settlement]
    ADD CONSTRAINT [FK_Settlement_Currency] FOREIGN KEY ([IdUsedCurrency]) REFERENCES [Administration].[Currency] ([Id])
ALTER TABLE [Payment].[Settlement]
    ADD CONSTRAINT [FK_Settlement_PaymentMethod] FOREIGN KEY ([PaymentMeans]) REFERENCES [Payment].[PaymentMethod] ([Id])
ALTER TABLE [Payment].[Settlement]
    ADD CONSTRAINT [FK_Settlement_Tiers] FOREIGN KEY ([IdTiers]) REFERENCES [Sales].[Tiers] ([Id])
ALTER TABLE [Payroll].[Team]
    ADD CONSTRAINT [FK_Team_Department] FOREIGN KEY ([IdDepartment]) REFERENCES [Payroll].[Department] ([Id])
ALTER TABLE [Payroll].[Contract]
    WITH NOCHECK ADD CONSTRAINT [FK_Contract_ContractType] FOREIGN KEY ([IdContractType]) REFERENCES [Payroll].[ContractType] ([Id])
ALTER TABLE [Payroll].[Contract]
    WITH NOCHECK ADD CONSTRAINT [FK_Contract_Employee] FOREIGN KEY ([IdEmployee]) REFERENCES [Payroll].[Employee] ([Id])
ALTER TABLE [Payroll].[Contract]
    WITH NOCHECK ADD CONSTRAINT [FK_Contract_Job] FOREIGN KEY ([IdJob]) REFERENCES [Payroll].[Job] ([Id])
ALTER TABLE [Payroll].[Contract]
    WITH NOCHECK ADD CONSTRAINT [FK_Contract_PlannedPayroll] FOREIGN KEY ([IdPlannedPayroll]) REFERENCES [Payroll].[PlannedPayroll] ([Id])
ALTER TABLE [Payroll].[Contract]
    WITH NOCHECK ADD CONSTRAINT [FK_Contract_SalaryStructure] FOREIGN KEY ([IdSalaryStructure]) REFERENCES [Payroll].[SalaryStructure] ([Id])
ALTER TABLE [Payroll].[Employee]
    ADD CONSTRAINT [FK_Employee_City] FOREIGN KEY ([IdCity]) REFERENCES [Shared].[City] ([Id])
ALTER TABLE [Payroll].[Employee]
    ADD CONSTRAINT [FK_Employee_Country] FOREIGN KEY ([IdCountry]) REFERENCES [Shared].[Country] ([Id])
ALTER TABLE [Payroll].[Employee]
    ADD CONSTRAINT [FK_Employee_Employee] FOREIGN KEY ([IdLineManager]) REFERENCES [Payroll].[Employee] ([Id])
ALTER TABLE [Payroll].[Employee]
    ADD CONSTRAINT [FK_Employee_QualificationCountry] FOREIGN KEY ([IdQualificationCountry]) REFERENCES [Shared].[Country] ([Id])
ALTER TABLE [Payroll].[Employee]
    ADD CONSTRAINT [FK_Employee_QualificationType] FOREIGN KEY ([IdQualificationType]) REFERENCES [Payroll].[QualificationType] ([Id])
ALTER TABLE [Payroll].[Employee]
    ADD CONSTRAINT [FK_Employee_Echellon] FOREIGN KEY ([IdEchellon]) REFERENCES [Payroll].[Echellon] ([Id])
ALTER TABLE [Payroll].[Employee]
    ADD CONSTRAINT [FK_Employee_Grade] FOREIGN KEY ([IdGrade]) REFERENCES [Payroll].[Grade] ([Id])
ALTER TABLE [Payroll].[Employee]
    ADD CONSTRAINT [FK_Employee_MaritalStatus] FOREIGN KEY ([IdMaritalStatus]) REFERENCES [Payroll].[MaritalStatus] ([Id])

ALTER TABLE [Payroll].[Employee]
    ADD CONSTRAINT [FK_Employee_Team] FOREIGN KEY ([IdTeam]) REFERENCES [Payroll].[Team] ([Id])
ALTER TABLE [Payroll].[Employee]
    ADD CONSTRAINT [FK_Employee_UpperHierarchy] FOREIGN KEY ([IdUpperHierarchy]) REFERENCES [Payroll].[Employee] ([Id])
ALTER TABLE [ERPSettings].[GridDataSource]
    ADD CONSTRAINT [FK_GridDataSource_GridOptions] FOREIGN KEY ([IdGridOptions]) REFERENCES [ERPSettings].[GridOptions] ([IdGridOptions])
ALTER TABLE [ERPSettings].[GridDataSource]
    ADD CONSTRAINT [FK_GridDataSource_ServiceParameters] FOREIGN KEY ([IdServiceParameters]) REFERENCES [ERPSettings].[ServiceParameters] ([IdServiceParameters])
ALTER TABLE [ERPSettings].[GridOptions]
    ADD CONSTRAINT [FK_GridOptions_GridComponent] FOREIGN KEY ([IdGridOptions]) REFERENCES [ERPSettings].[GridComponent] ([IdComponent])
ALTER TABLE [Payroll].[ConstantValueValidityPeriod]
    WITH NOCHECK ADD CONSTRAINT [FK_ConstantValueValidityPeriod_ConstantValue] FOREIGN KEY ([IdConstantValue]) REFERENCES [Payroll].[ConstantValue] ([Id])
ALTER TABLE [ERPSettings].[EntityCodification]
    ADD CONSTRAINT [FK_EntityCodification_Codification] FOREIGN KEY ([IdCodification]) REFERENCES [ERPSettings].[Codification] ([Id])
ALTER TABLE [ERPSettings].[EntityCodification]
    ADD CONSTRAINT [FK_EntityCodification_Entity] FOREIGN KEY ([IdEntity]) REFERENCES [ERPSettings].[Entity] ([Id])
ALTER TABLE [ERPSettings].[Codification]
    ADD CONSTRAINT [FK_Codification_Codification] FOREIGN KEY ([IdCodificationParent]) REFERENCES [ERPSettings].[Codification] ([Id])
ALTER TABLE [Payroll].[ConstantValue]
    WITH NOCHECK ADD CONSTRAINT [FK_ConstantValue_RuleUniqueReference] FOREIGN KEY ([IdRuleUniqueReference]) REFERENCES [Payroll].[RuleUniqueReference] ([Id])
ALTER TABLE [Sales].[DocumentLine]
    ADD CONSTRAINT [FK_DocumentLine_Item] FOREIGN KEY ([IdItem]) REFERENCES [Inventory].[Item] ([Id])
ALTER TABLE [Sales].[DocumentLine]
    ADD CONSTRAINT [FK_DocumentLine_Warehouse] FOREIGN KEY ([IdWarehouse]) REFERENCES [Inventory].[Warehouse] ([Id])
ALTER TABLE [Sales].[DocumentLine]
    ADD CONSTRAINT [FK_DocumentLine_DocumentLine] FOREIGN KEY ([IdDocumentLineAssociated]) REFERENCES [Sales].[DocumentLine] ([Id])
ALTER TABLE [Sales].[DocumentLine]
    ADD CONSTRAINT [FK_DocumentLine_Prices] FOREIGN KEY ([IdPrices]) REFERENCES [Sales].[Prices] ([Id])
ALTER TABLE [Sales].[DocumentLine]
    ADD CONSTRAINT [FK_DocumentLine_Document] FOREIGN KEY ([IdDocument]) REFERENCES [Sales].[Document] ([Id]) ON DELETE CASCADE
ALTER TABLE [Sales].[DocumentLine]
    ADD CONSTRAINT [FK_DocumentLine_MeasureUnit] FOREIGN KEY ([IdMeasureUnit]) REFERENCES [Stock].[MeasureUnit] ([Id])
ALTER TABLE [ERPSettings].[ComboBoxDataSource]
    ADD CONSTRAINT [FK_ComboBoxDataSource_ComboBoxOptions] FOREIGN KEY ([IdComponent]) REFERENCES [ERPSettings].[ComboBoxOptions] ([IdComponent])
ALTER TABLE [ERPSettings].[ComboBoxDataSource]
    ADD CONSTRAINT [FK_ComboBoxDataSource_ServiceParameters] FOREIGN KEY ([IdServiceParameters]) REFERENCES [ERPSettings].[ServiceParameters] ([IdServiceParameters])
ALTER TABLE [ERPSettings].[ServiceParameters]
    ADD CONSTRAINT [FK_ServiceParameters_PredicateFormat] FOREIGN KEY ([IdPredicateFormat]) REFERENCES [ERPSettings].[PredicateFormat] ([IdPredicateFormat])
ALTER TABLE [ERPSettings].[DropDownListComponent]
    ADD CONSTRAINT [FK_DropDownListComponent_Component] FOREIGN KEY ([IdComponent]) REFERENCES [ERPSettings].[Component] ([IdComponent])
ALTER TABLE [ERPSettings].[FieldSetComponent]
    ADD CONSTRAINT [FK_FieldSetComponent_Component] FOREIGN KEY ([IdComponent]) REFERENCES [ERPSettings].[Component] ([IdComponent])
ALTER TABLE [ERPSettings].[Component]
    ADD CONSTRAINT [FK_Component_Component1] FOREIGN KEY ([IdComponentChangedBy]) REFERENCES [ERPSettings].[Component] ([IdComponent])
ALTER TABLE [ERPSettings].[Component]
    ADD CONSTRAINT [FK_Component_Functionality] FOREIGN KEY ([IdFunctionality]) REFERENCES [ERPSettings].[Functionality] ([IdFunctionality])
ALTER TABLE [ERPSettings].[Component]
    ADD CONSTRAINT [FK_Component_Component] FOREIGN KEY ([IdComponentParent]) REFERENCES [ERPSettings].[Component] ([IdComponent])
ALTER TABLE [ERPSettings].[ComponentByUser]
    ADD CONSTRAINT [FK_ComponentByUser_User] FOREIGN KEY ([IdUser]) REFERENCES [ERPSettings].[User] ([Id]) ON DELETE CASCADE
ALTER TABLE [ERPSettings].[ComponentByUser]
    ADD CONSTRAINT [FK_ComponentByUser_Component] FOREIGN KEY ([IdComponent]) REFERENCES [ERPSettings].[Component] ([IdComponent]) ON DELETE CASCADE
ALTER TABLE [Sales].[PurchaseSettings]
    ADD CONSTRAINT [FK_PurchaseSetting_Company] FOREIGN KEY ([Id]) REFERENCES [Shared].[Company] ([Id])
ALTER TABLE [Shared].[Company]
    ADD CONSTRAINT [FK_Company_ZipCode] FOREIGN KEY ([IdZipCode]) REFERENCES [Shared].[ZipCode] ([Id])
ALTER TABLE [Shared].[Company]
    ADD CONSTRAINT [FK_Company_Currency] FOREIGN KEY ([IdCurrency]) REFERENCES [Administration].[Currency] ([Id])
ALTER TABLE [Shared].[Company]
    ADD CONSTRAINT [FK_Company_BankAccount] FOREIGN KEY ([IdBankAccount]) REFERENCES [Shared].[BankAccount] ([Id])
ALTER TABLE [Sales].[Tiers]
    ADD CONSTRAINT [FK_Tiers_City] FOREIGN KEY ([IdCity]) REFERENCES [Shared].[City] ([Id])
ALTER TABLE [Sales].[Tiers]
    ADD CONSTRAINT [FK_Tiers_Currency] FOREIGN KEY ([IdCurrency]) REFERENCES [Administration].[Currency] ([Id])
ALTER TABLE [Sales].[Tiers]
    ADD CONSTRAINT [FK_TIERS_ASSOCIATI_PAYEMENT] FOREIGN KEY ([IdPaymentCondition]) REFERENCES [Payment].[PaymentCondition] ([Id])
ALTER TABLE [Sales].[Tiers]
    ADD CONSTRAINT [FK_TIERS_ASSOCIATI_TYPETIER] FOREIGN KEY ([IdTypeTiers]) REFERENCES [Sales].[TypeTiers] ([Id])
ALTER TABLE [Sales].[Tiers]
    ADD CONSTRAINT [FK_Tiers_Pays] FOREIGN KEY ([IdPays]) REFERENCES [Shared].[Country] ([Id])
ALTER TABLE [Sales].[Tiers]
    ADD CONSTRAINT [FK_Tiers_AccountingAccount] FOREIGN KEY ([IdAccountingAccount]) REFERENCES [accounting].[AccountingAccount] ([Id])
ALTER TABLE [Sales].[Tiers]
    ADD CONSTRAINT [FK_Tiers_TaxeGroupTiers] FOREIGN KEY ([IdTaxeGroupTiers]) REFERENCES [Sales].[TaxeGroupTiers] ([Id])
ALTER TABLE [Sales].[Tiers]
    ADD CONSTRAINT [FK_Tiers_DiscountGroupTiers] FOREIGN KEY ([IdDiscountGroupTiers]) REFERENCES [Sales].[DiscountGroupTiers] ([Id])
ALTER TABLE [Shared].[City]
    ADD CONSTRAINT [FK_Ville_Pays] FOREIGN KEY ([IdPays]) REFERENCES [Shared].[Country] ([Id]) ON DELETE CASCADE
COMMIT TRANSACTION



BEGIN TRANSACTION
update ERPSettings.ServiceParameters
set Module = 'PayRoll'
where Module like 'Payroll'
COMMIT TRANSACTION


SET NUMERIC_ROUNDABORT OFF
GO
SET XACT_ABORT, ANSI_PADDING, ANSI_WARNINGS, CONCAT_NULL_YIELDS_NULL, ARITHABORT, QUOTED_IDENTIFIER, ANSI_NULLS ON
GO
/*Pointer used for text / image updates. This might not be needed, but is declared here just in case*/
DECLARE @pv binary(16)
BEGIN TRANSACTION
ALTER TABLE [Administration].[AxisValueRelationShip] DROP CONSTRAINT [FK_AxisValueRelationShip_AxisValue]
ALTER TABLE [Administration].[AxisValueRelationShip] DROP CONSTRAINT [FK__AxisRelat__IdAxi__6A3191A0]
ALTER TABLE [ERPSettings].[GridOptions] DROP CONSTRAINT [FK_GridOptions_GridComponent]
ALTER TABLE [ERPSettings].[ReportParameters] DROP CONSTRAINT [FK_ReportViewerParameters_ReportViewerComponent]
ALTER TABLE [Sales].[DocumentTypeRelation] DROP CONSTRAINT [FK_DocumentTypeRelation_DocumentTypeRelation]
ALTER TABLE [Sales].[DocumentTypeRelation] DROP CONSTRAINT [FK_DocumentTypeRelation_DocumentType]
ALTER TABLE [Sales].[DocumentType] DROP CONSTRAINT [FK_DocumentType_DocumentType]
ALTER TABLE [Sales].[PurchaseSettings] DROP CONSTRAINT [FK_PurchaseSetting_Company]
ALTER TABLE [ERPSettings].[ToolBarItem] DROP CONSTRAINT [FK_ToolBarItemToolBarOptions]
ALTER TABLE [ERPSettings].[ToolBarOptions] DROP CONSTRAINT [FK_ToolBarOptionsToolbarComponent]
ALTER TABLE [ERPSettings].[ToolBarComponent] DROP CONSTRAINT [FK_ComponentToolbarComponent]
ALTER TABLE [ERPSettings].[Relation] DROP CONSTRAINT [FK_Relation_PredicateFormat]
ALTER TABLE [ERPSettings].[OrderBy] DROP CONSTRAINT [FK_OrderBy_PredicateFormat]
ALTER TABLE [ERPSettings].[FunctionnalityModule] DROP CONSTRAINT [FK_FunctionnalityModule_Functionality]
ALTER TABLE [ERPSettings].[FunctionnalityModule] DROP CONSTRAINT [FK_FunctionnalityModule_Module]
ALTER TABLE [ERPSettings].[FunctionalityByRole] DROP CONSTRAINT [FK_FunctionalityRole_Role]
ALTER TABLE [ERPSettings].[FunctionalityByRole] DROP CONSTRAINT [FK_FunctionalityRole_Functionality]
ALTER TABLE [ERPSettings].[CheckBoxComponent] DROP CONSTRAINT [FK_CheckBoxComponent_Component]
ALTER TABLE [ERPSettings].[Menu] DROP CONSTRAINT [FK_Menu_Functionality]
ALTER TABLE [ERPSettings].[ReportComponent] DROP CONSTRAINT [FK_ReportViewerComponent_Component]
ALTER TABLE [Inventory].[ItemWarehouse] DROP CONSTRAINT [FK_ItemWarehouse_Warehouse]
ALTER TABLE [Inventory].[ItemWarehouse] DROP CONSTRAINT [FK_ItemWarehouse_Item]
ALTER TABLE [Stock].[StockDocumentLineSerialNumber] DROP CONSTRAINT [FK_StockDocumentSerialNumber_SerialNumber]
ALTER TABLE [Stock].[SerialNumber] DROP CONSTRAINT [FK_SerialNumber_Article1]
ALTER TABLE [Stock].[SerialNumber] DROP CONSTRAINT [FK_SerialNumber_Batch]
ALTER TABLE [Administration].[AxisRelationShip] DROP CONSTRAINT [FK_AxisRelationShip_Axis1]
ALTER TABLE [Administration].[AxisRelationShip] DROP CONSTRAINT [FK_AxisRelationShip_Axis]
ALTER TABLE [Administration].[Transfer] DROP CONSTRAINT [FK_Transfer_Entity]
ALTER TABLE [Payment].[WithholdingTaxLine] DROP CONSTRAINT [FK_WithholdingTaxLine_WithholdingTax]
ALTER TABLE [Payment].[WithholdingTaxLine] DROP CONSTRAINT [FK_WithholdingTaxLine_Payment]
ALTER TABLE [ERPSettings].[ComboBoxDataSourceItems] DROP CONSTRAINT [FK_ComboBoxDataSourceItems_ComboBoxDataSource]
ALTER TABLE [ERPSettings].[CheckBoxComponentDetails] DROP CONSTRAINT [FK_CheckBoxDetailsComponent_Component]
ALTER TABLE [ERPSettings].[RoleInfo] DROP CONSTRAINT [FK_Information_RoleInfo]
ALTER TABLE [ERPSettings].[RoleInfo] DROP CONSTRAINT [FK_Role_RoleInfo]
ALTER TABLE [ERPSettings].[ModuleByRole] DROP CONSTRAINT [FK_ModuleByRole_Module]
ALTER TABLE [ERPSettings].[ModuleByRole] DROP CONSTRAINT [FK_ModuleByRole_Role]
ALTER TABLE [ERPSettings].[Module] DROP CONSTRAINT [FK_Module_Module]
ALTER TABLE [ERPSettings].[ButtonComponent] DROP CONSTRAINT [FK_ButtonComponent_Component]
ALTER TABLE [ERPSettings].[ButtonComponent] DROP CONSTRAINT [FK_ButtonComponent_ServiceParameters]
ALTER TABLE [ERPSettings].[FormComponent] DROP CONSTRAINT [FK_FormComponent_Component]
ALTER TABLE [ERPSettings].[FormComponent] DROP CONSTRAINT [FK_FormComponent_ServiceParameters]
ALTER TABLE [ERPSettings].[ImageComponent] DROP CONSTRAINT [FK_ImageComponent_Component]
ALTER TABLE [ERPSettings].[UserInfo] DROP CONSTRAINT [FK_Info_UserInfo]
ALTER TABLE [ERPSettings].[UserInfo] DROP CONSTRAINT [FK_User_UserInfo]
ALTER TABLE [ERPSettings].[Information] DROP CONSTRAINT [FK_Information_Functionality]
ALTER TABLE [ERPSettings].[FieldSetComponent] DROP CONSTRAINT [FK_FieldSetComponent_Component]
ALTER TABLE [Inventory].[TaxeItem] DROP CONSTRAINT [FK_TaxeItem_Taxe]
ALTER TABLE [Inventory].[TaxeItem] DROP CONSTRAINT [FK_TaxeItem_Item]
ALTER TABLE [Sales].[DetailsSettlementMode] DROP CONSTRAINT [FK_DetailsSettlementMode_SettlementType]
ALTER TABLE [Sales].[DetailsSettlementMode] DROP CONSTRAINT [FK_DetailsSettlementMode_PaymentMethod]
ALTER TABLE [Sales].[DetailsSettlementMode] DROP CONSTRAINT [FK_DetailsSettlementMode_SettlementMode]
ALTER TABLE [ERPSettings].[Functionality] DROP CONSTRAINT [FK_Functionality_RequestType]
ALTER TABLE [ERPSettings].[InputDatePickerOptions] DROP CONSTRAINT [FK_InputDatePickerOptions_InputComponent]
ALTER TABLE [Administration].[CurrencyRate] DROP CONSTRAINT [FK_CurrencyRate_Currency]
ALTER TABLE [Administration].[AxisEntity] DROP CONSTRAINT [FK_AxisEntity_Entity]
ALTER TABLE [Administration].[AxisEntity] DROP CONSTRAINT [FK__AxisEntit__IdAxi__72C6D7A1]

ALTER TABLE [ERPSettings].[Message] DROP CONSTRAINT [FK_Information_Message]
ALTER TABLE [Inventory].[StockDocument] DROP CONSTRAINT [FK_StockDocument_Warehouse]
ALTER TABLE [Inventory].[StockDocument] DROP CONSTRAINT [FK_StockDocument_Warehouse1]
ALTER TABLE [Inventory].[StockDocument] DROP CONSTRAINT [FK_StockDocument_TypeStockDocument]
ALTER TABLE [Inventory].[StockDocument] DROP CONSTRAINT [FK_StockDocument_DocumentStatus]
ALTER TABLE [Stock].[TypeStockCalculation] DROP CONSTRAINT [FK_TYPESTOC_ASSOCIATI_STOCKCAL]
ALTER TABLE [Stock].[Storage] DROP CONSTRAINT [FK_STORAGE_ASSOCIATI_SECTION]
ALTER TABLE [Stock].[Storage] DROP CONSTRAINT [FK_STORAGE_ASSOCIATI_ARTICLE]
ALTER TABLE [Shared].[City] DROP CONSTRAINT [FK_Ville_Pays]
ALTER TABLE [Payroll].[Leave] DROP CONSTRAINT [FK_Leave_LeaveStatus]
ALTER TABLE [Payroll].[Leave] DROP CONSTRAINT [FK_Leave_LeaveType]
ALTER TABLE [Payroll].[Leave] DROP CONSTRAINT [FK_Leave_Employee]
ALTER TABLE [ERPSettings].[ComboBoxOptions] DROP CONSTRAINT [FK_ComboBoxOptions_ComboBoxComponent]
ALTER TABLE [ERPSettings].[ComboBoxComponent] DROP CONSTRAINT [FK_ComboboxComponent_Component]
ALTER TABLE [ERPSettings].[GridColumnComponent] DROP CONSTRAINT [FK_GridColumnComponent_Component]
ALTER TABLE [Payment].[DocumentPayment] DROP CONSTRAINT [FK_DocumentPayement_Payement]
ALTER TABLE [ERPSettings].[GridButtonComponent] DROP CONSTRAINT [FK_GridButtonComponent_ServiceParameters]
ALTER TABLE [ERPSettings].[GridButtonComponent] DROP CONSTRAINT [FK_GridButtonComponent_Component]
ALTER TABLE [Sales].[SaleSettings] DROP CONSTRAINT [FK_SaleSetting_Company]
ALTER TABLE [ERPSettings].[ComponentByRole] DROP CONSTRAINT [FK_ViewConfigurationRole_ViewConfiguration]
ALTER TABLE [ERPSettings].[ComponentByRole] DROP CONSTRAINT [FK_ViewConfigurationRole_Role]
ALTER TABLE [Payroll].[Team] DROP CONSTRAINT [FK_Team_Department]
ALTER TABLE [ERPSettings].[ColumnMenuComponent] DROP CONSTRAINT [FK_ComponentColumnMenu]
ALTER TABLE [Payment].[Payment] DROP CONSTRAINT [FK_Payment_PaymentMethod]

ALTER TABLE [Payment].[Payment] DROP CONSTRAINT [FK_Payment_Tiers]
ALTER TABLE [ERPSettings].[Filter] DROP CONSTRAINT [FK_Filter_PredicateFormat]
ALTER TABLE [Payroll].[EmployeeSkills] DROP CONSTRAINT [FK_EmployeeSkills_Skills]
ALTER TABLE [Payroll].[EmployeeSkills] DROP CONSTRAINT [FK_EmployeeSkills_Employee]
ALTER TABLE [Sales].[DocumentLinePrices] DROP CONSTRAINT [FK_DocumentLinePrices_Prices]
ALTER TABLE [Sales].[DocumentLinePrices] DROP CONSTRAINT [FK_DocumentLinePrices_DocumentLine]
ALTER TABLE [ERPSettings].[ModuleByUser] DROP CONSTRAINT [FK_ModuleByUser_Module]
ALTER TABLE [ERPSettings].[ModuleByUser] DROP CONSTRAINT [FK_ModuleByUser_User]
ALTER TABLE [Payroll].[Manager] DROP CONSTRAINT [FK_Manager_Team]
ALTER TABLE [Payroll].[Manager] DROP CONSTRAINT [FK_Manager_Employee]
ALTER TABLE [ERPSettings].[ComboBoxDataSource] DROP CONSTRAINT [FK_ComboBoxDataSource_ComboBoxOptions]
ALTER TABLE [ERPSettings].[ComboBoxDataSource] DROP CONSTRAINT [FK_ComboBoxDataSource_ServiceParameters]
ALTER TABLE [Inventory].[StockDocumentLine] DROP CONSTRAINT [FK_StockDocumentLine_Item]
ALTER TABLE [Inventory].[StockDocumentLine] DROP CONSTRAINT [FK_StockDocumentLine_StockDocument]
ALTER TABLE [Inventory].[Item] DROP CONSTRAINT [FK_Item_DiscountGroupItem]
ALTER TABLE [Inventory].[Item] DROP CONSTRAINT [FK_Item_UnitType]
ALTER TABLE [Inventory].[Item] DROP CONSTRAINT [FK_Item_UnitType1]
ALTER TABLE [Inventory].[Item] DROP CONSTRAINT [FK_Item_Nature]
ALTER TABLE [Stock].[StockCalculation] DROP CONSTRAINT [FK_STOCKCAL_ASSOCIATI_DOCUMENT]
ALTER TABLE [Shared].[ContactTypeDocument] DROP CONSTRAINT [FK_ContactTypeDocument_Contact]
ALTER TABLE [Shared].[Contact] DROP CONSTRAINT [FK_Contact_Tiers]
ALTER TABLE [ERPSettings].[BarCodeComponent] DROP CONSTRAINT [FK_BarCodeComponent_Component]
ALTER TABLE [ERPSettings].[BarCodeComponent] DROP CONSTRAINT [FK_BarCodeComponent_InputComponent]

ALTER TABLE [ERPSettings].[DropDownListDataSource] DROP CONSTRAINT [FK_DropDownListDataSource_DropDownListOptions]
ALTER TABLE [ERPSettings].[DropDownListDataSource] DROP CONSTRAINT [FK_DropDownListDataSource_ServiceParameters]
ALTER TABLE [Treasury].[DetailReconciliation] DROP CONSTRAINT [FK_DetailReconciliation2]
ALTER TABLE [Treasury].[DetailReconciliation] DROP CONSTRAINT [FK_DetailReconciliation3]
ALTER TABLE [Treasury].[DetailReconciliation] DROP CONSTRAINT [FK_DetailReconciliation]
ALTER TABLE [Treasury].[DetailTimetable] DROP CONSTRAINT [FK_DetailTimetable_Timetable]
ALTER TABLE [ERPSettings].[DropDownListOptions] DROP CONSTRAINT [FK_DropDownListOptions_DropDownListComponent]
ALTER TABLE [ERPSettings].[DropDownListComponent] DROP CONSTRAINT [FK_DropDownListComponent_Component]
ALTER TABLE [ERPSettings].[LabelComponent] DROP CONSTRAINT [FK_LabelComponent_Component]
ALTER TABLE [ERPSettings].[InputComponent] DROP CONSTRAINT [FK_InputComponent_Component]
ALTER TABLE [ERPSettings].[DialogComponent] DROP CONSTRAINT [FK_DialogComponent_Component]
ALTER TABLE [Administration].[EntityAxisValues] DROP CONSTRAINT [FK_EntityAxisValues_AxisValue]
ALTER TABLE [Administration].[AxisValue] DROP CONSTRAINT [FK__AxisValue__IdAxi__675524F5]
ALTER TABLE [ERPSettings].[GridDataSource] DROP CONSTRAINT [FK_GridDataSource_GridOptions]
ALTER TABLE [ERPSettings].[GridDataSource] DROP CONSTRAINT [FK_GridDataSource_ServiceParameters]
ALTER TABLE [ERPSettings].[ServiceParameters] DROP CONSTRAINT [FK_ServiceParameters_PredicateFormat]
ALTER TABLE [Treasury].[Timetable] DROP CONSTRAINT [FK_Timetable_Tiers]
ALTER TABLE [Sales].[Prices] DROP CONSTRAINT [FK_Prices_DiscountGroupTiers]
ALTER TABLE [Sales].[Prices] DROP CONSTRAINT [FK_Prices_DiscountGroupItem]
ALTER TABLE [Sales].[Prices] DROP CONSTRAINT [FK_Prices_Item]
ALTER TABLE [Sales].[Prices] DROP CONSTRAINT [FK_Prices_Tiers]
ALTER TABLE [Sales].[Prices] DROP CONSTRAINT [FK_Prices_Currency]
ALTER TABLE [ERPSettings].[GridComponent] DROP CONSTRAINT [FK_GridComponent_Component]
ALTER TABLE [Payment].[SettlementCommitment] DROP CONSTRAINT [FK_SettlementCommitment_Settlement]
ALTER TABLE [Payment].[SettlementCommitment] DROP CONSTRAINT [FK_SettlementCommitment_FinancialCommitment]
ALTER TABLE [Sales].[FinancialCommitment] DROP CONSTRAINT [FK_FinancialCommitment_DocumentStatus]
ALTER TABLE [Sales].[FinancialCommitment] DROP CONSTRAINT [FK_FinancialCommitment_PaymentMethod]
ALTER TABLE [Sales].[FinancialCommitment] DROP CONSTRAINT [FK_FinancialCommitment_Document]
ALTER TABLE [Stock].[Article] DROP CONSTRAINT [FK_Article_StockManagementMethod]
ALTER TABLE [Stock].[Article] DROP CONSTRAINT [FK_Article_SaleManagementMethod]
ALTER TABLE [Stock].[Article] DROP CONSTRAINT [FK_Article_AccountingAccount]
ALTER TABLE [ERPSettings].[FunctionnalityByUser] DROP CONSTRAINT [FK_FunctionnalityByUser_Functionality]
ALTER TABLE [ERPSettings].[FunctionnalityByUser] DROP CONSTRAINT [FK_FunctionnalityByUser_User]
ALTER TABLE [Treasury].[ReceiptSpent] DROP CONSTRAINT [FK_ReceiptSpent_PaymentMethod]
ALTER TABLE [Treasury].[ReceiptSpent] DROP CONSTRAINT [FK_RecipeSpent_PaymentDirection]
ALTER TABLE [Treasury].[ReceiptSpent] DROP CONSTRAINT [FK_RecipeSpent_Tiers]
ALTER TABLE [Sales].[TaxeGroupTiersConfig] DROP CONSTRAINT [FK_TaxeTiersConfig_TaxeGroupTiers]
ALTER TABLE [Sales].[TaxeGroupTiersConfig] DROP CONSTRAINT [FK_TaxeTiersConfig_Taxe]
ALTER TABLE [Shared].[Taxe] DROP CONSTRAINT [FK_Taxe_TaxeType]
ALTER TABLE [Payment].[WithholdingTax] DROP CONSTRAINT [FK_WithholdingTax_Tiers]
ALTER TABLE [Payroll].[ConsultantsCustomerContract] DROP CONSTRAINT [FK_ConsultantsCustomerContract_Employee]
ALTER TABLE [Payroll].[ConsultantsCustomerContract] DROP CONSTRAINT [FK_ConsultantsCustomerContract_Prices]

ALTER TABLE [Payment].[Settlement] DROP CONSTRAINT [FK_Settlement_DocumentStatus]
ALTER TABLE [Payment].[Settlement] DROP CONSTRAINT [FK_Settlement_Currency]
ALTER TABLE [Payment].[Settlement] DROP CONSTRAINT [FK_Settlement_PaymentMethod]
ALTER TABLE [Payment].[Settlement] DROP CONSTRAINT [FK_Settlement_Tiers]
ALTER TABLE [Sales].[Tiers] DROP CONSTRAINT [FK_Tiers_City]
ALTER TABLE [Sales].[Tiers] DROP CONSTRAINT [FK_Tiers_Currency]
ALTER TABLE [Sales].[Tiers] DROP CONSTRAINT [FK_TIERS_ASSOCIATI_PAYEMENT]
ALTER TABLE [Sales].[Tiers] DROP CONSTRAINT [FK_TIERS_ASSOCIATI_TYPETIER]
ALTER TABLE [Sales].[Tiers] DROP CONSTRAINT [FK_Tiers_Pays]
ALTER TABLE [Sales].[Tiers] DROP CONSTRAINT [FK_Tiers_AccountingAccount]
ALTER TABLE [Sales].[Tiers] DROP CONSTRAINT [FK_Tiers_TaxeGroupTiers]
ALTER TABLE [Sales].[Tiers] DROP CONSTRAINT [FK_Tiers_DiscountGroupTiers]
ALTER TABLE [Stock].[StockMovement] DROP CONSTRAINT [FK_StockMovement_StockDocumentLine]
ALTER TABLE [Stock].[StockMovement] DROP CONSTRAINT [FK_StockMovement_Warehouse]
ALTER TABLE [Stock].[StockMovement] DROP CONSTRAINT [FK_StockMovement_DocumentLine]
ALTER TABLE [Stock].[StockMovement] DROP CONSTRAINT [FK_StockMovement_Item]
ALTER TABLE [Inventory].[Warehouse] DROP CONSTRAINT [FK_Warehouse_Warehouse]
ALTER TABLE [ERPSettings].[RadioButtonComponentDetails] DROP CONSTRAINT [FK_RadioButtonComponentDetails_Component]
ALTER TABLE [ERPSettings].[RadioButtonComponent] DROP CONSTRAINT [FK_RadioButtonComponent_Component]
ALTER TABLE [Payroll].[CommercialsCustomerContract] DROP CONSTRAINT [FK_CommercialsCustomerContract_Prices]
ALTER TABLE [Payroll].[CommercialsCustomerContract] DROP CONSTRAINT [FK_CommercialsCustomerContract_Employee]
ALTER TABLE [ERPSettings].[ComponentByUser] DROP CONSTRAINT [FK_ComponentByUser_User]
ALTER TABLE [ERPSettings].[ComponentByUser] DROP CONSTRAINT [FK_ComponentByUser_Component]
ALTER TABLE [ERPSettings].[QrCodeComponent] DROP CONSTRAINT [FK_QrCodeComponent_Component]
ALTER TABLE [ERPSettings].[QrCodeComponent] DROP CONSTRAINT [FK_QrCodeComponent_InputComponent]
ALTER TABLE [ERPSettings].[Component] DROP CONSTRAINT [FK_Component_Component1]
ALTER TABLE [ERPSettings].[Component] DROP CONSTRAINT [FK_Component_Functionality]
ALTER TABLE [ERPSettings].[Component] DROP CONSTRAINT [FK_Component_Component]
ALTER TABLE [Shared].[Company] DROP CONSTRAINT [FK_Company_ZipCode]
ALTER TABLE [Shared].[Company] DROP CONSTRAINT [FK_Company_Currency]

ALTER TABLE [Shared].[ZipCode] DROP CONSTRAINT [FK_ZipCode_City]
ALTER TABLE [ERPSettings].[EntityCodification] DROP CONSTRAINT [FK_EntityCodification_Codification]
ALTER TABLE [ERPSettings].[EntityCodification] DROP CONSTRAINT [FK_EntityCodification_Entity]
ALTER TABLE [ERPSettings].[Entity] DROP CONSTRAINT [FK_Entity_Entity]
ALTER TABLE [ERPSettings].[UserRole] DROP CONSTRAINT [FK_UserRole_Role]
ALTER TABLE [ERPSettings].[UserRole] DROP CONSTRAINT [FK_UserRole_User]

DELETE FROM [ERPSettings].[ComboBoxOptions] WHERE [IdComponent]=N'bed5ea87-5023-4b36-bf42-a1d37283ef91'
DELETE FROM [ERPSettings].[ComboBoxComponent] WHERE [IdComponent]=N'bed5ea87-5023-4b36-bf42-a1d37283ef91'

DELETE FROM [ERPSettings].[ComponentByRole] WHERE [IdComponent]=N'28ee45ba-faba-4419-a30a-4eb092d07c36'
DELETE FROM [ERPSettings].[ComponentByRole] WHERE [IdComponent]=N'4097f446-8e47-4867-8be7-c6dd4e0a9a1e'
DELETE FROM [ERPSettings].[ComponentByRole] WHERE [IdComponent]=N'9b9a2d76-b341-44fa-bdc6-a8f3b17ab40d'
DELETE FROM [ERPSettings].[ComponentByRole] WHERE [IdComponent]=N'bed5ea87-5023-4b36-bf42-a1d37283ef91'
DELETE FROM [ERPSettings].[ComponentByRole] WHERE [IdComponent]=N'ceca57d1-ef6a-4108-9e60-c229ab4d2f10'
DELETE FROM [ERPSettings].[ComponentByRole] WHERE [IdComponent]=N'eb44f64d-5557-4d3a-8f6d-31778d47eef9'

DELETE FROM [ERPSettings].[ComboBoxDataSource] WHERE [IdComponent]=N'bed5ea87-5023-4b36-bf42-a1d37283ef91'
DELETE FROM [ERPSettings].[InputComponent] WHERE [IdComponent]=N'4097f446-8e47-4867-8be7-c6dd4e0a9a1e'
DELETE FROM [ERPSettings].[InputComponent] WHERE [IdComponent]=N'9b9a2d76-b341-44fa-bdc6-a8f3b17ab40d'
DELETE FROM [ERPSettings].[ServiceParameters] WHERE [IdServiceParameters]=N'c6b556d7-c010-4939-9887-4cc12bb69182'

DELETE FROM [ERPSettings].[Component] WHERE [IdComponent]=N'28ee45ba-faba-4419-a30a-4eb092d07c36'
DELETE FROM [ERPSettings].[Component] WHERE [IdComponent]=N'4097f446-8e47-4867-8be7-c6dd4e0a9a1e'
DELETE FROM [ERPSettings].[Component] WHERE [IdComponent]=N'9b9a2d76-b341-44fa-bdc6-a8f3b17ab40d'
DELETE FROM [ERPSettings].[Component] WHERE [IdComponent]=N'bed5ea87-5023-4b36-bf42-a1d37283ef91'
DELETE FROM [ERPSettings].[Component] WHERE [IdComponent]=N'ceca57d1-ef6a-4108-9e60-c229ab4d2f10'
DELETE FROM [ERPSettings].[Component] WHERE [IdComponent]=N'eb44f64d-5557-4d3a-8f6d-31778d47eef9'

UPDATE [ERPSettings].[Menu] SET [FR]=N'Ajouter', [EN]=N'Add' WHERE [IdMenu]=N'c6130b85-b8e1-4d37-9c2f-2afcf1536005'
UPDATE [ERPSettings].[Module] SET [Rank]=6, [ES]=N'Payslip_ES' WHERE [IdModule]=N'155b0f5c-f9a0-4f3d-aae5-85a75a7ffacd'

UPDATE [ERPSettings].[Module] SET [Rank]=9 WHERE [IdModule]=N'5c56d444-523c-4cb3-8554-1a88b3af0779'
UPDATE [ERPSettings].[Module] SET [Rank]=10 WHERE [IdModule]=N'a49cd432-de82-40d6-8994-ce2f102039cc'
UPDATE [ERPSettings].[Module] SET [Rank]=8 WHERE [IdModule]=N'ce31e87c-a47e-4c35-a81f-16f6aa695c11'
UPDATE [ERPSettings].[Module] SET [Rank]=7 WHERE [IdModule]=N'd2343785-b0e5-4d87-8f03-78d62c876d43'
UPDATE [ERPSettings].[Module] SET [Rank]=11 WHERE [IdModule]=N'd23aaf9e-127b-417c-ba8a-a31c41c3a97e'
UPDATE [ERPSettings].[ButtonComponent] SET [ng_click]=N'bController.baseService.actionService.redirectionService.redirectTo(''/payroll/payslip/list'')' WHERE [IdComponent]=N'1726a79c-9700-412c-9e82-cbcb103fa61d'
UPDATE [ERPSettings].[Functionality] SET [FR]=N'Ajouter', [EN]=N'Add' WHERE [IdFunctionality]=N'71a1d18f-85e1-4c77-ac51-fd731dcd925f'
UPDATE [ERPSettings].[ServiceParameters] SET [Method]=N'POST', [URL]=N'/api/base/getPredicate', [IdPredicateFormat]=N'ecf90e77-5c15-43b9-9bc9-c6004b8d6a0c' WHERE [IdServiceParameters]=N'44db0dad-0ea0-4127-bc00-8f220957fc08'
UPDATE [ERPSettings].[ServiceParameters] SET [TModel]=N'Payslip' WHERE [IdServiceParameters]=N'b3436913-8d94-405e-a50b-3182b5197996'
UPDATE [ERPSettings].[Component] SET [AR]=N'', [DE]=N'', [CH]=N'', [ES]=N'' WHERE [IdComponent]=N'019d04b1-234d-4b71-afa3-ef11f67559c2'
UPDATE [ERPSettings].[Component] SET [FR]=N'Formule', [EN]=N'Rule' WHERE [IdComponent]=N'15c6bd6e-dddc-4b4f-a135-9539942d10ff'
UPDATE [ERPSettings].[Component] SET [rank]=5 WHERE [IdComponent]=N'33bffda9-ce27-4b03-8f53-4d9fe2a18e90'
UPDATE [ERPSettings].[Component] SET [ComponentName]=N'PayslipNumber', [IdComponentParent]=N'bdef5342-75d0-40e4-98a1-77975345ac5e', [FR]=N'Numéro du bulletin', [EN]=N'Payslip number', [AR]=N'Numéro_AR', [DE]=N'Numéro_DE', [CH]=N'Numéro_CH', [ES]=N'Numéro_ES' WHERE [IdComponent]=N'88d19b1e-0962-4dc6-bb5b-e679b2fd44e3'
UPDATE [ERPSettings].[Component] SET [rank]=4 WHERE [IdComponent]=N'b6bedff1-bd85-4adf-8d6f-5a7eb07cc62c'
UPDATE [ERPSettings].[Component] SET [rank]=3 WHERE [IdComponent]=N'be0b7c0c-cf19-4cf0-a51a-9da076b85897'
UPDATE [ERPSettings].[Component] SET [rank]=6 WHERE [IdComponent]=N'd46bb0ad-eb15-4af1-9584-6be759617a04'
UPDATE [ERPSettings].[Component] SET [rank]=7 WHERE [IdComponent]=N'ead114da-8c78-4221-863e-73a3308fca03'


INSERT INTO [ERPSettings].[Entity] ([TableSchema], [EntityName], [TableName], [TransactionUserId], [IsDeleted], [Fr], [Ar], [En], [De], [Ch], [Es], [IsReference], [IdRelatedEntity], [Deleted_Token]) VALUES ( N'Payroll', N'Grade', N'Grade', NULL, 0, N'Grade', N'Grade', N'Grade', NULL, NULL, NULL, NULL, NULL, NULL)
INSERT INTO [ERPSettings].[Entity] ([TableSchema], [EntityName], [TableName], [TransactionUserId], [IsDeleted], [Fr], [Ar], [En], [De], [Ch], [Es], [IsReference], [IdRelatedEntity], [Deleted_Token]) VALUES ( N'Payroll', N'Echellon', N'Echellon', NULL, 0, N'Echellon', N'Echellon', N'Echellon', NULL, NULL, NULL, NULL, NULL, NULL)
INSERT INTO [ERPSettings].[Entity] ([TableSchema], [EntityName], [TableName], [TransactionUserId], [IsDeleted], [Fr], [Ar], [En], [De], [Ch], [Es], [IsReference], [IdRelatedEntity], [Deleted_Token]) VALUES ( N'Payroll', N'Contract', N'Contract', NULL, 0, N'Contrat', N'Contract', N'Contract', NULL, NULL, NULL, NULL, NULL, NULL)
INSERT INTO [ERPSettings].[Entity] ([TableSchema], [EntityName], [TableName], [TransactionUserId], [IsDeleted], [Fr], [Ar], [En], [De], [Ch], [Es], [IsReference], [IdRelatedEntity], [Deleted_Token]) VALUES ( N'Payroll', N'Job', N'Job', NULL, 0, N'Poste', N'Job', N'Job', NULL, NULL, NULL, NULL, NULL, NULL)

INSERT INTO [ERPSettings].[Component] ([IdComponent], [rank], [ComponentName], [IdComponentType], [IdFunctionality], [IdComponentParent], [FR], [EN], [AR], [DE], [CH], [ES], [IdButton], [classDiv], [classLabel], [class], [IsEncapsulated], [IdComponentChangedBy], [EntityName], [style], [ng_hide], [IsToInitialize], [IdFunctionalityForm], [IsFireChange]) VALUES (N'00f04531-9372-4732-aa6e-b0f10d5dbb34', 1, N'GRIDBUTTON2', 16, N'bb6ab79b-3279-487e-a321-d3deb8cba545', N'c03aac1d-8622-4cc5-bfc6-5aa16bb58b22', N'Mettre à jour', N'Update', N'Update_AR', N'Update_DE', N'Update_CH', N'Update_ES', N'f8e3b5d8-aa96-43bc-b0f4-d1e94c6f6e01', N'col-lg-12 col-md-12 col-sm-12', N'col-lg-4 col-md-4 col-sm-4', N'glyphicon glyphicon-edit', 1, NULL, N'Grade', NULL, NULL, 1, N'bb6ab79b-3279-487e-a321-d3deb8cba545', NULL)
INSERT INTO [ERPSettings].[Component] ([IdComponent], [rank], [ComponentName], [IdComponentType], [IdFunctionality], [IdComponentParent], [FR], [EN], [AR], [DE], [CH], [ES], [IdButton], [classDiv], [classLabel], [class], [IsEncapsulated], [IdComponentChangedBy], [EntityName], [style], [ng_hide], [IsToInitialize], [IdFunctionalityForm], [IsFireChange]) VALUES (N'02fc6a73-14a3-4004-ad34-ad0af0337b79', 1, N'DIV1', 9, N'5fa827e8-96a8-4020-9153-8755f3c3de93', N'13c58fab-0460-4697-996d-f5b2907eb7b0', N'DIV1', N'DIV1', N'DIV1', N'DIV1', N'DIV1', N'DIV1', NULL, N'', N'', N'row', 0, NULL, N'Grade', N'padding-left:0px; padding-right:0px;', NULL, 1, N'5fa827e8-96a8-4020-9153-8755f3c3de93', NULL)
INSERT INTO [ERPSettings].[Component] ([IdComponent], [rank], [ComponentName], [IdComponentType], [IdFunctionality], [IdComponentParent], [FR], [EN], [AR], [DE], [CH], [ES], [IdButton], [classDiv], [classLabel], [class], [IsEncapsulated], [IdComponentChangedBy], [EntityName], [style], [ng_hide], [IsToInitialize], [IdFunctionalityForm], [IsFireChange]) VALUES (N'04885d40-90dd-4040-92a8-ccf7eee95dc7', 2, N'GRIDBUTTON1', 16, N'06eb3687-d016-4597-9538-c1eaed785b50', N'bed7894c-6c36-4d83-9dfd-b3b4fda7bf65', N'Supprimer', N'Delete', N'Delete_AR', N'Delete_DE', N'Delete_CH', N'Delete_ES', N'f8e3b5d8-aa96-43bc-b0f4-d1e94c6f6e01', N'col-lg-12 col-md-12 col-sm-12', N'col-lg-4 col-md-4 col-sm-4', N'glyphicon glyphicon-trash', 1, NULL, N'Payslip', NULL, NULL, 1, N'06eb3687-d016-4597-9538-c1eaed785b50', NULL)
INSERT INTO [ERPSettings].[Component] ([IdComponent], [rank], [ComponentName], [IdComponentType], [IdFunctionality], [IdComponentParent], [FR], [EN], [AR], [DE], [CH], [ES], [IdButton], [classDiv], [classLabel], [class], [IsEncapsulated], [IdComponentChangedBy], [EntityName], [style], [ng_hide], [IsToInitialize], [IdFunctionalityForm], [IsFireChange]) VALUES (N'08ff21b7-0e3a-4125-9ba4-24adc4725aef', 1, N'FORM1', 6, N'418d053d-d730-4577-8e25-77584384703e', NULL, N'FORM1', N'FORM1_EN', N'FORM1_AR', N'FORM1_DE', N'FORM1_CH', N'FORM1_ES', NULL, N'col-lg-12 col-md-12 col-sm-12', N'col-lg-4 col-md-4 col-sm-4', N'', 0, NULL, N'Job', NULL, NULL, 1, N'418d053d-d730-4577-8e25-77584384703e', NULL)
INSERT INTO [ERPSettings].[Component] ([IdComponent], [rank], [ComponentName], [IdComponentType], [IdFunctionality], [IdComponentParent], [FR], [EN], [AR], [DE], [CH], [ES], [IdButton], [classDiv], [classLabel], [class], [IsEncapsulated], [IdComponentChangedBy], [EntityName], [style], [ng_hide], [IsToInitialize], [IdFunctionalityForm], [IsFireChange]) VALUES (N'0aefd176-c03c-4731-af97-b83642e9ad1e', 1, N'DIV1', 9, N'418d053d-d730-4577-8e25-77584384703e', N'1be7394d-b45a-4636-94bb-66f41f8fe5c0', N'DIV1', N'DIV1_EN', N'DIV1_AR', N'DIV1_DE', N'DIV1_CH', N'DIV1_ES', NULL, N'', N'', N'', 0, NULL, N'Job', NULL, NULL, 1, N'418d053d-d730-4577-8e25-77584384703e', NULL)
INSERT INTO [ERPSettings].[Component] ([IdComponent], [rank], [ComponentName], [IdComponentType], [IdFunctionality], [IdComponentParent], [FR], [EN], [AR], [DE], [CH], [ES], [IdButton], [classDiv], [classLabel], [class], [IsEncapsulated], [IdComponentChangedBy], [EntityName], [style], [ng_hide], [IsToInitialize], [IdFunctionalityForm], [IsFireChange]) VALUES (N'0c94f172-ee3d-4dbd-a7fa-f2df479858a9', 1, N'DIV1', 9, N'06eb3687-d016-4597-9538-c1eaed785b50', N'5f1c93dd-b31a-4d96-8b92-51df72bf329d', N'DIV1', N'DIV1', N'DIV1_AR', N'DIV1_DE', N'DIV1_CH', N'DIV1_ES', NULL, N'', N'', N'', 0, NULL, N'Payslip', N'', NULL, 1, N'06eb3687-d016-4597-9538-c1eaed785b50', NULL)
INSERT INTO [ERPSettings].[Component] ([IdComponent], [rank], [ComponentName], [IdComponentType], [IdFunctionality], [IdComponentParent], [FR], [EN], [AR], [DE], [CH], [ES], [IdButton], [classDiv], [classLabel], [class], [IsEncapsulated], [IdComponentChangedBy], [EntityName], [style], [ng_hide], [IsToInitialize], [IdFunctionalityForm], [IsFireChange]) VALUES (N'0d4bdc39-252e-4eed-b02c-6f94fbfa31ef', 1, N'SalaryStructureTab', 3, N'06eb3687-d016-4597-9538-c1eaed785b50', N'9f822a3b-caa1-4ff9-ae1f-4eacf18977ba', N'Bulletin de paie', N'Payslip', N'', N'', N'', N'', N'e793b94f-af29-4cdd-a8f7-0d7553eca4b0', N'col-lg-12 col-md-12 col-sm-12', N'col-lg-4 col-md-4 col-sm-4', N'', 0, NULL, N'Payslip', NULL, NULL, 1, N'06eb3687-d016-4597-9538-c1eaed785b50', NULL)
INSERT INTO [ERPSettings].[Component] ([IdComponent], [rank], [ComponentName], [IdComponentType], [IdFunctionality], [IdComponentParent], [FR], [EN], [AR], [DE], [CH], [ES], [IdButton], [classDiv], [classLabel], [class], [IsEncapsulated], [IdComponentChangedBy], [EntityName], [style], [ng_hide], [IsToInitialize], [IdFunctionalityForm], [IsFireChange]) VALUES (N'0dcceaba-a8c8-41bf-bc91-b85f789bc9fa', 1, N'DIVCONTAINER1', 17, N'68fec29f-1c31-4860-8e21-47e345398528', N'3ece1aef-9777-42f3-a07a-d5d17589b6a4', N'Ajouter un contrat', N'Add a contract', N'', N'', N'', N'', NULL, N'col-lg-12 col-md-12 col-sm-12', N'', N'', 0, NULL, N'Contract', NULL, NULL, 1, N'68fec29f-1c31-4860-8e21-47e345398528', NULL)
INSERT INTO [ERPSettings].[Component] ([IdComponent], [rank], [ComponentName], [IdComponentType], [IdFunctionality], [IdComponentParent], [FR], [EN], [AR], [DE], [CH], [ES], [IdButton], [classDiv], [classLabel], [class], [IsEncapsulated], [IdComponentChangedBy], [EntityName], [style], [ng_hide], [IsToInitialize], [IdFunctionalityForm], [IsFireChange]) VALUES (N'0f650892-3961-48f8-94cf-5b42022cf0b9', 1, N'DIV2', 9, N'35240f39-4f3d-4e06-9cff-16b51589f516', N'1d8d81b6-47e4-458c-bcb7-d8d5d7de89c4', N'DIV2', N'DIV2_EN', N'DIV2_AR', N'DIV2_DE', N'DIV2_CH', N'DIV2_ES', NULL, N'', N'', N'row text-center', 0, NULL, N'Echellon', NULL, NULL, 1, N'35240f39-4f3d-4e06-9cff-16b51589f516', NULL)
INSERT INTO [ERPSettings].[Component] ([IdComponent], [rank], [ComponentName], [IdComponentType], [IdFunctionality], [IdComponentParent], [FR], [EN], [AR], [DE], [CH], [ES], [IdButton], [classDiv], [classLabel], [class], [IsEncapsulated], [IdComponentChangedBy], [EntityName], [style], [ng_hide], [IsToInitialize], [IdFunctionalityForm], [IsFireChange]) VALUES (N'0f9be30b-1282-438d-84c9-cc6f932cc2dd', 1, N'DIV1', 9, N'68fec29f-1c31-4860-8e21-47e345398528', N'0dcceaba-a8c8-41bf-bc91-b85f789bc9fa', N'DIV1', N'DIV1', N'DIV1', N'DIV1', N'DIV1', N'DIV1', NULL, N'', N'', N'row', 0, NULL, N'Contract', N'padding-left:0px; padding-right:0px;', NULL, 1, N'68fec29f-1c31-4860-8e21-47e345398528', NULL)
INSERT INTO [ERPSettings].[Component] ([IdComponent], [rank], [ComponentName], [IdComponentType], [IdFunctionality], [IdComponentParent], [FR], [EN], [AR], [DE], [CH], [ES], [IdButton], [classDiv], [classLabel], [class], [IsEncapsulated], [IdComponentChangedBy], [EntityName], [style], [ng_hide], [IsToInitialize], [IdFunctionalityForm], [IsFireChange]) VALUES (N'12038896-804b-4944-9a4e-8b3d4434ca5b', 2, N'DIV4', 9, N'35240f39-4f3d-4e06-9cff-16b51589f516', N'0f650892-3961-48f8-94cf-5b42022cf0b9', N'DIV4', N'DIV4_EN', N'DIV4_AR', N'DIV4_DE', N'DIV4_CH', N'DIV4_ES', NULL, N'', N'', N'btn-group', 0, NULL, N'Echellon', N'display:inline-flex;float:right', NULL, 1, N'35240f39-4f3d-4e06-9cff-16b51589f516', NULL)
INSERT INTO [ERPSettings].[Component] ([IdComponent], [rank], [ComponentName], [IdComponentType], [IdFunctionality], [IdComponentParent], [FR], [EN], [AR], [DE], [CH], [ES], [IdButton], [classDiv], [classLabel], [class], [IsEncapsulated], [IdComponentChangedBy], [EntityName], [style], [ng_hide], [IsToInitialize], [IdFunctionalityForm], [IsFireChange]) VALUES (N'12f93ae5-ecb1-4221-878f-3d0a5bafa2e0', 3, N'DIV4', 9, N'68fec29f-1c31-4860-8e21-47e345398528', N'0f9be30b-1282-438d-84c9-cc6f932cc2dd', N'DIV4', N'DIV4', N'DIV4', N'DIV4', N'DIV4', N'DIV4', NULL, N'', N'', N'col-lg-4 col-md-4 col-sm-4', 0, NULL, N'SalaryStructure', NULL, NULL, 1, N'68fec29f-1c31-4860-8e21-47e345398528', NULL)
INSERT INTO [ERPSettings].[Component] ([IdComponent], [rank], [ComponentName], [IdComponentType], [IdFunctionality], [IdComponentParent], [FR], [EN], [AR], [DE], [CH], [ES], [IdButton], [classDiv], [classLabel], [class], [IsEncapsulated], [IdComponentChangedBy], [EntityName], [style], [ng_hide], [IsToInitialize], [IdFunctionalityForm], [IsFireChange]) VALUES (N'13c58fab-0460-4697-996d-f5b2907eb7b0', 1, N'DIVCONTAINER1', 17, N'5fa827e8-96a8-4020-9153-8755f3c3de93', N'e2600b7f-4f84-4d88-9e72-16eb8de62145', N'Ajouter un grade', N'Add a grade', N'', N'', N'', N'', NULL, N'col-lg-12 col-md-12 col-sm-12', N'', N'', 0, NULL, N'Grade', NULL, NULL, 1, N'5fa827e8-96a8-4020-9153-8755f3c3de93', NULL)
INSERT INTO [ERPSettings].[Component] ([IdComponent], [rank], [ComponentName], [IdComponentType], [IdFunctionality], [IdComponentParent], [FR], [EN], [AR], [DE], [CH], [ES], [IdButton], [classDiv], [classLabel], [class], [IsEncapsulated], [IdComponentChangedBy], [EntityName], [style], [ng_hide], [IsToInitialize], [IdFunctionalityForm], [IsFireChange]) VALUES (N'173894dd-b6cb-4f0c-890c-4949bbf11eae', 2, N'GRIDBUTTON1', 16, N'd6b0b228-646a-47c9-a361-8efd57b2bd06', N'd9886c09-41b3-4788-a9c4-1d4988c191cb', N'Supprimer', N'Delete', N'Delete_AR', N'Delete_DE', N'Delete_CH', N'Delete_ES', N'f8e3b5d8-aa96-43bc-b0f4-d1e94c6f6e01', N'col-lg-12 col-md-12 col-sm-12', N'col-lg-4 col-md-4 col-sm-4', N'glyphicon glyphicon-trash', 1, NULL, N'Job', NULL, NULL, 1, N'd6b0b228-646a-47c9-a361-8efd57b2bd06', NULL)
INSERT INTO [ERPSettings].[Component] ([IdComponent], [rank], [ComponentName], [IdComponentType], [IdFunctionality], [IdComponentParent], [FR], [EN], [AR], [DE], [CH], [ES], [IdButton], [classDiv], [classLabel], [class], [IsEncapsulated], [IdComponentChangedBy], [EntityName], [style], [ng_hide], [IsToInitialize], [IdFunctionalityForm], [IsFireChange]) VALUES (N'183b3bec-f7a9-4cf8-ab46-90f8b170d4c3', 1, N'DIV4', 9, N'68fec29f-1c31-4860-8e21-47e345398528', N'0f9be30b-1282-438d-84c9-cc6f932cc2dd', N'DIV4', N'DIV4', N'DIV4', N'DIV4', N'DIV4', N'DIV4', NULL, N'', N'', N'col-lg-4 col-md-4 col-sm-4', 0, NULL, N'SalaryStructure', NULL, NULL, 1, N'68fec29f-1c31-4860-8e21-47e345398528', NULL)
INSERT INTO [ERPSettings].[Component] ([IdComponent], [rank], [ComponentName], [IdComponentType], [IdFunctionality], [IdComponentParent], [FR], [EN], [AR], [DE], [CH], [ES], [IdButton], [classDiv], [classLabel], [class], [IsEncapsulated], [IdComponentChangedBy], [EntityName], [style], [ng_hide], [IsToInitialize], [IdFunctionalityForm], [IsFireChange]) VALUES (N'18de789b-453f-4619-a284-3a9ee2b93fbf', 2, N'DIV2', 9, N'bb6ab79b-3279-487e-a321-d3deb8cba545', N'3ca951b6-669e-4e59-bc2c-baea8c159722', N'DIV2', N'DIV2', N'DIV2_AR', N'DIV2_DE', N'DIV2_CH', N'DIV2_ES', NULL, N'', N'', N'', 0, NULL, N'Grade', NULL, N'', 1, N'bb6ab79b-3279-487e-a321-d3deb8cba545', NULL)
INSERT INTO [ERPSettings].[Component] ([IdComponent], [rank], [ComponentName], [IdComponentType], [IdFunctionality], [IdComponentParent], [FR], [EN], [AR], [DE], [CH], [ES], [IdButton], [classDiv], [classLabel], [class], [IsEncapsulated], [IdComponentChangedBy], [EntityName], [style], [ng_hide], [IsToInitialize], [IdFunctionalityForm], [IsFireChange]) VALUES (N'1a03551b-0d89-4a95-8a0b-05b0f1a74678', 1, N'DIV4', 9, N'5fa827e8-96a8-4020-9153-8755f3c3de93', N'02fc6a73-14a3-4004-ad34-ad0af0337b79', N'DIV4', N'DIV4', N'DIV4', N'DIV4', N'DIV4', N'DIV4', NULL, N'', N'', N'col-lg-6 col-md-6 col-sm-6', 0, NULL, N'Grade', NULL, NULL, 1, N'5fa827e8-96a8-4020-9153-8755f3c3de93', NULL)
INSERT INTO [ERPSettings].[Component] ([IdComponent], [rank], [ComponentName], [IdComponentType], [IdFunctionality], [IdComponentParent], [FR], [EN], [AR], [DE], [CH], [ES], [IdButton], [classDiv], [classLabel], [class], [IsEncapsulated], [IdComponentChangedBy], [EntityName], [style], [ng_hide], [IsToInitialize], [IdFunctionalityForm], [IsFireChange]) VALUES (N'1be7394d-b45a-4636-94bb-66f41f8fe5c0', 1, N'DIV4', 9, N'418d053d-d730-4577-8e25-77584384703e', N'5a81c6ec-73ac-47cd-bb59-1ea7ac11f837', N'DIV4', N'DIV4_EN', N'DIV4_AR', N'DIV4_DE', N'DIV4_CH', N'DIV4_ES', NULL, N'', N'', N'btn-group', 0, NULL, N'Job', N'display:inline-flex;float:right', NULL, 1, N'418d053d-d730-4577-8e25-77584384703e', NULL)
INSERT INTO [ERPSettings].[Component] ([IdComponent], [rank], [ComponentName], [IdComponentType], [IdFunctionality], [IdComponentParent], [FR], [EN], [AR], [DE], [CH], [ES], [IdButton], [classDiv], [classLabel], [class], [IsEncapsulated], [IdComponentChangedBy], [EntityName], [style], [ng_hide], [IsToInitialize], [IdFunctionalityForm], [IsFireChange]) VALUES (N'1c4752ef-ae63-4322-853b-2b631f7b15bc', 1, N'Label', 4, N'f53855e9-1ef1-428b-8f01-bc02a24a5277', N'cba795fd-46f2-4c2b-ac83-43988015ca08', N'Label', N'Label', N'', N'', N'', N'', NULL, N'col-lg-12 col-md-12 col-sm-12', N'col-lg-4 col-md-4 col-sm-4', N'', 0, NULL, N'Echellon', NULL, NULL, 1, N'f53855e9-1ef1-428b-8f01-bc02a24a5277', NULL)
INSERT INTO [ERPSettings].[Component] ([IdComponent], [rank], [ComponentName], [IdComponentType], [IdFunctionality], [IdComponentParent], [FR], [EN], [AR], [DE], [CH], [ES], [IdButton], [classDiv], [classLabel], [class], [IsEncapsulated], [IdComponentChangedBy], [EntityName], [style], [ng_hide], [IsToInitialize], [IdFunctionalityForm], [IsFireChange]) VALUES (N'1d8d81b6-47e4-458c-bcb7-d8d5d7de89c4', 2, N'DIV3', 9, N'35240f39-4f3d-4e06-9cff-16b51589f516', N'36f4e08c-14e8-4978-9567-cd6b2e7cc031', NULL, NULL, NULL, NULL, NULL, NULL, NULL, N'', N'', N'col-lg-12 col-md-12 col-sm-12', 0, NULL, N'Echellon', NULL, NULL, 1, N'35240f39-4f3d-4e06-9cff-16b51589f516', NULL)
INSERT INTO [ERPSettings].[Component] ([IdComponent], [rank], [ComponentName], [IdComponentType], [IdFunctionality], [IdComponentParent], [FR], [EN], [AR], [DE], [CH], [ES], [IdButton], [classDiv], [classLabel], [class], [IsEncapsulated], [IdComponentChangedBy], [EntityName], [style], [ng_hide], [IsToInitialize], [IdFunctionalityForm], [IsFireChange]) VALUES (N'1e3b2786-fefb-4739-89a0-5b78ae660bb8', 3, N'EndDate', 4, N'06eb3687-d016-4597-9538-c1eaed785b50', N'0d4bdc39-252e-4eed-b02c-6f94fbfa31ef', N'Date de fin', N'End date', N'', N'', N'', N'', NULL, N'col-lg-12 col-md-12 col-sm-12', N'col-lg-4 col-md-4 col-sm-4', N'', 0, NULL, N'Payslip', NULL, NULL, 1, N'06eb3687-d016-4597-9538-c1eaed785b50', NULL)
INSERT INTO [ERPSettings].[Component] ([IdComponent], [rank], [ComponentName], [IdComponentType], [IdFunctionality], [IdComponentParent], [FR], [EN], [AR], [DE], [CH], [ES], [IdButton], [classDiv], [classLabel], [class], [IsEncapsulated], [IdComponentChangedBy], [EntityName], [style], [ng_hide], [IsToInitialize], [IdFunctionalityForm], [IsFireChange]) VALUES (N'1f0ea175-2b78-4fb3-ba67-3b6d9875f780', 1, N'BUTTON1', 7, N'68fec29f-1c31-4860-8e21-47e345398528', N'23643cf1-f8f4-45cc-9920-1c5a6b9baf92', N'Retourner à la liste', N'Back to list', N'Retourner à la liste_AR', N'Retourner à la liste_DE', N'Retourner à la liste_CH', N'Retourner à la liste_ES', NULL, N'form-group col-lg-12 col-md-12 col-sm-12', N'col-lg-4 col-md-4 col-sm-4', N'k-button', 0, NULL, N'SalaryStructure', NULL, NULL, 1, N'68fec29f-1c31-4860-8e21-47e345398528', NULL)
INSERT INTO [ERPSettings].[Component] ([IdComponent], [rank], [ComponentName], [IdComponentType], [IdFunctionality], [IdComponentParent], [FR], [EN], [AR], [DE], [CH], [ES], [IdButton], [classDiv], [classLabel], [class], [IsEncapsulated], [IdComponentChangedBy], [EntityName], [style], [ng_hide], [IsToInitialize], [IdFunctionalityForm], [IsFireChange]) VALUES (N'21f3ccb3-ace3-4c3b-862a-fd2190c85f59', 1, N'DIVCONTAINER1', 17, N'f53855e9-1ef1-428b-8f01-bc02a24a5277', N'a8acf613-c6c1-4b83-ba60-209e4b6c9aa5', N'Liste des echellons', N'List of echelon', N'', N'', N'', N'', NULL, N'col-lg-12 col-md-12 col-sm-12', N'', N'', 0, NULL, N'Echellon', NULL, NULL, 1, N'f53855e9-1ef1-428b-8f01-bc02a24a5277', NULL)
INSERT INTO [ERPSettings].[Component] ([IdComponent], [rank], [ComponentName], [IdComponentType], [IdFunctionality], [IdComponentParent], [FR], [EN], [AR], [DE], [CH], [ES], [IdButton], [classDiv], [classLabel], [class], [IsEncapsulated], [IdComponentChangedBy], [EntityName], [style], [ng_hide], [IsToInitialize], [IdFunctionalityForm], [IsFireChange]) VALUES (N'235b0dfe-ab46-4ee7-b196-681fa6ee290b', 1, N'DIV2', 9, N'68fec29f-1c31-4860-8e21-47e345398528', N'a0caa0b1-132e-4950-907e-8f4bf8972ae2', N'DIV2', N'DIV2_EN', N'DIV2_AR', N'DIV2_DE', N'DIV2_CH', N'DIV2_ES', NULL, N'', N'', N'row text-center', 0, NULL, N'SalaryStructure', NULL, NULL, 1, N'68fec29f-1c31-4860-8e21-47e345398528', NULL)
INSERT INTO [ERPSettings].[Component] ([IdComponent], [rank], [ComponentName], [IdComponentType], [IdFunctionality], [IdComponentParent], [FR], [EN], [AR], [DE], [CH], [ES], [IdButton], [classDiv], [classLabel], [class], [IsEncapsulated], [IdComponentChangedBy], [EntityName], [style], [ng_hide], [IsToInitialize], [IdFunctionalityForm], [IsFireChange]) VALUES (N'23643cf1-f8f4-45cc-9920-1c5a6b9baf92', 1, N'DIV1', 9, N'68fec29f-1c31-4860-8e21-47e345398528', N'769bda72-8004-4da8-a5dc-08befbd06572', N'DIV1', N'DIV1_EN', N'DIV1_AR', N'DIV1_DE', N'DIV1_CH', N'DIV1_ES', NULL, N'', N'', N'', 0, NULL, N'SalaryStructure', NULL, NULL, 1, N'68fec29f-1c31-4860-8e21-47e345398528', NULL)
INSERT INTO [ERPSettings].[Component] ([IdComponent], [rank], [ComponentName], [IdComponentType], [IdFunctionality], [IdComponentParent], [FR], [EN], [AR], [DE], [CH], [ES], [IdButton], [classDiv], [classLabel], [class], [IsEncapsulated], [IdComponentChangedBy], [EntityName], [style], [ng_hide], [IsToInitialize], [IdFunctionalityForm], [IsFireChange]) VALUES (N'270f086a-3581-4c7c-ba25-a39e59c36150', 7, N'ContractReference', 4, N'06eb3687-d016-4597-9538-c1eaed785b50', N'0d4bdc39-252e-4eed-b02c-6f94fbfa31ef', N'Contrat', N'Contract', N'', N'', N'', N'', NULL, N'col-lg-12 col-md-12 col-sm-12', N'col-lg-4 col-md-4 col-sm-4', N'', 0, NULL, N'Payslip', NULL, NULL, 1, N'06eb3687-d016-4597-9538-c1eaed785b50', NULL)
INSERT INTO [ERPSettings].[Component] ([IdComponent], [rank], [ComponentName], [IdComponentType], [IdFunctionality], [IdComponentParent], [FR], [EN], [AR], [DE], [CH], [ES], [IdButton], [classDiv], [classLabel], [class], [IsEncapsulated], [IdComponentChangedBy], [EntityName], [style], [ng_hide], [IsToInitialize], [IdFunctionalityForm], [IsFireChange]) VALUES (N'283a6b8d-2187-4865-955c-dc362f70d67a', 2, N'DIV2', 9, N'd6b0b228-646a-47c9-a361-8efd57b2bd06', N'e06500f3-cf26-4f36-bb3c-b7a601f39777', N'DIV2', N'DIV2', N'DIV2_AR', N'DIV2_DE', N'DIV2_CH', N'DIV2_ES', NULL, N'', N'', N'', 0, NULL, N'Job', NULL, N'', 1, N'd6b0b228-646a-47c9-a361-8efd57b2bd06', NULL)
INSERT INTO [ERPSettings].[Component] ([IdComponent], [rank], [ComponentName], [IdComponentType], [IdFunctionality], [IdComponentParent], [FR], [EN], [AR], [DE], [CH], [ES], [IdButton], [classDiv], [classLabel], [class], [IsEncapsulated], [IdComponentChangedBy], [EntityName], [style], [ng_hide], [IsToInitialize], [IdFunctionalityForm], [IsFireChange]) VALUES (N'28afaa65-8331-4d0e-bcfe-e1c416a13801', 2, N'EndDate', 1, N'71a1d18f-85e1-4c77-ac51-fd731dcd925f', N'f66c9166-cfce-4399-a931-3778618f02d8', N'Date de fin', N'End date', N'', N'', N'', N'', N'019d04b1-234d-4b71-afa3-ef11f67559c2', N'form-group col-lg-12 col-md-12 col-sm-12', N'col-lg-4 col-md-4 col-sm-4', N'', 0, NULL, N'Payslip', NULL, NULL, 1, N'71a1d18f-85e1-4c77-ac51-fd731dcd925f', NULL)
INSERT INTO [ERPSettings].[Component] ([IdComponent], [rank], [ComponentName], [IdComponentType], [IdFunctionality], [IdComponentParent], [FR], [EN], [AR], [DE], [CH], [ES], [IdButton], [classDiv], [classLabel], [class], [IsEncapsulated], [IdComponentChangedBy], [EntityName], [style], [ng_hide], [IsToInitialize], [IdFunctionalityForm], [IsFireChange]) VALUES (N'2c39c628-7898-4752-8f9c-a8110b44c912', 1, N'GRIDBUTTON2', 16, N'f53855e9-1ef1-428b-8f01-bc02a24a5277', N'c361524a-969e-451f-916c-5c7330c802c6', N'Mettre à jour', N'Update', N'Update_AR', N'Update_DE', N'Update_CH', N'Update_ES', N'f8e3b5d8-aa96-43bc-b0f4-d1e94c6f6e01', N'col-lg-12 col-md-12 col-sm-12', N'col-lg-4 col-md-4 col-sm-4', N'glyphicon glyphicon-edit', 1, NULL, N'Echellon', NULL, NULL, 1, N'f53855e9-1ef1-428b-8f01-bc02a24a5277', NULL)
INSERT INTO [ERPSettings].[Component] ([IdComponent], [rank], [ComponentName], [IdComponentType], [IdFunctionality], [IdComponentParent], [FR], [EN], [AR], [DE], [CH], [ES], [IdButton], [classDiv], [classLabel], [class], [IsEncapsulated], [IdComponentChangedBy], [EntityName], [style], [ng_hide], [IsToInitialize], [IdFunctionalityForm], [IsFireChange]) VALUES (N'2c7f8103-b231-48e3-bdb6-e42f47e1f7ce', 1, N'StartDate', 1, N'71a1d18f-85e1-4c77-ac51-fd731dcd925f', N'f66c9166-cfce-4399-a931-3778618f02d8', N'Date de début', N'Start date', N'', N'', N'', N'', N'019d04b1-234d-4b71-afa3-ef11f67559c2', N'form-group col-lg-12 col-md-12 col-sm-12', N'col-lg-4 col-md-4 col-sm-4', N'', 0, NULL, N'Payslip', NULL, NULL, 1, N'71a1d18f-85e1-4c77-ac51-fd731dcd925f', NULL)
INSERT INTO [ERPSettings].[Component] ([IdComponent], [rank], [ComponentName], [IdComponentType], [IdFunctionality], [IdComponentParent], [FR], [EN], [AR], [DE], [CH], [ES], [IdButton], [classDiv], [classLabel], [class], [IsEncapsulated], [IdComponentChangedBy], [EntityName], [style], [ng_hide], [IsToInitialize], [IdFunctionalityForm], [IsFireChange]) VALUES (N'2d2e604e-ce7b-4fb5-90c4-7ccec70cabe4', 1, N'DIVCONTAINER1', 17, N'35240f39-4f3d-4e06-9cff-16b51589f516', N'36f4e08c-14e8-4978-9567-cd6b2e7cc031', N'Ajouter un echellon', N'Add en echellon', N'', N'', N'', N'', NULL, N'col-lg-12 col-md-12 col-sm-12', N'', N'', 0, NULL, N'Echellon', NULL, NULL, 1, N'35240f39-4f3d-4e06-9cff-16b51589f516', NULL)
INSERT INTO [ERPSettings].[Component] ([IdComponent], [rank], [ComponentName], [IdComponentType], [IdFunctionality], [IdComponentParent], [FR], [EN], [AR], [DE], [CH], [ES], [IdButton], [classDiv], [classLabel], [class], [IsEncapsulated], [IdComponentChangedBy], [EntityName], [style], [ng_hide], [IsToInitialize], [IdFunctionalityForm], [IsFireChange]) VALUES (N'2ec5bf7d-6d49-4c11-9239-126c856fa944', 1, N'BaseSalary', 1, N'68fec29f-1c31-4860-8e21-47e345398528', N'12f93ae5-ecb1-4221-878f-3d0a5bafa2e0', N'Salaire de base', N'Base salary', N'', N'', N'', N'', N'fd3d8032-c081-45ec-8b9c-92fde021316a', N'form-group col-lg-12 col-md-12 col-sm-12', N'col-lg-4 col-md-4 col-sm-4', N'', 0, NULL, N'Contract', NULL, NULL, 1, N'68fec29f-1c31-4860-8e21-47e345398528', NULL)
INSERT INTO [ERPSettings].[Component] ([IdComponent], [rank], [ComponentName], [IdComponentType], [IdFunctionality], [IdComponentParent], [FR], [EN], [AR], [DE], [CH], [ES], [IdButton], [classDiv], [classLabel], [class], [IsEncapsulated], [IdComponentChangedBy], [EntityName], [style], [ng_hide], [IsToInitialize], [IdFunctionalityForm], [IsFireChange]) VALUES (N'30c11f79-d493-4a53-896d-a41258dcc24e', 3, N'PaymentDate', 1, N'71a1d18f-85e1-4c77-ac51-fd731dcd925f', N'f66c9166-cfce-4399-a931-3778618f02d8', N'Date de payement', N'Payement date', N'', N'', N'', N'', N'019d04b1-234d-4b71-afa3-ef11f67559c2', N'form-group col-lg-12 col-md-12 col-sm-12', N'col-lg-4 col-md-4 col-sm-4', N'', 0, NULL, N'Payslip', NULL, NULL, 1, N'71a1d18f-85e1-4c77-ac51-fd731dcd925f', NULL)
INSERT INTO [ERPSettings].[Component] ([IdComponent], [rank], [ComponentName], [IdComponentType], [IdFunctionality], [IdComponentParent], [FR], [EN], [AR], [DE], [CH], [ES], [IdButton], [classDiv], [classLabel], [class], [IsEncapsulated], [IdComponentChangedBy], [EntityName], [style], [ng_hide], [IsToInitialize], [IdFunctionalityForm], [IsFireChange]) VALUES (N'30fda5fb-291f-4454-b424-c34992487d78', 2, N'IdNationalityCity', 8, N'fafd6bad-7ac7-4f9b-8dbb-bb844117369f', N'd0ab5fdb-7ba1-44b4-bcca-1279a7eacfd4', N'Ville d''origine', N'Hometown', N'Ville_AR', N'Ville_DE', N'Ville_CH', N'Pays_ES', N'dd223655-4ec6-4514-b1d7-c20ba191e638', N'form-group col-lg-6 col-md-6 col-sm-6', N'col-lg-4 col-md-4 col-sm-4', N'', 0, NULL, N'City', NULL, NULL, 1, N'fafd6bad-7ac7-4f9b-8dbb-bb844117369f', NULL)
INSERT INTO [ERPSettings].[Component] ([IdComponent], [rank], [ComponentName], [IdComponentType], [IdFunctionality], [IdComponentParent], [FR], [EN], [AR], [DE], [CH], [ES], [IdButton], [classDiv], [classLabel], [class], [IsEncapsulated], [IdComponentChangedBy], [EntityName], [style], [ng_hide], [IsToInitialize], [IdFunctionalityForm], [IsFireChange]) VALUES (N'36f4e08c-14e8-4978-9567-cd6b2e7cc031', 1, N'FORM1', 6, N'35240f39-4f3d-4e06-9cff-16b51589f516', NULL, N'FORM1', N'FORM1_EN', N'FORM1_AR', N'FORM1_DE', N'FORM1_CH', N'FORM1_ES', NULL, N'col-lg-12 col-md-12 col-sm-12', N'col-lg-4 col-md-4 col-sm-4', N'', 0, NULL, N'Echellon', NULL, NULL, 1, N'35240f39-4f3d-4e06-9cff-16b51589f516', NULL)
INSERT INTO [ERPSettings].[Component] ([IdComponent], [rank], [ComponentName], [IdComponentType], [IdFunctionality], [IdComponentParent], [FR], [EN], [AR], [DE], [CH], [ES], [IdButton], [classDiv], [classLabel], [class], [IsEncapsulated], [IdComponentChangedBy], [EntityName], [style], [ng_hide], [IsToInitialize], [IdFunctionalityForm], [IsFireChange]) VALUES (N'39e59cef-370d-4fb2-8b14-f339aa913a79', 4, N'PaymentDate', 4, N'06eb3687-d016-4597-9538-c1eaed785b50', N'0d4bdc39-252e-4eed-b02c-6f94fbfa31ef', N'Date de payement', N'Payment date', N'', N'', N'', N'', NULL, N'col-lg-12 col-md-12 col-sm-12', N'col-lg-4 col-md-4 col-sm-4', N'', 0, NULL, N'Payslip', NULL, NULL, 1, N'06eb3687-d016-4597-9538-c1eaed785b50', NULL)
INSERT INTO [ERPSettings].[Component] ([IdComponent], [rank], [ComponentName], [IdComponentType], [IdFunctionality], [IdComponentParent], [FR], [EN], [AR], [DE], [CH], [ES], [IdButton], [classDiv], [classLabel], [class], [IsEncapsulated], [IdComponentChangedBy], [EntityName], [style], [ng_hide], [IsToInitialize], [IdFunctionalityForm], [IsFireChange]) VALUES (N'3c14a37f-785f-4aca-8e5c-af023ed22829', 2, N'GRIDBUTTON1', 16, N'bb6ab79b-3279-487e-a321-d3deb8cba545', N'c03aac1d-8622-4cc5-bfc6-5aa16bb58b22', N'Supprimer', N'Delete', N'Delete_AR', N'Delete_DE', N'Delete_CH', N'Delete_ES', N'f8e3b5d8-aa96-43bc-b0f4-d1e94c6f6e01', N'col-lg-12 col-md-12 col-sm-12', N'col-lg-4 col-md-4 col-sm-4', N'glyphicon glyphicon-trash', 1, NULL, N'Grade', NULL, NULL, 1, N'bb6ab79b-3279-487e-a321-d3deb8cba545', NULL)
INSERT INTO [ERPSettings].[Component] ([IdComponent], [rank], [ComponentName], [IdComponentType], [IdFunctionality], [IdComponentParent], [FR], [EN], [AR], [DE], [CH], [ES], [IdButton], [classDiv], [classLabel], [class], [IsEncapsulated], [IdComponentChangedBy], [EntityName], [style], [ng_hide], [IsToInitialize], [IdFunctionalityForm], [IsFireChange]) VALUES (N'3ca951b6-669e-4e59-bc2c-baea8c159722', 1, N'DIVCONTAINER1', 17, N'bb6ab79b-3279-487e-a321-d3deb8cba545', N'b0e460ec-9fb4-42d4-9f42-5cd10444b0ce', N'Liste des grades', N'List of grade', N'', N'', N'', N'', NULL, N'col-lg-12 col-md-12 col-sm-12', N'', N'', 0, NULL, N'Grade', NULL, NULL, 1, N'bb6ab79b-3279-487e-a321-d3deb8cba545', NULL)
INSERT INTO [ERPSettings].[Component] ([IdComponent], [rank], [ComponentName], [IdComponentType], [IdFunctionality], [IdComponentParent], [FR], [EN], [AR], [DE], [CH], [ES], [IdButton], [classDiv], [classLabel], [class], [IsEncapsulated], [IdComponentChangedBy], [EntityName], [style], [ng_hide], [IsToInitialize], [IdFunctionalityForm], [IsFireChange]) VALUES (N'3eb0be5f-6b50-4d2d-857a-1954ec36af39', 2, N'DIV4', 9, N'68fec29f-1c31-4860-8e21-47e345398528', N'0f9be30b-1282-438d-84c9-cc6f932cc2dd', N'DIV4', N'DIV4', N'DIV4', N'DIV4', N'DIV4', N'DIV4', NULL, N'', N'', N'col-lg-4 col-md-4 col-sm-4', 0, NULL, N'SalaryStructure', NULL, NULL, 1, N'68fec29f-1c31-4860-8e21-47e345398528', NULL)
INSERT INTO [ERPSettings].[Component] ([IdComponent], [rank], [ComponentName], [IdComponentType], [IdFunctionality], [IdComponentParent], [FR], [EN], [AR], [DE], [CH], [ES], [IdButton], [classDiv], [classLabel], [class], [IsEncapsulated], [IdComponentChangedBy], [EntityName], [style], [ng_hide], [IsToInitialize], [IdFunctionalityForm], [IsFireChange]) VALUES (N'3ece1aef-9777-42f3-a07a-d5d17589b6a4', 1, N'FORM1', 6, N'68fec29f-1c31-4860-8e21-47e345398528', NULL, N'FORM1', N'FORM1_EN', N'FORM1_AR', N'FORM1_DE', N'FORM1_CH', N'FORM1_ES', NULL, N'col-lg-12 col-md-12 col-sm-12', N'col-lg-4 col-md-4 col-sm-4', N'', 0, NULL, N'Contract', NULL, NULL, 1, N'68fec29f-1c31-4860-8e21-47e345398528', NULL)
INSERT INTO [ERPSettings].[Component] ([IdComponent], [rank], [ComponentName], [IdComponentType], [IdFunctionality], [IdComponentParent], [FR], [EN], [AR], [DE], [CH], [ES], [IdButton], [classDiv], [classLabel], [class], [IsEncapsulated], [IdComponentChangedBy], [EntityName], [style], [ng_hide], [IsToInitialize], [IdFunctionalityForm], [IsFireChange]) VALUES (N'3f2e7460-706a-4988-828c-2b55f2d024b2', 6, N'Matricule', 4, N'06eb3687-d016-4597-9538-c1eaed785b50', N'0d4bdc39-252e-4eed-b02c-6f94fbfa31ef', N'Employe', N'Employee', N'', N'', N'', N'', NULL, N'col-lg-12 col-md-12 col-sm-12', N'col-lg-4 col-md-4 col-sm-4', N'', 0, NULL, N'Payslip', NULL, NULL, 1, N'06eb3687-d016-4597-9538-c1eaed785b50', NULL)
INSERT INTO [ERPSettings].[Component] ([IdComponent], [rank], [ComponentName], [IdComponentType], [IdFunctionality], [IdComponentParent], [FR], [EN], [AR], [DE], [CH], [ES], [IdButton], [classDiv], [classLabel], [class], [IsEncapsulated], [IdComponentChangedBy], [EntityName], [style], [ng_hide], [IsToInitialize], [IdFunctionalityForm], [IsFireChange]) VALUES (N'3ff4fa97-48d6-4ce9-a1bc-a1cede624d19', 1, N'Label', 1, N'5fa827e8-96a8-4020-9153-8755f3c3de93', N'1a03551b-0d89-4a95-8a0b-05b0f1a74678', N'Nom', N'Label', N'Label', N'Label', N'Label', N'Label', N'770cf443-492f-4e5d-8039-66a062bb9a02', N'form-group col-lg-12 col-md-12 col-sm-12', N'col-lg-4 col-md-4 col-sm-4', N'k-textbox', 0, NULL, N'Grade', NULL, NULL, 1, N'5fa827e8-96a8-4020-9153-8755f3c3de93', NULL)
INSERT INTO [ERPSettings].[Component] ([IdComponent], [rank], [ComponentName], [IdComponentType], [IdFunctionality], [IdComponentParent], [FR], [EN], [AR], [DE], [CH], [ES], [IdButton], [classDiv], [classLabel], [class], [IsEncapsulated], [IdComponentChangedBy], [EntityName], [style], [ng_hide], [IsToInitialize], [IdFunctionalityForm], [IsFireChange]) VALUES (N'42a06cc4-de5b-43c3-b7e2-67a5164bd40b', 2, N'GRIDBUTTON1', 16, N'f53855e9-1ef1-428b-8f01-bc02a24a5277', N'c361524a-969e-451f-916c-5c7330c802c6', N'Supprimer', N'Delete', N'Delete_AR', N'Delete_DE', N'Delete_CH', N'Delete_ES', N'f8e3b5d8-aa96-43bc-b0f4-d1e94c6f6e01', N'col-lg-12 col-md-12 col-sm-12', N'col-lg-4 col-md-4 col-sm-4', N'glyphicon glyphicon-trash', 1, NULL, N'Echellon', NULL, NULL, 1, N'f53855e9-1ef1-428b-8f01-bc02a24a5277', NULL)
INSERT INTO [ERPSettings].[Component] ([IdComponent], [rank], [ComponentName], [IdComponentType], [IdFunctionality], [IdComponentParent], [FR], [EN], [AR], [DE], [CH], [ES], [IdButton], [classDiv], [classLabel], [class], [IsEncapsulated], [IdComponentChangedBy], [EntityName], [style], [ng_hide], [IsToInitialize], [IdFunctionalityForm], [IsFireChange]) VALUES (N'44d5bf4d-b31f-4462-af86-3e36fbb3ea40', 4, N'ExpirationDate', 1, N'71a1d18f-85e1-4c77-ac51-fd731dcd925f', N'f66c9166-cfce-4399-a931-3778618f02d8', N'Date d''expiration', N'Expiration date', N'', N'', N'', N'', N'019d04b1-234d-4b71-afa3-ef11f67559c2', N'form-group col-lg-12 col-md-12 col-sm-12', N'col-lg-4 col-md-4 col-sm-4', N'', 0, NULL, N'Payslip', NULL, NULL, 1, N'71a1d18f-85e1-4c77-ac51-fd731dcd925f', NULL)
INSERT INTO [ERPSettings].[Component] ([IdComponent], [rank], [ComponentName], [IdComponentType], [IdFunctionality], [IdComponentParent], [FR], [EN], [AR], [DE], [CH], [ES], [IdButton], [classDiv], [classLabel], [class], [IsEncapsulated], [IdComponentChangedBy], [EntityName], [style], [ng_hide], [IsToInitialize], [IdFunctionalityForm], [IsFireChange]) VALUES (N'4672abef-547a-4591-be8a-79e543e80df1', 1, N'BUTTON1', 7, N'418d053d-d730-4577-8e25-77584384703e', N'cd02f207-44fb-4a27-902a-f17a2d66fb78', N'Enregistrer', N'Save', N'Enregistrer_AR', N'Enregistrer_DE', N'Enregistrer_CH', N'Enregistrer_ES', NULL, N'form-group col-lg-12 col-md-12 col-sm-12', N'col-lg-4 col-md-4 col-sm-4', N'k-button', 0, NULL, N'Job', NULL, NULL, 1, N'418d053d-d730-4577-8e25-77584384703e', NULL)
INSERT INTO [ERPSettings].[Component] ([IdComponent], [rank], [ComponentName], [IdComponentType], [IdFunctionality], [IdComponentParent], [FR], [EN], [AR], [DE], [CH], [ES], [IdButton], [classDiv], [classLabel], [class], [IsEncapsulated], [IdComponentChangedBy], [EntityName], [style], [ng_hide], [IsToInitialize], [IdFunctionalityForm], [IsFireChange]) VALUES (N'4738c2e3-850f-47ef-9ed8-417bfb4203e1', 3, N'GRIDBUTTON2', 16, N'06eb3687-d016-4597-9538-c1eaed785b50', N'bed7894c-6c36-4d83-9dfd-b3b4fda7bf65', N'Imprimer', N'Print', N'', N'', N'', N'', N'f8e3b5d8-aa96-43bc-b0f4-d1e94c6f6e01', N'col-lg-12 col-md-12 col-sm-12', N'col-lg-4 col-md-4 col-sm-4', N'glyphicon glyphicon-print', 0, NULL, N'Payslip', NULL, NULL, 1, N'06eb3687-d016-4597-9538-c1eaed785b50', NULL)
INSERT INTO [ERPSettings].[Component] ([IdComponent], [rank], [ComponentName], [IdComponentType], [IdFunctionality], [IdComponentParent], [FR], [EN], [AR], [DE], [CH], [ES], [IdButton], [classDiv], [classLabel], [class], [IsEncapsulated], [IdComponentChangedBy], [EntityName], [style], [ng_hide], [IsToInitialize], [IdFunctionalityForm], [IsFireChange]) VALUES (N'48fb2605-6955-4df6-a3f7-be39617d531a', 2, N'DIV4', 9, N'5fa827e8-96a8-4020-9153-8755f3c3de93', N'b0792204-ddec-40f4-8ac0-6f11b1833bfb', N'DIV4', N'DIV4_EN', N'DIV4_AR', N'DIV4_DE', N'DIV4_CH', N'DIV4_ES', NULL, N'', N'', N'btn-group', 0, NULL, N'Grade', N'display:inline-flex;float:right', NULL, 1, N'5fa827e8-96a8-4020-9153-8755f3c3de93', NULL)
INSERT INTO [ERPSettings].[Component] ([IdComponent], [rank], [ComponentName], [IdComponentType], [IdFunctionality], [IdComponentParent], [FR], [EN], [AR], [DE], [CH], [ES], [IdButton], [classDiv], [classLabel], [class], [IsEncapsulated], [IdComponentChangedBy], [EntityName], [style], [ng_hide], [IsToInitialize], [IdFunctionalityForm], [IsFireChange]) VALUES (N'4ccd6e12-2e3f-41a0-9e8c-146da585275b', 1, N'DIV1', 9, N'71a1d18f-85e1-4c77-ac51-fd731dcd925f', N'dabba246-8ee7-493c-ac73-96f201863d9e', N'DIV1', N'DIV1', N'DIV1', N'DIV1', N'DIV1', N'DIV1', NULL, N'', N'', N'row', 0, NULL, N'Payslip', N'padding-left:0px; padding-right:0px;', NULL, 1, N'71a1d18f-85e1-4c77-ac51-fd731dcd925f', NULL)
INSERT INTO [ERPSettings].[Component] ([IdComponent], [rank], [ComponentName], [IdComponentType], [IdFunctionality], [IdComponentParent], [FR], [EN], [AR], [DE], [CH], [ES], [IdButton], [classDiv], [classLabel], [class], [IsEncapsulated], [IdComponentChangedBy], [EntityName], [style], [ng_hide], [IsToInitialize], [IdFunctionalityForm], [IsFireChange]) VALUES (N'4f8a5f09-af4a-4121-ad8a-945facc1277d', 1, N'DIV1', 9, N'418d053d-d730-4577-8e25-77584384703e', N'54876afb-dfef-4af5-9ec0-2ed4749f1bee', N'DIV1', N'DIV1', N'DIV1', N'DIV1', N'DIV1', N'DIV1', NULL, N'', N'', N'row', 0, NULL, N'Grade', N'padding-left:0px; padding-right:0px;', NULL, 1, N'418d053d-d730-4577-8e25-77584384703e', NULL)
INSERT INTO [ERPSettings].[Component] ([IdComponent], [rank], [ComponentName], [IdComponentType], [IdFunctionality], [IdComponentParent], [FR], [EN], [AR], [DE], [CH], [ES], [IdButton], [classDiv], [classLabel], [class], [IsEncapsulated], [IdComponentChangedBy], [EntityName], [style], [ng_hide], [IsToInitialize], [IdFunctionalityForm], [IsFireChange]) VALUES (N'50afcaf6-d4b1-42b7-9546-da533e925e8d', 1, N'JobTab', 3, N'd6b0b228-646a-47c9-a361-8efd57b2bd06', N'283a6b8d-2187-4865-955c-dc362f70d67a', N'Poste', N'Job', N'', N'', N'', N'', N'e793b94f-af29-4cdd-a8f7-0d7553eca4b0', N'col-lg-12 col-md-12 col-sm-12', N'col-lg-4 col-md-4 col-sm-4', N'', 0, NULL, N'Job', NULL, NULL, 1, N'd6b0b228-646a-47c9-a361-8efd57b2bd06', NULL)
INSERT INTO [ERPSettings].[Component] ([IdComponent], [rank], [ComponentName], [IdComponentType], [IdFunctionality], [IdComponentParent], [FR], [EN], [AR], [DE], [CH], [ES], [IdButton], [classDiv], [classLabel], [class], [IsEncapsulated], [IdComponentChangedBy], [EntityName], [style], [ng_hide], [IsToInitialize], [IdFunctionalityForm], [IsFireChange]) VALUES (N'52b6e03e-f264-4c3d-82ff-03926d9ed94e', 1, N'DIV1', 9, N'bb6ab79b-3279-487e-a321-d3deb8cba545', N'3ca951b6-669e-4e59-bc2c-baea8c159722', N'DIV1', N'DIV1', N'DIV1_AR', N'DIV1_DE', N'DIV1_CH', N'DIV1_ES', NULL, N'', N'', N'', 0, NULL, N'Grade', N'', NULL, 1, N'bb6ab79b-3279-487e-a321-d3deb8cba545', NULL)
INSERT INTO [ERPSettings].[Component] ([IdComponent], [rank], [ComponentName], [IdComponentType], [IdFunctionality], [IdComponentParent], [FR], [EN], [AR], [DE], [CH], [ES], [IdButton], [classDiv], [classLabel], [class], [IsEncapsulated], [IdComponentChangedBy], [EntityName], [style], [ng_hide], [IsToInitialize], [IdFunctionalityForm], [IsFireChange]) VALUES (N'54876afb-dfef-4af5-9ec0-2ed4749f1bee', 1, N'DIVCONTAINER1', 17, N'418d053d-d730-4577-8e25-77584384703e', N'08ff21b7-0e3a-4125-9ba4-24adc4725aef', N'Ajouter un poste', N'Add a job', N'', N'', N'', N'', NULL, N'col-lg-12 col-md-12 col-sm-12', N'', N'', 0, NULL, N'Job', NULL, NULL, 1, N'418d053d-d730-4577-8e25-77584384703e', NULL)
INSERT INTO [ERPSettings].[Component] ([IdComponent], [rank], [ComponentName], [IdComponentType], [IdFunctionality], [IdComponentParent], [FR], [EN], [AR], [DE], [CH], [ES], [IdButton], [classDiv], [classLabel], [class], [IsEncapsulated], [IdComponentChangedBy], [EntityName], [style], [ng_hide], [IsToInitialize], [IdFunctionalityForm], [IsFireChange]) VALUES (N'556c4ab5-522d-4e26-b23c-8c2cee171795', 1, N'GRIDBUTTON2', 16, N'd6b0b228-646a-47c9-a361-8efd57b2bd06', N'd9886c09-41b3-4788-a9c4-1d4988c191cb', N'Mettre à jour', N'Update', N'Update_AR', N'Update_DE', N'Update_CH', N'Update_ES', N'f8e3b5d8-aa96-43bc-b0f4-d1e94c6f6e01', N'col-lg-12 col-md-12 col-sm-12', N'col-lg-4 col-md-4 col-sm-4', N'glyphicon glyphicon-edit', 1, NULL, N'Job', NULL, NULL, 1, N'd6b0b228-646a-47c9-a361-8efd57b2bd06', NULL)
INSERT INTO [ERPSettings].[Component] ([IdComponent], [rank], [ComponentName], [IdComponentType], [IdFunctionality], [IdComponentParent], [FR], [EN], [AR], [DE], [CH], [ES], [IdButton], [classDiv], [classLabel], [class], [IsEncapsulated], [IdComponentChangedBy], [EntityName], [style], [ng_hide], [IsToInitialize], [IdFunctionalityForm], [IsFireChange]) VALUES (N'55d5d3dd-7dc3-4a04-a9e8-eefe2d638727', 2, N'IdEmployee', 8, N'71a1d18f-85e1-4c77-ac51-fd731dcd925f', N'bdef5342-75d0-40e4-98a1-77975345ac5e', N'Employé', N'Employee', N'', N'', N'', N'Pays_ES', N'019d04b1-234d-4b71-afa3-ef11f67559c2', N'form-group col-lg-12 col-md-12 col-sm-12', N'col-lg-4 col-md-4 col-sm-4', N'', 0, NULL, N'Payslip', NULL, NULL, 1, N'71a1d18f-85e1-4c77-ac51-fd731dcd925f', NULL)
INSERT INTO [ERPSettings].[Component] ([IdComponent], [rank], [ComponentName], [IdComponentType], [IdFunctionality], [IdComponentParent], [FR], [EN], [AR], [DE], [CH], [ES], [IdButton], [classDiv], [classLabel], [class], [IsEncapsulated], [IdComponentChangedBy], [EntityName], [style], [ng_hide], [IsToInitialize], [IdFunctionalityForm], [IsFireChange]) VALUES (N'5a81c6ec-73ac-47cd-bb59-1ea7ac11f837', 1, N'DIV2', 9, N'418d053d-d730-4577-8e25-77584384703e', N'a5e893e6-80a3-4a37-9f5b-f6faeb7d7560', N'DIV2', N'DIV2_EN', N'DIV2_AR', N'DIV2_DE', N'DIV2_CH', N'DIV2_ES', NULL, N'', N'', N'row text-center', 0, NULL, N'Job', NULL, NULL, 1, N'418d053d-d730-4577-8e25-77584384703e', NULL)
INSERT INTO [ERPSettings].[Component] ([IdComponent], [rank], [ComponentName], [IdComponentType], [IdFunctionality], [IdComponentParent], [FR], [EN], [AR], [DE], [CH], [ES], [IdButton], [classDiv], [classLabel], [class], [IsEncapsulated], [IdComponentChangedBy], [EntityName], [style], [ng_hide], [IsToInitialize], [IdFunctionalityForm], [IsFireChange]) VALUES (N'5ac788c0-be50-42f8-833c-9a1ad837fb15', 3, N'EndDate', 1, N'68fec29f-1c31-4860-8e21-47e345398528', N'3eb0be5f-6b50-4d2d-857a-1954ec36af39', N'Date de fin ', N'End date', N'', N'', N'', N'', N'fd3d8032-c081-45ec-8b9c-92fde021316a', N'form-group col-lg-12 col-md-12 col-sm-12', N'col-lg-6 col-md-6 col-sm-6', N'', 0, NULL, N'Employee', NULL, NULL, 1, N'68fec29f-1c31-4860-8e21-47e345398528', NULL)
INSERT INTO [ERPSettings].[Component] ([IdComponent], [rank], [ComponentName], [IdComponentType], [IdFunctionality], [IdComponentParent], [FR], [EN], [AR], [DE], [CH], [ES], [IdButton], [classDiv], [classLabel], [class], [IsEncapsulated], [IdComponentChangedBy], [EntityName], [style], [ng_hide], [IsToInitialize], [IdFunctionalityForm], [IsFireChange]) VALUES (N'5bd1c9d0-61c9-4d4a-9269-12dfc7591b78', 1, N'BUTTON1', 7, N'35240f39-4f3d-4e06-9cff-16b51589f516', N'99d101d0-fd0c-45ba-a20b-f2ae4568f959', N'Enregistrer', N'Save', N'Enregistrer_AR', N'Enregistrer_DE', N'Enregistrer_CH', N'Enregistrer_ES', NULL, N'form-group col-lg-12 col-md-12 col-sm-12', N'col-lg-4 col-md-4 col-sm-4', N'k-button', 0, NULL, N'Echellon', NULL, NULL, 1, N'35240f39-4f3d-4e06-9cff-16b51589f516', NULL)
INSERT INTO [ERPSettings].[Component] ([IdComponent], [rank], [ComponentName], [IdComponentType], [IdFunctionality], [IdComponentParent], [FR], [EN], [AR], [DE], [CH], [ES], [IdButton], [classDiv], [classLabel], [class], [IsEncapsulated], [IdComponentChangedBy], [EntityName], [style], [ng_hide], [IsToInitialize], [IdFunctionalityForm], [IsFireChange]) VALUES (N'5c4e3255-1432-4c4c-9192-5ea8c04437a4', 1, N'ReportViewer', 23, N'06eb3687-d016-4597-9538-c1eaed785b50', NULL, NULL, NULL, NULL, NULL, NULL, NULL, NULL, N'col-lg-12 col-md-12 col-sm-12', N'col-lg-4 col-md-4 col-sm-4', N'', 0, NULL, N'Payslip', NULL, NULL, 1, N'06eb3687-d016-4597-9538-c1eaed785b50', NULL)
INSERT INTO [ERPSettings].[Component] ([IdComponent], [rank], [ComponentName], [IdComponentType], [IdFunctionality], [IdComponentParent], [FR], [EN], [AR], [DE], [CH], [ES], [IdButton], [classDiv], [classLabel], [class], [IsEncapsulated], [IdComponentChangedBy], [EntityName], [style], [ng_hide], [IsToInitialize], [IdFunctionalityForm], [IsFireChange]) VALUES (N'5c8faeb2-be0f-45a3-9784-a9097b7df95a', 2, N'StartDate', 4, N'06eb3687-d016-4597-9538-c1eaed785b50', N'0d4bdc39-252e-4eed-b02c-6f94fbfa31ef', N'Date début', N'Start date', N'', N'', N'', N'', NULL, N'col-lg-12 col-md-12 col-sm-12', N'col-lg-4 col-md-4 col-sm-4', N'', 0, NULL, N'Payslip', NULL, NULL, 1, N'06eb3687-d016-4597-9538-c1eaed785b50', NULL)
INSERT INTO [ERPSettings].[Component] ([IdComponent], [rank], [ComponentName], [IdComponentType], [IdFunctionality], [IdComponentParent], [FR], [EN], [AR], [DE], [CH], [ES], [IdButton], [classDiv], [classLabel], [class], [IsEncapsulated], [IdComponentChangedBy], [EntityName], [style], [ng_hide], [IsToInitialize], [IdFunctionalityForm], [IsFireChange]) VALUES (N'5f1c93dd-b31a-4d96-8b92-51df72bf329d', 1, N'DIVCONTAINER1', 17, N'06eb3687-d016-4597-9538-c1eaed785b50', N'80d5b4b0-a017-412b-ba58-2957a56f317f', N'Liste des bulletins de paie', N'List of payslip', N'', N'', N'', N'', NULL, N'col-lg-12 col-md-12 col-sm-12', N'', N'', 0, NULL, N'Payslip', NULL, NULL, 1, N'06eb3687-d016-4597-9538-c1eaed785b50', NULL)
INSERT INTO [ERPSettings].[Component] ([IdComponent], [rank], [ComponentName], [IdComponentType], [IdFunctionality], [IdComponentParent], [FR], [EN], [AR], [DE], [CH], [ES], [IdButton], [classDiv], [classLabel], [class], [IsEncapsulated], [IdComponentChangedBy], [EntityName], [style], [ng_hide], [IsToInitialize], [IdFunctionalityForm], [IsFireChange]) VALUES (N'62de15cf-9338-4824-b1e4-d30b698b32c1', 1, N'Label', 4, N'bb6ab79b-3279-487e-a321-d3deb8cba545', N'aebf4f0d-b123-4458-9391-4f407c8c4839', N'Label', N'Label', N'', N'', N'', N'', NULL, N'col-lg-12 col-md-12 col-sm-12', N'col-lg-4 col-md-4 col-sm-4', N'', 0, NULL, N'Grade', NULL, NULL, 1, N'bb6ab79b-3279-487e-a321-d3deb8cba545', NULL)
INSERT INTO [ERPSettings].[Component] ([IdComponent], [rank], [ComponentName], [IdComponentType], [IdFunctionality], [IdComponentParent], [FR], [EN], [AR], [DE], [CH], [ES], [IdButton], [classDiv], [classLabel], [class], [IsEncapsulated], [IdComponentChangedBy], [EntityName], [style], [ng_hide], [IsToInitialize], [IdFunctionalityForm], [IsFireChange]) VALUES (N'634573d5-023b-4c67-84e6-4d4c3a903e34', 2, N'WorkingTime', 1, N'68fec29f-1c31-4860-8e21-47e345398528', N'12f93ae5-ecb1-4221-878f-3d0a5bafa2e0', N'Temps de travail', N'Working time', N'', N'', N'', N'', N'fd3d8032-c081-45ec-8b9c-92fde021316a', N'form-group col-lg-12 col-md-12 col-sm-12', N'col-lg-4 col-md-4 col-sm-4', N'', 0, NULL, N'Contract', NULL, NULL, 1, N'68fec29f-1c31-4860-8e21-47e345398528', NULL)
INSERT INTO [ERPSettings].[Component] ([IdComponent], [rank], [ComponentName], [IdComponentType], [IdFunctionality], [IdComponentParent], [FR], [EN], [AR], [DE], [CH], [ES], [IdButton], [classDiv], [classLabel], [class], [IsEncapsulated], [IdComponentChangedBy], [EntityName], [style], [ng_hide], [IsToInitialize], [IdFunctionalityForm], [IsFireChange]) VALUES (N'6bf0d400-7eb3-4dfa-b6c8-e79f1db31e1e', 1, N'ContractReference', 1, N'68fec29f-1c31-4860-8e21-47e345398528', N'183b3bec-f7a9-4cf8-ab46-90f8b170d4c3', N'Reference contrat', N'Contract reference', N'Reference', N'Reference', N'Reference', N'Reference', N'fd3d8032-c081-45ec-8b9c-92fde021316a', N'form-group col-lg-12 col-md-12 col-sm-12', N'col-lg-4 col-md-4 col-sm-4', N'k-textbox', 0, NULL, N'Contract', NULL, NULL, 1, N'68fec29f-1c31-4860-8e21-47e345398528', NULL)
INSERT INTO [ERPSettings].[Component] ([IdComponent], [rank], [ComponentName], [IdComponentType], [IdFunctionality], [IdComponentParent], [FR], [EN], [AR], [DE], [CH], [ES], [IdButton], [classDiv], [classLabel], [class], [IsEncapsulated], [IdComponentChangedBy], [EntityName], [style], [ng_hide], [IsToInitialize], [IdFunctionalityForm], [IsFireChange]) VALUES (N'6fe5dc06-ed5f-4985-becb-1bc6709dc2b5', 1, N'BUTTON1', 7, N'5fa827e8-96a8-4020-9153-8755f3c3de93', N'76fad56e-4212-43e8-9e43-b5bf203aaef7', N'Retourner à la liste', N'Back to list', N'Retourner à la liste_AR', N'Retourner à la liste_DE', N'Retourner à la liste_CH', N'Retourner à la liste_ES', NULL, N'form-group col-lg-12 col-md-12 col-sm-12', N'col-lg-4 col-md-4 col-sm-4', N'k-button', 0, NULL, N'Grade', NULL, NULL, 1, N'5fa827e8-96a8-4020-9153-8755f3c3de93', NULL)
INSERT INTO [ERPSettings].[Component] ([IdComponent], [rank], [ComponentName], [IdComponentType], [IdFunctionality], [IdComponentParent], [FR], [EN], [AR], [DE], [CH], [ES], [IdButton], [classDiv], [classLabel], [class], [IsEncapsulated], [IdComponentChangedBy], [EntityName], [style], [ng_hide], [IsToInitialize], [IdFunctionalityForm], [IsFireChange]) VALUES (N'710f4b02-5f55-4992-a402-59509021f115', 1, N'BUTTON1', 7, N'bb6ab79b-3279-487e-a321-d3deb8cba545', N'52b6e03e-f264-4c3d-82ff-03926d9ed94e', N'Ajouter un grade', N'Add grade', N'', N'', N'', N'', NULL, N'form-group col-lg-4 col-md-4 col-sm-4', N'col-lg-4 col-md-4 col-sm-4', N'k-button', 0, NULL, N'Grade', NULL, NULL, 1, N'bb6ab79b-3279-487e-a321-d3deb8cba545', NULL)
INSERT INTO [ERPSettings].[Component] ([IdComponent], [rank], [ComponentName], [IdComponentType], [IdFunctionality], [IdComponentParent], [FR], [EN], [AR], [DE], [CH], [ES], [IdButton], [classDiv], [classLabel], [class], [IsEncapsulated], [IdComponentChangedBy], [EntityName], [style], [ng_hide], [IsToInitialize], [IdFunctionalityForm], [IsFireChange]) VALUES (N'7207e14d-f2c1-4831-9bb1-8cca0a004e6a', 2, N'Nationalité', 17, N'fafd6bad-7ac7-4f9b-8dbb-bb844117369f', N'e2a2c335-abc8-4f7d-acfb-c0aba56b468d', N'Nationalité', N'Nationalité', N'Nationalité', N'Nationalité', N'Nationalité', N'Nationalité', NULL, N'col-lg-6 col-md-6 col-sm-6', N'', N'col-lg-12 col-md-12 col-sm-12', 0, NULL, N'Employee', NULL, NULL, 1, N'fafd6bad-7ac7-4f9b-8dbb-bb844117369f', NULL)
INSERT INTO [ERPSettings].[Component] ([IdComponent], [rank], [ComponentName], [IdComponentType], [IdFunctionality], [IdComponentParent], [FR], [EN], [AR], [DE], [CH], [ES], [IdButton], [classDiv], [classLabel], [class], [IsEncapsulated], [IdComponentChangedBy], [EntityName], [style], [ng_hide], [IsToInitialize], [IdFunctionalityForm], [IsFireChange]) VALUES (N'7521ccb2-8094-43b1-ba07-7c64cea9fe35', 2, N'Echellon', 11, N'fafd6bad-7ac7-4f9b-8dbb-bb844117369f', N'96da3653-d0d9-4e36-a083-f37b863fb591', N'Echellon', N'Echellon', N'Echellon_AR', N'Echellon_DE', N'Echellon_CH', N'Type de reglement_ES', N'dd223655-4ec6-4514-b1d7-c20ba191e638', N'form-group col-lg-6 col-md-6 col-sm-6', N'col-lg-4 col-md-4 col-sm-4', N'', 0, NULL, N'Employee', NULL, NULL, 1, N'fafd6bad-7ac7-4f9b-8dbb-bb844117369f', NULL)
INSERT INTO [ERPSettings].[Component] ([IdComponent], [rank], [ComponentName], [IdComponentType], [IdFunctionality], [IdComponentParent], [FR], [EN], [AR], [DE], [CH], [ES], [IdButton], [classDiv], [classLabel], [class], [IsEncapsulated], [IdComponentChangedBy], [EntityName], [style], [ng_hide], [IsToInitialize], [IdFunctionalityForm], [IsFireChange]) VALUES (N'769bda72-8004-4da8-a5dc-08befbd06572', 2, N'DIV4', 9, N'68fec29f-1c31-4860-8e21-47e345398528', N'235b0dfe-ab46-4ee7-b196-681fa6ee290b', N'DIV4', N'DIV4_EN', N'DIV4_AR', N'DIV4_DE', N'DIV4_CH', N'DIV4_ES', NULL, N'', N'', N'btn-group', 0, NULL, N'SalaryStructure', N'display:inline-flex;float:right', NULL, 1, N'68fec29f-1c31-4860-8e21-47e345398528', NULL)
INSERT INTO [ERPSettings].[Component] ([IdComponent], [rank], [ComponentName], [IdComponentType], [IdFunctionality], [IdComponentParent], [FR], [EN], [AR], [DE], [CH], [ES], [IdButton], [classDiv], [classLabel], [class], [IsEncapsulated], [IdComponentChangedBy], [EntityName], [style], [ng_hide], [IsToInitialize], [IdFunctionalityForm], [IsFireChange]) VALUES (N'76fad56e-4212-43e8-9e43-b5bf203aaef7', 1, N'DIV1', 9, N'5fa827e8-96a8-4020-9153-8755f3c3de93', N'48fb2605-6955-4df6-a3f7-be39617d531a', N'DIV1', N'DIV1_EN', N'DIV1_AR', N'DIV1_DE', N'DIV1_CH', N'DIV1_ES', NULL, N'', N'', N'', 0, NULL, N'Grade', NULL, NULL, 1, N'5fa827e8-96a8-4020-9153-8755f3c3de93', NULL)
INSERT INTO [ERPSettings].[Component] ([IdComponent], [rank], [ComponentName], [IdComponentType], [IdFunctionality], [IdComponentParent], [FR], [EN], [AR], [DE], [CH], [ES], [IdButton], [classDiv], [classLabel], [class], [IsEncapsulated], [IdComponentChangedBy], [EntityName], [style], [ng_hide], [IsToInitialize], [IdFunctionalityForm], [IsFireChange]) VALUES (N'770cf443-492f-4e5d-8039-66a062bb9a02', 1, N'BUTTON1', 7, N'5fa827e8-96a8-4020-9153-8755f3c3de93', N'c0ce820e-4ea6-4197-84af-51d36f79630c', N'Enregistrer', N'Save', N'Enregistrer_AR', N'Enregistrer_DE', N'Enregistrer_CH', N'Enregistrer_ES', NULL, N'form-group col-lg-12 col-md-12 col-sm-12', N'col-lg-4 col-md-4 col-sm-4', N'k-button', 0, NULL, N'SalaryStructure', NULL, NULL, 1, N'5fa827e8-96a8-4020-9153-8755f3c3de93', NULL)
INSERT INTO [ERPSettings].[Component] ([IdComponent], [rank], [ComponentName], [IdComponentType], [IdFunctionality], [IdComponentParent], [FR], [EN], [AR], [DE], [CH], [ES], [IdButton], [classDiv], [classLabel], [class], [IsEncapsulated], [IdComponentChangedBy], [EntityName], [style], [ng_hide], [IsToInitialize], [IdFunctionalityForm], [IsFireChange]) VALUES (N'7d8173dd-e62d-477b-aa98-daa66e550040', 2, N'DIV2', 9, N'68fec29f-1c31-4860-8e21-47e345398528', N'769bda72-8004-4da8-a5dc-08befbd06572', N'DIV2', N'DIV2_EN', N'DIV2_AR', N'DIV2_DE', N'DIV2_CH', N'DIV2_ES', NULL, N'', N'', N'', 0, NULL, N'SalaryStructure', NULL, NULL, 1, N'68fec29f-1c31-4860-8e21-47e345398528', NULL)
INSERT INTO [ERPSettings].[Component] ([IdComponent], [rank], [ComponentName], [IdComponentType], [IdFunctionality], [IdComponentParent], [FR], [EN], [AR], [DE], [CH], [ES], [IdButton], [classDiv], [classLabel], [class], [IsEncapsulated], [IdComponentChangedBy], [EntityName], [style], [ng_hide], [IsToInitialize], [IdFunctionalityForm], [IsFireChange]) VALUES (N'80d5b4b0-a017-412b-ba58-2957a56f317f', 2, N'FORM1', 6, N'06eb3687-d016-4597-9538-c1eaed785b50', NULL, N'FORM1', N'FORM1', N'FORM1_AR', N'FORM1_DE', N'FORM1_CH', N'FORM1_ES', NULL, N'col-lg-12 col-md-12 col-sm-12', N'col-lg-4 col-md-4 col-sm-4', N'', 0, NULL, N'Payslip', NULL, NULL, 1, N'06eb3687-d016-4597-9538-c1eaed785b50', NULL)
INSERT INTO [ERPSettings].[Component] ([IdComponent], [rank], [ComponentName], [IdComponentType], [IdFunctionality], [IdComponentParent], [FR], [EN], [AR], [DE], [CH], [ES], [IdButton], [classDiv], [classLabel], [class], [IsEncapsulated], [IdComponentChangedBy], [EntityName], [style], [ng_hide], [IsToInitialize], [IdFunctionalityForm], [IsFireChange]) VALUES (N'8421d2b6-97c2-41a4-98d4-87076ac69e05', 1, N'DIV3', 9, N'5fa827e8-96a8-4020-9153-8755f3c3de93', N'b0792204-ddec-40f4-8ac0-6f11b1833bfb', N'DIV3', N'DIV3_EN', N'DIV3_AR', N'DIV3_DE', N'DIV3_CH', N'DIV3_ES', NULL, N'', N'', N'', 0, NULL, N'Grade', NULL, NULL, 1, N'5fa827e8-96a8-4020-9153-8755f3c3de93', NULL)
INSERT INTO [ERPSettings].[Component] ([IdComponent], [rank], [ComponentName], [IdComponentType], [IdFunctionality], [IdComponentParent], [FR], [EN], [AR], [DE], [CH], [ES], [IdButton], [classDiv], [classLabel], [class], [IsEncapsulated], [IdComponentChangedBy], [EntityName], [style], [ng_hide], [IsToInitialize], [IdFunctionalityForm], [IsFireChange]) VALUES (N'8e583e6a-ce59-4fce-a228-bb6d98256b06', 5, N'ExpirationDate', 4, N'06eb3687-d016-4597-9538-c1eaed785b50', N'0d4bdc39-252e-4eed-b02c-6f94fbfa31ef', N'Date d''expiration', N'Expiration date', N'', N'', N'', N'', NULL, N'col-lg-12 col-md-12 col-sm-12', N'col-lg-4 col-md-4 col-sm-4', N'', 0, NULL, N'Payslip', NULL, NULL, 1, N'06eb3687-d016-4597-9538-c1eaed785b50', NULL)
INSERT INTO [ERPSettings].[Component] ([IdComponent], [rank], [ComponentName], [IdComponentType], [IdFunctionality], [IdComponentParent], [FR], [EN], [AR], [DE], [CH], [ES], [IdButton], [classDiv], [classLabel], [class], [IsEncapsulated], [IdComponentChangedBy], [EntityName], [style], [ng_hide], [IsToInitialize], [IdFunctionalityForm], [IsFireChange]) VALUES (N'8eaf4868-180c-4746-acc3-18a5ce39e9a2', 1, N'DIV3', 9, N'68fec29f-1c31-4860-8e21-47e345398528', N'235b0dfe-ab46-4ee7-b196-681fa6ee290b', N'DIV3', N'DIV3_EN', N'DIV3_AR', N'DIV3_DE', N'DIV3_CH', N'DIV3_ES', NULL, N'', N'', N'', 0, NULL, N'SalaryStructure', NULL, NULL, 1, N'68fec29f-1c31-4860-8e21-47e345398528', NULL)
INSERT INTO [ERPSettings].[Component] ([IdComponent], [rank], [ComponentName], [IdComponentType], [IdFunctionality], [IdComponentParent], [FR], [EN], [AR], [DE], [CH], [ES], [IdButton], [classDiv], [classLabel], [class], [IsEncapsulated], [IdComponentChangedBy], [EntityName], [style], [ng_hide], [IsToInitialize], [IdFunctionalityForm], [IsFireChange]) VALUES (N'96da3653-d0d9-4e36-a083-f37b863fb591', 1, N'DIV3', 9, N'fafd6bad-7ac7-4f9b-8dbb-bb844117369f', N'a6af5a38-40d3-4ccb-a754-94c5e0d71fbb', NULL, NULL, NULL, NULL, NULL, NULL, NULL, N'', N'', N'col-lg-12 col-md-12 col-sm-12', 0, NULL, N'Employee', N'padding-left: 0px; padding-right: 0px;', NULL, 1, N'fafd6bad-7ac7-4f9b-8dbb-bb844117369f', NULL)
INSERT INTO [ERPSettings].[Component] ([IdComponent], [rank], [ComponentName], [IdComponentType], [IdFunctionality], [IdComponentParent], [FR], [EN], [AR], [DE], [CH], [ES], [IdButton], [classDiv], [classLabel], [class], [IsEncapsulated], [IdComponentChangedBy], [EntityName], [style], [ng_hide], [IsToInitialize], [IdFunctionalityForm], [IsFireChange]) VALUES (N'97a33bfd-0bd2-409f-9382-6404247898f8', 1, N'DIV1', 9, N'35240f39-4f3d-4e06-9cff-16b51589f516', N'2d2e604e-ce7b-4fb5-90c4-7ccec70cabe4', N'DIV1', N'DIV1', N'DIV1', N'DIV1', N'DIV1', N'DIV1', NULL, N'', N'', N'row', 0, NULL, N'Echellon', N'padding-left:0px; padding-right:0px;', NULL, 1, N'35240f39-4f3d-4e06-9cff-16b51589f516', NULL)
INSERT INTO [ERPSettings].[Component] ([IdComponent], [rank], [ComponentName], [IdComponentType], [IdFunctionality], [IdComponentParent], [FR], [EN], [AR], [DE], [CH], [ES], [IdButton], [classDiv], [classLabel], [class], [IsEncapsulated], [IdComponentChangedBy], [EntityName], [style], [ng_hide], [IsToInitialize], [IdFunctionalityForm], [IsFireChange]) VALUES (N'99d101d0-fd0c-45ba-a20b-f2ae4568f959', 2, N'DIV2', 9, N'35240f39-4f3d-4e06-9cff-16b51589f516', N'12038896-804b-4944-9a4e-8b3d4434ca5b', N'DIV2', N'DIV2_EN', N'DIV2_AR', N'DIV2_DE', N'DIV2_CH', N'DIV2_ES', NULL, N'', N'', N'', 0, NULL, N'Echellon', NULL, NULL, 1, N'35240f39-4f3d-4e06-9cff-16b51589f516', NULL)
INSERT INTO [ERPSettings].[Component] ([IdComponent], [rank], [ComponentName], [IdComponentType], [IdFunctionality], [IdComponentParent], [FR], [EN], [AR], [DE], [CH], [ES], [IdButton], [classDiv], [classLabel], [class], [IsEncapsulated], [IdComponentChangedBy], [EntityName], [style], [ng_hide], [IsToInitialize], [IdFunctionalityForm], [IsFireChange]) VALUES (N'9ac9b5d1-e422-4210-87a7-8ee54bf12a5a', 1, N'DIV1', 9, N'35240f39-4f3d-4e06-9cff-16b51589f516', N'12038896-804b-4944-9a4e-8b3d4434ca5b', N'DIV1', N'DIV1_EN', N'DIV1_AR', N'DIV1_DE', N'DIV1_CH', N'DIV1_ES', NULL, N'', N'', N'', 0, NULL, N'Echellon', NULL, NULL, 1, N'35240f39-4f3d-4e06-9cff-16b51589f516', NULL)
INSERT INTO [ERPSettings].[Component] ([IdComponent], [rank], [ComponentName], [IdComponentType], [IdFunctionality], [IdComponentParent], [FR], [EN], [AR], [DE], [CH], [ES], [IdButton], [classDiv], [classLabel], [class], [IsEncapsulated], [IdComponentChangedBy], [EntityName], [style], [ng_hide], [IsToInitialize], [IdFunctionalityForm], [IsFireChange]) VALUES (N'9f822a3b-caa1-4ff9-ae1f-4eacf18977ba', 2, N'DIV2', 9, N'06eb3687-d016-4597-9538-c1eaed785b50', N'5f1c93dd-b31a-4d96-8b92-51df72bf329d', N'DIV2', N'DIV2', N'DIV2_AR', N'DIV2_DE', N'DIV2_CH', N'DIV2_ES', NULL, N'', N'', N'', 0, NULL, N'Payslip', NULL, N'', 1, N'06eb3687-d016-4597-9538-c1eaed785b50', NULL)
INSERT INTO [ERPSettings].[Component] ([IdComponent], [rank], [ComponentName], [IdComponentType], [IdFunctionality], [IdComponentParent], [FR], [EN], [AR], [DE], [CH], [ES], [IdButton], [classDiv], [classLabel], [class], [IsEncapsulated], [IdComponentChangedBy], [EntityName], [style], [ng_hide], [IsToInitialize], [IdFunctionalityForm], [IsFireChange]) VALUES (N'a0caa0b1-132e-4950-907e-8f4bf8972ae2', 2, N'DIV3', 9, N'68fec29f-1c31-4860-8e21-47e345398528', N'3ece1aef-9777-42f3-a07a-d5d17589b6a4', NULL, NULL, NULL, NULL, NULL, NULL, NULL, N'', N'', N'col-lg-12 col-md-12 col-sm-12', 0, NULL, N'SalaryStructure', NULL, NULL, 1, N'68fec29f-1c31-4860-8e21-47e345398528', NULL)
INSERT INTO [ERPSettings].[Component] ([IdComponent], [rank], [ComponentName], [IdComponentType], [IdFunctionality], [IdComponentParent], [FR], [EN], [AR], [DE], [CH], [ES], [IdButton], [classDiv], [classLabel], [class], [IsEncapsulated], [IdComponentChangedBy], [EntityName], [style], [ng_hide], [IsToInitialize], [IdFunctionalityForm], [IsFireChange]) VALUES (N'a5e893e6-80a3-4a37-9f5b-f6faeb7d7560', 2, N'DIV3', 9, N'418d053d-d730-4577-8e25-77584384703e', N'08ff21b7-0e3a-4125-9ba4-24adc4725aef', NULL, NULL, NULL, NULL, NULL, NULL, NULL, N'', N'', N'col-lg-12 col-md-12 col-sm-12', 0, NULL, N'Job', NULL, NULL, 1, N'418d053d-d730-4577-8e25-77584384703e', NULL)
INSERT INTO [ERPSettings].[Component] ([IdComponent], [rank], [ComponentName], [IdComponentType], [IdFunctionality], [IdComponentParent], [FR], [EN], [AR], [DE], [CH], [ES], [IdButton], [classDiv], [classLabel], [class], [IsEncapsulated], [IdComponentChangedBy], [EntityName], [style], [ng_hide], [IsToInitialize], [IdFunctionalityForm], [IsFireChange]) VALUES (N'a6af5a38-40d3-4ccb-a754-94c5e0d71fbb', 1, N'Classification', 17, N'fafd6bad-7ac7-4f9b-8dbb-bb844117369f', N'e2a2c335-abc8-4f7d-acfb-c0aba56b468d', N'Classification', N'Classification', N'Classification', N'Classification', N'Classification', N'Classification', NULL, N'col-lg-6 col-md-6 col-sm-6', N'', N'col-lg-12 col-md-12 col-sm-12', 0, NULL, N'Employee', NULL, NULL, 1, N'fafd6bad-7ac7-4f9b-8dbb-bb844117369f', NULL)
INSERT INTO [ERPSettings].[Component] ([IdComponent], [rank], [ComponentName], [IdComponentType], [IdFunctionality], [IdComponentParent], [FR], [EN], [AR], [DE], [CH], [ES], [IdButton], [classDiv], [classLabel], [class], [IsEncapsulated], [IdComponentChangedBy], [EntityName], [style], [ng_hide], [IsToInitialize], [IdFunctionalityForm], [IsFireChange]) VALUES (N'a8acf613-c6c1-4b83-ba60-209e4b6c9aa5', 1, N'FORM1', 6, N'f53855e9-1ef1-428b-8f01-bc02a24a5277', NULL, N'FORM1', N'FORM1', N'FORM1_AR', N'FORM1_DE', N'FORM1_CH', N'FORM1_ES', NULL, N'col-lg-12 col-md-12 col-sm-12', N'col-lg-4 col-md-4 col-sm-4', N'', 0, NULL, N'Echellon', NULL, NULL, 1, N'f53855e9-1ef1-428b-8f01-bc02a24a5277', NULL)
INSERT INTO [ERPSettings].[Component] ([IdComponent], [rank], [ComponentName], [IdComponentType], [IdFunctionality], [IdComponentParent], [FR], [EN], [AR], [DE], [CH], [ES], [IdButton], [classDiv], [classLabel], [class], [IsEncapsulated], [IdComponentChangedBy], [EntityName], [style], [ng_hide], [IsToInitialize], [IdFunctionalityForm], [IsFireChange]) VALUES (N'ae7ae511-5f4d-4337-91e6-df7b3c84b37d', 1, N'BUTTON1', 7, N'06eb3687-d016-4597-9538-c1eaed785b50', N'0c94f172-ee3d-4dbd-a7fa-f2df479858a9', N'Ajouter un bulletin de paie', N'Add payslip', N'', N'', N'', N'', NULL, N'form-group col-lg-4 col-md-4 col-sm-4', N'col-lg-4 col-md-4 col-sm-4', N'k-button', 0, NULL, N'Payslip', NULL, NULL, 1, N'06eb3687-d016-4597-9538-c1eaed785b50', NULL)
INSERT INTO [ERPSettings].[Component] ([IdComponent], [rank], [ComponentName], [IdComponentType], [IdFunctionality], [IdComponentParent], [FR], [EN], [AR], [DE], [CH], [ES], [IdButton], [classDiv], [classLabel], [class], [IsEncapsulated], [IdComponentChangedBy], [EntityName], [style], [ng_hide], [IsToInitialize], [IdFunctionalityForm], [IsFireChange]) VALUES (N'aebf4f0d-b123-4458-9391-4f407c8c4839', 1, N'GradeTab', 3, N'bb6ab79b-3279-487e-a321-d3deb8cba545', N'18de789b-453f-4619-a284-3a9ee2b93fbf', N'Grade', N'Grade', N'', N'', N'', N'', N'e793b94f-af29-4cdd-a8f7-0d7553eca4b0', N'col-lg-12 col-md-12 col-sm-12', N'col-lg-4 col-md-4 col-sm-4', N'', 0, NULL, N'Grade', NULL, NULL, 1, N'bb6ab79b-3279-487e-a321-d3deb8cba545', NULL)
INSERT INTO [ERPSettings].[Component] ([IdComponent], [rank], [ComponentName], [IdComponentType], [IdFunctionality], [IdComponentParent], [FR], [EN], [AR], [DE], [CH], [ES], [IdButton], [classDiv], [classLabel], [class], [IsEncapsulated], [IdComponentChangedBy], [EntityName], [style], [ng_hide], [IsToInitialize], [IdFunctionalityForm], [IsFireChange]) VALUES (N'b0792204-ddec-40f4-8ac0-6f11b1833bfb', 1, N'DIV2', 9, N'5fa827e8-96a8-4020-9153-8755f3c3de93', N'c6aeb287-8c22-4fa4-b253-7e964cc55ba3', N'DIV2', N'DIV2_EN', N'DIV2_AR', N'DIV2_DE', N'DIV2_CH', N'DIV2_ES', NULL, N'', N'', N'row text-center', 0, NULL, N'Grade', NULL, NULL, 1, N'5fa827e8-96a8-4020-9153-8755f3c3de93', NULL)
INSERT INTO [ERPSettings].[Component] ([IdComponent], [rank], [ComponentName], [IdComponentType], [IdFunctionality], [IdComponentParent], [FR], [EN], [AR], [DE], [CH], [ES], [IdButton], [classDiv], [classLabel], [class], [IsEncapsulated], [IdComponentChangedBy], [EntityName], [style], [ng_hide], [IsToInitialize], [IdFunctionalityForm], [IsFireChange]) VALUES (N'b0e460ec-9fb4-42d4-9f42-5cd10444b0ce', 1, N'FORM1', 6, N'bb6ab79b-3279-487e-a321-d3deb8cba545', NULL, N'FORM1', N'FORM1', N'FORM1_AR', N'FORM1_DE', N'FORM1_CH', N'FORM1_ES', NULL, N'col-lg-12 col-md-12 col-sm-12', N'col-lg-4 col-md-4 col-sm-4', N'', 0, NULL, N'Grade', NULL, NULL, 1, N'bb6ab79b-3279-487e-a321-d3deb8cba545', NULL)
INSERT INTO [ERPSettings].[Component] ([IdComponent], [rank], [ComponentName], [IdComponentType], [IdFunctionality], [IdComponentParent], [FR], [EN], [AR], [DE], [CH], [ES], [IdButton], [classDiv], [classLabel], [class], [IsEncapsulated], [IdComponentChangedBy], [EntityName], [style], [ng_hide], [IsToInitialize], [IdFunctionalityForm], [IsFireChange]) VALUES (N'b3619f85-8be8-474a-9044-b1d6273bee55', 2, N'IdJob', 8, N'68fec29f-1c31-4860-8e21-47e345398528', N'183b3bec-f7a9-4cf8-ab46-90f8b170d4c3', N'Poste', N'Employee', N'', N'', N'', N'Pays_ES', N'fd3d8032-c081-45ec-8b9c-92fde021316a', N'form-group col-lg-12 col-md-12 col-sm-12', N'col-lg-4 col-md-4 col-sm-4', N'', 0, NULL, N'Contract', NULL, NULL, 1, N'68fec29f-1c31-4860-8e21-47e345398528', NULL)
INSERT INTO [ERPSettings].[Component] ([IdComponent], [rank], [ComponentName], [IdComponentType], [IdFunctionality], [IdComponentParent], [FR], [EN], [AR], [DE], [CH], [ES], [IdButton], [classDiv], [classLabel], [class], [IsEncapsulated], [IdComponentChangedBy], [EntityName], [style], [ng_hide], [IsToInitialize], [IdFunctionalityForm], [IsFireChange]) VALUES (N'b61d7319-3164-414c-bd83-3196896286d9', 3, N'IdEmployee', 8, N'68fec29f-1c31-4860-8e21-47e345398528', N'183b3bec-f7a9-4cf8-ab46-90f8b170d4c3', N'Employé', N'Employee', N'', N'', N'', N'Pays_ES', N'019d04b1-234d-4b71-afa3-ef11f67559c2', N'form-group col-lg-12 col-md-12 col-sm-12', N'col-lg-4 col-md-4 col-sm-4', N'', 0, NULL, N'Payslip', NULL, NULL, 1, N'68fec29f-1c31-4860-8e21-47e345398528', NULL)
INSERT INTO [ERPSettings].[Component] ([IdComponent], [rank], [ComponentName], [IdComponentType], [IdFunctionality], [IdComponentParent], [FR], [EN], [AR], [DE], [CH], [ES], [IdButton], [classDiv], [classLabel], [class], [IsEncapsulated], [IdComponentChangedBy], [EntityName], [style], [ng_hide], [IsToInitialize], [IdFunctionalityForm], [IsFireChange]) VALUES (N'b774f3b4-83af-408a-b558-bb83710820c2', 2, N'StartDate', 1, N'68fec29f-1c31-4860-8e21-47e345398528', N'3eb0be5f-6b50-4d2d-857a-1954ec36af39', N'Date de début', N'Start date', N'', N'', N'', N'', N'fd3d8032-c081-45ec-8b9c-92fde021316a', N'form-group col-lg-12 col-md-12 col-sm-12', N'col-lg-6 col-md-6 col-sm-6', N'', 0, NULL, N'Contract', NULL, NULL, 1, N'68fec29f-1c31-4860-8e21-47e345398528', NULL)
INSERT INTO [ERPSettings].[Component] ([IdComponent], [rank], [ComponentName], [IdComponentType], [IdFunctionality], [IdComponentParent], [FR], [EN], [AR], [DE], [CH], [ES], [IdButton], [classDiv], [classLabel], [class], [IsEncapsulated], [IdComponentChangedBy], [EntityName], [style], [ng_hide], [IsToInitialize], [IdFunctionalityForm], [IsFireChange]) VALUES (N'b96b5d93-8d7b-4e2b-92aa-3b34013db568', 1, N'IdNationalityCountry', 8, N'fafd6bad-7ac7-4f9b-8dbb-bb844117369f', N'd0ab5fdb-7ba1-44b4-bcca-1279a7eacfd4', N'Pays d''origine', N'Native country', N'Pays_AR', N'Pays_DE', N'Pays_CH', N'Pays_ES', N'dd223655-4ec6-4514-b1d7-c20ba191e638', N'form-group col-lg-6 col-md-6 col-sm-6', N'col-lg-4 col-md-4 col-sm-4', N'', 0, NULL, N'Employee', NULL, NULL, 1, N'fafd6bad-7ac7-4f9b-8dbb-bb844117369f', NULL)
INSERT INTO [ERPSettings].[Component] ([IdComponent], [rank], [ComponentName], [IdComponentType], [IdFunctionality], [IdComponentParent], [FR], [EN], [AR], [DE], [CH], [ES], [IdButton], [classDiv], [classLabel], [class], [IsEncapsulated], [IdComponentChangedBy], [EntityName], [style], [ng_hide], [IsToInitialize], [IdFunctionalityForm], [IsFireChange]) VALUES (N'ba343c11-5de5-4e9c-ab04-bb946588b543', 1, N'Poste', 4, N'd6b0b228-646a-47c9-a361-8efd57b2bd06', N'50afcaf6-d4b1-42b7-9546-da533e925e8d', N'Titre du poste', N'Job title', N'', N'', N'', N'', NULL, N'col-lg-12 col-md-12 col-sm-12', N'col-lg-4 col-md-4 col-sm-4', N'', 0, NULL, N'Job', NULL, NULL, 1, N'd6b0b228-646a-47c9-a361-8efd57b2bd06', NULL)
INSERT INTO [ERPSettings].[Component] ([IdComponent], [rank], [ComponentName], [IdComponentType], [IdFunctionality], [IdComponentParent], [FR], [EN], [AR], [DE], [CH], [ES], [IdButton], [classDiv], [classLabel], [class], [IsEncapsulated], [IdComponentChangedBy], [EntityName], [style], [ng_hide], [IsToInitialize], [IdFunctionalityForm], [IsFireChange]) VALUES (N'ba3f3e37-1e93-493b-9d9f-6a1722496088', 1, N'BUTTON1', 7, N'f53855e9-1ef1-428b-8f01-bc02a24a5277', N'ccb6a075-7b19-49ee-9e0c-b385c6a308c4', N'Ajouter un echellon', N'Add echelon', N'', N'', N'', N'', NULL, N'form-group col-lg-4 col-md-4 col-sm-4', N'col-lg-4 col-md-4 col-sm-4', N'k-button', 0, NULL, N'Echellon', NULL, NULL, 1, N'f53855e9-1ef1-428b-8f01-bc02a24a5277', NULL)
INSERT INTO [ERPSettings].[Component] ([IdComponent], [rank], [ComponentName], [IdComponentType], [IdFunctionality], [IdComponentParent], [FR], [EN], [AR], [DE], [CH], [ES], [IdButton], [classDiv], [classLabel], [class], [IsEncapsulated], [IdComponentChangedBy], [EntityName], [style], [ng_hide], [IsToInitialize], [IdFunctionalityForm], [IsFireChange]) VALUES (N'baeda738-d3a1-4c43-b7a2-52319fbcb63f', 1, N'Label', 1, N'418d053d-d730-4577-8e25-77584384703e', N'd76ef7ed-451d-40e8-93ed-f718ea120644', N'Titre', N'Title', N'Titre_AR', N'Titre_DE', N'Titre_CH', N'Titre_ES', N'4672abef-547a-4591-be8a-79e543e80df1', N'form-group col-lg-12 col-md-12 col-sm-12', N'col-lg-4 col-md-4 col-sm-4', N'k-textbox', 0, NULL, N'Job', NULL, NULL, 1, N'418d053d-d730-4577-8e25-77584384703e', NULL)
INSERT INTO [ERPSettings].[Component] ([IdComponent], [rank], [ComponentName], [IdComponentType], [IdFunctionality], [IdComponentParent], [FR], [EN], [AR], [DE], [CH], [ES], [IdButton], [classDiv], [classLabel], [class], [IsEncapsulated], [IdComponentChangedBy], [EntityName], [style], [ng_hide], [IsToInitialize], [IdFunctionalityForm], [IsFireChange]) VALUES (N'bb10c212-b3ee-4652-abb4-e45fac0e89ef', 1, N'Grade', 11, N'fafd6bad-7ac7-4f9b-8dbb-bb844117369f', N'96da3653-d0d9-4e36-a083-f37b863fb591', N'Grade', N'grade', N'grade_AR', N'grade_DE', N'grade_CH', N'Type de reglement_ES', N'dd223655-4ec6-4514-b1d7-c20ba191e638', N'form-group col-lg-6 col-md-6 col-sm-6', N'col-lg-4 col-md-4 col-sm-4', N'', 0, NULL, N'Employee', NULL, NULL, 1, N'fafd6bad-7ac7-4f9b-8dbb-bb844117369f', NULL)
INSERT INTO [ERPSettings].[Component] ([IdComponent], [rank], [ComponentName], [IdComponentType], [IdFunctionality], [IdComponentParent], [FR], [EN], [AR], [DE], [CH], [ES], [IdButton], [classDiv], [classLabel], [class], [IsEncapsulated], [IdComponentChangedBy], [EntityName], [style], [ng_hide], [IsToInitialize], [IdFunctionalityForm], [IsFireChange]) VALUES (N'bdef5342-75d0-40e4-98a1-77975345ac5e', 1, N'DIV4', 9, N'71a1d18f-85e1-4c77-ac51-fd731dcd925f', N'4ccd6e12-2e3f-41a0-9e8c-146da585275b', N'DIV4', N'DIV4', N'DIV4', N'DIV4', N'DIV4', N'DIV4', NULL, N'', N'', N'col-lg-6 col-md-6 col-sm-6', 0, NULL, N'Payslip', NULL, NULL, 1, N'71a1d18f-85e1-4c77-ac51-fd731dcd925f', NULL)
INSERT INTO [ERPSettings].[Component] ([IdComponent], [rank], [ComponentName], [IdComponentType], [IdFunctionality], [IdComponentParent], [FR], [EN], [AR], [DE], [CH], [ES], [IdButton], [classDiv], [classLabel], [class], [IsEncapsulated], [IdComponentChangedBy], [EntityName], [style], [ng_hide], [IsToInitialize], [IdFunctionalityForm], [IsFireChange]) VALUES (N'bed7894c-6c36-4d83-9dfd-b3b4fda7bf65', 8, N'GRIDCOLUMN5', 4, N'06eb3687-d016-4597-9538-c1eaed785b50', N'0d4bdc39-252e-4eed-b02c-6f94fbfa31ef', N'GRIDCOLUMN5', N'GRIDCOLUMN5_EN', N'GRIDCOLUMN5_AR', N'GRIDCOLUMN5_DE', N'GRIDCOLUMN5_CH', N'GRIDCOLUMN5_ES', NULL, N'col-lg-12 col-md-12 col-sm-12', N'col-lg-4 col-md-4 col-sm-4', N'', 0, NULL, N'Payslip', NULL, NULL, 1, N'06eb3687-d016-4597-9538-c1eaed785b50', NULL)
INSERT INTO [ERPSettings].[Component] ([IdComponent], [rank], [ComponentName], [IdComponentType], [IdFunctionality], [IdComponentParent], [FR], [EN], [AR], [DE], [CH], [ES], [IdButton], [classDiv], [classLabel], [class], [IsEncapsulated], [IdComponentChangedBy], [EntityName], [style], [ng_hide], [IsToInitialize], [IdFunctionalityForm], [IsFireChange]) VALUES (N'c03aac1d-8622-4cc5-bfc6-5aa16bb58b22', 2, N'GRIDCOLUMN5', 4, N'bb6ab79b-3279-487e-a321-d3deb8cba545', N'aebf4f0d-b123-4458-9391-4f407c8c4839', N'GRIDCOLUMN5', N'GRIDCOLUMN5_EN', N'GRIDCOLUMN5_AR', N'GRIDCOLUMN5_DE', N'GRIDCOLUMN5_CH', N'GRIDCOLUMN5_ES', NULL, N'col-lg-12 col-md-12 col-sm-12', N'col-lg-4 col-md-4 col-sm-4', N'', 0, NULL, N'Grade', NULL, NULL, 1, N'bb6ab79b-3279-487e-a321-d3deb8cba545', NULL)
INSERT INTO [ERPSettings].[Component] ([IdComponent], [rank], [ComponentName], [IdComponentType], [IdFunctionality], [IdComponentParent], [FR], [EN], [AR], [DE], [CH], [ES], [IdButton], [classDiv], [classLabel], [class], [IsEncapsulated], [IdComponentChangedBy], [EntityName], [style], [ng_hide], [IsToInitialize], [IdFunctionalityForm], [IsFireChange]) VALUES (N'c0ce820e-4ea6-4197-84af-51d36f79630c', 2, N'DIV2', 9, N'5fa827e8-96a8-4020-9153-8755f3c3de93', N'48fb2605-6955-4df6-a3f7-be39617d531a', N'DIV2', N'DIV2_EN', N'DIV2_AR', N'DIV2_DE', N'DIV2_CH', N'DIV2_ES', NULL, N'', N'', N'', 0, NULL, N'Grade', NULL, NULL, 1, N'5fa827e8-96a8-4020-9153-8755f3c3de93', NULL)
INSERT INTO [ERPSettings].[Component] ([IdComponent], [rank], [ComponentName], [IdComponentType], [IdFunctionality], [IdComponentParent], [FR], [EN], [AR], [DE], [CH], [ES], [IdButton], [classDiv], [classLabel], [class], [IsEncapsulated], [IdComponentChangedBy], [EntityName], [style], [ng_hide], [IsToInitialize], [IdFunctionalityForm], [IsFireChange]) VALUES (N'c0cf4db1-4a06-4a23-96bb-7e0b9095cf82', 3, N'IdPlannedPayroll', 11, N'68fec29f-1c31-4860-8e21-47e345398528', N'12f93ae5-ecb1-4221-878f-3d0a5bafa2e0', N'Paie planifiée', N'Planned payroll', N'', N'', N'', N'Type de reglement_ES', N'fd3d8032-c081-45ec-8b9c-92fde021316a', N'form-group col-lg-12 col-md-12 col-sm-12', N'col-lg-4 col-md-4 col-sm-4', N'', 0, NULL, N'Contract', NULL, NULL, 1, N'68fec29f-1c31-4860-8e21-47e345398528', 0)
INSERT INTO [ERPSettings].[Component] ([IdComponent], [rank], [ComponentName], [IdComponentType], [IdFunctionality], [IdComponentParent], [FR], [EN], [AR], [DE], [CH], [ES], [IdButton], [classDiv], [classLabel], [class], [IsEncapsulated], [IdComponentChangedBy], [EntityName], [style], [ng_hide], [IsToInitialize], [IdFunctionalityForm], [IsFireChange]) VALUES (N'c179e97d-5e26-4c1d-a86b-9b55d3f42f4d', 2, N'DIV2', 9, N'f53855e9-1ef1-428b-8f01-bc02a24a5277', N'21f3ccb3-ace3-4c3b-862a-fd2190c85f59', N'DIV2', N'DIV2', N'DIV2_AR', N'DIV2_DE', N'DIV2_CH', N'DIV2_ES', NULL, N'', N'', N'', 0, NULL, N'Echellon', NULL, N'', 1, N'f53855e9-1ef1-428b-8f01-bc02a24a5277', NULL)
INSERT INTO [ERPSettings].[Component] ([IdComponent], [rank], [ComponentName], [IdComponentType], [IdFunctionality], [IdComponentParent], [FR], [EN], [AR], [DE], [CH], [ES], [IdButton], [classDiv], [classLabel], [class], [IsEncapsulated], [IdComponentChangedBy], [EntityName], [style], [ng_hide], [IsToInitialize], [IdFunctionalityForm], [IsFireChange]) VALUES (N'c2ea210c-c0f0-4ae3-97ae-68a6e43e2cce', 1, N'PaySlipReport', 22, N'06eb3687-d016-4597-9538-c1eaed785b50', N'4738c2e3-850f-47ef-9ed8-417bfb4203e1', N'Bulletin de paie', N'Payslip', NULL, NULL, NULL, NULL, NULL, N'col-lg-12 col-md-12 col-sm-12', N'col-lg-4 col-md-4 col-sm-4', N'col-lg-8 col-md-8 col-sm-8', 0, NULL, N'Payslip', NULL, NULL, 1, N'06eb3687-d016-4597-9538-c1eaed785b50', NULL)
INSERT INTO [ERPSettings].[Component] ([IdComponent], [rank], [ComponentName], [IdComponentType], [IdFunctionality], [IdComponentParent], [FR], [EN], [AR], [DE], [CH], [ES], [IdButton], [classDiv], [classLabel], [class], [IsEncapsulated], [IdComponentChangedBy], [EntityName], [style], [ng_hide], [IsToInitialize], [IdFunctionalityForm], [IsFireChange]) VALUES (N'c361524a-969e-451f-916c-5c7330c802c6', 2, N'GRIDCOLUMN5', 4, N'f53855e9-1ef1-428b-8f01-bc02a24a5277', N'cba795fd-46f2-4c2b-ac83-43988015ca08', N'GRIDCOLUMN5', N'GRIDCOLUMN5_EN', N'GRIDCOLUMN5_AR', N'GRIDCOLUMN5_DE', N'GRIDCOLUMN5_CH', N'GRIDCOLUMN5_ES', NULL, N'col-lg-12 col-md-12 col-sm-12', N'col-lg-4 col-md-4 col-sm-4', N'', 0, NULL, N'Echellon', NULL, NULL, 1, N'f53855e9-1ef1-428b-8f01-bc02a24a5277', NULL)
INSERT INTO [ERPSettings].[Component] ([IdComponent], [rank], [ComponentName], [IdComponentType], [IdFunctionality], [IdComponentParent], [FR], [EN], [AR], [DE], [CH], [ES], [IdButton], [classDiv], [classLabel], [class], [IsEncapsulated], [IdComponentChangedBy], [EntityName], [style], [ng_hide], [IsToInitialize], [IdFunctionalityForm], [IsFireChange]) VALUES (N'c55b8d0c-40df-484b-a509-667219bb543b', 1, N'BUTTON1', 7, N'418d053d-d730-4577-8e25-77584384703e', N'0aefd176-c03c-4731-af97-b83642e9ad1e', N'Retourner à la liste', N'Back to list', N'Retourner à la liste_AR', N'Retourner à la liste_DE', N'Retourner à la liste_CH', N'Retourner à la liste_ES', NULL, N'form-group col-lg-12 col-md-12 col-sm-12', N'col-lg-4 col-md-4 col-sm-4', N'k-button', 0, NULL, N'Job', NULL, NULL, 1, N'418d053d-d730-4577-8e25-77584384703e', NULL)
INSERT INTO [ERPSettings].[Component] ([IdComponent], [rank], [ComponentName], [IdComponentType], [IdFunctionality], [IdComponentParent], [FR], [EN], [AR], [DE], [CH], [ES], [IdButton], [classDiv], [classLabel], [class], [IsEncapsulated], [IdComponentChangedBy], [EntityName], [style], [ng_hide], [IsToInitialize], [IdFunctionalityForm], [IsFireChange]) VALUES (N'c6aeb287-8c22-4fa4-b253-7e964cc55ba3', 2, N'DIV3', 9, N'5fa827e8-96a8-4020-9153-8755f3c3de93', N'e2600b7f-4f84-4d88-9e72-16eb8de62145', NULL, NULL, NULL, NULL, NULL, NULL, NULL, N'', N'', N'col-lg-12 col-md-12 col-sm-12', 0, NULL, N'Grade', NULL, NULL, 1, N'5fa827e8-96a8-4020-9153-8755f3c3de93', NULL)
INSERT INTO [ERPSettings].[Component] ([IdComponent], [rank], [ComponentName], [IdComponentType], [IdFunctionality], [IdComponentParent], [FR], [EN], [AR], [DE], [CH], [ES], [IdButton], [classDiv], [classLabel], [class], [IsEncapsulated], [IdComponentChangedBy], [EntityName], [style], [ng_hide], [IsToInitialize], [IdFunctionalityForm], [IsFireChange]) VALUES (N'cba795fd-46f2-4c2b-ac83-43988015ca08', 1, N'GradeTab', 3, N'f53855e9-1ef1-428b-8f01-bc02a24a5277', N'c179e97d-5e26-4c1d-a86b-9b55d3f42f4d', N'Echellon', N'Echelon', N'', N'', N'', N'', N'e793b94f-af29-4cdd-a8f7-0d7553eca4b0', N'col-lg-12 col-md-12 col-sm-12', N'col-lg-4 col-md-4 col-sm-4', N'', 0, NULL, N'Echellon', NULL, NULL, 1, N'f53855e9-1ef1-428b-8f01-bc02a24a5277', NULL)
INSERT INTO [ERPSettings].[Component] ([IdComponent], [rank], [ComponentName], [IdComponentType], [IdFunctionality], [IdComponentParent], [FR], [EN], [AR], [DE], [CH], [ES], [IdButton], [classDiv], [classLabel], [class], [IsEncapsulated], [IdComponentChangedBy], [EntityName], [style], [ng_hide], [IsToInitialize], [IdFunctionalityForm], [IsFireChange]) VALUES (N'ccb6a075-7b19-49ee-9e0c-b385c6a308c4', 1, N'DIV1', 9, N'f53855e9-1ef1-428b-8f01-bc02a24a5277', N'21f3ccb3-ace3-4c3b-862a-fd2190c85f59', N'DIV1', N'DIV1', N'DIV1_AR', N'DIV1_DE', N'DIV1_CH', N'DIV1_ES', NULL, N'', N'', N'', 0, NULL, N'Echellon', N'', NULL, 1, N'f53855e9-1ef1-428b-8f01-bc02a24a5277', NULL)
INSERT INTO [ERPSettings].[Component] ([IdComponent], [rank], [ComponentName], [IdComponentType], [IdFunctionality], [IdComponentParent], [FR], [EN], [AR], [DE], [CH], [ES], [IdButton], [classDiv], [classLabel], [class], [IsEncapsulated], [IdComponentChangedBy], [EntityName], [style], [ng_hide], [IsToInitialize], [IdFunctionalityForm], [IsFireChange]) VALUES (N'cd02f207-44fb-4a27-902a-f17a2d66fb78', 2, N'DIV2', 9, N'418d053d-d730-4577-8e25-77584384703e', N'1be7394d-b45a-4636-94bb-66f41f8fe5c0', N'DIV2', N'DIV2_EN', N'DIV2_AR', N'DIV2_DE', N'DIV2_CH', N'DIV2_ES', NULL, N'', N'', N'', 0, NULL, N'Job', NULL, NULL, 1, N'418d053d-d730-4577-8e25-77584384703e', NULL)
INSERT INTO [ERPSettings].[Component] ([IdComponent], [rank], [ComponentName], [IdComponentType], [IdFunctionality], [IdComponentParent], [FR], [EN], [AR], [DE], [CH], [ES], [IdButton], [classDiv], [classLabel], [class], [IsEncapsulated], [IdComponentChangedBy], [EntityName], [style], [ng_hide], [IsToInitialize], [IdFunctionalityForm], [IsFireChange]) VALUES (N'cf5c4e0e-9a2f-4adf-bc85-233a772d98f2', 1, N'DIV1', 9, N'd6b0b228-646a-47c9-a361-8efd57b2bd06', N'e06500f3-cf26-4f36-bb3c-b7a601f39777', N'DIV1', N'DIV1', N'DIV1_AR', N'DIV1_DE', N'DIV1_CH', N'DIV1_ES', NULL, N'', N'', N'', 0, NULL, N'Job', N'', NULL, 1, N'd6b0b228-646a-47c9-a361-8efd57b2bd06', NULL)
INSERT INTO [ERPSettings].[Component] ([IdComponent], [rank], [ComponentName], [IdComponentType], [IdFunctionality], [IdComponentParent], [FR], [EN], [AR], [DE], [CH], [ES], [IdButton], [classDiv], [classLabel], [class], [IsEncapsulated], [IdComponentChangedBy], [EntityName], [style], [ng_hide], [IsToInitialize], [IdFunctionalityForm], [IsFireChange]) VALUES (N'd0ab5fdb-7ba1-44b4-bcca-1279a7eacfd4', 1, N'DIV3', 9, N'fafd6bad-7ac7-4f9b-8dbb-bb844117369f', N'7207e14d-f2c1-4831-9bb1-8cca0a004e6a', NULL, NULL, NULL, NULL, NULL, NULL, NULL, N'', N'', N'col-lg-12 col-md-12 col-sm-12', 0, NULL, N'Employee', N'padding-left: 0px; padding-right: 0px;', NULL, 1, N'fafd6bad-7ac7-4f9b-8dbb-bb844117369f', NULL)
INSERT INTO [ERPSettings].[Component] ([IdComponent], [rank], [ComponentName], [IdComponentType], [IdFunctionality], [IdComponentParent], [FR], [EN], [AR], [DE], [CH], [ES], [IdButton], [classDiv], [classLabel], [class], [IsEncapsulated], [IdComponentChangedBy], [EntityName], [style], [ng_hide], [IsToInitialize], [IdFunctionalityForm], [IsFireChange]) VALUES (N'd3630674-d913-45be-8ca5-cdf134128ad5', 1, N'FORM1', 6, N'd6b0b228-646a-47c9-a361-8efd57b2bd06', NULL, N'FORM1', N'FORM1', N'FORM1_AR', N'FORM1_DE', N'FORM1_CH', N'FORM1_ES', NULL, N'col-lg-12 col-md-12 col-sm-12', N'col-lg-4 col-md-4 col-sm-4', N'', 0, NULL, N'Job', NULL, NULL, 1, N'd6b0b228-646a-47c9-a361-8efd57b2bd06', NULL)
INSERT INTO [ERPSettings].[Component] ([IdComponent], [rank], [ComponentName], [IdComponentType], [IdFunctionality], [IdComponentParent], [FR], [EN], [AR], [DE], [CH], [ES], [IdButton], [classDiv], [classLabel], [class], [IsEncapsulated], [IdComponentChangedBy], [EntityName], [style], [ng_hide], [IsToInitialize], [IdFunctionalityForm], [IsFireChange]) VALUES (N'd76ef7ed-451d-40e8-93ed-f718ea120644', 1, N'DIV4', 9, N'418d053d-d730-4577-8e25-77584384703e', N'4f8a5f09-af4a-4121-ad8a-945facc1277d', N'DIV4', N'DIV4', N'DIV4', N'DIV4', N'DIV4', N'DIV4', NULL, N'', N'', N'col-lg-6 col-md-6 col-sm-6', 0, NULL, N'Job', NULL, NULL, 1, N'418d053d-d730-4577-8e25-77584384703e', NULL)
INSERT INTO [ERPSettings].[Component] ([IdComponent], [rank], [ComponentName], [IdComponentType], [IdFunctionality], [IdComponentParent], [FR], [EN], [AR], [DE], [CH], [ES], [IdButton], [classDiv], [classLabel], [class], [IsEncapsulated], [IdComponentChangedBy], [EntityName], [style], [ng_hide], [IsToInitialize], [IdFunctionalityForm], [IsFireChange]) VALUES (N'd9886c09-41b3-4788-a9c4-1d4988c191cb', 2, N'GRIDCOLUMN5', 4, N'd6b0b228-646a-47c9-a361-8efd57b2bd06', N'50afcaf6-d4b1-42b7-9546-da533e925e8d', N'GRIDCOLUMN5', N'GRIDCOLUMN5_EN', N'GRIDCOLUMN5_AR', N'GRIDCOLUMN5_DE', N'GRIDCOLUMN5_CH', N'GRIDCOLUMN5_ES', NULL, N'col-lg-12 col-md-12 col-sm-12', N'col-lg-4 col-md-4 col-sm-4', N'', 0, NULL, N'Job', NULL, NULL, 1, N'd6b0b228-646a-47c9-a361-8efd57b2bd06', NULL)
INSERT INTO [ERPSettings].[Component] ([IdComponent], [rank], [ComponentName], [IdComponentType], [IdFunctionality], [IdComponentParent], [FR], [EN], [AR], [DE], [CH], [ES], [IdButton], [classDiv], [classLabel], [class], [IsEncapsulated], [IdComponentChangedBy], [EntityName], [style], [ng_hide], [IsToInitialize], [IdFunctionalityForm], [IsFireChange]) VALUES (N'df4022f7-7314-454f-8a6d-80d57f4b00ee', 1, N'IdContractType', 11, N'68fec29f-1c31-4860-8e21-47e345398528', N'3eb0be5f-6b50-4d2d-857a-1954ec36af39', N'Type contrat', N'', N'', N'', N'', N'Type de reglement_ES', N'fd3d8032-c081-45ec-8b9c-92fde021316a', N'form-group col-lg-12 col-md-12 col-sm-12', N'col-lg-6 col-md-6 col-sm-6', N'', 0, NULL, N'Contract', NULL, NULL, 1, N'68fec29f-1c31-4860-8e21-47e345398528', NULL)
INSERT INTO [ERPSettings].[Component] ([IdComponent], [rank], [ComponentName], [IdComponentType], [IdFunctionality], [IdComponentParent], [FR], [EN], [AR], [DE], [CH], [ES], [IdButton], [classDiv], [classLabel], [class], [IsEncapsulated], [IdComponentChangedBy], [EntityName], [style], [ng_hide], [IsToInitialize], [IdFunctionalityForm], [IsFireChange]) VALUES (N'e06500f3-cf26-4f36-bb3c-b7a601f39777', 1, N'DIVCONTAINER1', 17, N'd6b0b228-646a-47c9-a361-8efd57b2bd06', N'd3630674-d913-45be-8ca5-cdf134128ad5', N'Liste des postes', N'List of job', N'', N'', N'', N'', NULL, N'col-lg-12 col-md-12 col-sm-12', N'', N'', 0, NULL, N'Job', NULL, NULL, 1, N'd6b0b228-646a-47c9-a361-8efd57b2bd06', NULL)
INSERT INTO [ERPSettings].[Component] ([IdComponent], [rank], [ComponentName], [IdComponentType], [IdFunctionality], [IdComponentParent], [FR], [EN], [AR], [DE], [CH], [ES], [IdButton], [classDiv], [classLabel], [class], [IsEncapsulated], [IdComponentChangedBy], [EntityName], [style], [ng_hide], [IsToInitialize], [IdFunctionalityForm], [IsFireChange]) VALUES (N'e2600b7f-4f84-4d88-9e72-16eb8de62145', 1, N'FORM1', 6, N'5fa827e8-96a8-4020-9153-8755f3c3de93', NULL, N'FORM1', N'FORM1_EN', N'FORM1_AR', N'FORM1_DE', N'FORM1_CH', N'FORM1_ES', NULL, N'col-lg-12 col-md-12 col-sm-12', N'col-lg-4 col-md-4 col-sm-4', N'', 0, NULL, N'Grade', NULL, NULL, 1, N'5fa827e8-96a8-4020-9153-8755f3c3de93', NULL)
INSERT INTO [ERPSettings].[Component] ([IdComponent], [rank], [ComponentName], [IdComponentType], [IdFunctionality], [IdComponentParent], [FR], [EN], [AR], [DE], [CH], [ES], [IdButton], [classDiv], [classLabel], [class], [IsEncapsulated], [IdComponentChangedBy], [EntityName], [style], [ng_hide], [IsToInitialize], [IdFunctionalityForm], [IsFireChange]) VALUES (N'e2a2c335-abc8-4f7d-acfb-c0aba56b468d', 2, N'DIV8', 9, N'fafd6bad-7ac7-4f9b-8dbb-bb844117369f', N'f64c8d0d-cf2e-478c-8be9-3b679eb32c44', NULL, NULL, NULL, NULL, NULL, NULL, NULL, N'', N'', N'row', 0, NULL, N'Employee', NULL, NULL, 1, N'fafd6bad-7ac7-4f9b-8dbb-bb844117369f', NULL)
INSERT INTO [ERPSettings].[Component] ([IdComponent], [rank], [ComponentName], [IdComponentType], [IdFunctionality], [IdComponentParent], [FR], [EN], [AR], [DE], [CH], [ES], [IdButton], [classDiv], [classLabel], [class], [IsEncapsulated], [IdComponentChangedBy], [EntityName], [style], [ng_hide], [IsToInitialize], [IdFunctionalityForm], [IsFireChange]) VALUES (N'e89568a0-456b-4f64-8ce4-6bdb48b51d1f', 1, N'GRIDBUTTON2', 16, N'06eb3687-d016-4597-9538-c1eaed785b50', N'bed7894c-6c36-4d83-9dfd-b3b4fda7bf65', N'Mettre à jour', N'Update', N'Update_AR', N'Update_DE', N'Update_CH', N'Update_ES', N'f8e3b5d8-aa96-43bc-b0f4-d1e94c6f6e01', N'col-lg-12 col-md-12 col-sm-12', N'col-lg-4 col-md-4 col-sm-4', N'glyphicon glyphicon-edit', 1, NULL, N'Payslip', NULL, NULL, 1, N'06eb3687-d016-4597-9538-c1eaed785b50', NULL)
INSERT INTO [ERPSettings].[Component] ([IdComponent], [rank], [ComponentName], [IdComponentType], [IdFunctionality], [IdComponentParent], [FR], [EN], [AR], [DE], [CH], [ES], [IdButton], [classDiv], [classLabel], [class], [IsEncapsulated], [IdComponentChangedBy], [EntityName], [style], [ng_hide], [IsToInitialize], [IdFunctionalityForm], [IsFireChange]) VALUES (N'ecf04efe-1119-49a5-a90d-f99126c1f2ad', 1, N'PayslipNumber', 4, N'06eb3687-d016-4597-9538-c1eaed785b50', N'0d4bdc39-252e-4eed-b02c-6f94fbfa31ef', N'Numéro de bulletin', N'Payslip number', N'', N'', N'', N'', NULL, N'col-lg-12 col-md-12 col-sm-12', N'col-lg-4 col-md-4 col-sm-4', N'', 0, NULL, N'Payslip', NULL, NULL, 1, N'06eb3687-d016-4597-9538-c1eaed785b50', NULL)
INSERT INTO [ERPSettings].[Component] ([IdComponent], [rank], [ComponentName], [IdComponentType], [IdFunctionality], [IdComponentParent], [FR], [EN], [AR], [DE], [CH], [ES], [IdButton], [classDiv], [classLabel], [class], [IsEncapsulated], [IdComponentChangedBy], [EntityName], [style], [ng_hide], [IsToInitialize], [IdFunctionalityForm], [IsFireChange]) VALUES (N'f0e39163-9e08-4f46-98fd-0555c93d93b1', 3, N'IdContract', 8, N'71a1d18f-85e1-4c77-ac51-fd731dcd925f', N'bdef5342-75d0-40e4-98a1-77975345ac5e', N'Contrat', N'Contract', N'', N'', N'', N'Pays_ES', N'019d04b1-234d-4b71-afa3-ef11f67559c2', N'form-group col-lg-12 col-md-12 col-sm-12', N'col-lg-4 col-md-4 col-sm-4', N'', 0, NULL, N'Payslip', NULL, NULL, 1, N'71a1d18f-85e1-4c77-ac51-fd731dcd925f', NULL)
INSERT INTO [ERPSettings].[Component] ([IdComponent], [rank], [ComponentName], [IdComponentType], [IdFunctionality], [IdComponentParent], [FR], [EN], [AR], [DE], [CH], [ES], [IdButton], [classDiv], [classLabel], [class], [IsEncapsulated], [IdComponentChangedBy], [EntityName], [style], [ng_hide], [IsToInitialize], [IdFunctionalityForm], [IsFireChange]) VALUES (N'f26f7889-6b3a-409f-9358-e3eb889d4963', 1, N'DIV4', 9, N'35240f39-4f3d-4e06-9cff-16b51589f516', N'97a33bfd-0bd2-409f-9382-6404247898f8', N'DIV4', N'DIV4', N'DIV4', N'DIV4', N'DIV4', N'DIV4', NULL, N'', N'', N'col-lg-6 col-md-6 col-sm-6', 0, NULL, N'Echellon', NULL, NULL, 1, N'35240f39-4f3d-4e06-9cff-16b51589f516', NULL)
INSERT INTO [ERPSettings].[Component] ([IdComponent], [rank], [ComponentName], [IdComponentType], [IdFunctionality], [IdComponentParent], [FR], [EN], [AR], [DE], [CH], [ES], [IdButton], [classDiv], [classLabel], [class], [IsEncapsulated], [IdComponentChangedBy], [EntityName], [style], [ng_hide], [IsToInitialize], [IdFunctionalityForm], [IsFireChange]) VALUES (N'f6572cb9-897f-4c12-b2ba-b9837b6f5bc6', 1, N'DIV3', 9, N'35240f39-4f3d-4e06-9cff-16b51589f516', N'0f650892-3961-48f8-94cf-5b42022cf0b9', N'DIV3', N'DIV3_EN', N'DIV3_AR', N'DIV3_DE', N'DIV3_CH', N'DIV3_ES', NULL, N'', N'', N'', 0, NULL, N'Echellon', NULL, NULL, 1, N'35240f39-4f3d-4e06-9cff-16b51589f516', NULL)
INSERT INTO [ERPSettings].[Component] ([IdComponent], [rank], [ComponentName], [IdComponentType], [IdFunctionality], [IdComponentParent], [FR], [EN], [AR], [DE], [CH], [ES], [IdButton], [classDiv], [classLabel], [class], [IsEncapsulated], [IdComponentChangedBy], [EntityName], [style], [ng_hide], [IsToInitialize], [IdFunctionalityForm], [IsFireChange]) VALUES (N'f66c9166-cfce-4399-a931-3778618f02d8', 2, N'DIV4', 9, N'71a1d18f-85e1-4c77-ac51-fd731dcd925f', N'4ccd6e12-2e3f-41a0-9e8c-146da585275b', N'DIV4', N'DIV4', N'DIV4', N'DIV4', N'DIV4', N'DIV4', NULL, N'', N'', N'col-lg-6 col-md-6 col-sm-6', 0, NULL, N'Payslip', NULL, NULL, 1, N'71a1d18f-85e1-4c77-ac51-fd731dcd925f', NULL)
INSERT INTO [ERPSettings].[Component] ([IdComponent], [rank], [ComponentName], [IdComponentType], [IdFunctionality], [IdComponentParent], [FR], [EN], [AR], [DE], [CH], [ES], [IdButton], [classDiv], [classLabel], [class], [IsEncapsulated], [IdComponentChangedBy], [EntityName], [style], [ng_hide], [IsToInitialize], [IdFunctionalityForm], [IsFireChange]) VALUES (N'f8068b5f-e2e0-4bc7-8c3f-a606ff6c4558', 1, N'BUTTON1', 7, N'35240f39-4f3d-4e06-9cff-16b51589f516', N'9ac9b5d1-e422-4210-87a7-8ee54bf12a5a', N'Retourner à la liste', N'Back to list', N'Retourner à la liste_AR', N'Retourner à la liste_DE', N'Retourner à la liste_CH', N'Retourner à la liste_ES', NULL, N'form-group col-lg-12 col-md-12 col-sm-12', N'col-lg-4 col-md-4 col-sm-4', N'k-button', 0, NULL, N'Echellon', NULL, NULL, 1, N'35240f39-4f3d-4e06-9cff-16b51589f516', NULL)
INSERT INTO [ERPSettings].[Component] ([IdComponent], [rank], [ComponentName], [IdComponentType], [IdFunctionality], [IdComponentParent], [FR], [EN], [AR], [DE], [CH], [ES], [IdButton], [classDiv], [classLabel], [class], [IsEncapsulated], [IdComponentChangedBy], [EntityName], [style], [ng_hide], [IsToInitialize], [IdFunctionalityForm], [IsFireChange]) VALUES (N'fa621ea1-fc6a-4e18-a7fe-f2b0aa4de3c3', 1, N'Label', 1, N'35240f39-4f3d-4e06-9cff-16b51589f516', N'f26f7889-6b3a-409f-9358-e3eb889d4963', N'Nom', N'Label', N'Label', N'Label', N'Label', N'Label', N'5bd1c9d0-61c9-4d4a-9269-12dfc7591b78', N'form-group col-lg-12 col-md-12 col-sm-12', N'col-lg-4 col-md-4 col-sm-4', N'k-textbox', 0, NULL, N'Echellon', NULL, NULL, 1, N'35240f39-4f3d-4e06-9cff-16b51589f516', NULL)
INSERT INTO [ERPSettings].[Component] ([IdComponent], [rank], [ComponentName], [IdComponentType], [IdFunctionality], [IdComponentParent], [FR], [EN], [AR], [DE], [CH], [ES], [IdButton], [classDiv], [classLabel], [class], [IsEncapsulated], [IdComponentChangedBy], [EntityName], [style], [ng_hide], [IsToInitialize], [IdFunctionalityForm], [IsFireChange]) VALUES (N'fb473c2d-5d5c-441f-b248-ef3a14754101', 1, N'BUTTON1', 7, N'd6b0b228-646a-47c9-a361-8efd57b2bd06', N'cf5c4e0e-9a2f-4adf-bc85-233a772d98f2', N'Ajouter un poste', N'Add job', N'', N'', N'', N'', NULL, N'form-group col-lg-4 col-md-4 col-sm-4', N'col-lg-4 col-md-4 col-sm-4', N'k-button', 0, NULL, N'Job', NULL, NULL, 1, N'd6b0b228-646a-47c9-a361-8efd57b2bd06', NULL)
INSERT INTO [ERPSettings].[Component] ([IdComponent], [rank], [ComponentName], [IdComponentType], [IdFunctionality], [IdComponentParent], [FR], [EN], [AR], [DE], [CH], [ES], [IdButton], [classDiv], [classLabel], [class], [IsEncapsulated], [IdComponentChangedBy], [EntityName], [style], [ng_hide], [IsToInitialize], [IdFunctionalityForm], [IsFireChange]) VALUES (N'fd3d8032-c081-45ec-8b9c-92fde021316a', 1, N'BUTTON1', 7, N'68fec29f-1c31-4860-8e21-47e345398528', N'7d8173dd-e62d-477b-aa98-daa66e550040', N'Enregistrer', N'Save', N'Enregistrer_AR', N'Enregistrer_DE', N'Enregistrer_CH', N'Enregistrer_ES', NULL, N'form-group col-lg-12 col-md-12 col-sm-12', N'col-lg-4 col-md-4 col-sm-4', N'k-button', 0, NULL, N'SalaryStructure', NULL, NULL, 1, N'68fec29f-1c31-4860-8e21-47e345398528', NULL)

INSERT INTO [ERPSettings].[GridComponent] ([IdComponent], [TreeType], [k_on_change]) VALUES (N'0d4bdc39-252e-4eed-b02c-6f94fbfa31ef', 0, NULL)
INSERT INTO [ERPSettings].[GridComponent] ([IdComponent], [TreeType], [k_on_change]) VALUES (N'50afcaf6-d4b1-42b7-9546-da533e925e8d', 0, NULL)
INSERT INTO [ERPSettings].[GridComponent] ([IdComponent], [TreeType], [k_on_change]) VALUES (N'aebf4f0d-b123-4458-9391-4f407c8c4839', 0, NULL)
INSERT INTO [ERPSettings].[GridComponent] ([IdComponent], [TreeType], [k_on_change]) VALUES (N'cba795fd-46f2-4c2b-ac83-43988015ca08', 0, NULL)

INSERT INTO [ERPSettings].[ServiceParameters] ([IdServiceParameters], [Method], [URL], [TModel], [Module], [IdPredicateFormat], [TransactionUserId], [IsDeleted], [Deleted_Token]) VALUES (N'0ce75450-3d0d-4e81-8038-bcaf4345783d', N'GET', N'/api/base/get', N'Echellon', N'PayRoll', NULL, NULL, 0, NULL)
INSERT INTO [ERPSettings].[ServiceParameters] ([IdServiceParameters], [Method], [URL], [TModel], [Module], [IdPredicateFormat], [TransactionUserId], [IsDeleted], [Deleted_Token]) VALUES (N'1bab55a9-a102-4cc6-8eaa-49042bdbe9c1', N'POST', N'/api/base/getDataSourcePredicate', N'Employee', N'PayRoll', N'ea2db670-3582-4fde-81f6-eb17537daae2', NULL, 0, NULL)
INSERT INTO [ERPSettings].[ServiceParameters] ([IdServiceParameters], [Method], [URL], [TModel], [Module], [IdPredicateFormat], [TransactionUserId], [IsDeleted], [Deleted_Token]) VALUES (N'398480d0-941b-40b8-b231-4ce4eeafd596', N'POST', N'/api/base/insert', N'Grade', N'PayRoll', NULL, NULL, 0, NULL)
INSERT INTO [ERPSettings].[ServiceParameters] ([IdServiceParameters], [Method], [URL], [TModel], [Module], [IdPredicateFormat], [TransactionUserId], [IsDeleted], [Deleted_Token]) VALUES (N'465ae845-7d63-4a1c-8cdb-6ba985e4961c', N'GET', N'/api/base/get', N'Grade', N'PayRoll', NULL, NULL, 0, NULL)
INSERT INTO [ERPSettings].[ServiceParameters] ([IdServiceParameters], [Method], [URL], [TModel], [Module], [IdPredicateFormat], [TransactionUserId], [IsDeleted], [Deleted_Token]) VALUES (N'4b2a4c10-5a2c-4198-b845-19a220df1e6a', N'POST', N'/api/base/getDataSourcePredicate', N'Country', N'Shared', N'9a0c5155-9d7f-4ec3-9eb0-5b45ac4cea54', NULL, 0, NULL)
INSERT INTO [ERPSettings].[ServiceParameters] ([IdServiceParameters], [Method], [URL], [TModel], [Module], [IdPredicateFormat], [TransactionUserId], [IsDeleted], [Deleted_Token]) VALUES (N'52eeb003-30ad-416f-a14a-9f515f727165', N'POST', N'/api/base/getDataSourcePredicate', N'Contract', N'PayRoll', N'ce17568e-6804-4bef-bdcf-736b5fcfdb0c', NULL, 0, NULL)
INSERT INTO [ERPSettings].[ServiceParameters] ([IdServiceParameters], [Method], [URL], [TModel], [Module], [IdPredicateFormat], [TransactionUserId], [IsDeleted], [Deleted_Token]) VALUES (N'54cae275-81ca-4215-8000-9924bbf841f0', N'POST', N'/api/base/getDataSourcePredicate', N'Contract', N'PayRoll', N'835020e5-199a-49cd-be03-3deb4e1cd59c', NULL, 0, NULL)
INSERT INTO [ERPSettings].[ServiceParameters] ([IdServiceParameters], [Method], [URL], [TModel], [Module], [IdPredicateFormat], [TransactionUserId], [IsDeleted], [Deleted_Token]) VALUES (N'6225aaf4-6fa0-4e13-ba7f-7c5f0e3bed84', N'POST', N'/api/base/getDataSourcePredicate', N'City', N'Shared', N'b528efc4-8c0e-4efd-a05b-f4925f03dc12', NULL, 0, NULL)
INSERT INTO [ERPSettings].[ServiceParameters] ([IdServiceParameters], [Method], [URL], [TModel], [Module], [IdPredicateFormat], [TransactionUserId], [IsDeleted], [Deleted_Token]) VALUES (N'63b63fc2-9a53-4b31-8ef9-031e89e7f933', N'POST', N'/api/base/getDataSourcePredicate', N'Employee', N'PayRoll', N'1bb7e940-4b52-4232-bee0-e7ce3166abeb', NULL, 0, NULL)
INSERT INTO [ERPSettings].[ServiceParameters] ([IdServiceParameters], [Method], [URL], [TModel], [Module], [IdPredicateFormat], [TransactionUserId], [IsDeleted], [Deleted_Token]) VALUES (N'792d52da-dec1-49f8-9c11-3289bbf7d0e8', N'POST', N'/api/base/insert', N'Job', N'PayRoll', NULL, NULL, 0, NULL)
INSERT INTO [ERPSettings].[ServiceParameters] ([IdServiceParameters], [Method], [URL], [TModel], [Module], [IdPredicateFormat], [TransactionUserId], [IsDeleted], [Deleted_Token]) VALUES (N'88425019-890f-4082-bd57-38d48a9806a7', N'GET', N'/api/base/get', N'ContractType', N'PayRoll', N'fe86904b-61b8-4260-8668-924090c14b0f', NULL, 0, NULL)
INSERT INTO [ERPSettings].[ServiceParameters] ([IdServiceParameters], [Method], [URL], [TModel], [Module], [IdPredicateFormat], [TransactionUserId], [IsDeleted], [Deleted_Token]) VALUES (N'8a8ee87b-b314-4756-9850-2c361eb4a37b', N'POST', N'/api/base/insert', N'Echellon', N'PayRoll', NULL, NULL, 0, NULL)
INSERT INTO [ERPSettings].[ServiceParameters] ([IdServiceParameters], [Method], [URL], [TModel], [Module], [IdPredicateFormat], [TransactionUserId], [IsDeleted], [Deleted_Token]) VALUES (N'ac37963a-d7ee-4905-93dc-39256a9b8f2b', N'GET', N'/api/base/get', N'PlannedPayroll', N'PayRoll', N'c744010e-0d2a-442e-9b7e-88a9e137fe14', NULL, 0, NULL)
INSERT INTO [ERPSettings].[ServiceParameters] ([IdServiceParameters], [Method], [URL], [TModel], [Module], [IdPredicateFormat], [TransactionUserId], [IsDeleted], [Deleted_Token]) VALUES (N'c298d20a-c6c5-4ff6-8d46-d79b704d88c9', N'GET', N'/api/base/get', N'Job', N'PayRoll', NULL, NULL, 0, NULL)
INSERT INTO [ERPSettings].[ServiceParameters] ([IdServiceParameters], [Method], [URL], [TModel], [Module], [IdPredicateFormat], [TransactionUserId], [IsDeleted], [Deleted_Token]) VALUES (N'e975c2ee-9176-4121-b3f9-885c0ee0f44b', N'GET', N'/api/base/get', N'Grade', N'PayRoll', NULL, NULL, 0, NULL)
INSERT INTO [ERPSettings].[ServiceParameters] ([IdServiceParameters], [Method], [URL], [TModel], [Module], [IdPredicateFormat], [TransactionUserId], [IsDeleted], [Deleted_Token]) VALUES (N'f10c2862-fc0e-4b2a-810f-61c0514a114b', N'POST', N'/api/base/getDataSourcePredicate', N'Payslip', N'PayRoll', N'cdd4fbd5-19ca-44dd-822b-45036ba54c7c', NULL, 0, NULL)
INSERT INTO [ERPSettings].[ServiceParameters] ([IdServiceParameters], [Method], [URL], [TModel], [Module], [IdPredicateFormat], [TransactionUserId], [IsDeleted], [Deleted_Token]) VALUES (N'fb9f3dc4-5235-49b0-87bb-771e64dbf575', N'GET', N'/api/base/get', N'Echellon', N'PayRoll', NULL, NULL, 0, NULL)
INSERT INTO [ERPSettings].[ServiceParameters] ([IdServiceParameters], [Method], [URL], [TModel], [Module], [IdPredicateFormat], [TransactionUserId], [IsDeleted], [Deleted_Token]) VALUES (N'ffafeca1-5883-4430-a7c0-e2cccbdc0102', N'POST', N'/api/base/insert', N'SalaryStructure', N'PayRoll', NULL, NULL, 0, NULL)
INSERT INTO [ERPSettings].[GridDataSource] ([IdGridOptions], [IdServiceParameters], [error], [autoSync], [pageSize], [serverPaging], [serverSorting], [serverFiltering], [serverGrouping], [serverAggregates], [batch], [Id], [ParentId], [children], [hasChildrens], [expanded]) VALUES (N'0d4bdc39-252e-4eed-b02c-6f94fbfa31ef', N'f10c2862-fc0e-4b2a-810f-61c0514a114b', NULL, 0, 5, 0, 0, 0, 0, 0, 0, NULL, NULL, NULL, NULL, NULL)
INSERT INTO [ERPSettings].[GridDataSource] ([IdGridOptions], [IdServiceParameters], [error], [autoSync], [pageSize], [serverPaging], [serverSorting], [serverFiltering], [serverGrouping], [serverAggregates], [batch], [Id], [ParentId], [children], [hasChildrens], [expanded]) VALUES (N'50afcaf6-d4b1-42b7-9546-da533e925e8d', N'c298d20a-c6c5-4ff6-8d46-d79b704d88c9', NULL, 0, 5, 0, 0, 0, 0, 0, 0, NULL, NULL, NULL, NULL, NULL)
INSERT INTO [ERPSettings].[GridDataSource] ([IdGridOptions], [IdServiceParameters], [error], [autoSync], [pageSize], [serverPaging], [serverSorting], [serverFiltering], [serverGrouping], [serverAggregates], [batch], [Id], [ParentId], [children], [hasChildrens], [expanded]) VALUES (N'aebf4f0d-b123-4458-9391-4f407c8c4839', N'e975c2ee-9176-4121-b3f9-885c0ee0f44b', NULL, 0, 5, 0, 0, 0, 0, 0, 0, NULL, NULL, NULL, NULL, NULL)
INSERT INTO [ERPSettings].[GridDataSource] ([IdGridOptions], [IdServiceParameters], [error], [autoSync], [pageSize], [serverPaging], [serverSorting], [serverFiltering], [serverGrouping], [serverAggregates], [batch], [Id], [ParentId], [children], [hasChildrens], [expanded]) VALUES (N'cba795fd-46f2-4c2b-ac83-43988015ca08', N'0ce75450-3d0d-4e81-8038-bcaf4345783d', NULL, 0, 5, 0, 0, 0, 0, 0, 0, NULL, NULL, NULL, NULL, NULL)
INSERT INTO [ERPSettings].[InputComponent] ([IdComponent], [inputType], [ng_model], [required], [ng_disabled], [ng_minlength], [ng_maxlength], [ng_change], [ng_bind], [ng_blur], [placeholder], [k_ng_model], [k_on_change], [k_format], [k_min], [k_max], [k_decimals], [k_step], [ui_date_mask], [pattern], [k_mask], [defaultValue], [ng_readonly], [formatPrecision], [IsCurrency], [Accept]) VALUES (N'28afaa65-8331-4d0e-bcfe-e1c416a13801', 2, NULL, 1, NULL, NULL, NULL, NULL, NULL, NULL, N'{{''28afaa65-8331-4d0e-bcfe-e1c416a13801'' | translate }}', NULL, N'bController.baseService.actionService.onChangeDate(''28afaa65-8331-4d0e-bcfe-e1c416a13801'',''874451bf-dfb9-4772-83c5-66715d719037'')', N'', N'', N'', NULL, NULL, NULL, N'', NULL, N'', NULL, 0, NULL, NULL)
INSERT INTO [ERPSettings].[InputComponent] ([IdComponent], [inputType], [ng_model], [required], [ng_disabled], [ng_minlength], [ng_maxlength], [ng_change], [ng_bind], [ng_blur], [placeholder], [k_ng_model], [k_on_change], [k_format], [k_min], [k_max], [k_decimals], [k_step], [ui_date_mask], [pattern], [k_mask], [defaultValue], [ng_readonly], [formatPrecision], [IsCurrency], [Accept]) VALUES (N'2c7f8103-b231-48e3-bdb6-e42f47e1f7ce', 2, NULL, 1, NULL, NULL, NULL, NULL, NULL, NULL, N'{{''2c7f8103-b231-48e3-bdb6-e42f47e1f7ce'' | translate }}', NULL, N'bController.baseService.actionService.onChangeDate(''2c7f8103-b231-48e3-bdb6-e42f47e1f7ce'',''874451bf-dfb9-4772-83c5-66715d719037'')', N'', N'', N'', NULL, NULL, NULL, N'', NULL, N'', NULL, 0, NULL, NULL)
INSERT INTO [ERPSettings].[InputComponent] ([IdComponent], [inputType], [ng_model], [required], [ng_disabled], [ng_minlength], [ng_maxlength], [ng_change], [ng_bind], [ng_blur], [placeholder], [k_ng_model], [k_on_change], [k_format], [k_min], [k_max], [k_decimals], [k_step], [ui_date_mask], [pattern], [k_mask], [defaultValue], [ng_readonly], [formatPrecision], [IsCurrency], [Accept]) VALUES (N'2ec5bf7d-6d49-4c11-9239-126c856fa944', 4, NULL, 1, NULL, NULL, NULL, NULL, NULL, NULL, NULL, NULL, NULL, N'''n3''', N'0', NULL, N'', N'1', NULL, NULL, NULL, NULL, NULL, 0, NULL, NULL)
INSERT INTO [ERPSettings].[InputComponent] ([IdComponent], [inputType], [ng_model], [required], [ng_disabled], [ng_minlength], [ng_maxlength], [ng_change], [ng_bind], [ng_blur], [placeholder], [k_ng_model], [k_on_change], [k_format], [k_min], [k_max], [k_decimals], [k_step], [ui_date_mask], [pattern], [k_mask], [defaultValue], [ng_readonly], [formatPrecision], [IsCurrency], [Accept]) VALUES (N'30c11f79-d493-4a53-896d-a41258dcc24e', 2, NULL, 1, NULL, NULL, NULL, NULL, NULL, NULL, N'{{''30c11f79-d493-4a53-896d-a41258dcc24e'' | translate }}', NULL, N'bController.baseService.actionService.onChangeDate(''30c11f79-d493-4a53-896d-a41258dcc24e'',''874451bf-dfb9-4772-83c5-66715d719037'')', N'', N'', N'', NULL, NULL, NULL, N'', NULL, N'', NULL, 0, NULL, NULL)
INSERT INTO [ERPSettings].[InputComponent] ([IdComponent], [inputType], [ng_model], [required], [ng_disabled], [ng_minlength], [ng_maxlength], [ng_change], [ng_bind], [ng_blur], [placeholder], [k_ng_model], [k_on_change], [k_format], [k_min], [k_max], [k_decimals], [k_step], [ui_date_mask], [pattern], [k_mask], [defaultValue], [ng_readonly], [formatPrecision], [IsCurrency], [Accept]) VALUES (N'3ff4fa97-48d6-4ce9-a1bc-a1cede624d19', 0, NULL, 1, NULL, NULL, NULL, NULL, NULL, NULL, N'{{''3ff4fa97-48d6-4ce9-a1bc-a1cede624d19'' | translate }}', NULL, NULL, NULL, NULL, NULL, NULL, NULL, NULL, NULL, NULL, NULL, NULL, 0, NULL, NULL)
INSERT INTO [ERPSettings].[InputComponent] ([IdComponent], [inputType], [ng_model], [required], [ng_disabled], [ng_minlength], [ng_maxlength], [ng_change], [ng_bind], [ng_blur], [placeholder], [k_ng_model], [k_on_change], [k_format], [k_min], [k_max], [k_decimals], [k_step], [ui_date_mask], [pattern], [k_mask], [defaultValue], [ng_readonly], [formatPrecision], [IsCurrency], [Accept]) VALUES (N'44d5bf4d-b31f-4462-af86-3e36fbb3ea40', 2, NULL, 1, NULL, NULL, NULL, NULL, NULL, NULL, N'{{''44d5bf4d-b31f-4462-af86-3e36fbb3ea40'' | translate }}', NULL, N'bController.baseService.actionService.onChangeDate(''44d5bf4d-b31f-4462-af86-3e36fbb3ea40'',''874451bf-dfb9-4772-83c5-66715d719037'')', N'', N'', N'', NULL, NULL, NULL, N'', NULL, N'', NULL, 0, NULL, NULL)
INSERT INTO [ERPSettings].[InputComponent] ([IdComponent], [inputType], [ng_model], [required], [ng_disabled], [ng_minlength], [ng_maxlength], [ng_change], [ng_bind], [ng_blur], [placeholder], [k_ng_model], [k_on_change], [k_format], [k_min], [k_max], [k_decimals], [k_step], [ui_date_mask], [pattern], [k_mask], [defaultValue], [ng_readonly], [formatPrecision], [IsCurrency], [Accept]) VALUES (N'5ac788c0-be50-42f8-833c-9a1ad837fb15', 2, NULL, 0, NULL, NULL, NULL, NULL, NULL, NULL, N'', NULL, N'bController.baseService.actionService.onChangeDate(''5ac788c0-be50-42f8-833c-9a1ad837fb15'',''1fbdbbd1-bd41-4fbd-b5a5-f2dfde19a0d5'')', NULL, NULL, NULL, NULL, NULL, NULL, NULL, NULL, NULL, NULL, NULL, NULL, NULL)
INSERT INTO [ERPSettings].[InputComponent] ([IdComponent], [inputType], [ng_model], [required], [ng_disabled], [ng_minlength], [ng_maxlength], [ng_change], [ng_bind], [ng_blur], [placeholder], [k_ng_model], [k_on_change], [k_format], [k_min], [k_max], [k_decimals], [k_step], [ui_date_mask], [pattern], [k_mask], [defaultValue], [ng_readonly], [formatPrecision], [IsCurrency], [Accept]) VALUES (N'634573d5-023b-4c67-84e6-4d4c3a903e34', 4, NULL, 1, NULL, NULL, NULL, NULL, NULL, NULL, NULL, NULL, NULL, N'''n3''', N'0', NULL, N'', N'1', NULL, NULL, NULL, NULL, NULL, 0, NULL, NULL)
INSERT INTO [ERPSettings].[InputComponent] ([IdComponent], [inputType], [ng_model], [required], [ng_disabled], [ng_minlength], [ng_maxlength], [ng_change], [ng_bind], [ng_blur], [placeholder], [k_ng_model], [k_on_change], [k_format], [k_min], [k_max], [k_decimals], [k_step], [ui_date_mask], [pattern], [k_mask], [defaultValue], [ng_readonly], [formatPrecision], [IsCurrency], [Accept]) VALUES (N'6bf0d400-7eb3-4dfa-b6c8-e79f1db31e1e', 0, NULL, 1, NULL, NULL, NULL, NULL, NULL, NULL, N'{{''6bf0d400-7eb3-4dfa-b6c8-e79f1db31e1e'' | translate }}', NULL, NULL, NULL, NULL, NULL, NULL, NULL, NULL, NULL, NULL, NULL, NULL, 0, NULL, NULL)
INSERT INTO [ERPSettings].[InputComponent] ([IdComponent], [inputType], [ng_model], [required], [ng_disabled], [ng_minlength], [ng_maxlength], [ng_change], [ng_bind], [ng_blur], [placeholder], [k_ng_model], [k_on_change], [k_format], [k_min], [k_max], [k_decimals], [k_step], [ui_date_mask], [pattern], [k_mask], [defaultValue], [ng_readonly], [formatPrecision], [IsCurrency], [Accept]) VALUES (N'b774f3b4-83af-408a-b558-bb83710820c2', 2, NULL, 1, NULL, NULL, NULL, NULL, NULL, NULL, N'', NULL, N'bController.baseService.actionService.onChangeDate(''b774f3b4-83af-408a-b558-bb83710820c2'',''1fbdbbd1-bd41-4fbd-b5a5-f2dfde19a0d5'')', NULL, NULL, NULL, NULL, NULL, NULL, NULL, NULL, NULL, NULL, NULL, NULL, NULL)
INSERT INTO [ERPSettings].[InputComponent] ([IdComponent], [inputType], [ng_model], [required], [ng_disabled], [ng_minlength], [ng_maxlength], [ng_change], [ng_bind], [ng_blur], [placeholder], [k_ng_model], [k_on_change], [k_format], [k_min], [k_max], [k_decimals], [k_step], [ui_date_mask], [pattern], [k_mask], [defaultValue], [ng_readonly], [formatPrecision], [IsCurrency], [Accept]) VALUES (N'baeda738-d3a1-4c43-b7a2-52319fbcb63f', 0, NULL, 1, NULL, NULL, NULL, NULL, NULL, NULL, N'{{''baeda738-d3a1-4c43-b7a2-52319fbcb63f'' | translate }}', NULL, NULL, NULL, NULL, NULL, NULL, NULL, NULL, NULL, NULL, NULL, NULL, 0, NULL, NULL)
INSERT INTO [ERPSettings].[InputComponent] ([IdComponent], [inputType], [ng_model], [required], [ng_disabled], [ng_minlength], [ng_maxlength], [ng_change], [ng_bind], [ng_blur], [placeholder], [k_ng_model], [k_on_change], [k_format], [k_min], [k_max], [k_decimals], [k_step], [ui_date_mask], [pattern], [k_mask], [defaultValue], [ng_readonly], [formatPrecision], [IsCurrency], [Accept]) VALUES (N'fa621ea1-fc6a-4e18-a7fe-f2b0aa4de3c3', 0, NULL, 1, NULL, NULL, NULL, NULL, NULL, NULL, N'{{''fa621ea1-fc6a-4e18-a7fe-f2b0aa4de3c3'' | translate }}', NULL, NULL, NULL, NULL, NULL, NULL, NULL, NULL, NULL, NULL, NULL, NULL, 0, NULL, NULL)
INSERT INTO [ERPSettings].[DropDownListComponent] ([IdComponent], [ng_model], [required], [ng_blur], [ng_bind], [k_on_change], [DropdownType], [DropdownIndex], [ng_disabled], [urlValueMapper]) VALUES (N'30fda5fb-291f-4454-b424-c34992487d78', N'', 1, NULL, NULL, N'', 1, NULL, NULL, NULL)
INSERT INTO [ERPSettings].[DropDownListComponent] ([IdComponent], [ng_model], [required], [ng_blur], [ng_bind], [k_on_change], [DropdownType], [DropdownIndex], [ng_disabled], [urlValueMapper]) VALUES (N'55d5d3dd-7dc3-4a04-a9e8-eefe2d638727', N'', 1, NULL, NULL, N'bController.baseService.actionService.onChangeDataSource(''55d5d3dd-7dc3-4a04-a9e8-eefe2d638727'')', 1, NULL, NULL, NULL)
INSERT INTO [ERPSettings].[DropDownListComponent] ([IdComponent], [ng_model], [required], [ng_blur], [ng_bind], [k_on_change], [DropdownType], [DropdownIndex], [ng_disabled], [urlValueMapper]) VALUES (N'b3619f85-8be8-474a-9044-b1d6273bee55', N'', 1, NULL, NULL, N'bController.baseService.actionService.onChangeDataSource(''b3619f85-8be8-474a-9044-b1d6273bee55'')', 1, NULL, NULL, NULL)
INSERT INTO [ERPSettings].[DropDownListComponent] ([IdComponent], [ng_model], [required], [ng_blur], [ng_bind], [k_on_change], [DropdownType], [DropdownIndex], [ng_disabled], [urlValueMapper]) VALUES (N'b61d7319-3164-414c-bd83-3196896286d9', N'', 1, NULL, NULL, N'bController.baseService.actionService.onChangeDataSource(''b61d7319-3164-414c-bd83-3196896286d9'')', 1, NULL, NULL, NULL)
INSERT INTO [ERPSettings].[DropDownListComponent] ([IdComponent], [ng_model], [required], [ng_blur], [ng_bind], [k_on_change], [DropdownType], [DropdownIndex], [ng_disabled], [urlValueMapper]) VALUES (N'b96b5d93-8d7b-4e2b-92aa-3b34013db568', N'', 1, NULL, NULL, N'bController.baseService.actionService.onChangeDataSource(''b96b5d93-8d7b-4e2b-92aa-3b34013db568'')', 1, NULL, NULL, NULL)
INSERT INTO [ERPSettings].[DropDownListComponent] ([IdComponent], [ng_model], [required], [ng_blur], [ng_bind], [k_on_change], [DropdownType], [DropdownIndex], [ng_disabled], [urlValueMapper]) VALUES (N'f0e39163-9e08-4f46-98fd-0555c93d93b1', N'', 1, NULL, NULL, N'bController.baseService.actionService.onChangeDataSource(''f0e39163-9e08-4f46-98fd-0555c93d93b1'')', 1, NULL, NULL, NULL)
INSERT INTO [ERPSettings].[DropDownListOptions] ([IdDropDownListOptions], [name], [autoBind], [dataTextField], [dataValueField], [delay], [enable], [filter], [fixedGroupTemplate], [groupTemplate], [height], [headerTemplate], [template], [valueTemplate], [footerTemplate], [close], [dataBound], [filtering], [open], [select], [cascadeFrom], [cascadeFromField]) VALUES (N'30fda5fb-291f-4454-b424-c34992487d78', NULL, 1, N'Label', N'Id', NULL, 1, N'contains', NULL, NULL, 200, N'<div class="dropdown-header k-widget k-header"><span class="dropHeader">{{''0f408a32-2d1e-4c31-8795-13a5b8c90280 '' | translate }}</span><span class="dropHeader">{{''4811100d-72db-4a56-b47a-72f946a7e17a '' | translate }}</span></div>', N'<table class="customDropDown sz-40-60"><tr><td>#: data.Code#</td><td>#if(data.Label != null){# #:data.Label ## }#</td></tr></table>', N'<span>#: data.Label#</span>', N'Total #: instance.dataSource.total() #', NULL, NULL, NULL, NULL, NULL, NULL, NULL)
INSERT INTO [ERPSettings].[DropDownListOptions] ([IdDropDownListOptions], [name], [autoBind], [dataTextField], [dataValueField], [delay], [enable], [filter], [fixedGroupTemplate], [groupTemplate], [height], [headerTemplate], [template], [valueTemplate], [footerTemplate], [close], [dataBound], [filtering], [open], [select], [cascadeFrom], [cascadeFromField]) VALUES (N'55d5d3dd-7dc3-4a04-a9e8-eefe2d638727', N'IdEmployee', 1, N'', N'Id', NULL, 1, N'contains', NULL, NULL, 200, N'<div class="dropdown-header k-widget k-header"><span class="dropHeader">{{''f5b1cc4d-162c-49ac-82b4-badebef1a180 '' | translate }}</span><span class="dropHeader">{{''d1f815c2-9618-4a15-b325-e7c4df5dd6f3 '' | translate }}</span><span class="dropHeader">{{''bebfc29c-f3a5-4a3a-89dc-f66b781839ef '' | translate }}</span></div>', N'<table class="customDropDown sz-40-60"><tr><td>#: data.Matricule#</td><td>#if(data.LastName != null){# #:data.LastName ## }#</td><td>#if(data.FirstName != null){# #:data.FirstName ## }#</td></tr></table>', N'<span>#: data.FirstName #</span><span>#if(data.LastName  != null){# #: data.LastName.length>9 ? data.LastName.substring(0,4)+".." : data.LastName # #}#</span>', N'Total #: instance.dataSource.total() #', NULL, NULL, NULL, NULL, NULL, NULL, NULL)
INSERT INTO [ERPSettings].[DropDownListOptions] ([IdDropDownListOptions], [name], [autoBind], [dataTextField], [dataValueField], [delay], [enable], [filter], [fixedGroupTemplate], [groupTemplate], [height], [headerTemplate], [template], [valueTemplate], [footerTemplate], [close], [dataBound], [filtering], [open], [select], [cascadeFrom], [cascadeFromField]) VALUES (N'b3619f85-8be8-474a-9044-b1d6273bee55', N'IdJob', 1, N'', N'Id', NULL, 1, N'contains', NULL, NULL, 200, N'<div class="dropdown-header k-widget k-header"><span class="dropHeader">{{''baeda738-d3a1-4c43-b7a2-52319fbcb63f'' | translate }}</span></div>', N'<table class="customDropDown sz-40-60"><tr><td>#: data.Label#</td><td>#if(data.Label != null){# #:data.Label ## }#</td></tr></table>', N'<span>#: data.Label #</span>', N'Total #: instance.dataSource.total() #', NULL, NULL, NULL, NULL, NULL, NULL, NULL)
INSERT INTO [ERPSettings].[DropDownListOptions] ([IdDropDownListOptions], [name], [autoBind], [dataTextField], [dataValueField], [delay], [enable], [filter], [fixedGroupTemplate], [groupTemplate], [height], [headerTemplate], [template], [valueTemplate], [footerTemplate], [close], [dataBound], [filtering], [open], [select], [cascadeFrom], [cascadeFromField]) VALUES (N'b61d7319-3164-414c-bd83-3196896286d9', N'IdEmployee', 1, N'', N'Id', NULL, 1, N'contains', NULL, NULL, 200, N'<div class="dropdown-header k-widget k-header"><span class="dropHeader">{{''f5b1cc4d-162c-49ac-82b4-badebef1a180 '' | translate }}</span><span class="dropHeader">{{''d1f815c2-9618-4a15-b325-e7c4df5dd6f3 '' | translate }}</span><span class="dropHeader">{{''bebfc29c-f3a5-4a3a-89dc-f66b781839ef '' | translate }}</span></div>', N'<table class="customDropDown sz-40-60"><tr><td>#: data.Matricule#</td><td>#if(data.LastName != null){# #:data.LastName ## }#</td><td>#if(data.FirstName != null){# #:data.FirstName ## }#</td></tr></table>', N'<span>#: data.FirstName #</span><span>#if(data.LastName  != null){# #: data.LastName.length>9 ? data.LastName.substring(0,4)+".." : data.LastName # #}#</span>', N'Total #: instance.dataSource.total() #', NULL, NULL, NULL, NULL, NULL, NULL, NULL)
INSERT INTO [ERPSettings].[DropDownListOptions] ([IdDropDownListOptions], [name], [autoBind], [dataTextField], [dataValueField], [delay], [enable], [filter], [fixedGroupTemplate], [groupTemplate], [height], [headerTemplate], [template], [valueTemplate], [footerTemplate], [close], [dataBound], [filtering], [open], [select], [cascadeFrom], [cascadeFromField]) VALUES (N'b96b5d93-8d7b-4e2b-92aa-3b34013db568', NULL, 1, N'Label', N'Id', NULL, 1, N'contains', NULL, NULL, 200, N'<div class="dropdown-header k-widget k-header"><span class="dropHeader">{{''0f408a32-2d1e-4c31-8795-13a5b8c90280 '' | translate }}</span><span class="dropHeader">{{''4811100d-72db-4a56-b47a-72f946a7e17a '' | translate }}</span></div>', N'<table class="customDropDown sz-40-60"><tr><td>#: data.Code#</td><td>#if(data.Label != null){# #:data.Label ## }#</td></tr></table>', N'<span>#: data.Label#</span>', N'Total #: instance.dataSource.total() #', NULL, NULL, NULL, NULL, NULL, NULL, NULL)
INSERT INTO [ERPSettings].[DropDownListOptions] ([IdDropDownListOptions], [name], [autoBind], [dataTextField], [dataValueField], [delay], [enable], [filter], [fixedGroupTemplate], [groupTemplate], [height], [headerTemplate], [template], [valueTemplate], [footerTemplate], [close], [dataBound], [filtering], [open], [select], [cascadeFrom], [cascadeFromField]) VALUES (N'f0e39163-9e08-4f46-98fd-0555c93d93b1', N'ContractReference', 1, N'', N'Id', NULL, 1, N'contains', NULL, NULL, 200, N'<div class="dropdown-header k-widget k-header"><span class="dropHeader">{{''6bf0d400-7eb3-4dfa-b6c8-e79f1db31e1e'' | translate }}</span></div>', N'<table class="customDropDown sz-40-60"><tr><td>#if(data.ContractReference != null){# #:data.ContractReference ## }#</td></tr></table>', N'<span>#: data.ContractReference #</span>', N'Total #: instance.dataSource.total() #', NULL, NULL, NULL, NULL, NULL, NULL, NULL)
INSERT INTO [ERPSettings].[DropDownListDataSource] ([IdDropDownListOptions], [IdServiceParameters], [error], [autoSync], [pageSize], [serverPaging], [serverSorting], [serverFiltering], [serverGrouping], [serverAggregates]) VALUES (N'30fda5fb-291f-4454-b424-c34992487d78', N'6225aaf4-6fa0-4e13-ba7f-7c5f0e3bed84', NULL, 0, 8, 1, 0, 1, 0, 0)
INSERT INTO [ERPSettings].[DropDownListDataSource] ([IdDropDownListOptions], [IdServiceParameters], [error], [autoSync], [pageSize], [serverPaging], [serverSorting], [serverFiltering], [serverGrouping], [serverAggregates]) VALUES (N'55d5d3dd-7dc3-4a04-a9e8-eefe2d638727', N'63b63fc2-9a53-4b31-8ef9-031e89e7f933', NULL, 0, 8, 1, 0, 1, 0, 0)
INSERT INTO [ERPSettings].[DropDownListDataSource] ([IdDropDownListOptions], [IdServiceParameters], [error], [autoSync], [pageSize], [serverPaging], [serverSorting], [serverFiltering], [serverGrouping], [serverAggregates]) VALUES (N'b3619f85-8be8-474a-9044-b1d6273bee55', N'52eeb003-30ad-416f-a14a-9f515f727165', NULL, 0, 8, 1, 0, 1, 0, 0)
INSERT INTO [ERPSettings].[DropDownListDataSource] ([IdDropDownListOptions], [IdServiceParameters], [error], [autoSync], [pageSize], [serverPaging], [serverSorting], [serverFiltering], [serverGrouping], [serverAggregates]) VALUES (N'b61d7319-3164-414c-bd83-3196896286d9', N'1bab55a9-a102-4cc6-8eaa-49042bdbe9c1', NULL, 0, 8, 1, 0, 1, 0, 0)
INSERT INTO [ERPSettings].[DropDownListDataSource] ([IdDropDownListOptions], [IdServiceParameters], [error], [autoSync], [pageSize], [serverPaging], [serverSorting], [serverFiltering], [serverGrouping], [serverAggregates]) VALUES (N'b96b5d93-8d7b-4e2b-92aa-3b34013db568', N'4b2a4c10-5a2c-4198-b845-19a220df1e6a', NULL, 0, 8, 1, 0, 1, 0, 0)
INSERT INTO [ERPSettings].[DropDownListDataSource] ([IdDropDownListOptions], [IdServiceParameters], [error], [autoSync], [pageSize], [serverPaging], [serverSorting], [serverFiltering], [serverGrouping], [serverAggregates]) VALUES (N'f0e39163-9e08-4f46-98fd-0555c93d93b1', N'54cae275-81ca-4215-8000-9924bbf841f0', NULL, 0, 8, 1, 0, 1, 0, 0)
INSERT INTO [ERPSettings].[ComboBoxDataSource] ([IdComponent], [IdServiceParameters], [error], [autoSync], [pageSize], [serverPaging], [serverSorting], [serverFiltering], [serverGrouping], [serverAggregates], [IsStaticDataSource]) VALUES (N'7521ccb2-8094-43b1-ba07-7c64cea9fe35', N'fb9f3dc4-5235-49b0-87bb-771e64dbf575', NULL, 0, NULL, 0, 0, 0, 0, 0, 0)
INSERT INTO [ERPSettings].[ComboBoxDataSource] ([IdComponent], [IdServiceParameters], [error], [autoSync], [pageSize], [serverPaging], [serverSorting], [serverFiltering], [serverGrouping], [serverAggregates], [IsStaticDataSource]) VALUES (N'bb10c212-b3ee-4652-abb4-e45fac0e89ef', N'465ae845-7d63-4a1c-8cdb-6ba985e4961c', NULL, 0, NULL, 0, 0, 0, 0, 0, 0)
INSERT INTO [ERPSettings].[ComboBoxDataSource] ([IdComponent], [IdServiceParameters], [error], [autoSync], [pageSize], [serverPaging], [serverSorting], [serverFiltering], [serverGrouping], [serverAggregates], [IsStaticDataSource]) VALUES (N'c0cf4db1-4a06-4a23-96bb-7e0b9095cf82', N'ac37963a-d7ee-4905-93dc-39256a9b8f2b', NULL, 0, NULL, 0, 0, 0, 0, 0, 0)
INSERT INTO [ERPSettings].[ComboBoxDataSource] ([IdComponent], [IdServiceParameters], [error], [autoSync], [pageSize], [serverPaging], [serverSorting], [serverFiltering], [serverGrouping], [serverAggregates], [IsStaticDataSource]) VALUES (N'df4022f7-7314-454f-8a6d-80d57f4b00ee', N'88425019-890f-4082-bd57-38d48a9806a7', NULL, 0, NULL, 0, 0, 0, 0, 0, 0)
INSERT INTO [ERPSettings].[PredicateFormat] ([IdPredicateFormat], [PredicateName], [Operator], [TransactionUserId], [IsDeleted], [Deleted_Token]) VALUES (N'04e0f37c-c4b3-43b3-84fb-a7aec3fceb43', NULL, NULL, NULL, 0, NULL)
INSERT INTO [ERPSettings].[PredicateFormat] ([IdPredicateFormat], [PredicateName], [Operator], [TransactionUserId], [IsDeleted], [Deleted_Token]) VALUES (N'1bb7e940-4b52-4232-bee0-e7ce3166abeb', NULL, NULL, NULL, 0, NULL)
INSERT INTO [ERPSettings].[PredicateFormat] ([IdPredicateFormat], [PredicateName], [Operator], [TransactionUserId], [IsDeleted], [Deleted_Token]) VALUES (N'5a924f2c-1cfe-4ded-aab6-303bef147170', NULL, NULL, NULL, 0, NULL)
INSERT INTO [ERPSettings].[PredicateFormat] ([IdPredicateFormat], [PredicateName], [Operator], [TransactionUserId], [IsDeleted], [Deleted_Token]) VALUES (N'835020e5-199a-49cd-be03-3deb4e1cd59c', NULL, NULL, NULL, 0, NULL)
INSERT INTO [ERPSettings].[PredicateFormat] ([IdPredicateFormat], [PredicateName], [Operator], [TransactionUserId], [IsDeleted], [Deleted_Token]) VALUES (N'9a0c5155-9d7f-4ec3-9eb0-5b45ac4cea54', NULL, NULL, NULL, 0, NULL)
INSERT INTO [ERPSettings].[PredicateFormat] ([IdPredicateFormat], [PredicateName], [Operator], [TransactionUserId], [IsDeleted], [Deleted_Token]) VALUES (N'9d42a25d-236e-4a46-be36-124474805dbe', NULL, NULL, NULL, 0, NULL)
INSERT INTO [ERPSettings].[PredicateFormat] ([IdPredicateFormat], [PredicateName], [Operator], [TransactionUserId], [IsDeleted], [Deleted_Token]) VALUES (N'b528efc4-8c0e-4efd-a05b-f4925f03dc12', NULL, NULL, NULL, 0, NULL)
INSERT INTO [ERPSettings].[PredicateFormat] ([IdPredicateFormat], [PredicateName], [Operator], [TransactionUserId], [IsDeleted], [Deleted_Token]) VALUES (N'b96d0049-a6b5-4176-bf0f-5f80d7895e29', NULL, NULL, NULL, 0, NULL)
INSERT INTO [ERPSettings].[PredicateFormat] ([IdPredicateFormat], [PredicateName], [Operator], [TransactionUserId], [IsDeleted], [Deleted_Token]) VALUES (N'c744010e-0d2a-442e-9b7e-88a9e137fe14', NULL, NULL, NULL, 0, NULL)
INSERT INTO [ERPSettings].[PredicateFormat] ([IdPredicateFormat], [PredicateName], [Operator], [TransactionUserId], [IsDeleted], [Deleted_Token]) VALUES (N'cdd4fbd5-19ca-44dd-822b-45036ba54c7c', NULL, NULL, NULL, 0, NULL)
INSERT INTO [ERPSettings].[PredicateFormat] ([IdPredicateFormat], [PredicateName], [Operator], [TransactionUserId], [IsDeleted], [Deleted_Token]) VALUES (N'ce17568e-6804-4bef-bdcf-736b5fcfdb0c', NULL, NULL, NULL, 0, NULL)
INSERT INTO [ERPSettings].[PredicateFormat] ([IdPredicateFormat], [PredicateName], [Operator], [TransactionUserId], [IsDeleted], [Deleted_Token]) VALUES (N'ea2db670-3582-4fde-81f6-eb17537daae2', NULL, NULL, NULL, 0, NULL)
INSERT INTO [ERPSettings].[PredicateFormat] ([IdPredicateFormat], [PredicateName], [Operator], [TransactionUserId], [IsDeleted], [Deleted_Token]) VALUES (N'ecf90e77-5c15-43b9-9bc9-c6004b8d6a0c', NULL, NULL, NULL, 0, NULL)
INSERT INTO [ERPSettings].[PredicateFormat] ([IdPredicateFormat], [PredicateName], [Operator], [TransactionUserId], [IsDeleted], [Deleted_Token]) VALUES (N'fd6253ba-bb0d-45b2-87b6-3cde9fc5ae15', NULL, NULL, NULL, 0, NULL)
INSERT INTO [ERPSettings].[PredicateFormat] ([IdPredicateFormat], [PredicateName], [Operator], [TransactionUserId], [IsDeleted], [Deleted_Token]) VALUES (N'fe86904b-61b8-4260-8668-924090c14b0f', NULL, NULL, NULL, 0, NULL)
INSERT INTO [ERPSettings].[Filter] ([IdFilter], [IdPredicateFormat], [Prop], [Operation], [Value], [IsDynamicValue], [TransactionUserId], [IsDeleted], [IsSearchPredicate], [Deleted_Token], [Type]) VALUES (N'1b874356-b088-4bb2-97a9-6ebfe0f54c0f', N'9a0c5155-9d7f-4ec3-9eb0-5b45ac4cea54', N'Label', 2, NULL, 0, NULL, 0, 1, NULL, NULL)
INSERT INTO [ERPSettings].[Filter] ([IdFilter], [IdPredicateFormat], [Prop], [Operation], [Value], [IsDynamicValue], [TransactionUserId], [IsDeleted], [IsSearchPredicate], [Deleted_Token], [Type]) VALUES (N'20c08fd2-437c-466a-b760-d714c178e749', N'1bb7e940-4b52-4232-bee0-e7ce3166abeb', N'LastName', 2, NULL, 0, NULL, 0, 1, NULL, NULL)
INSERT INTO [ERPSettings].[Filter] ([IdFilter], [IdPredicateFormat], [Prop], [Operation], [Value], [IsDynamicValue], [TransactionUserId], [IsDeleted], [IsSearchPredicate], [Deleted_Token], [Type]) VALUES (N'242bdcf2-c01f-4817-8dda-25101e9e568a', N'835020e5-199a-49cd-be03-3deb4e1cd59c', N'ContractReference', 2, NULL, 0, NULL, 0, 1, NULL, NULL)
INSERT INTO [ERPSettings].[Filter] ([IdFilter], [IdPredicateFormat], [Prop], [Operation], [Value], [IsDynamicValue], [TransactionUserId], [IsDeleted], [IsSearchPredicate], [Deleted_Token], [Type]) VALUES (N'3e4da799-e559-4682-a54c-feb83c39d9f8', N'b528efc4-8c0e-4efd-a05b-f4925f03dc12', N'IdNationalityCountry', 1, N'', 1, NULL, 0, NULL, NULL, NULL)
INSERT INTO [ERPSettings].[Filter] ([IdFilter], [IdPredicateFormat], [Prop], [Operation], [Value], [IsDynamicValue], [TransactionUserId], [IsDeleted], [IsSearchPredicate], [Deleted_Token], [Type]) VALUES (N'4a35ea7b-dab7-4764-a091-f715d07c2865', N'9d42a25d-236e-4a46-be36-124474805dbe', N'Id', NULL, NULL, 1, NULL, 0, NULL, NULL, NULL)
INSERT INTO [ERPSettings].[Filter] ([IdFilter], [IdPredicateFormat], [Prop], [Operation], [Value], [IsDynamicValue], [TransactionUserId], [IsDeleted], [IsSearchPredicate], [Deleted_Token], [Type]) VALUES (N'5ff25680-1fba-4e22-a528-0f90975725e1', N'ea2db670-3582-4fde-81f6-eb17537daae2', N'LastName', 2, NULL, 0, NULL, 0, 1, NULL, NULL)
INSERT INTO [ERPSettings].[Filter] ([IdFilter], [IdPredicateFormat], [Prop], [Operation], [Value], [IsDynamicValue], [TransactionUserId], [IsDeleted], [IsSearchPredicate], [Deleted_Token], [Type]) VALUES (N'929d0abc-cb37-4f73-8c0b-5dd7b3da3502', N'1bb7e940-4b52-4232-bee0-e7ce3166abeb', N'FirstName', 2, NULL, 0, NULL, 0, 1, NULL, NULL)
INSERT INTO [ERPSettings].[Filter] ([IdFilter], [IdPredicateFormat], [Prop], [Operation], [Value], [IsDynamicValue], [TransactionUserId], [IsDeleted], [IsSearchPredicate], [Deleted_Token], [Type]) VALUES (N'92a6b46e-379f-4c29-8d1f-45ba3ec750a6', N'b528efc4-8c0e-4efd-a05b-f4925f03dc12', N'Label', 2, NULL, 0, NULL, 0, 1, NULL, NULL)
INSERT INTO [ERPSettings].[Filter] ([IdFilter], [IdPredicateFormat], [Prop], [Operation], [Value], [IsDynamicValue], [TransactionUserId], [IsDeleted], [IsSearchPredicate], [Deleted_Token], [Type]) VALUES (N'9d57ff04-1d15-4544-9da0-1d9304ebc3ee', N'ea2db670-3582-4fde-81f6-eb17537daae2', N'FirstName', 2, NULL, 0, NULL, 0, 1, NULL, NULL)
INSERT INTO [ERPSettings].[Filter] ([IdFilter], [IdPredicateFormat], [Prop], [Operation], [Value], [IsDynamicValue], [TransactionUserId], [IsDeleted], [IsSearchPredicate], [Deleted_Token], [Type]) VALUES (N'a229716d-b742-439d-8b29-aa8a013740d1', N'9a0c5155-9d7f-4ec3-9eb0-5b45ac4cea54', N'Code', 2, NULL, 0, NULL, 0, 1, NULL, NULL)
INSERT INTO [ERPSettings].[Filter] ([IdFilter], [IdPredicateFormat], [Prop], [Operation], [Value], [IsDynamicValue], [TransactionUserId], [IsDeleted], [IsSearchPredicate], [Deleted_Token], [Type]) VALUES (N'acb999f6-20bf-40c2-9e6e-9d7aff141902', N'ecf90e77-5c15-43b9-9bc9-c6004b8d6a0c', N'Id', 1, NULL, 1, NULL, 0, 0, NULL, NULL)
INSERT INTO [ERPSettings].[Filter] ([IdFilter], [IdPredicateFormat], [Prop], [Operation], [Value], [IsDynamicValue], [TransactionUserId], [IsDeleted], [IsSearchPredicate], [Deleted_Token], [Type]) VALUES (N'b6174381-0f15-4b8a-bfed-4856d6d7658b', N'ce17568e-6804-4bef-bdcf-736b5fcfdb0c', N'Label', 2, NULL, 0, NULL, 0, 1, NULL, NULL)
INSERT INTO [ERPSettings].[Filter] ([IdFilter], [IdPredicateFormat], [Prop], [Operation], [Value], [IsDynamicValue], [TransactionUserId], [IsDeleted], [IsSearchPredicate], [Deleted_Token], [Type]) VALUES (N'f4e3b562-0656-47d7-9c76-70697f383243', N'b528efc4-8c0e-4efd-a05b-f4925f03dc12', N'Code', 2, NULL, 0, NULL, 0, 1, NULL, NULL)


INSERT INTO [ERPSettings].[ComponentByRole] ([IdRole], [IdComponent], [IsActive], [IsVisible], [ReadFunction], [WriteFunction], [TransactionUserId]) VALUES ( 1, N'4ccd6e12-2e3f-41a0-9e8c-146da585275b', 1, 1, NULL, NULL, NULL)
INSERT INTO [ERPSettings].[ComponentByRole] ([IdRole], [IdComponent], [IsActive], [IsVisible], [ReadFunction], [WriteFunction], [TransactionUserId]) VALUES ( 1, N'f66c9166-cfce-4399-a931-3778618f02d8', 1, 1, NULL, NULL, NULL)
INSERT INTO [ERPSettings].[ComponentByRole] ([IdRole], [IdComponent], [IsActive], [IsVisible], [ReadFunction], [WriteFunction], [TransactionUserId]) VALUES ( 1, N'44d5bf4d-b31f-4462-af86-3e36fbb3ea40', 1, 1, NULL, NULL, NULL)
INSERT INTO [ERPSettings].[ComponentByRole] ([IdRole], [IdComponent], [IsActive], [IsVisible], [ReadFunction], [WriteFunction], [TransactionUserId]) VALUES ( 1, N'30c11f79-d493-4a53-896d-a41258dcc24e', 1, 1, NULL, NULL, NULL)
INSERT INTO [ERPSettings].[ComponentByRole] ([IdRole], [IdComponent], [IsActive], [IsVisible], [ReadFunction], [WriteFunction], [TransactionUserId]) VALUES ( 1, N'bdef5342-75d0-40e4-98a1-77975345ac5e', 1, 1, NULL, NULL, NULL)
INSERT INTO [ERPSettings].[ComponentByRole] ([IdRole], [IdComponent], [IsActive], [IsVisible], [ReadFunction], [WriteFunction], [TransactionUserId]) VALUES ( 1, N'28afaa65-8331-4d0e-bcfe-e1c416a13801', 1, 1, NULL, NULL, NULL)
INSERT INTO [ERPSettings].[ComponentByRole] ([IdRole], [IdComponent], [IsActive], [IsVisible], [ReadFunction], [WriteFunction], [TransactionUserId]) VALUES ( 1, N'2c7f8103-b231-48e3-bdb6-e42f47e1f7ce', 1, 1, NULL, NULL, NULL)
INSERT INTO [ERPSettings].[ComponentByRole] ([IdRole], [IdComponent], [IsActive], [IsVisible], [ReadFunction], [WriteFunction], [TransactionUserId]) VALUES ( 1, N'e2600b7f-4f84-4d88-9e72-16eb8de62145', 1, 1, NULL, NULL, NULL)
INSERT INTO [ERPSettings].[ComponentByRole] ([IdRole], [IdComponent], [IsActive], [IsVisible], [ReadFunction], [WriteFunction], [TransactionUserId]) VALUES ( 1, N'c6aeb287-8c22-4fa4-b253-7e964cc55ba3', 1, 1, NULL, NULL, NULL)
INSERT INTO [ERPSettings].[ComponentByRole] ([IdRole], [IdComponent], [IsActive], [IsVisible], [ReadFunction], [WriteFunction], [TransactionUserId]) VALUES ( 1, N'b0792204-ddec-40f4-8ac0-6f11b1833bfb', 1, 1, NULL, NULL, NULL)
INSERT INTO [ERPSettings].[ComponentByRole] ([IdRole], [IdComponent], [IsActive], [IsVisible], [ReadFunction], [WriteFunction], [TransactionUserId]) VALUES ( 1, N'48fb2605-6955-4df6-a3f7-be39617d531a', 1, 1, NULL, NULL, NULL)
INSERT INTO [ERPSettings].[ComponentByRole] ([IdRole], [IdComponent], [IsActive], [IsVisible], [ReadFunction], [WriteFunction], [TransactionUserId]) VALUES ( 1, N'76fad56e-4212-43e8-9e43-b5bf203aaef7', 1, 1, NULL, NULL, NULL)
INSERT INTO [ERPSettings].[ComponentByRole] ([IdRole], [IdComponent], [IsActive], [IsVisible], [ReadFunction], [WriteFunction], [TransactionUserId]) VALUES ( 1, N'6fe5dc06-ed5f-4985-becb-1bc6709dc2b5', 1, 1, NULL, NULL, NULL)
INSERT INTO [ERPSettings].[ComponentByRole] ([IdRole], [IdComponent], [IsActive], [IsVisible], [ReadFunction], [WriteFunction], [TransactionUserId]) VALUES ( 1, N'c0ce820e-4ea6-4197-84af-51d36f79630c', 1, 1, NULL, NULL, NULL)
INSERT INTO [ERPSettings].[ComponentByRole] ([IdRole], [IdComponent], [IsActive], [IsVisible], [ReadFunction], [WriteFunction], [TransactionUserId]) VALUES ( 1, N'770cf443-492f-4e5d-8039-66a062bb9a02', 1, 1, NULL, NULL, NULL)
INSERT INTO [ERPSettings].[ComponentByRole] ([IdRole], [IdComponent], [IsActive], [IsVisible], [ReadFunction], [WriteFunction], [TransactionUserId]) VALUES ( 1, N'8421d2b6-97c2-41a4-98d4-87076ac69e05', 1, 1, NULL, NULL, NULL)
INSERT INTO [ERPSettings].[ComponentByRole] ([IdRole], [IdComponent], [IsActive], [IsVisible], [ReadFunction], [WriteFunction], [TransactionUserId]) VALUES ( 1, N'13c58fab-0460-4697-996d-f5b2907eb7b0', 1, 1, NULL, NULL, NULL)
INSERT INTO [ERPSettings].[ComponentByRole] ([IdRole], [IdComponent], [IsActive], [IsVisible], [ReadFunction], [WriteFunction], [TransactionUserId]) VALUES ( 1, N'02fc6a73-14a3-4004-ad34-ad0af0337b79', 1, 1, NULL, NULL, NULL)
INSERT INTO [ERPSettings].[ComponentByRole] ([IdRole], [IdComponent], [IsActive], [IsVisible], [ReadFunction], [WriteFunction], [TransactionUserId]) VALUES ( 1, N'1a03551b-0d89-4a95-8a0b-05b0f1a74678', 1, 1, NULL, NULL, NULL)
INSERT INTO [ERPSettings].[ComponentByRole] ([IdRole], [IdComponent], [IsActive], [IsVisible], [ReadFunction], [WriteFunction], [TransactionUserId]) VALUES ( 1, N'3ff4fa97-48d6-4ce9-a1bc-a1cede624d19', 1, 1, NULL, NULL, NULL)
INSERT INTO [ERPSettings].[ComponentByRole] ([IdRole], [IdComponent], [IsActive], [IsVisible], [ReadFunction], [WriteFunction], [TransactionUserId]) VALUES ( 1, N'36f4e08c-14e8-4978-9567-cd6b2e7cc031', 1, 1, NULL, NULL, NULL)
INSERT INTO [ERPSettings].[ComponentByRole] ([IdRole], [IdComponent], [IsActive], [IsVisible], [ReadFunction], [WriteFunction], [TransactionUserId]) VALUES ( 1, N'1d8d81b6-47e4-458c-bcb7-d8d5d7de89c4', 1, 1, NULL, NULL, NULL)
INSERT INTO [ERPSettings].[ComponentByRole] ([IdRole], [IdComponent], [IsActive], [IsVisible], [ReadFunction], [WriteFunction], [TransactionUserId]) VALUES ( 1, N'0f650892-3961-48f8-94cf-5b42022cf0b9', 1, 1, NULL, NULL, NULL)
INSERT INTO [ERPSettings].[ComponentByRole] ([IdRole], [IdComponent], [IsActive], [IsVisible], [ReadFunction], [WriteFunction], [TransactionUserId]) VALUES ( 1, N'f6572cb9-897f-4c12-b2ba-b9837b6f5bc6', 1, 1, NULL, NULL, NULL)
INSERT INTO [ERPSettings].[ComponentByRole] ([IdRole], [IdComponent], [IsActive], [IsVisible], [ReadFunction], [WriteFunction], [TransactionUserId]) VALUES ( 1, N'12038896-804b-4944-9a4e-8b3d4434ca5b', 1, 1, NULL, NULL, NULL)
INSERT INTO [ERPSettings].[ComponentByRole] ([IdRole], [IdComponent], [IsActive], [IsVisible], [ReadFunction], [WriteFunction], [TransactionUserId]) VALUES ( 1, N'99d101d0-fd0c-45ba-a20b-f2ae4568f959', 1, 1, NULL, NULL, NULL)
INSERT INTO [ERPSettings].[ComponentByRole] ([IdRole], [IdComponent], [IsActive], [IsVisible], [ReadFunction], [WriteFunction], [TransactionUserId]) VALUES ( 1, N'5bd1c9d0-61c9-4d4a-9269-12dfc7591b78', 1, 1, NULL, NULL, NULL)
INSERT INTO [ERPSettings].[ComponentByRole] ([IdRole], [IdComponent], [IsActive], [IsVisible], [ReadFunction], [WriteFunction], [TransactionUserId]) VALUES ( 1, N'9ac9b5d1-e422-4210-87a7-8ee54bf12a5a', 1, 1, NULL, NULL, NULL)
INSERT INTO [ERPSettings].[ComponentByRole] ([IdRole], [IdComponent], [IsActive], [IsVisible], [ReadFunction], [WriteFunction], [TransactionUserId]) VALUES ( 1, N'f8068b5f-e2e0-4bc7-8c3f-a606ff6c4558', 1, 1, NULL, NULL, NULL)
INSERT INTO [ERPSettings].[ComponentByRole] ([IdRole], [IdComponent], [IsActive], [IsVisible], [ReadFunction], [WriteFunction], [TransactionUserId]) VALUES ( 1, N'2d2e604e-ce7b-4fb5-90c4-7ccec70cabe4', 1, 1, NULL, NULL, NULL)
INSERT INTO [ERPSettings].[ComponentByRole] ([IdRole], [IdComponent], [IsActive], [IsVisible], [ReadFunction], [WriteFunction], [TransactionUserId]) VALUES ( 1, N'97a33bfd-0bd2-409f-9382-6404247898f8', 1, 1, NULL, NULL, NULL)
INSERT INTO [ERPSettings].[ComponentByRole] ([IdRole], [IdComponent], [IsActive], [IsVisible], [ReadFunction], [WriteFunction], [TransactionUserId]) VALUES ( 1, N'f26f7889-6b3a-409f-9358-e3eb889d4963', 1, 1, NULL, NULL, NULL)
INSERT INTO [ERPSettings].[ComponentByRole] ([IdRole], [IdComponent], [IsActive], [IsVisible], [ReadFunction], [WriteFunction], [TransactionUserId]) VALUES ( 1, N'fa621ea1-fc6a-4e18-a7fe-f2b0aa4de3c3', 1, 1, NULL, NULL, NULL)
INSERT INTO [ERPSettings].[ComponentByRole] ([IdRole], [IdComponent], [IsActive], [IsVisible], [ReadFunction], [WriteFunction], [TransactionUserId]) VALUES ( 1, N'b0e460ec-9fb4-42d4-9f42-5cd10444b0ce', 1, 1, NULL, NULL, NULL)
INSERT INTO [ERPSettings].[ComponentByRole] ([IdRole], [IdComponent], [IsActive], [IsVisible], [ReadFunction], [WriteFunction], [TransactionUserId]) VALUES ( 1, N'3ca951b6-669e-4e59-bc2c-baea8c159722', 1, 1, NULL, NULL, NULL)
INSERT INTO [ERPSettings].[ComponentByRole] ([IdRole], [IdComponent], [IsActive], [IsVisible], [ReadFunction], [WriteFunction], [TransactionUserId]) VALUES ( 1, N'52b6e03e-f264-4c3d-82ff-03926d9ed94e', 1, 1, NULL, NULL, NULL)
INSERT INTO [ERPSettings].[ComponentByRole] ([IdRole], [IdComponent], [IsActive], [IsVisible], [ReadFunction], [WriteFunction], [TransactionUserId]) VALUES ( 1, N'710f4b02-5f55-4992-a402-59509021f115', 1, 1, NULL, NULL, NULL)
INSERT INTO [ERPSettings].[ComponentByRole] ([IdRole], [IdComponent], [IsActive], [IsVisible], [ReadFunction], [WriteFunction], [TransactionUserId]) VALUES ( 1, N'18de789b-453f-4619-a284-3a9ee2b93fbf', 1, 1, NULL, NULL, NULL)
INSERT INTO [ERPSettings].[ComponentByRole] ([IdRole], [IdComponent], [IsActive], [IsVisible], [ReadFunction], [WriteFunction], [TransactionUserId]) VALUES ( 1, N'aebf4f0d-b123-4458-9391-4f407c8c4839', 1, 1, NULL, NULL, NULL)
INSERT INTO [ERPSettings].[ComponentByRole] ([IdRole], [IdComponent], [IsActive], [IsVisible], [ReadFunction], [WriteFunction], [TransactionUserId]) VALUES ( 1, N'62de15cf-9338-4824-b1e4-d30b698b32c1', 1, 1, NULL, NULL, NULL)
INSERT INTO [ERPSettings].[ComponentByRole] ([IdRole], [IdComponent], [IsActive], [IsVisible], [ReadFunction], [WriteFunction], [TransactionUserId]) VALUES ( 1, N'c03aac1d-8622-4cc5-bfc6-5aa16bb58b22', 1, 1, NULL, NULL, NULL)
INSERT INTO [ERPSettings].[ComponentByRole] ([IdRole], [IdComponent], [IsActive], [IsVisible], [ReadFunction], [WriteFunction], [TransactionUserId]) VALUES ( 1, N'00f04531-9372-4732-aa6e-b0f10d5dbb34', 1, 1, NULL, NULL, NULL)
INSERT INTO [ERPSettings].[ComponentByRole] ([IdRole], [IdComponent], [IsActive], [IsVisible], [ReadFunction], [WriteFunction], [TransactionUserId]) VALUES ( 1, N'3c14a37f-785f-4aca-8e5c-af023ed22829', 1, 1, NULL, NULL, NULL)
INSERT INTO [ERPSettings].[ComponentByRole] ([IdRole], [IdComponent], [IsActive], [IsVisible], [ReadFunction], [WriteFunction], [TransactionUserId]) VALUES ( 1, N'a6af5a38-40d3-4ccb-a754-94c5e0d71fbb', 1, 1, NULL, NULL, NULL)
INSERT INTO [ERPSettings].[ComponentByRole] ([IdRole], [IdComponent], [IsActive], [IsVisible], [ReadFunction], [WriteFunction], [TransactionUserId]) VALUES ( 1, N'bb10c212-b3ee-4652-abb4-e45fac0e89ef', 1, 1, NULL, NULL, NULL)
INSERT INTO [ERPSettings].[ComponentByRole] ([IdRole], [IdComponent], [IsActive], [IsVisible], [ReadFunction], [WriteFunction], [TransactionUserId]) VALUES ( 1, N'96da3653-d0d9-4e36-a083-f37b863fb591', 1, 1, NULL, NULL, NULL)
INSERT INTO [ERPSettings].[ComponentByRole] ([IdRole], [IdComponent], [IsActive], [IsVisible], [ReadFunction], [WriteFunction], [TransactionUserId]) VALUES ( 1, N'e2a2c335-abc8-4f7d-acfb-c0aba56b468d', 1, 1, NULL, NULL, NULL)
INSERT INTO [ERPSettings].[ComponentByRole] ([IdRole], [IdComponent], [IsActive], [IsVisible], [ReadFunction], [WriteFunction], [TransactionUserId]) VALUES ( 1, N'7207e14d-f2c1-4831-9bb1-8cca0a004e6a', 1, 1, NULL, NULL, NULL)
INSERT INTO [ERPSettings].[ComponentByRole] ([IdRole], [IdComponent], [IsActive], [IsVisible], [ReadFunction], [WriteFunction], [TransactionUserId]) VALUES ( 1, N'd0ab5fdb-7ba1-44b4-bcca-1279a7eacfd4', 1, 1, NULL, NULL, NULL)
INSERT INTO [ERPSettings].[ComponentByRole] ([IdRole], [IdComponent], [IsActive], [IsVisible], [ReadFunction], [WriteFunction], [TransactionUserId]) VALUES ( 1, N'7521ccb2-8094-43b1-ba07-7c64cea9fe35', 1, 1, NULL, NULL, NULL)
INSERT INTO [ERPSettings].[ComponentByRole] ([IdRole], [IdComponent], [IsActive], [IsVisible], [ReadFunction], [WriteFunction], [TransactionUserId]) VALUES ( 1, N'b96b5d93-8d7b-4e2b-92aa-3b34013db568', 1, 1, NULL, NULL, NULL)
INSERT INTO [ERPSettings].[ComponentByRole] ([IdRole], [IdComponent], [IsActive], [IsVisible], [ReadFunction], [WriteFunction], [TransactionUserId]) VALUES ( 1, N'30fda5fb-291f-4454-b424-c34992487d78', 1, 1, NULL, NULL, NULL)
INSERT INTO [ERPSettings].[ComponentByRole] ([IdRole], [IdComponent], [IsActive], [IsVisible], [ReadFunction], [WriteFunction], [TransactionUserId]) VALUES ( 1, N'55d5d3dd-7dc3-4a04-a9e8-eefe2d638727', 1, 1, NULL, NULL, NULL)
INSERT INTO [ERPSettings].[ComponentByRole] ([IdRole], [IdComponent], [IsActive], [IsVisible], [ReadFunction], [WriteFunction], [TransactionUserId]) VALUES ( 1, N'3ece1aef-9777-42f3-a07a-d5d17589b6a4', 1, 1, NULL, NULL, NULL)
INSERT INTO [ERPSettings].[ComponentByRole] ([IdRole], [IdComponent], [IsActive], [IsVisible], [ReadFunction], [WriteFunction], [TransactionUserId]) VALUES ( 1, N'a0caa0b1-132e-4950-907e-8f4bf8972ae2', 1, 1, NULL, NULL, NULL)
INSERT INTO [ERPSettings].[ComponentByRole] ([IdRole], [IdComponent], [IsActive], [IsVisible], [ReadFunction], [WriteFunction], [TransactionUserId]) VALUES ( 1, N'235b0dfe-ab46-4ee7-b196-681fa6ee290b', 1, 1, NULL, NULL, NULL)
INSERT INTO [ERPSettings].[ComponentByRole] ([IdRole], [IdComponent], [IsActive], [IsVisible], [ReadFunction], [WriteFunction], [TransactionUserId]) VALUES ( 1, N'769bda72-8004-4da8-a5dc-08befbd06572', 1, 1, NULL, NULL, NULL)
INSERT INTO [ERPSettings].[ComponentByRole] ([IdRole], [IdComponent], [IsActive], [IsVisible], [ReadFunction], [WriteFunction], [TransactionUserId]) VALUES ( 1, N'23643cf1-f8f4-45cc-9920-1c5a6b9baf92', 1, 1, NULL, NULL, NULL)
INSERT INTO [ERPSettings].[ComponentByRole] ([IdRole], [IdComponent], [IsActive], [IsVisible], [ReadFunction], [WriteFunction], [TransactionUserId]) VALUES ( 1, N'1f0ea175-2b78-4fb3-ba67-3b6d9875f780', 1, 1, NULL, NULL, NULL)
INSERT INTO [ERPSettings].[ComponentByRole] ([IdRole], [IdComponent], [IsActive], [IsVisible], [ReadFunction], [WriteFunction], [TransactionUserId]) VALUES ( 1, N'7d8173dd-e62d-477b-aa98-daa66e550040', 1, 1, NULL, NULL, NULL)
INSERT INTO [ERPSettings].[ComponentByRole] ([IdRole], [IdComponent], [IsActive], [IsVisible], [ReadFunction], [WriteFunction], [TransactionUserId]) VALUES ( 1, N'fd3d8032-c081-45ec-8b9c-92fde021316a', 1, 1, NULL, NULL, NULL)
INSERT INTO [ERPSettings].[ComponentByRole] ([IdRole], [IdComponent], [IsActive], [IsVisible], [ReadFunction], [WriteFunction], [TransactionUserId]) VALUES ( 1, N'8eaf4868-180c-4746-acc3-18a5ce39e9a2', 1, 1, NULL, NULL, NULL)
INSERT INTO [ERPSettings].[ComponentByRole] ([IdRole], [IdComponent], [IsActive], [IsVisible], [ReadFunction], [WriteFunction], [TransactionUserId]) VALUES ( 1, N'0dcceaba-a8c8-41bf-bc91-b85f789bc9fa', 1, 1, NULL, NULL, NULL)
INSERT INTO [ERPSettings].[ComponentByRole] ([IdRole], [IdComponent], [IsActive], [IsVisible], [ReadFunction], [WriteFunction], [TransactionUserId]) VALUES ( 1, N'0f9be30b-1282-438d-84c9-cc6f932cc2dd', 1, 1, NULL, NULL, NULL)
INSERT INTO [ERPSettings].[ComponentByRole] ([IdRole], [IdComponent], [IsActive], [IsVisible], [ReadFunction], [WriteFunction], [TransactionUserId]) VALUES ( 1, N'3eb0be5f-6b50-4d2d-857a-1954ec36af39', 1, 1, NULL, NULL, NULL)
INSERT INTO [ERPSettings].[ComponentByRole] ([IdRole], [IdComponent], [IsActive], [IsVisible], [ReadFunction], [WriteFunction], [TransactionUserId]) VALUES ( 1, N'c0cf4db1-4a06-4a23-96bb-7e0b9095cf82', 1, 1, NULL, NULL, NULL)
INSERT INTO [ERPSettings].[ComponentByRole] ([IdRole], [IdComponent], [IsActive], [IsVisible], [ReadFunction], [WriteFunction], [TransactionUserId]) VALUES ( 1, N'183b3bec-f7a9-4cf8-ab46-90f8b170d4c3', 1, 1, NULL, NULL, NULL)
INSERT INTO [ERPSettings].[ComponentByRole] ([IdRole], [IdComponent], [IsActive], [IsVisible], [ReadFunction], [WriteFunction], [TransactionUserId]) VALUES ( 1, N'6bf0d400-7eb3-4dfa-b6c8-e79f1db31e1e', 1, 1, NULL, NULL, NULL)
INSERT INTO [ERPSettings].[ComponentByRole] ([IdRole], [IdComponent], [IsActive], [IsVisible], [ReadFunction], [WriteFunction], [TransactionUserId]) VALUES ( 1, N'12f93ae5-ecb1-4221-878f-3d0a5bafa2e0', 1, 1, NULL, NULL, NULL)
INSERT INTO [ERPSettings].[ComponentByRole] ([IdRole], [IdComponent], [IsActive], [IsVisible], [ReadFunction], [WriteFunction], [TransactionUserId]) VALUES ( 1, N'2ec5bf7d-6d49-4c11-9239-126c856fa944', 1, 1, NULL, NULL, NULL)
INSERT INTO [ERPSettings].[ComponentByRole] ([IdRole], [IdComponent], [IsActive], [IsVisible], [ReadFunction], [WriteFunction], [TransactionUserId]) VALUES ( 1, N'b3619f85-8be8-474a-9044-b1d6273bee55', 1, 1, NULL, NULL, NULL)
INSERT INTO [ERPSettings].[ComponentByRole] ([IdRole], [IdComponent], [IsActive], [IsVisible], [ReadFunction], [WriteFunction], [TransactionUserId]) VALUES ( 1, N'b61d7319-3164-414c-bd83-3196896286d9', 1, 1, NULL, NULL, NULL)
INSERT INTO [ERPSettings].[ComponentByRole] ([IdRole], [IdComponent], [IsActive], [IsVisible], [ReadFunction], [WriteFunction], [TransactionUserId]) VALUES ( 1, N'08ff21b7-0e3a-4125-9ba4-24adc4725aef', 1, 1, NULL, NULL, NULL)
INSERT INTO [ERPSettings].[ComponentByRole] ([IdRole], [IdComponent], [IsActive], [IsVisible], [ReadFunction], [WriteFunction], [TransactionUserId]) VALUES ( 1, N'a5e893e6-80a3-4a37-9f5b-f6faeb7d7560', 1, 1, NULL, NULL, NULL)
INSERT INTO [ERPSettings].[ComponentByRole] ([IdRole], [IdComponent], [IsActive], [IsVisible], [ReadFunction], [WriteFunction], [TransactionUserId]) VALUES ( 1, N'5a81c6ec-73ac-47cd-bb59-1ea7ac11f837', 1, 1, NULL, NULL, NULL)
INSERT INTO [ERPSettings].[ComponentByRole] ([IdRole], [IdComponent], [IsActive], [IsVisible], [ReadFunction], [WriteFunction], [TransactionUserId]) VALUES ( 1, N'1be7394d-b45a-4636-94bb-66f41f8fe5c0', 1, 1, NULL, NULL, NULL)
INSERT INTO [ERPSettings].[ComponentByRole] ([IdRole], [IdComponent], [IsActive], [IsVisible], [ReadFunction], [WriteFunction], [TransactionUserId]) VALUES ( 1, N'cd02f207-44fb-4a27-902a-f17a2d66fb78', 1, 1, NULL, NULL, NULL)
INSERT INTO [ERPSettings].[ComponentByRole] ([IdRole], [IdComponent], [IsActive], [IsVisible], [ReadFunction], [WriteFunction], [TransactionUserId]) VALUES ( 1, N'4672abef-547a-4591-be8a-79e543e80df1', 1, 1, NULL, NULL, NULL)
INSERT INTO [ERPSettings].[ComponentByRole] ([IdRole], [IdComponent], [IsActive], [IsVisible], [ReadFunction], [WriteFunction], [TransactionUserId]) VALUES ( 1, N'0aefd176-c03c-4731-af97-b83642e9ad1e', 1, 1, NULL, NULL, NULL)
INSERT INTO [ERPSettings].[ComponentByRole] ([IdRole], [IdComponent], [IsActive], [IsVisible], [ReadFunction], [WriteFunction], [TransactionUserId]) VALUES ( 1, N'c55b8d0c-40df-484b-a509-667219bb543b', 1, 1, NULL, NULL, NULL)
INSERT INTO [ERPSettings].[ComponentByRole] ([IdRole], [IdComponent], [IsActive], [IsVisible], [ReadFunction], [WriteFunction], [TransactionUserId]) VALUES ( 1, N'54876afb-dfef-4af5-9ec0-2ed4749f1bee', 1, 1, NULL, NULL, NULL)
INSERT INTO [ERPSettings].[ComponentByRole] ([IdRole], [IdComponent], [IsActive], [IsVisible], [ReadFunction], [WriteFunction], [TransactionUserId]) VALUES ( 1, N'4f8a5f09-af4a-4121-ad8a-945facc1277d', 1, 1, NULL, NULL, NULL)
INSERT INTO [ERPSettings].[ComponentByRole] ([IdRole], [IdComponent], [IsActive], [IsVisible], [ReadFunction], [WriteFunction], [TransactionUserId]) VALUES ( 1, N'd76ef7ed-451d-40e8-93ed-f718ea120644', 1, 1, NULL, NULL, NULL)
INSERT INTO [ERPSettings].[ComponentByRole] ([IdRole], [IdComponent], [IsActive], [IsVisible], [ReadFunction], [WriteFunction], [TransactionUserId]) VALUES ( 1, N'baeda738-d3a1-4c43-b7a2-52319fbcb63f', 1, 1, NULL, NULL, NULL)
INSERT INTO [ERPSettings].[ComponentByRole] ([IdRole], [IdComponent], [IsActive], [IsVisible], [ReadFunction], [WriteFunction], [TransactionUserId]) VALUES ( 1, N'd3630674-d913-45be-8ca5-cdf134128ad5', 1, 1, NULL, NULL, NULL)
INSERT INTO [ERPSettings].[ComponentByRole] ([IdRole], [IdComponent], [IsActive], [IsVisible], [ReadFunction], [WriteFunction], [TransactionUserId]) VALUES ( 1, N'e06500f3-cf26-4f36-bb3c-b7a601f39777', 1, 1, NULL, NULL, NULL)
INSERT INTO [ERPSettings].[ComponentByRole] ([IdRole], [IdComponent], [IsActive], [IsVisible], [ReadFunction], [WriteFunction], [TransactionUserId]) VALUES ( 1, N'cf5c4e0e-9a2f-4adf-bc85-233a772d98f2', 1, 1, NULL, NULL, NULL)
INSERT INTO [ERPSettings].[ComponentByRole] ([IdRole], [IdComponent], [IsActive], [IsVisible], [ReadFunction], [WriteFunction], [TransactionUserId]) VALUES ( 1, N'fb473c2d-5d5c-441f-b248-ef3a14754101', 1, 1, NULL, NULL, NULL)
INSERT INTO [ERPSettings].[ComponentByRole] ([IdRole], [IdComponent], [IsActive], [IsVisible], [ReadFunction], [WriteFunction], [TransactionUserId]) VALUES ( 1, N'283a6b8d-2187-4865-955c-dc362f70d67a', 1, 1, NULL, NULL, NULL)
INSERT INTO [ERPSettings].[ComponentByRole] ([IdRole], [IdComponent], [IsActive], [IsVisible], [ReadFunction], [WriteFunction], [TransactionUserId]) VALUES ( 1, N'50afcaf6-d4b1-42b7-9546-da533e925e8d', 1, 1, NULL, NULL, NULL)
INSERT INTO [ERPSettings].[ComponentByRole] ([IdRole], [IdComponent], [IsActive], [IsVisible], [ReadFunction], [WriteFunction], [TransactionUserId]) VALUES ( 1, N'd9886c09-41b3-4788-a9c4-1d4988c191cb', 1, 1, NULL, NULL, NULL)
INSERT INTO [ERPSettings].[ComponentByRole] ([IdRole], [IdComponent], [IsActive], [IsVisible], [ReadFunction], [WriteFunction], [TransactionUserId]) VALUES ( 1, N'556c4ab5-522d-4e26-b23c-8c2cee171795', 1, 1, NULL, NULL, NULL)
INSERT INTO [ERPSettings].[ComponentByRole] ([IdRole], [IdComponent], [IsActive], [IsVisible], [ReadFunction], [WriteFunction], [TransactionUserId]) VALUES ( 1, N'173894dd-b6cb-4f0c-890c-4949bbf11eae', 1, 1, NULL, NULL, NULL)
INSERT INTO [ERPSettings].[ComponentByRole] ([IdRole], [IdComponent], [IsActive], [IsVisible], [ReadFunction], [WriteFunction], [TransactionUserId]) VALUES ( 1, N'ba343c11-5de5-4e9c-ab04-bb946588b543', 1, 1, NULL, NULL, NULL)
INSERT INTO [ERPSettings].[ComponentByRole] ([IdRole], [IdComponent], [IsActive], [IsVisible], [ReadFunction], [WriteFunction], [TransactionUserId]) VALUES ( 1, N'634573d5-023b-4c67-84e6-4d4c3a903e34', 1, 1, NULL, NULL, NULL)
INSERT INTO [ERPSettings].[ComponentByRole] ([IdRole], [IdComponent], [IsActive], [IsVisible], [ReadFunction], [WriteFunction], [TransactionUserId]) VALUES ( 1, N'df4022f7-7314-454f-8a6d-80d57f4b00ee', 1, 1, NULL, NULL, NULL)
INSERT INTO [ERPSettings].[ComponentByRole] ([IdRole], [IdComponent], [IsActive], [IsVisible], [ReadFunction], [WriteFunction], [TransactionUserId]) VALUES ( 1, N'b774f3b4-83af-408a-b558-bb83710820c2', 1, 1, NULL, NULL, NULL)
INSERT INTO [ERPSettings].[ComponentByRole] ([IdRole], [IdComponent], [IsActive], [IsVisible], [ReadFunction], [WriteFunction], [TransactionUserId]) VALUES ( 1, N'5ac788c0-be50-42f8-833c-9a1ad837fb15', 1, 1, NULL, NULL, NULL)
INSERT INTO [ERPSettings].[ComponentByRole] ([IdRole], [IdComponent], [IsActive], [IsVisible], [ReadFunction], [WriteFunction], [TransactionUserId]) VALUES ( 1, N'f0e39163-9e08-4f46-98fd-0555c93d93b1', 1, 1, NULL, NULL, NULL)
INSERT INTO [ERPSettings].[ComponentByRole] ([IdRole], [IdComponent], [IsActive], [IsVisible], [ReadFunction], [WriteFunction], [TransactionUserId]) VALUES ( 1, N'a8acf613-c6c1-4b83-ba60-209e4b6c9aa5', 1, 1, NULL, NULL, NULL)
INSERT INTO [ERPSettings].[ComponentByRole] ([IdRole], [IdComponent], [IsActive], [IsVisible], [ReadFunction], [WriteFunction], [TransactionUserId]) VALUES ( 1, N'21f3ccb3-ace3-4c3b-862a-fd2190c85f59', 1, 1, NULL, NULL, NULL)
INSERT INTO [ERPSettings].[ComponentByRole] ([IdRole], [IdComponent], [IsActive], [IsVisible], [ReadFunction], [WriteFunction], [TransactionUserId]) VALUES ( 1, N'ccb6a075-7b19-49ee-9e0c-b385c6a308c4', 1, 1, NULL, NULL, NULL)
INSERT INTO [ERPSettings].[ComponentByRole] ([IdRole], [IdComponent], [IsActive], [IsVisible], [ReadFunction], [WriteFunction], [TransactionUserId]) VALUES ( 1, N'ba3f3e37-1e93-493b-9d9f-6a1722496088', 1, 1, NULL, NULL, NULL)
INSERT INTO [ERPSettings].[ComponentByRole] ([IdRole], [IdComponent], [IsActive], [IsVisible], [ReadFunction], [WriteFunction], [TransactionUserId]) VALUES ( 1, N'c179e97d-5e26-4c1d-a86b-9b55d3f42f4d', 1, 1, NULL, NULL, NULL)
INSERT INTO [ERPSettings].[ComponentByRole] ([IdRole], [IdComponent], [IsActive], [IsVisible], [ReadFunction], [WriteFunction], [TransactionUserId]) VALUES ( 1, N'cba795fd-46f2-4c2b-ac83-43988015ca08', 1, 1, NULL, NULL, NULL)
INSERT INTO [ERPSettings].[ComponentByRole] ([IdRole], [IdComponent], [IsActive], [IsVisible], [ReadFunction], [WriteFunction], [TransactionUserId]) VALUES ( 1, N'c361524a-969e-451f-916c-5c7330c802c6', 1, 1, NULL, NULL, NULL)
INSERT INTO [ERPSettings].[ComponentByRole] ([IdRole], [IdComponent], [IsActive], [IsVisible], [ReadFunction], [WriteFunction], [TransactionUserId]) VALUES ( 1, N'42a06cc4-de5b-43c3-b7e2-67a5164bd40b', 1, 1, NULL, NULL, NULL)
INSERT INTO [ERPSettings].[ComponentByRole] ([IdRole], [IdComponent], [IsActive], [IsVisible], [ReadFunction], [WriteFunction], [TransactionUserId]) VALUES ( 1, N'2c39c628-7898-4752-8f9c-a8110b44c912', 1, 1, NULL, NULL, NULL)
INSERT INTO [ERPSettings].[ComponentByRole] ([IdRole], [IdComponent], [IsActive], [IsVisible], [ReadFunction], [WriteFunction], [TransactionUserId]) VALUES ( 1, N'1c4752ef-ae63-4322-853b-2b631f7b15bc', 1, 1, NULL, NULL, NULL)
INSERT INTO [ERPSettings].[ComponentByRole] ([IdRole], [IdComponent], [IsActive], [IsVisible], [ReadFunction], [WriteFunction], [TransactionUserId]) VALUES ( 1, N'80d5b4b0-a017-412b-ba58-2957a56f317f', 1, 1, NULL, NULL, NULL)
INSERT INTO [ERPSettings].[ComponentByRole] ([IdRole], [IdComponent], [IsActive], [IsVisible], [ReadFunction], [WriteFunction], [TransactionUserId]) VALUES ( 1, N'5f1c93dd-b31a-4d96-8b92-51df72bf329d', 1, 1, NULL, NULL, NULL)
INSERT INTO [ERPSettings].[ComponentByRole] ([IdRole], [IdComponent], [IsActive], [IsVisible], [ReadFunction], [WriteFunction], [TransactionUserId]) VALUES ( 1, N'0c94f172-ee3d-4dbd-a7fa-f2df479858a9', 1, 1, NULL, NULL, NULL)
INSERT INTO [ERPSettings].[ComponentByRole] ([IdRole], [IdComponent], [IsActive], [IsVisible], [ReadFunction], [WriteFunction], [TransactionUserId]) VALUES ( 1, N'ae7ae511-5f4d-4337-91e6-df7b3c84b37d', 1, 1, NULL, NULL, NULL)
INSERT INTO [ERPSettings].[ComponentByRole] ([IdRole], [IdComponent], [IsActive], [IsVisible], [ReadFunction], [WriteFunction], [TransactionUserId]) VALUES ( 1, N'9f822a3b-caa1-4ff9-ae1f-4eacf18977ba', 1, 1, NULL, NULL, NULL)
INSERT INTO [ERPSettings].[ComponentByRole] ([IdRole], [IdComponent], [IsActive], [IsVisible], [ReadFunction], [WriteFunction], [TransactionUserId]) VALUES ( 1, N'0d4bdc39-252e-4eed-b02c-6f94fbfa31ef', 1, 1, NULL, NULL, NULL)
INSERT INTO [ERPSettings].[ComponentByRole] ([IdRole], [IdComponent], [IsActive], [IsVisible], [ReadFunction], [WriteFunction], [TransactionUserId]) VALUES ( 1, N'5c8faeb2-be0f-45a3-9784-a9097b7df95a', 1, 1, NULL, NULL, NULL)
INSERT INTO [ERPSettings].[ComponentByRole] ([IdRole], [IdComponent], [IsActive], [IsVisible], [ReadFunction], [WriteFunction], [TransactionUserId]) VALUES ( 1, N'270f086a-3581-4c7c-ba25-a39e59c36150', 1, 1, NULL, NULL, NULL)
INSERT INTO [ERPSettings].[ComponentByRole] ([IdRole], [IdComponent], [IsActive], [IsVisible], [ReadFunction], [WriteFunction], [TransactionUserId]) VALUES ( 1, N'bed7894c-6c36-4d83-9dfd-b3b4fda7bf65', 1, 1, NULL, NULL, NULL)
INSERT INTO [ERPSettings].[ComponentByRole] ([IdRole], [IdComponent], [IsActive], [IsVisible], [ReadFunction], [WriteFunction], [TransactionUserId]) VALUES ( 1, N'e89568a0-456b-4f64-8ce4-6bdb48b51d1f', 1, 1, NULL, NULL, NULL)
INSERT INTO [ERPSettings].[ComponentByRole] ([IdRole], [IdComponent], [IsActive], [IsVisible], [ReadFunction], [WriteFunction], [TransactionUserId]) VALUES ( 1, N'04885d40-90dd-4040-92a8-ccf7eee95dc7', 1, 1, NULL, NULL, NULL)
INSERT INTO [ERPSettings].[ComponentByRole] ([IdRole], [IdComponent], [IsActive], [IsVisible], [ReadFunction], [WriteFunction], [TransactionUserId]) VALUES ( 1, N'3f2e7460-706a-4988-828c-2b55f2d024b2', 1, 1, NULL, NULL, NULL)
INSERT INTO [ERPSettings].[ComponentByRole] ([IdRole], [IdComponent], [IsActive], [IsVisible], [ReadFunction], [WriteFunction], [TransactionUserId]) VALUES ( 1, N'ecf04efe-1119-49a5-a90d-f99126c1f2ad', 1, 1, NULL, NULL, NULL)
INSERT INTO [ERPSettings].[ComponentByRole] ([IdRole], [IdComponent], [IsActive], [IsVisible], [ReadFunction], [WriteFunction], [TransactionUserId]) VALUES ( 1, N'1e3b2786-fefb-4739-89a0-5b78ae660bb8', 1, 1, NULL, NULL, NULL)
INSERT INTO [ERPSettings].[ComponentByRole] ([IdRole], [IdComponent], [IsActive], [IsVisible], [ReadFunction], [WriteFunction], [TransactionUserId]) VALUES ( 1, N'8e583e6a-ce59-4fce-a228-bb6d98256b06', 1, 1, NULL, NULL, NULL)
INSERT INTO [ERPSettings].[ComponentByRole] ([IdRole], [IdComponent], [IsActive], [IsVisible], [ReadFunction], [WriteFunction], [TransactionUserId]) VALUES ( 1, N'39e59cef-370d-4fb2-8b14-f339aa913a79', 1, 1, NULL, NULL, NULL)
INSERT INTO [ERPSettings].[ComponentByRole] ([IdRole], [IdComponent], [IsActive], [IsVisible], [ReadFunction], [WriteFunction], [TransactionUserId]) VALUES ( 1, N'4738c2e3-850f-47ef-9ed8-417bfb4203e1', 1, 1, NULL, NULL, NULL)
INSERT INTO [ERPSettings].[ComponentByRole] ([IdRole], [IdComponent], [IsActive], [IsVisible], [ReadFunction], [WriteFunction], [TransactionUserId]) VALUES ( 1, N'c2ea210c-c0f0-4ae3-97ae-68a6e43e2cce', 1, 1, NULL, NULL, NULL)


INSERT INTO [ERPSettings].[GridButtonComponent] ([IdComponent], [ng_click], [type], [k_content], [IdServiceParameter]) VALUES (N'00f04531-9372-4732-aa6e-b0f10d5dbb34', N'bController.baseService.actionService.redirectToEditForm(dataItem,''00f04531-9372-4732-aa6e-b0f10d5dbb34'')', N'submit', N'{{''00f04531-9372-4732-aa6e-b0f10d5dbb34'' | translate }}', NULL)
INSERT INTO [ERPSettings].[GridButtonComponent] ([IdComponent], [ng_click], [type], [k_content], [IdServiceParameter]) VALUES (N'04885d40-90dd-4040-92a8-ccf7eee95dc7', N'bController.baseService.actionService.deleteFromGrid(dataItem,''04885d40-90dd-4040-92a8-ccf7eee95dc7'',''0d4bdc39-252e-4eed-b02c-6f94fbfa31ef'')', N'submit', N'{{''04885d40-90dd-4040-92a8-ccf7eee95dc7'' | translate }}', NULL)
INSERT INTO [ERPSettings].[GridButtonComponent] ([IdComponent], [ng_click], [type], [k_content], [IdServiceParameter]) VALUES (N'173894dd-b6cb-4f0c-890c-4949bbf11eae', N'bController.baseService.actionService.deleteFromGrid(dataItem,''173894dd-b6cb-4f0c-890c-4949bbf11eae'',''50afcaf6-d4b1-42b7-9546-da533e925e8d'')', N'submit', N'{{''173894dd-b6cb-4f0c-890c-4949bbf11eae'' | translate }}', NULL)
INSERT INTO [ERPSettings].[GridButtonComponent] ([IdComponent], [ng_click], [type], [k_content], [IdServiceParameter]) VALUES (N'2c39c628-7898-4752-8f9c-a8110b44c912', N'bController.baseService.actionService.redirectToEditForm(dataItem,''2c39c628-7898-4752-8f9c-a8110b44c912'')', N'submit', N'{{''2c39c628-7898-4752-8f9c-a8110b44c912'' | translate }}', NULL)
INSERT INTO [ERPSettings].[GridButtonComponent] ([IdComponent], [ng_click], [type], [k_content], [IdServiceParameter]) VALUES (N'3c14a37f-785f-4aca-8e5c-af023ed22829', N'bController.baseService.actionService.deleteFromGrid(dataItem,''3c14a37f-785f-4aca-8e5c-af023ed22829'',''aebf4f0d-b123-4458-9391-4f407c8c4839'')', N'submit', N'{{''3c14a37f-785f-4aca-8e5c-af023ed22829'' | translate }}', NULL)
INSERT INTO [ERPSettings].[GridButtonComponent] ([IdComponent], [ng_click], [type], [k_content], [IdServiceParameter]) VALUES (N'42a06cc4-de5b-43c3-b7e2-67a5164bd40b', N'bController.baseService.actionService.deleteFromGrid(dataItem,''42a06cc4-de5b-43c3-b7e2-67a5164bd40b'',''cba795fd-46f2-4c2b-ac83-43988015ca08'')', N'submit', N'{{''42a06cc4-de5b-43c3-b7e2-67a5164bd40b'' | translate }}', NULL)
INSERT INTO [ERPSettings].[GridButtonComponent] ([IdComponent], [ng_click], [type], [k_content], [IdServiceParameter]) VALUES (N'4738c2e3-850f-47ef-9ed8-417bfb4203e1', N'bController.baseService.actionService.viewReport(dataItem,''4738c2e3-850f-47ef-9ed8-417bfb4203e1'')', N'submit', N'{{''4738c2e3-850f-47ef-9ed8-417bfb4203e1'' | translate }}', NULL)
INSERT INTO [ERPSettings].[GridButtonComponent] ([IdComponent], [ng_click], [type], [k_content], [IdServiceParameter]) VALUES (N'556c4ab5-522d-4e26-b23c-8c2cee171795', N'bController.baseService.actionService.redirectToEditForm(dataItem,''556c4ab5-522d-4e26-b23c-8c2cee171795'')', N'submit', N'{{''556c4ab5-522d-4e26-b23c-8c2cee171795'' | translate }}', NULL)
INSERT INTO [ERPSettings].[GridButtonComponent] ([IdComponent], [ng_click], [type], [k_content], [IdServiceParameter]) VALUES (N'e89568a0-456b-4f64-8ce4-6bdb48b51d1f', N'bController.baseService.actionService.redirectToEditForm(dataItem,''e89568a0-456b-4f64-8ce4-6bdb48b51d1f'')', N'submit', N'{{''e89568a0-456b-4f64-8ce4-6bdb48b51d1f'' | translate }}', NULL)
INSERT INTO [ERPSettings].[GridColumnComponent] ([IdComponent], [field], [title], [width], [format], [groupHeaderTemplate], [hidden], [template], [nullable], [type], [editable], [defaultValue], [menu]) VALUES (N'1c4752ef-ae63-4322-853b-2b631f7b15bc', N'Label', N'{{''1c4752ef-ae63-4322-853b-2b631f7b15bc'' | translate }}', NULL, NULL, N'#= value #', 0, NULL, 0, NULL, 0, NULL, NULL)
INSERT INTO [ERPSettings].[GridColumnComponent] ([IdComponent], [field], [title], [width], [format], [groupHeaderTemplate], [hidden], [template], [nullable], [type], [editable], [defaultValue], [menu]) VALUES (N'1e3b2786-fefb-4739-89a0-5b78ae660bb8', N'EndDate', N'{{''1e3b2786-fefb-4739-89a0-5b78ae660bb8'' | translate }}', NULL, NULL, N'#= value #', 0, NULL, 0, NULL, 0, NULL, NULL)
INSERT INTO [ERPSettings].[GridColumnComponent] ([IdComponent], [field], [title], [width], [format], [groupHeaderTemplate], [hidden], [template], [nullable], [type], [editable], [defaultValue], [menu]) VALUES (N'270f086a-3581-4c7c-ba25-a39e59c36150', N'IdContractNavigation.ContractReference', N'{{''270f086a-3581-4c7c-ba25-a39e59c36150'' | translate }}', NULL, NULL, N'#= value #', 0, NULL, 0, NULL, 0, NULL, NULL)
INSERT INTO [ERPSettings].[GridColumnComponent] ([IdComponent], [field], [title], [width], [format], [groupHeaderTemplate], [hidden], [template], [nullable], [type], [editable], [defaultValue], [menu]) VALUES (N'39e59cef-370d-4fb2-8b14-f339aa913a79', N'PaymentDate', N'{{''39e59cef-370d-4fb2-8b14-f339aa913a79'' | translate }}', NULL, NULL, N'#= value #', 0, NULL, 0, NULL, 0, NULL, NULL)
INSERT INTO [ERPSettings].[GridColumnComponent] ([IdComponent], [field], [title], [width], [format], [groupHeaderTemplate], [hidden], [template], [nullable], [type], [editable], [defaultValue], [menu]) VALUES (N'3f2e7460-706a-4988-828c-2b55f2d024b2', N'IdEmployeeNavigation.Matricule', N'{{''3f2e7460-706a-4988-828c-2b55f2d024b2'' | translate }}', NULL, NULL, N'#= value #', 0, NULL, 0, NULL, 0, NULL, NULL)
INSERT INTO [ERPSettings].[GridColumnComponent] ([IdComponent], [field], [title], [width], [format], [groupHeaderTemplate], [hidden], [template], [nullable], [type], [editable], [defaultValue], [menu]) VALUES (N'5c8faeb2-be0f-45a3-9784-a9097b7df95a', N'StartDate', N'{{''5c8faeb2-be0f-45a3-9784-a9097b7df95a'' | translate }}', NULL, NULL, N'#= value #', 0, NULL, 0, NULL, 0, NULL, NULL)
INSERT INTO [ERPSettings].[GridColumnComponent] ([IdComponent], [field], [title], [width], [format], [groupHeaderTemplate], [hidden], [template], [nullable], [type], [editable], [defaultValue], [menu]) VALUES (N'62de15cf-9338-4824-b1e4-d30b698b32c1', N'Label', N'{{''62de15cf-9338-4824-b1e4-d30b698b32c1'' | translate }}', NULL, NULL, N'#= value #', 0, NULL, 0, NULL, 0, NULL, NULL)
INSERT INTO [ERPSettings].[GridColumnComponent] ([IdComponent], [field], [title], [width], [format], [groupHeaderTemplate], [hidden], [template], [nullable], [type], [editable], [defaultValue], [menu]) VALUES (N'8e583e6a-ce59-4fce-a228-bb6d98256b06', N'ExpirationDate', N'{{''8e583e6a-ce59-4fce-a228-bb6d98256b06'' | translate }}', NULL, NULL, N'#= value #', 0, NULL, 0, NULL, 0, NULL, NULL)
INSERT INTO [ERPSettings].[GridColumnComponent] ([IdComponent], [field], [title], [width], [format], [groupHeaderTemplate], [hidden], [template], [nullable], [type], [editable], [defaultValue], [menu]) VALUES (N'ba343c11-5de5-4e9c-ab04-bb946588b543', N'Label', N'{{''ba343c11-5de5-4e9c-ab04-bb946588b543'' | translate }}', NULL, N'{0:d}', N'#= value #', 0, NULL, 0, N'date', 0, NULL, NULL)
INSERT INTO [ERPSettings].[GridColumnComponent] ([IdComponent], [field], [title], [width], [format], [groupHeaderTemplate], [hidden], [template], [nullable], [type], [editable], [defaultValue], [menu]) VALUES (N'bed7894c-6c36-4d83-9dfd-b3b4fda7bf65', NULL, N'{{''bed7894c-6c36-4d83-9dfd-b3b4fda7bf65'' | translate }}', NULL, NULL, N'#= value #', 0, NULL, 0, NULL, 0, NULL, NULL)
INSERT INTO [ERPSettings].[GridColumnComponent] ([IdComponent], [field], [title], [width], [format], [groupHeaderTemplate], [hidden], [template], [nullable], [type], [editable], [defaultValue], [menu]) VALUES (N'c03aac1d-8622-4cc5-bfc6-5aa16bb58b22', NULL, N'{{''c03aac1d-8622-4cc5-bfc6-5aa16bb58b22'' | translate }}', NULL, NULL, N'#= value #', 0, NULL, 0, NULL, 0, NULL, NULL)
INSERT INTO [ERPSettings].[GridColumnComponent] ([IdComponent], [field], [title], [width], [format], [groupHeaderTemplate], [hidden], [template], [nullable], [type], [editable], [defaultValue], [menu]) VALUES (N'c361524a-969e-451f-916c-5c7330c802c6', NULL, N'{{''c361524a-969e-451f-916c-5c7330c802c6'' | translate }}', NULL, NULL, N'#= value #', 0, NULL, 0, NULL, 0, NULL, NULL)
INSERT INTO [ERPSettings].[GridColumnComponent] ([IdComponent], [field], [title], [width], [format], [groupHeaderTemplate], [hidden], [template], [nullable], [type], [editable], [defaultValue], [menu]) VALUES (N'd9886c09-41b3-4788-a9c4-1d4988c191cb', NULL, N'{{''d9886c09-41b3-4788-a9c4-1d4988c191cb'' | translate }}', NULL, NULL, N'#= value #', 0, NULL, 0, NULL, 0, NULL, NULL)
INSERT INTO [ERPSettings].[GridColumnComponent] ([IdComponent], [field], [title], [width], [format], [groupHeaderTemplate], [hidden], [template], [nullable], [type], [editable], [defaultValue], [menu]) VALUES (N'ecf04efe-1119-49a5-a90d-f99126c1f2ad', N'PayslipNumber', N'{{''ecf04efe-1119-49a5-a90d-f99126c1f2ad'' | translate }}', NULL, N'{0:d}', N'#= value #', 0, NULL, 0, N'date', 0, NULL, NULL)
INSERT INTO [ERPSettings].[ComboBoxComponent] ([IdComponent], [ng_model], [required], [ng_disabled], [ng_bind], [ng_blur], [placeholder], [k_option_label], [k_on_change], [k_data_text_field], [k_data_value_field], [k_filter], [k_autoBind], [k_data_source]) VALUES (N'7521ccb2-8094-43b1-ba07-7c64cea9fe35', NULL, 1, NULL, NULL, NULL, NULL, NULL, N'bController.baseService.actionService.onChangeSettlementType(''7521ccb2-8094-43b1-ba07-7c64cea9fe35'')', NULL, NULL, NULL, NULL, NULL)
INSERT INTO [ERPSettings].[ComboBoxComponent] ([IdComponent], [ng_model], [required], [ng_disabled], [ng_bind], [ng_blur], [placeholder], [k_option_label], [k_on_change], [k_data_text_field], [k_data_value_field], [k_filter], [k_autoBind], [k_data_source]) VALUES (N'bb10c212-b3ee-4652-abb4-e45fac0e89ef', NULL, 1, NULL, NULL, NULL, NULL, NULL, N'bController.baseService.actionService.onChangeSettlementType(''bb10c212-b3ee-4652-abb4-e45fac0e89ef'')', NULL, NULL, NULL, NULL, NULL)
INSERT INTO [ERPSettings].[ComboBoxComponent] ([IdComponent], [ng_model], [required], [ng_disabled], [ng_bind], [ng_blur], [placeholder], [k_option_label], [k_on_change], [k_data_text_field], [k_data_value_field], [k_filter], [k_autoBind], [k_data_source]) VALUES (N'c0cf4db1-4a06-4a23-96bb-7e0b9095cf82', NULL, 1, NULL, NULL, NULL, NULL, NULL, N'bController.baseService.actionService.onChangeSettlementType(''c0cf4db1-4a06-4a23-96bb-7e0b9095cf82'')', NULL, NULL, NULL, NULL, NULL)
INSERT INTO [ERPSettings].[ComboBoxComponent] ([IdComponent], [ng_model], [required], [ng_disabled], [ng_bind], [ng_blur], [placeholder], [k_option_label], [k_on_change], [k_data_text_field], [k_data_value_field], [k_filter], [k_autoBind], [k_data_source]) VALUES (N'df4022f7-7314-454f-8a6d-80d57f4b00ee', NULL, 1, NULL, NULL, NULL, NULL, NULL, N'bController.baseService.actionService.onChangeSettlementType(''df4022f7-7314-454f-8a6d-80d57f4b00ee'')', NULL, NULL, NULL, NULL, NULL)
INSERT INTO [ERPSettings].[ComboBoxOptions] ([IdComponent], [autoBind], [dataTextField], [dataValueField], [delay], [enable], [filter], [fixedGroupTemplate], [groupTemplate], [height], [headerTemplate], [template], [valueTemplate], [footerTemplate], [change], [close], [dataBound], [filtering], [open], [select], [name]) VALUES (N'7521ccb2-8094-43b1-ba07-7c64cea9fe35', 1, N'Label', N'Id', NULL, 1, N'contains', NULL, NULL, 500, NULL, NULL, NULL, NULL, NULL, NULL, NULL, NULL, NULL, NULL, N'IdEchellon')
INSERT INTO [ERPSettings].[ComboBoxOptions] ([IdComponent], [autoBind], [dataTextField], [dataValueField], [delay], [enable], [filter], [fixedGroupTemplate], [groupTemplate], [height], [headerTemplate], [template], [valueTemplate], [footerTemplate], [change], [close], [dataBound], [filtering], [open], [select], [name]) VALUES (N'bb10c212-b3ee-4652-abb4-e45fac0e89ef', 1, N'Label', N'Id', NULL, 1, N'contains', NULL, NULL, 500, NULL, NULL, NULL, NULL, NULL, NULL, NULL, NULL, NULL, NULL, N'IdGrade')
INSERT INTO [ERPSettings].[ComboBoxOptions] ([IdComponent], [autoBind], [dataTextField], [dataValueField], [delay], [enable], [filter], [fixedGroupTemplate], [groupTemplate], [height], [headerTemplate], [template], [valueTemplate], [footerTemplate], [change], [close], [dataBound], [filtering], [open], [select], [name]) VALUES (N'c0cf4db1-4a06-4a23-96bb-7e0b9095cf82', 1, N'Value', N'Id', NULL, 1, N'contains', NULL, NULL, 500, NULL, NULL, NULL, NULL, NULL, NULL, NULL, NULL, NULL, NULL, N'IdPlannedPayroll')
INSERT INTO [ERPSettings].[ComboBoxOptions] ([IdComponent], [autoBind], [dataTextField], [dataValueField], [delay], [enable], [filter], [fixedGroupTemplate], [groupTemplate], [height], [headerTemplate], [template], [valueTemplate], [footerTemplate], [change], [close], [dataBound], [filtering], [open], [select], [name]) VALUES (N'df4022f7-7314-454f-8a6d-80d57f4b00ee', 1, N'Label', N'Id', NULL, 1, N'contains', NULL, NULL, 500, NULL, NULL, NULL, NULL, NULL, NULL, NULL, NULL, NULL, NULL, N'IdContractType')


INSERT INTO [ERPSettings].[Message] ([IdCreator], [IdInformation], [EntityReference], [CodeEntity]) VALUES (2, 1000500017, 1, N'C18/00000001')
INSERT INTO [ERPSettings].[Message] ([IdCreator], [IdInformation], [EntityReference], [CodeEntity]) VALUES (2, 1000500018, 2, N'L18/00000001')
INSERT INTO [ERPSettings].[Message] ([IdCreator], [IdInformation], [EntityReference], [CodeEntity]) VALUES (2, 1000500015, 3, N'C18/00000001')


INSERT INTO [ERPSettings].[Functionality] ([IdFunctionality], [FunctionalityName], [IdRequestType], [FR], [EN], [AR], [DE], [CH], [ES]) VALUES (N'35240f39-4f3d-4e06-9cff-16b51589f516', N'Echellon-ADD', 1, N'Ajouter', N'Add', N'Ajouter echellon_AR', N'Ajouter echellon_DE', N'Ajouter echellon_CH', N'Ajouter echellon_ES')
INSERT INTO [ERPSettings].[Functionality] ([IdFunctionality], [FunctionalityName], [IdRequestType], [FR], [EN], [AR], [DE], [CH], [ES]) VALUES (N'418d053d-d730-4577-8e25-77584384703e', N'Job-ADD', 1, N'Poste', N'Job', N'Poste_AR', N'Poste_DE', N'Poste_CH', N'Poste_ES')
INSERT INTO [ERPSettings].[Functionality] ([IdFunctionality], [FunctionalityName], [IdRequestType], [FR], [EN], [AR], [DE], [CH], [ES]) VALUES (N'484b7de1-561e-4a44-91dc-c8ea4c33d0f1', N'Grade-UPDATE', 2, N'Modifier', N'Update', N'Modifier_AR', N'Modifier_DE', N'Modifier_CH', N'Modifier_ES')
INSERT INTO [ERPSettings].[Functionality] ([IdFunctionality], [FunctionalityName], [IdRequestType], [FR], [EN], [AR], [DE], [CH], [ES]) VALUES (N'5fa827e8-96a8-4020-9153-8755f3c3de93', N'Grade-ADD', 1, N'Ajouter', N'Add', N'Ajouter grade_AR', N'Ajouter grade_DE', N'Ajouter grade_CH', N'Ajouter grade_ES')
INSERT INTO [ERPSettings].[Functionality] ([IdFunctionality], [FunctionalityName], [IdRequestType], [FR], [EN], [AR], [DE], [CH], [ES]) VALUES (N'68fec29f-1c31-4860-8e21-47e345398528', N'Contract-ADD', 1, N'Ajouter', N'Add', N'Ajouter_AR', N'Ajouter_DE', N'Ajouter_CH', N'Ajouter_ES')
INSERT INTO [ERPSettings].[Functionality] ([IdFunctionality], [FunctionalityName], [IdRequestType], [FR], [EN], [AR], [DE], [CH], [ES]) VALUES (N'99916b67-3c87-4342-8eb1-8640d0d9efd1', N'Contract-LIST', 4, N'Lister', N'List', N'Lister_AR', N'Lister_DE', N'Lister_CH', N'Lister_ES')
INSERT INTO [ERPSettings].[Functionality] ([IdFunctionality], [FunctionalityName], [IdRequestType], [FR], [EN], [AR], [DE], [CH], [ES]) VALUES (N'a4f40551-3b1d-4236-bb7d-0ce0e663ef5a', N'Echellon-UPDATE', 2, N'Modifier', N'Update', N'Modifier_AR', N'Modifier_DE', N'Modifier_CH', N'Modifier_ES')
INSERT INTO [ERPSettings].[Functionality] ([IdFunctionality], [FunctionalityName], [IdRequestType], [FR], [EN], [AR], [DE], [CH], [ES]) VALUES (N'bb6ab79b-3279-487e-a321-d3deb8cba545', N'Grade-LIST', 4, N'Lister', N'List', N'Lister_AR', N'Lister_DE', N'Lister_CH', N'Lister_ES')
INSERT INTO [ERPSettings].[Functionality] ([IdFunctionality], [FunctionalityName], [IdRequestType], [FR], [EN], [AR], [DE], [CH], [ES]) VALUES (N'cd30e343-60c3-4f7d-a566-72fe0718a90b', N'Job-UPDATE', 2, N'Modifier', N'Update', N'Modifier_AR', N'Modifier_DE', N'Modifier_CH', N'Modifier_ES')
INSERT INTO [ERPSettings].[Functionality] ([IdFunctionality], [FunctionalityName], [IdRequestType], [FR], [EN], [AR], [DE], [CH], [ES]) VALUES (N'd6b0b228-646a-47c9-a361-8efd57b2bd06', N'Job-LIST', 4, N'Lister', N'List', N'Lister_AR', N'Lister_DE', N'Lister_CH', N'Lister_ES')
INSERT INTO [ERPSettings].[Functionality] ([IdFunctionality], [FunctionalityName], [IdRequestType], [FR], [EN], [AR], [DE], [CH], [ES]) VALUES (N'f2630114-6cf4-431d-99f4-a3c79dadd2af', N'Contract-UPDATE', 2, N'Modifier', N'Update', N'Modifier_AR', N'Modifier_DE', N'Modifier_CH', N'Modifier_ES')
INSERT INTO [ERPSettings].[Functionality] ([IdFunctionality], [FunctionalityName], [IdRequestType], [FR], [EN], [AR], [DE], [CH], [ES]) VALUES (N'f53855e9-1ef1-428b-8f01-bc02a24a5277', N'Echellon-LIST', 4, N'Lister', N'List', N'Lister_AR', N'Lister_DE', N'Lister_CH', N'Lister_ES')
INSERT INTO [ERPSettings].[FormComponent] ([IdComponent], [k_rules], [ng_controller], [ng_submit], [data_ng_init], [IdServiceParameter], [NameSpace]) VALUES (N'08ff21b7-0e3a-4125-9ba4-24adc4725aef', NULL, N'BaseController as bController', NULL, N'bController.baseService.initService.initView()', NULL, N'Payroll.Job')
INSERT INTO [ERPSettings].[FormComponent] ([IdComponent], [k_rules], [ng_controller], [ng_submit], [data_ng_init], [IdServiceParameter], [NameSpace]) VALUES (N'36f4e08c-14e8-4978-9567-cd6b2e7cc031', NULL, N'BaseController as bController', NULL, N'bController.baseService.initService.initView()', NULL, N'Payroll.Echellon')
INSERT INTO [ERPSettings].[FormComponent] ([IdComponent], [k_rules], [ng_controller], [ng_submit], [data_ng_init], [IdServiceParameter], [NameSpace]) VALUES (N'3ece1aef-9777-42f3-a07a-d5d17589b6a4', NULL, N'BaseController as bController', NULL, N'bController.baseService.initService.initView()', NULL, N'Payroll.Contract')
INSERT INTO [ERPSettings].[FormComponent] ([IdComponent], [k_rules], [ng_controller], [ng_submit], [data_ng_init], [IdServiceParameter], [NameSpace]) VALUES (N'80d5b4b0-a017-412b-ba58-2957a56f317f', NULL, N'BaseController as bController', NULL, N'bController.baseService.initService.initView()', NULL, N'Payroll.Payslip')
INSERT INTO [ERPSettings].[FormComponent] ([IdComponent], [k_rules], [ng_controller], [ng_submit], [data_ng_init], [IdServiceParameter], [NameSpace]) VALUES (N'a8acf613-c6c1-4b83-ba60-209e4b6c9aa5', NULL, N'BaseController as bController', NULL, N'bController.baseService.initService.initView()', NULL, N'Payroll.Echellon')
INSERT INTO [ERPSettings].[FormComponent] ([IdComponent], [k_rules], [ng_controller], [ng_submit], [data_ng_init], [IdServiceParameter], [NameSpace]) VALUES (N'b0e460ec-9fb4-42d4-9f42-5cd10444b0ce', NULL, N'BaseController as bController', NULL, N'bController.baseService.initService.initView()', NULL, N'Payroll.Grade')
INSERT INTO [ERPSettings].[FormComponent] ([IdComponent], [k_rules], [ng_controller], [ng_submit], [data_ng_init], [IdServiceParameter], [NameSpace]) VALUES (N'd3630674-d913-45be-8ca5-cdf134128ad5', NULL, N'BaseController as bController', NULL, N'bController.baseService.initService.initView()', NULL, N'Payroll.Job')
INSERT INTO [ERPSettings].[FormComponent] ([IdComponent], [k_rules], [ng_controller], [ng_submit], [data_ng_init], [IdServiceParameter], [NameSpace]) VALUES (N'e2600b7f-4f84-4d88-9e72-16eb8de62145', NULL, N'BaseController as bController', NULL, N'bController.baseService.initService.initView()', NULL, N'Payroll.Grade')
INSERT INTO [ERPSettings].[ButtonComponent] ([IdComponent], [ng_model], [ng_click], [type], [ButtonType], [IdServiceParameter], [ngDisabled]) VALUES (N'1f0ea175-2b78-4fb3-ba67-3b6d9875f780', N'', N'bController.baseService.actionService.redirectionService.redirectTo(''/payroll/salarystructure/list'')', N'submit', 0, NULL, NULL)
INSERT INTO [ERPSettings].[ButtonComponent] ([IdComponent], [ng_model], [ng_click], [type], [ButtonType], [IdServiceParameter], [ngDisabled]) VALUES (N'4672abef-547a-4591-be8a-79e543e80df1', N'', N'bController.baseService.actionService.save(''4672abef-547a-4591-be8a-79e543e80df1'')', N'submit', 0, N'792d52da-dec1-49f8-9c11-3289bbf7d0e8', NULL)
INSERT INTO [ERPSettings].[ButtonComponent] ([IdComponent], [ng_model], [ng_click], [type], [ButtonType], [IdServiceParameter], [ngDisabled]) VALUES (N'5bd1c9d0-61c9-4d4a-9269-12dfc7591b78', N'', N'bController.baseService.actionService.save(''5bd1c9d0-61c9-4d4a-9269-12dfc7591b78'')', N'submit', 0, N'8a8ee87b-b314-4756-9850-2c361eb4a37b', NULL)
INSERT INTO [ERPSettings].[ButtonComponent] ([IdComponent], [ng_model], [ng_click], [type], [ButtonType], [IdServiceParameter], [ngDisabled]) VALUES (N'6fe5dc06-ed5f-4985-becb-1bc6709dc2b5', N'', N'bController.baseService.actionService.redirectionService.redirectTo(''/payroll/grade/list'')', N'submit', 0, NULL, NULL)
INSERT INTO [ERPSettings].[ButtonComponent] ([IdComponent], [ng_model], [ng_click], [type], [ButtonType], [IdServiceParameter], [ngDisabled]) VALUES (N'710f4b02-5f55-4992-a402-59509021f115', N'', N'bController.baseService.actionService.redirectionService.redirectTo(''/payroll/grade/add'')', N'submit', 0, NULL, NULL)
INSERT INTO [ERPSettings].[ButtonComponent] ([IdComponent], [ng_model], [ng_click], [type], [ButtonType], [IdServiceParameter], [ngDisabled]) VALUES (N'770cf443-492f-4e5d-8039-66a062bb9a02', N'', N'bController.baseService.actionService.save(''770cf443-492f-4e5d-8039-66a062bb9a02'')', N'submit', 0, N'398480d0-941b-40b8-b231-4ce4eeafd596', NULL)
INSERT INTO [ERPSettings].[ButtonComponent] ([IdComponent], [ng_model], [ng_click], [type], [ButtonType], [IdServiceParameter], [ngDisabled]) VALUES (N'ae7ae511-5f4d-4337-91e6-df7b3c84b37d', N'', N'bController.baseService.actionService.redirectionService.redirectTo(''/payroll/payslip/add'')', N'submit', 0, NULL, NULL)
INSERT INTO [ERPSettings].[ButtonComponent] ([IdComponent], [ng_model], [ng_click], [type], [ButtonType], [IdServiceParameter], [ngDisabled]) VALUES (N'ba3f3e37-1e93-493b-9d9f-6a1722496088', N'', N'bController.baseService.actionService.redirectionService.redirectTo(''/payroll/echellon/add'')', N'submit', 0, NULL, NULL)
INSERT INTO [ERPSettings].[ButtonComponent] ([IdComponent], [ng_model], [ng_click], [type], [ButtonType], [IdServiceParameter], [ngDisabled]) VALUES (N'c55b8d0c-40df-484b-a509-667219bb543b', N'', N'bController.baseService.actionService.redirectionService.redirectTo(''/payroll/job/list'')', N'submit', 0, NULL, NULL)
INSERT INTO [ERPSettings].[ButtonComponent] ([IdComponent], [ng_model], [ng_click], [type], [ButtonType], [IdServiceParameter], [ngDisabled]) VALUES (N'f8068b5f-e2e0-4bc7-8c3f-a606ff6c4558', N'', N'bController.baseService.actionService.redirectionService.redirectTo(''/payroll/echellon/list'')', N'submit', 0, NULL, NULL)
INSERT INTO [ERPSettings].[ButtonComponent] ([IdComponent], [ng_model], [ng_click], [type], [ButtonType], [IdServiceParameter], [ngDisabled]) VALUES (N'fb473c2d-5d5c-441f-b248-ef3a14754101', N'', N'bController.baseService.actionService.redirectionService.redirectTo(''/payroll/job/add'')', N'submit', 0, NULL, NULL)
INSERT INTO [ERPSettings].[ButtonComponent] ([IdComponent], [ng_model], [ng_click], [type], [ButtonType], [IdServiceParameter], [ngDisabled]) VALUES (N'fd3d8032-c081-45ec-8b9c-92fde021316a', N'', N'bController.baseService.actionService.save(''fd3d8032-c081-45ec-8b9c-92fde021316a'')', N'submit', 0, N'ffafeca1-5883-4430-a7c0-e2cccbdc0102', NULL)
INSERT INTO [ERPSettings].[Module] ([IdModule], [ModuleName], [IdModuleParent], [Rank], [FR], [EN], [AR], [DE], [CH], [ES], [class], [InMenuList]) VALUES (N'214c0463-7e29-4740-acf7-bccec1adfa43', N'Contract', N'24548e5d-76cc-4fc8-a7ee-02986b9274a7', 2, N'Contrat', N'Contract', N'Contrat_AR', N'Contrat_DE', N'Contrat_CH', N'Contrat_ES', N'icon-note', 1)
INSERT INTO [ERPSettings].[Module] ([IdModule], [ModuleName], [IdModuleParent], [Rank], [FR], [EN], [AR], [DE], [CH], [ES], [class], [InMenuList]) VALUES (N'94a36607-432f-483b-aecf-8c0d3d19f47b', N'Grade', N'24548e5d-76cc-4fc8-a7ee-02986b9274a7', 4, N'Grade', N'Grade', N'Grade_AR', N'Grade_DE', N'Grade_CH', N'Grade_ES', N'icon-note', 1)
INSERT INTO [ERPSettings].[Module] ([IdModule], [ModuleName], [IdModuleParent], [Rank], [FR], [EN], [AR], [DE], [CH], [ES], [class], [InMenuList]) VALUES (N'b4cf9263-6554-4f45-a26d-22e8d58099d5', N'Echellon', N'24548e5d-76cc-4fc8-a7ee-02986b9274a7', 5, N'Echellon', N'Echellon', N'Echellon_AR', N'Echellon_DE', N'Echellon_CH', N'Echellon_ES', N'icon-note', 1)
INSERT INTO [ERPSettings].[Module] ([IdModule], [ModuleName], [IdModuleParent], [Rank], [FR], [EN], [AR], [DE], [CH], [ES], [class], [InMenuList]) VALUES (N'bb44b92d-de84-4bc7-bd5e-3f0b2f29e16a', N'Job', N'24548e5d-76cc-4fc8-a7ee-02986b9274a7', 3, N'Poste', N'Job', N'Poste_AR', N'Poste_DE', N'Poste_CH', N'Poste_ES', N'icon-note', 1)


INSERT INTO [ERPSettings].[ModuleByRole] ([IdRole], [IdModule], [IsActive], [IsVisible]) VALUES ( 1, N'94a36607-432f-483b-aecf-8c0d3d19f47b', 1, 1)
INSERT INTO [ERPSettings].[ModuleByRole] ([IdRole], [IdModule], [IsActive], [IsVisible]) VALUES ( 1, N'b4cf9263-6554-4f45-a26d-22e8d58099d5', 1, 1)
INSERT INTO [ERPSettings].[ModuleByRole] ([IdRole], [IdModule], [IsActive], [IsVisible]) VALUES ( 1, N'214c0463-7e29-4740-acf7-bccec1adfa43', 1, 1)
INSERT INTO [ERPSettings].[ModuleByRole] ([IdRole], [IdModule], [IsActive], [IsVisible]) VALUES ( 1, N'bb44b92d-de84-4bc7-bd5e-3f0b2f29e16a', 1, 1)


INSERT INTO [ERPSettings].[ReportComponent] ([IdComponent], [ng_model], [HostAppId], [templateUrl], [report], [viewMode], [scaleMode], [scale]) VALUES (N'c2ea210c-c0f0-4ae3-97ae-68a6e43e2cce', NULL, NULL, N'views/telerikReportViewerTemplate.html', N'Payslip.trdp', N'INTERACTIVE', N'SPECIFIC', N'1.0')

INSERT INTO [ERPSettings].[Menu] ([IdMenu], [IdFunctionnality], [DefaultRoute], [Picture], [Rank], [FR], [EN], [AR], [DE], [CH], [ES], [class], [IsVisible], [InMenuList]) VALUES (N'4d207e89-cc59-41ad-9fb3-6b75b993d7f7', N'99916b67-3c87-4342-8eb1-8640d0d9efd1', N'/payroll/contract/list', NULL, 3, NULL, NULL, NULL, NULL, NULL, NULL, N'fa fa-chevron-right', NULL, 1)
INSERT INTO [ERPSettings].[Menu] ([IdMenu], [IdFunctionnality], [DefaultRoute], [Picture], [Rank], [FR], [EN], [AR], [DE], [CH], [ES], [class], [IsVisible], [InMenuList]) VALUES (N'59e4daca-004b-4db4-bd8e-71a70cacdf49', N'f53855e9-1ef1-428b-8f01-bc02a24a5277', N'/payroll/echellon/list', NULL, 3, NULL, NULL, NULL, NULL, NULL, NULL, N'fa fa-chevron-right', NULL, 1)
INSERT INTO [ERPSettings].[Menu] ([IdMenu], [IdFunctionnality], [DefaultRoute], [Picture], [Rank], [FR], [EN], [AR], [DE], [CH], [ES], [class], [IsVisible], [InMenuList]) VALUES (N'673466e0-9841-46fd-b6b4-65c9c64b0fa0', N'418d053d-d730-4577-8e25-77584384703e', N'/payroll/job/add', NULL, 1, NULL, NULL, NULL, NULL, NULL, NULL, N'fa fa-chevron-right', NULL, 1)
INSERT INTO [ERPSettings].[Menu] ([IdMenu], [IdFunctionnality], [DefaultRoute], [Picture], [Rank], [FR], [EN], [AR], [DE], [CH], [ES], [class], [IsVisible], [InMenuList]) VALUES (N'931372cc-876c-492d-a990-e43d4da9e524', N'cd30e343-60c3-4f7d-a566-72fe0718a90b', N'/payroll/job/update', NULL, 2, NULL, NULL, NULL, NULL, NULL, NULL, N'fa fa-chevron-right', NULL, 0)
INSERT INTO [ERPSettings].[Menu] ([IdMenu], [IdFunctionnality], [DefaultRoute], [Picture], [Rank], [FR], [EN], [AR], [DE], [CH], [ES], [class], [IsVisible], [InMenuList]) VALUES (N'949154ce-3e07-4bfe-bc21-df85921d588a', N'a4f40551-3b1d-4236-bb7d-0ce0e663ef5a', N'/payroll/echellon/update', NULL, 2, NULL, NULL, NULL, NULL, NULL, NULL, N'fa fa-chevron-right', NULL, 0)
INSERT INTO [ERPSettings].[Menu] ([IdMenu], [IdFunctionnality], [DefaultRoute], [Picture], [Rank], [FR], [EN], [AR], [DE], [CH], [ES], [class], [IsVisible], [InMenuList]) VALUES (N'ae2a2b80-9ad0-4251-931f-a849fa05f3e0', N'35240f39-4f3d-4e06-9cff-16b51589f516', N'/payroll/echellon/add', NULL, 1, NULL, NULL, NULL, NULL, NULL, NULL, N'fa fa-chevron-right', NULL, 1)
INSERT INTO [ERPSettings].[Menu] ([IdMenu], [IdFunctionnality], [DefaultRoute], [Picture], [Rank], [FR], [EN], [AR], [DE], [CH], [ES], [class], [IsVisible], [InMenuList]) VALUES (N'c0773ea9-0ddd-4c16-878d-c626de2873d2', N'484b7de1-561e-4a44-91dc-c8ea4c33d0f1', N'/payroll/grade/edit', NULL, 2, N'Modifier', N'Update', N'Modifier_AR', N'Modifier_DE', N'Modifier_CH', N'Modifier_ES', N'fa fa-chevron-right', NULL, 0)
INSERT INTO [ERPSettings].[Menu] ([IdMenu], [IdFunctionnality], [DefaultRoute], [Picture], [Rank], [FR], [EN], [AR], [DE], [CH], [ES], [class], [IsVisible], [InMenuList]) VALUES (N'c54e25ff-83b5-475c-aad5-995bd797bc46', N'5fa827e8-96a8-4020-9153-8755f3c3de93', N'/payroll/grade/add', NULL, 1, N'Ajouter', N'Add', N'Ajouter grade_AR', N'Ajouter grade_DE', N'Ajouter grade_CH', N'Ajouter grade_ES', N'fa fa-chevron-right', NULL, 1)
INSERT INTO [ERPSettings].[Menu] ([IdMenu], [IdFunctionnality], [DefaultRoute], [Picture], [Rank], [FR], [EN], [AR], [DE], [CH], [ES], [class], [IsVisible], [InMenuList]) VALUES (N'd5183e06-f352-49a2-bfc8-fce6f500675a', N'68fec29f-1c31-4860-8e21-47e345398528', N'/payroll/contract/add', NULL, 1, NULL, NULL, NULL, NULL, NULL, NULL, N'fa fa-chevron-right', NULL, 1)
INSERT INTO [ERPSettings].[Menu] ([IdMenu], [IdFunctionnality], [DefaultRoute], [Picture], [Rank], [FR], [EN], [AR], [DE], [CH], [ES], [class], [IsVisible], [InMenuList]) VALUES (N'd5555e73-5b42-4941-8566-c6ef629c6998', N'bb6ab79b-3279-487e-a321-d3deb8cba545', N'/payroll/grade/list', NULL, 3, N'Lister', N'List', N'Lister_AR', N'Lister_DE', N'Lister_CH', N'Lister_ES', N'fa fa-chevron-right', NULL, 1)
INSERT INTO [ERPSettings].[Menu] ([IdMenu], [IdFunctionnality], [DefaultRoute], [Picture], [Rank], [FR], [EN], [AR], [DE], [CH], [ES], [class], [IsVisible], [InMenuList]) VALUES (N'e859194a-17b5-4f5d-988e-8e9e2ff2f4e6', N'd6b0b228-646a-47c9-a361-8efd57b2bd06', N'/payroll/job/list', NULL, 3, NULL, NULL, NULL, NULL, NULL, NULL, N'fa fa-chevron-right', NULL, 1)
INSERT INTO [ERPSettings].[Menu] ([IdMenu], [IdFunctionnality], [DefaultRoute], [Picture], [Rank], [FR], [EN], [AR], [DE], [CH], [ES], [class], [IsVisible], [InMenuList]) VALUES (N'ee2f4cc9-15eb-4dc7-92ac-4935c3ec29c9', N'f2630114-6cf4-431d-99f4-a3c79dadd2af', N'/payroll/contract/update', NULL, 2, NULL, NULL, NULL, NULL, NULL, NULL, N'fa fa-chevron-right', NULL, 0)


INSERT INTO [ERPSettings].[FunctionalityByRole] ([IdFunctionality], [IdRole], [IsActive], [IsVisible], [TransactionUserId]) VALUES ( N'35240f39-4f3d-4e06-9cff-16b51589f516', 1, 1, 1, NULL)
INSERT INTO [ERPSettings].[FunctionalityByRole] ([IdFunctionality], [IdRole], [IsActive], [IsVisible], [TransactionUserId]) VALUES ( N'5fa827e8-96a8-4020-9153-8755f3c3de93', 1, 1, 1, NULL)
INSERT INTO [ERPSettings].[FunctionalityByRole] ([IdFunctionality], [IdRole], [IsActive], [IsVisible], [TransactionUserId]) VALUES ( N'a4f40551-3b1d-4236-bb7d-0ce0e663ef5a', 1, 1, 1, NULL)
INSERT INTO [ERPSettings].[FunctionalityByRole] ([IdFunctionality], [IdRole], [IsActive], [IsVisible], [TransactionUserId]) VALUES ( N'f53855e9-1ef1-428b-8f01-bc02a24a5277', 1, 1, 1, NULL)
INSERT INTO [ERPSettings].[FunctionalityByRole] ([IdFunctionality], [IdRole], [IsActive], [IsVisible], [TransactionUserId]) VALUES ( N'484b7de1-561e-4a44-91dc-c8ea4c33d0f1', 1, 1, 1, NULL)
INSERT INTO [ERPSettings].[FunctionalityByRole] ([IdFunctionality], [IdRole], [IsActive], [IsVisible], [TransactionUserId]) VALUES ( N'bb6ab79b-3279-487e-a321-d3deb8cba545', 1, 1, 1, NULL)
INSERT INTO [ERPSettings].[FunctionalityByRole] ([IdFunctionality], [IdRole], [IsActive], [IsVisible], [TransactionUserId]) VALUES ( N'418d053d-d730-4577-8e25-77584384703e', 1, 1, 1, NULL)
INSERT INTO [ERPSettings].[FunctionalityByRole] ([IdFunctionality], [IdRole], [IsActive], [IsVisible], [TransactionUserId]) VALUES ( N'cd30e343-60c3-4f7d-a566-72fe0718a90b', 1, 1, 1, NULL)
INSERT INTO [ERPSettings].[FunctionalityByRole] ([IdFunctionality], [IdRole], [IsActive], [IsVisible], [TransactionUserId]) VALUES ( N'd6b0b228-646a-47c9-a361-8efd57b2bd06', 1, 1, 1, NULL)
INSERT INTO [ERPSettings].[FunctionalityByRole] ([IdFunctionality], [IdRole], [IsActive], [IsVisible], [TransactionUserId]) VALUES ( N'68fec29f-1c31-4860-8e21-47e345398528', 1, 1, 1, NULL)
INSERT INTO [ERPSettings].[FunctionalityByRole] ([IdFunctionality], [IdRole], [IsActive], [IsVisible], [TransactionUserId]) VALUES ( N'f2630114-6cf4-431d-99f4-a3c79dadd2af', 1, 1, 1, NULL)
INSERT INTO [ERPSettings].[FunctionalityByRole] ([IdFunctionality], [IdRole], [IsActive], [IsVisible], [TransactionUserId]) VALUES ( N'99916b67-3c87-4342-8eb1-8640d0d9efd1', 1, 1, 1, NULL)


INSERT INTO [ERPSettings].[FunctionnalityModule] ([IdFunctionnalityModule], [IdFunctionnality], [IdModule]) VALUES (N'05035a64-5c9c-4998-aca9-68066b2d805f', N'484b7de1-561e-4a44-91dc-c8ea4c33d0f1', N'94a36607-432f-483b-aecf-8c0d3d19f47b')
INSERT INTO [ERPSettings].[FunctionnalityModule] ([IdFunctionnalityModule], [IdFunctionnality], [IdModule]) VALUES (N'07d4b674-1f03-441d-9964-83053e798aea', N'68fec29f-1c31-4860-8e21-47e345398528', N'214c0463-7e29-4740-acf7-bccec1adfa43')
INSERT INTO [ERPSettings].[FunctionnalityModule] ([IdFunctionnalityModule], [IdFunctionnality], [IdModule]) VALUES (N'183e7322-9797-407d-9a15-12555b8803de', N'f53855e9-1ef1-428b-8f01-bc02a24a5277', N'b4cf9263-6554-4f45-a26d-22e8d58099d5')
INSERT INTO [ERPSettings].[FunctionnalityModule] ([IdFunctionnalityModule], [IdFunctionnality], [IdModule]) VALUES (N'6a3ac7ad-9778-4745-96c0-d45f9cf04912', N'cd30e343-60c3-4f7d-a566-72fe0718a90b', N'bb44b92d-de84-4bc7-bd5e-3f0b2f29e16a')
INSERT INTO [ERPSettings].[FunctionnalityModule] ([IdFunctionnalityModule], [IdFunctionnality], [IdModule]) VALUES (N'79e5c06a-a496-4847-a247-a83644e51071', N'35240f39-4f3d-4e06-9cff-16b51589f516', N'b4cf9263-6554-4f45-a26d-22e8d58099d5')
INSERT INTO [ERPSettings].[FunctionnalityModule] ([IdFunctionnalityModule], [IdFunctionnality], [IdModule]) VALUES (N'9549beef-5ba1-4c1b-bd9c-6caa8fe41663', N'a4f40551-3b1d-4236-bb7d-0ce0e663ef5a', N'b4cf9263-6554-4f45-a26d-22e8d58099d5')
INSERT INTO [ERPSettings].[FunctionnalityModule] ([IdFunctionnalityModule], [IdFunctionnality], [IdModule]) VALUES (N'a7345f2f-cdca-4021-b984-1b6e8893a7ed', N'5fa827e8-96a8-4020-9153-8755f3c3de93', N'94a36607-432f-483b-aecf-8c0d3d19f47b')
INSERT INTO [ERPSettings].[FunctionnalityModule] ([IdFunctionnalityModule], [IdFunctionnality], [IdModule]) VALUES (N'a7f000fd-37ae-40ba-b6cd-88f8e72de7f8', N'bb6ab79b-3279-487e-a321-d3deb8cba545', N'94a36607-432f-483b-aecf-8c0d3d19f47b')
INSERT INTO [ERPSettings].[FunctionnalityModule] ([IdFunctionnalityModule], [IdFunctionnality], [IdModule]) VALUES (N'b18ab7af-5893-4647-b823-a47cfb837ccb', N'418d053d-d730-4577-8e25-77584384703e', N'bb44b92d-de84-4bc7-bd5e-3f0b2f29e16a')
INSERT INTO [ERPSettings].[FunctionnalityModule] ([IdFunctionnalityModule], [IdFunctionnality], [IdModule]) VALUES (N'dc576b69-49ef-4069-a3c6-a89b787a0cd2', N'99916b67-3c87-4342-8eb1-8640d0d9efd1', N'214c0463-7e29-4740-acf7-bccec1adfa43')
INSERT INTO [ERPSettings].[FunctionnalityModule] ([IdFunctionnalityModule], [IdFunctionnality], [IdModule]) VALUES (N'deaea153-ac96-4e3d-99a1-42a52f6a3ae8', N'f2630114-6cf4-431d-99f4-a3c79dadd2af', N'214c0463-7e29-4740-acf7-bccec1adfa43')
INSERT INTO [ERPSettings].[FunctionnalityModule] ([IdFunctionnalityModule], [IdFunctionnality], [IdModule]) VALUES (N'ebfb5610-c6b2-4c3d-9d82-5fb62bda7c78', N'd6b0b228-646a-47c9-a361-8efd57b2bd06', N'bb44b92d-de84-4bc7-bd5e-3f0b2f29e16a')
INSERT INTO [ERPSettings].[Relation] ([IdRelation], [IdPredicateFormat], [Prop], [TransactionUserId], [IsDeleted], [Deleted_Token]) VALUES (N'092153b1-4b3c-4412-9fed-4b47b30a1e84', N'04e0f37c-c4b3-43b3-84fb-a7aec3fceb43', N'IdParentNavigation', NULL, 0, NULL)
INSERT INTO [ERPSettings].[Relation] ([IdRelation], [IdPredicateFormat], [Prop], [TransactionUserId], [IsDeleted], [Deleted_Token]) VALUES (N'1d427ba1-2875-4b30-9daa-f94d6f8e91ea', N'9d42a25d-236e-4a46-be36-124474805dbe', N'IdRuleUniqueReferenceNavigation', NULL, 0, NULL)
INSERT INTO [ERPSettings].[Relation] ([IdRelation], [IdPredicateFormat], [Prop], [TransactionUserId], [IsDeleted], [Deleted_Token]) VALUES (N'2e543ebd-f6a6-4c4e-ab40-ac5aa11e172e', N'ecf90e77-5c15-43b9-9bc9-c6004b8d6a0c', N'IdRuleUniqueReferenceNavigation', NULL, 0, NULL)
INSERT INTO [ERPSettings].[Relation] ([IdRelation], [IdPredicateFormat], [Prop], [TransactionUserId], [IsDeleted], [Deleted_Token]) VALUES (N'8604fa8d-39a5-4923-b6c4-35741659b8d6', N'fd6253ba-bb0d-45b2-87b6-3cde9fc5ae15', N'IdRuleUniqueReferenceNavigation', NULL, 0, NULL)
INSERT INTO [ERPSettings].[Relation] ([IdRelation], [IdPredicateFormat], [Prop], [TransactionUserId], [IsDeleted], [Deleted_Token]) VALUES (N'a311ca80-9922-4d29-be1b-abb5a65674c9', N'cdd4fbd5-19ca-44dd-822b-45036ba54c7c', N'IdEmployeeNavigation', NULL, 0, NULL)
INSERT INTO [ERPSettings].[Relation] ([IdRelation], [IdPredicateFormat], [Prop], [TransactionUserId], [IsDeleted], [Deleted_Token]) VALUES (N'b56c97f5-2073-4313-8d29-336473fc1707', N'c744010e-0d2a-442e-9b7e-88a9e137fe14', N'IdPlannedPayrollNavigation', NULL, 0, NULL)
INSERT INTO [ERPSettings].[Relation] ([IdRelation], [IdPredicateFormat], [Prop], [TransactionUserId], [IsDeleted], [Deleted_Token]) VALUES (N'b9e0726b-8c8c-4c0d-8ecf-2a00d60b827f', N'cdd4fbd5-19ca-44dd-822b-45036ba54c7c', N'IdContractNavigation', NULL, 0, NULL)
INSERT INTO [ERPSettings].[Relation] ([IdRelation], [IdPredicateFormat], [Prop], [TransactionUserId], [IsDeleted], [Deleted_Token]) VALUES (N'bfee85fb-eb4f-4afe-9079-f82dce83f343', N'fe86904b-61b8-4260-8668-924090c14b0f', N'IdContractTypeNavigation', NULL, 0, NULL)
INSERT INTO [ERPSettings].[Relation] ([IdRelation], [IdPredicateFormat], [Prop], [TransactionUserId], [IsDeleted], [Deleted_Token]) VALUES (N'c0727d53-84a4-4f7f-ad83-3cd2a9f17df4', N'b96d0049-a6b5-4176-bf0f-5f80d7895e29', N'IdParentNavigation', NULL, 0, NULL)
INSERT INTO [ERPSettings].[Relation] ([IdRelation], [IdPredicateFormat], [Prop], [TransactionUserId], [IsDeleted], [Deleted_Token]) VALUES (N'c3c093f9-69d8-4b58-bf95-969999fba7e8', N'5a924f2c-1cfe-4ded-aab6-303bef147170', N'IdRuleUniqueReferenceNavigation', NULL, 0, NULL)
INSERT INTO [ERPSettings].[ReportParameters] ([Id], [Key], [Value], [IdComponent]) VALUES (N'8d8e907b-9790-41fb-aadb-62504a239518', N'Id', N'1', N'c2ea210c-c0f0-4ae3-97ae-68a6e43e2cce')
INSERT INTO [ERPSettings].[ReportParameters] ([Id], [Key], [Value], [IdComponent]) VALUES (N'c2ef64a6-7b95-483f-a6d2-c08c22c2b00f', N'IdCompany', N'1', N'c2ea210c-c0f0-4ae3-97ae-68a6e43e2cce')
INSERT INTO [ERPSettings].[GridOptions] ([IdGridOptions], [name], [allowCopy], [altRowTemplate], [autoBind], [dataBound], [columnResizeHandleWidth], [columnMenu], [detailTemplate], [editable], [filterable], [groupable], [height], [mobile], [navigatable], [noRecords], [pageable], [reorderable], [resizable], [rowTemplate], [scrollable], [selectable], [sortable], [excel], [pdf], [checkboxes], [dataTextField], [select], [check], [expand], [loadOnDemand]) VALUES (N'0d4bdc39-252e-4eed-b02c-6f94fbfa31ef', NULL, 0, N'True', 1, NULL, NULL, 0, NULL, 0, 1, 1, 500, 0, 1, 0, 1, 0, 1, NULL, 1, N'0', 1, 1, 1, NULL, NULL, NULL, NULL, NULL, NULL)
INSERT INTO [ERPSettings].[GridOptions] ([IdGridOptions], [name], [allowCopy], [altRowTemplate], [autoBind], [dataBound], [columnResizeHandleWidth], [columnMenu], [detailTemplate], [editable], [filterable], [groupable], [height], [mobile], [navigatable], [noRecords], [pageable], [reorderable], [resizable], [rowTemplate], [scrollable], [selectable], [sortable], [excel], [pdf], [checkboxes], [dataTextField], [select], [check], [expand], [loadOnDemand]) VALUES (N'50afcaf6-d4b1-42b7-9546-da533e925e8d', NULL, 0, N'True', 1, NULL, NULL, 0, NULL, 0, 1, 1, 500, 0, 1, 0, 1, 0, 1, NULL, 1, N'0', 1, 1, 1, NULL, NULL, NULL, NULL, NULL, NULL)
INSERT INTO [ERPSettings].[GridOptions] ([IdGridOptions], [name], [allowCopy], [altRowTemplate], [autoBind], [dataBound], [columnResizeHandleWidth], [columnMenu], [detailTemplate], [editable], [filterable], [groupable], [height], [mobile], [navigatable], [noRecords], [pageable], [reorderable], [resizable], [rowTemplate], [scrollable], [selectable], [sortable], [excel], [pdf], [checkboxes], [dataTextField], [select], [check], [expand], [loadOnDemand]) VALUES (N'aebf4f0d-b123-4458-9391-4f407c8c4839', NULL, 0, N'True', 1, NULL, NULL, 0, NULL, 0, 1, 1, 500, 0, 1, 0, 1, 0, 1, NULL, 1, N'0', 1, 1, 1, NULL, NULL, NULL, NULL, NULL, NULL)
INSERT INTO [ERPSettings].[GridOptions] ([IdGridOptions], [name], [allowCopy], [altRowTemplate], [autoBind], [dataBound], [columnResizeHandleWidth], [columnMenu], [detailTemplate], [editable], [filterable], [groupable], [height], [mobile], [navigatable], [noRecords], [pageable], [reorderable], [resizable], [rowTemplate], [scrollable], [selectable], [sortable], [excel], [pdf], [checkboxes], [dataTextField], [select], [check], [expand], [loadOnDemand]) VALUES (N'cba795fd-46f2-4c2b-ac83-43988015ca08', NULL, 0, N'True', 1, NULL, NULL, 0, NULL, 0, 1, 1, 500, 0, 1, 0, 1, 0, 1, NULL, 1, N'0', 1, 1, 1, NULL, NULL, NULL, NULL, NULL, NULL)
ALTER TABLE [Administration].[AxisValueRelationShip]
    ADD CONSTRAINT [FK_AxisValueRelationShip_AxisValue] FOREIGN KEY ([IdAxisValueParent]) REFERENCES [Administration].[AxisValue] ([Id])
ALTER TABLE [Administration].[AxisValueRelationShip]
    ADD CONSTRAINT [FK__AxisRelat__IdAxi__6A3191A0] FOREIGN KEY ([IdAxisValue]) REFERENCES [Administration].[AxisValue] ([Id]) ON DELETE CASCADE
ALTER TABLE [ERPSettings].[GridOptions]
    ADD CONSTRAINT [FK_GridOptions_GridComponent] FOREIGN KEY ([IdGridOptions]) REFERENCES [ERPSettings].[GridComponent] ([IdComponent])
ALTER TABLE [ERPSettings].[ReportParameters]
    ADD CONSTRAINT [FK_ReportViewerParameters_ReportViewerComponent] FOREIGN KEY ([IdComponent]) REFERENCES [ERPSettings].[ReportComponent] ([IdComponent])
ALTER TABLE [Sales].[DocumentTypeRelation]
    ADD CONSTRAINT [FK_DocumentTypeRelation_DocumentTypeRelation] FOREIGN KEY ([CodeDocumentType]) REFERENCES [Sales].[DocumentType] ([CodeType])
ALTER TABLE [Sales].[DocumentTypeRelation]
    ADD CONSTRAINT [FK_DocumentTypeRelation_DocumentType] FOREIGN KEY ([CodeDocumentTypeAssociated]) REFERENCES [Sales].[DocumentType] ([CodeType])
ALTER TABLE [Sales].[DocumentType]
    ADD CONSTRAINT [FK_DocumentType_DocumentType] FOREIGN KEY ([DefaultCodeDocumentTypeAssociated]) REFERENCES [Sales].[DocumentType] ([CodeType])
ALTER TABLE [Sales].[PurchaseSettings]
    ADD CONSTRAINT [FK_PurchaseSetting_Company] FOREIGN KEY ([Id]) REFERENCES [Shared].[Company] ([Id])
ALTER TABLE [ERPSettings].[ToolBarItem]
    ADD CONSTRAINT [FK_ToolBarItemToolBarOptions] FOREIGN KEY ([IdToolBarOptions]) REFERENCES [ERPSettings].[ToolBarOptions] ([IdToolBarOptions])
ALTER TABLE [ERPSettings].[ToolBarOptions]
    ADD CONSTRAINT [FK_ToolBarOptionsToolbarComponent] FOREIGN KEY ([IdToolBarOptions]) REFERENCES [ERPSettings].[ToolBarComponent] ([IdComponent])
ALTER TABLE [ERPSettings].[ToolBarComponent]
    ADD CONSTRAINT [FK_ComponentToolbarComponent] FOREIGN KEY ([IdComponent]) REFERENCES [ERPSettings].[Component] ([IdComponent])
ALTER TABLE [ERPSettings].[Relation]
    ADD CONSTRAINT [FK_Relation_PredicateFormat] FOREIGN KEY ([IdPredicateFormat]) REFERENCES [ERPSettings].[PredicateFormat] ([IdPredicateFormat])
ALTER TABLE [ERPSettings].[OrderBy]
    ADD CONSTRAINT [FK_OrderBy_PredicateFormat] FOREIGN KEY ([IdPredicateFormat]) REFERENCES [ERPSettings].[PredicateFormat] ([IdPredicateFormat])
ALTER TABLE [ERPSettings].[FunctionnalityModule]
    ADD CONSTRAINT [FK_FunctionnalityModule_Functionality] FOREIGN KEY ([IdFunctionnality]) REFERENCES [ERPSettings].[Functionality] ([IdFunctionality])
ALTER TABLE [ERPSettings].[FunctionnalityModule]
    ADD CONSTRAINT [FK_FunctionnalityModule_Module] FOREIGN KEY ([IdModule]) REFERENCES [ERPSettings].[Module] ([IdModule])
ALTER TABLE [ERPSettings].[FunctionalityByRole]
    ADD CONSTRAINT [FK_FunctionalityRole_Role] FOREIGN KEY ([IdRole]) REFERENCES [ERPSettings].[Role] ([Id]) ON DELETE CASCADE
ALTER TABLE [ERPSettings].[FunctionalityByRole]
    ADD CONSTRAINT [FK_FunctionalityRole_Functionality] FOREIGN KEY ([IdFunctionality]) REFERENCES [ERPSettings].[Functionality] ([IdFunctionality])
ALTER TABLE [ERPSettings].[CheckBoxComponent]
    ADD CONSTRAINT [FK_CheckBoxComponent_Component] FOREIGN KEY ([IdComponent]) REFERENCES [ERPSettings].[Component] ([IdComponent])
ALTER TABLE [ERPSettings].[Menu]
    ADD CONSTRAINT [FK_Menu_Functionality] FOREIGN KEY ([IdFunctionnality]) REFERENCES [ERPSettings].[Functionality] ([IdFunctionality])
ALTER TABLE [ERPSettings].[ReportComponent]
    ADD CONSTRAINT [FK_ReportViewerComponent_Component] FOREIGN KEY ([IdComponent]) REFERENCES [ERPSettings].[Component] ([IdComponent])
ALTER TABLE [Inventory].[ItemWarehouse]
    ADD CONSTRAINT [FK_ItemWarehouse_Warehouse] FOREIGN KEY ([IdWarehouse]) REFERENCES [Inventory].[Warehouse] ([Id])
ALTER TABLE [Inventory].[ItemWarehouse]
    ADD CONSTRAINT [FK_ItemWarehouse_Item] FOREIGN KEY ([IdItem]) REFERENCES [Inventory].[Item] ([Id]) ON DELETE CASCADE
ALTER TABLE [Stock].[StockDocumentLineSerialNumber]
    ADD CONSTRAINT [FK_StockDocumentSerialNumber_SerialNumber] FOREIGN KEY ([IdSerialNumber]) REFERENCES [Stock].[SerialNumber] ([IdSerialNumber])
ALTER TABLE [Stock].[SerialNumber]
    ADD CONSTRAINT [FK_SerialNumber_Article1] FOREIGN KEY ([IdArticle]) REFERENCES [Stock].[Article] ([Id])
ALTER TABLE [Stock].[SerialNumber]
    ADD CONSTRAINT [FK_SerialNumber_Batch] FOREIGN KEY ([IdBatch]) REFERENCES [Stock].[Batch] ([IdBatch])
ALTER TABLE [Administration].[AxisRelationShip]
    ADD CONSTRAINT [FK_AxisRelationShip_Axis1] FOREIGN KEY ([IdAxisParent]) REFERENCES [Administration].[Axis] ([Id])
ALTER TABLE [Administration].[AxisRelationShip]
    ADD CONSTRAINT [FK_AxisRelationShip_Axis] FOREIGN KEY ([IdAxis]) REFERENCES [Administration].[Axis] ([Id]) ON DELETE CASCADE
ALTER TABLE [Administration].[Transfer]
    ADD CONSTRAINT [FK_Transfer_Entity] FOREIGN KEY ([IdEntity]) REFERENCES [ERPSettings].[Entity] ([Id])
ALTER TABLE [Payment].[WithholdingTaxLine]
    ADD CONSTRAINT [FK_WithholdingTaxLine_WithholdingTax] FOREIGN KEY ([IdWithholdingTax]) REFERENCES [Payment].[WithholdingTax] ([Id])
ALTER TABLE [Payment].[WithholdingTaxLine]
    ADD CONSTRAINT [FK_WithholdingTaxLine_Payment] FOREIGN KEY ([IdReglement]) REFERENCES [Payment].[Payment] ([Id])
ALTER TABLE [ERPSettings].[ComboBoxDataSourceItems]
    ADD CONSTRAINT [FK_ComboBoxDataSourceItems_ComboBoxDataSource] FOREIGN KEY ([IdComboBoxDataSource]) REFERENCES [ERPSettings].[ComboBoxDataSource] ([IdComponent])
ALTER TABLE [ERPSettings].[CheckBoxComponentDetails]
    ADD CONSTRAINT [FK_CheckBoxDetailsComponent_Component] FOREIGN KEY ([IdComponent]) REFERENCES [ERPSettings].[Component] ([IdComponent])
ALTER TABLE [ERPSettings].[RoleInfo]
    ADD CONSTRAINT [FK_Information_RoleInfo] FOREIGN KEY ([IdInformation]) REFERENCES [ERPSettings].[Information] ([IdInfo])
ALTER TABLE [ERPSettings].[RoleInfo]
    ADD CONSTRAINT [FK_Role_RoleInfo] FOREIGN KEY ([IdRole]) REFERENCES [ERPSettings].[Role] ([Id])
ALTER TABLE [ERPSettings].[ModuleByRole]
    ADD CONSTRAINT [FK_ModuleByRole_Module] FOREIGN KEY ([IdModule]) REFERENCES [ERPSettings].[Module] ([IdModule])
ALTER TABLE [ERPSettings].[ModuleByRole]
    ADD CONSTRAINT [FK_ModuleByRole_Role] FOREIGN KEY ([IdRole]) REFERENCES [ERPSettings].[Role] ([Id]) ON DELETE CASCADE
ALTER TABLE [ERPSettings].[Module]
    ADD CONSTRAINT [FK_Module_Module] FOREIGN KEY ([IdModuleParent]) REFERENCES [ERPSettings].[Module] ([IdModule])
ALTER TABLE [ERPSettings].[ButtonComponent]
    ADD CONSTRAINT [FK_ButtonComponent_Component] FOREIGN KEY ([IdComponent]) REFERENCES [ERPSettings].[Component] ([IdComponent])
ALTER TABLE [ERPSettings].[ButtonComponent]
    ADD CONSTRAINT [FK_ButtonComponent_ServiceParameters] FOREIGN KEY ([IdServiceParameter]) REFERENCES [ERPSettings].[ServiceParameters] ([IdServiceParameters])
ALTER TABLE [ERPSettings].[FormComponent]
    ADD CONSTRAINT [FK_FormComponent_Component] FOREIGN KEY ([IdComponent]) REFERENCES [ERPSettings].[Component] ([IdComponent])
ALTER TABLE [ERPSettings].[FormComponent]
    ADD CONSTRAINT [FK_FormComponent_ServiceParameters] FOREIGN KEY ([IdServiceParameter]) REFERENCES [ERPSettings].[ServiceParameters] ([IdServiceParameters])
ALTER TABLE [ERPSettings].[ImageComponent]
    ADD CONSTRAINT [FK_ImageComponent_Component] FOREIGN KEY ([IdComponent]) REFERENCES [ERPSettings].[Component] ([IdComponent])
ALTER TABLE [ERPSettings].[UserInfo]
    ADD CONSTRAINT [FK_Info_UserInfo] FOREIGN KEY ([IdInformation]) REFERENCES [ERPSettings].[Information] ([IdInfo])
ALTER TABLE [ERPSettings].[UserInfo]
    ADD CONSTRAINT [FK_User_UserInfo] FOREIGN KEY ([IdUser]) REFERENCES [ERPSettings].[User] ([Id])
ALTER TABLE [ERPSettings].[Information]
    ADD CONSTRAINT [FK_Information_Functionality] FOREIGN KEY ([IdFunctionality]) REFERENCES [ERPSettings].[Functionality] ([IdFunctionality])
ALTER TABLE [ERPSettings].[FieldSetComponent]
    ADD CONSTRAINT [FK_FieldSetComponent_Component] FOREIGN KEY ([IdComponent]) REFERENCES [ERPSettings].[Component] ([IdComponent])
ALTER TABLE [Inventory].[TaxeItem]
    ADD CONSTRAINT [FK_TaxeItem_Taxe] FOREIGN KEY ([IdTaxe]) REFERENCES [Shared].[Taxe] ([Id])
ALTER TABLE [Inventory].[TaxeItem]
    ADD CONSTRAINT [FK_TaxeItem_Item] FOREIGN KEY ([IdItem]) REFERENCES [Inventory].[Item] ([Id]) ON DELETE CASCADE
ALTER TABLE [Sales].[DetailsSettlementMode]
    ADD CONSTRAINT [FK_DetailsSettlementMode_SettlementType] FOREIGN KEY ([IdSettlementType]) REFERENCES [Sales].[SettlementType] ([Id]) ON DELETE SET NULL
ALTER TABLE [Sales].[DetailsSettlementMode]
    ADD CONSTRAINT [FK_DetailsSettlementMode_PaymentMethod] FOREIGN KEY ([IdPaymentMethod]) REFERENCES [Payment].[PaymentMethod] ([Id]) ON DELETE SET NULL
ALTER TABLE [Sales].[DetailsSettlementMode]
    ADD CONSTRAINT [FK_DetailsSettlementMode_SettlementMode] FOREIGN KEY ([IdSettlementMode]) REFERENCES [Sales].[SettlementMode] ([Id]) ON DELETE SET NULL
ALTER TABLE [ERPSettings].[Functionality]
    ADD CONSTRAINT [FK_Functionality_RequestType] FOREIGN KEY ([IdRequestType]) REFERENCES [ERPSettings].[RequestType] ([Id])
ALTER TABLE [ERPSettings].[InputDatePickerOptions]
    ADD CONSTRAINT [FK_InputDatePickerOptions_InputComponent] FOREIGN KEY ([IdDatePickerOptions]) REFERENCES [ERPSettings].[InputComponent] ([IdComponent])
ALTER TABLE [Administration].[CurrencyRate]
    ADD CONSTRAINT [FK_CurrencyRate_Currency] FOREIGN KEY ([IdCurrency]) REFERENCES [Administration].[Currency] ([Id]) ON DELETE CASCADE ON UPDATE CASCADE
ALTER TABLE [Administration].[AxisEntity]
    ADD CONSTRAINT [FK_AxisEntity_Entity] FOREIGN KEY ([IdTableEntity]) REFERENCES [ERPSettings].[Entity] ([Id])
ALTER TABLE [Administration].[AxisEntity]
    ADD CONSTRAINT [FK__AxisEntit__IdAxi__72C6D7A1] FOREIGN KEY ([IdAxis]) REFERENCES [Administration].[Axis] ([Id]) ON DELETE CASCADE



ALTER TABLE [ERPSettings].[Message]
    ADD CONSTRAINT [FK_Information_Message] FOREIGN KEY ([IdInformation]) REFERENCES [ERPSettings].[Information] ([IdInfo])
ALTER TABLE [Inventory].[StockDocument]
    ADD CONSTRAINT [FK_StockDocument_Warehouse] FOREIGN KEY ([IdWarehouseDestination]) REFERENCES [Inventory].[Warehouse] ([Id])
ALTER TABLE [Inventory].[StockDocument]
    ADD CONSTRAINT [FK_StockDocument_Warehouse1] FOREIGN KEY ([IdWarehouseSource]) REFERENCES [Inventory].[Warehouse] ([Id])
ALTER TABLE [Inventory].[StockDocument]
    ADD CONSTRAINT [FK_StockDocument_TypeStockDocument] FOREIGN KEY ([TypeStockDocument]) REFERENCES [Inventory].[StockDocumentType] ([CodeType])
ALTER TABLE [Inventory].[StockDocument]
    ADD CONSTRAINT [FK_StockDocument_DocumentStatus] FOREIGN KEY ([IdDocumentStatus]) REFERENCES [Sales].[DocumentStatus] ([Id])
ALTER TABLE [Stock].[TypeStockCalculation]
    ADD CONSTRAINT [FK_TYPESTOC_ASSOCIATI_STOCKCAL] FOREIGN KEY ([IdStockCalculation]) REFERENCES [Stock].[StockCalculation] ([Id])

ALTER TABLE [Stock].[Storage]
    ADD CONSTRAINT [FK_STORAGE_ASSOCIATI_SECTION] FOREIGN KEY ([IdSection]) REFERENCES [Stock].[Section] ([IdSection])
ALTER TABLE [Stock].[Storage]
    ADD CONSTRAINT [FK_STORAGE_ASSOCIATI_ARTICLE] FOREIGN KEY ([IdArticle]) REFERENCES [Stock].[Article] ([Id])
ALTER TABLE [Shared].[City]
    ADD CONSTRAINT [FK_Ville_Pays] FOREIGN KEY ([IdPays]) REFERENCES [Shared].[Country] ([Id]) ON DELETE CASCADE
ALTER TABLE [Payroll].[Leave]
    ADD CONSTRAINT [FK_Leave_LeaveStatus] FOREIGN KEY ([IdLeaveStatus]) REFERENCES [Payroll].[LeaveStatus] ([Id])
ALTER TABLE [Payroll].[Leave]
    ADD CONSTRAINT [FK_Leave_LeaveType] FOREIGN KEY ([IdLeaveType]) REFERENCES [Payroll].[LeaveType] ([Id])
ALTER TABLE [Payroll].[Leave]
    ADD CONSTRAINT [FK_Leave_Employee] FOREIGN KEY ([IdEmployee]) REFERENCES [Payroll].[Employee] ([Id])
ALTER TABLE [ERPSettings].[ComboBoxOptions]
    ADD CONSTRAINT [FK_ComboBoxOptions_ComboBoxComponent] FOREIGN KEY ([IdComponent]) REFERENCES [ERPSettings].[ComboBoxComponent] ([IdComponent])
ALTER TABLE [ERPSettings].[ComboBoxComponent]
    ADD CONSTRAINT [FK_ComboboxComponent_Component] FOREIGN KEY ([IdComponent]) REFERENCES [ERPSettings].[Component] ([IdComponent])
ALTER TABLE [ERPSettings].[GridColumnComponent]
    ADD CONSTRAINT [FK_GridColumnComponent_Component] FOREIGN KEY ([IdComponent]) REFERENCES [ERPSettings].[Component] ([IdComponent])
ALTER TABLE [Payment].[DocumentPayment]
    ADD CONSTRAINT [FK_DocumentPayement_Payement] FOREIGN KEY ([IdPayment]) REFERENCES [Payment].[Payment] ([Id])

ALTER TABLE [ERPSettings].[GridButtonComponent]
    ADD CONSTRAINT [FK_GridButtonComponent_ServiceParameters] FOREIGN KEY ([IdServiceParameter]) REFERENCES [ERPSettings].[ServiceParameters] ([IdServiceParameters])
ALTER TABLE [ERPSettings].[GridButtonComponent]
    ADD CONSTRAINT [FK_GridButtonComponent_Component] FOREIGN KEY ([IdComponent]) REFERENCES [ERPSettings].[Component] ([IdComponent])
ALTER TABLE [Sales].[SaleSettings]
    ADD CONSTRAINT [FK_SaleSetting_Company] FOREIGN KEY ([Id]) REFERENCES [Shared].[Company] ([Id])
ALTER TABLE [ERPSettings].[ComponentByRole]
    ADD CONSTRAINT [FK_ViewConfigurationRole_ViewConfiguration] FOREIGN KEY ([IdComponent]) REFERENCES [ERPSettings].[Component] ([IdComponent])
ALTER TABLE [ERPSettings].[ComponentByRole]
    ADD CONSTRAINT [FK_ViewConfigurationRole_Role] FOREIGN KEY ([IdRole]) REFERENCES [ERPSettings].[Role] ([Id]) ON DELETE CASCADE
ALTER TABLE [Payroll].[Team]
    ADD CONSTRAINT [FK_Team_Department] FOREIGN KEY ([IdDepartment]) REFERENCES [Payroll].[Department] ([Id])
ALTER TABLE [ERPSettings].[ColumnMenuComponent]
    ADD CONSTRAINT [FK_ComponentColumnMenu] FOREIGN KEY ([IdComponent]) REFERENCES [ERPSettings].[Component] ([IdComponent])
ALTER TABLE [Payment].[Payment]
    ADD CONSTRAINT [FK_Payment_PaymentMethod] FOREIGN KEY ([IdPaymentMethod]) REFERENCES [Payment].[PaymentMethod] ([Id])

ALTER TABLE [Payment].[Payment]
    ADD CONSTRAINT [FK_Payment_Tiers] FOREIGN KEY ([IdTiers]) REFERENCES [Sales].[Tiers] ([Id])
ALTER TABLE [ERPSettings].[Filter]
    ADD CONSTRAINT [FK_Filter_PredicateFormat] FOREIGN KEY ([IdPredicateFormat]) REFERENCES [ERPSettings].[PredicateFormat] ([IdPredicateFormat])
ALTER TABLE [Payroll].[EmployeeSkills]
    ADD CONSTRAINT [FK_EmployeeSkills_Skills] FOREIGN KEY ([IdSkills]) REFERENCES [Payroll].[Skills] ([Id])
ALTER TABLE [Payroll].[EmployeeSkills]
    ADD CONSTRAINT [FK_EmployeeSkills_Employee] FOREIGN KEY ([IdEmployee]) REFERENCES [Payroll].[Employee] ([Id])
ALTER TABLE [Sales].[DocumentLinePrices]
    ADD CONSTRAINT [FK_DocumentLinePrices_Prices] FOREIGN KEY ([IdPrices]) REFERENCES [Sales].[Prices] ([Id])
ALTER TABLE [Sales].[DocumentLinePrices]
    ADD CONSTRAINT [FK_DocumentLinePrices_DocumentLine] FOREIGN KEY ([IdDocumentLine]) REFERENCES [Sales].[DocumentLine] ([Id]) ON DELETE CASCADE
ALTER TABLE [ERPSettings].[ModuleByUser]
    ADD CONSTRAINT [FK_ModuleByUser_Module] FOREIGN KEY ([IdModule]) REFERENCES [ERPSettings].[Module] ([IdModule])
ALTER TABLE [ERPSettings].[ModuleByUser]
    ADD CONSTRAINT [FK_ModuleByUser_User] FOREIGN KEY ([IdUser]) REFERENCES [ERPSettings].[User] ([Id]) ON DELETE CASCADE
ALTER TABLE [Payroll].[Manager]
    ADD CONSTRAINT [FK_Manager_Team] FOREIGN KEY ([IdTeam]) REFERENCES [Payroll].[Team] ([Id])
ALTER TABLE [Payroll].[Manager]
    ADD CONSTRAINT [FK_Manager_Employee] FOREIGN KEY ([IdEmployee]) REFERENCES [Payroll].[Employee] ([Id])
ALTER TABLE [ERPSettings].[ComboBoxDataSource]
    ADD CONSTRAINT [FK_ComboBoxDataSource_ComboBoxOptions] FOREIGN KEY ([IdComponent]) REFERENCES [ERPSettings].[ComboBoxOptions] ([IdComponent])
ALTER TABLE [ERPSettings].[ComboBoxDataSource]
    ADD CONSTRAINT [FK_ComboBoxDataSource_ServiceParameters] FOREIGN KEY ([IdServiceParameters]) REFERENCES [ERPSettings].[ServiceParameters] ([IdServiceParameters])
ALTER TABLE [Inventory].[StockDocumentLine]
    ADD CONSTRAINT [FK_StockDocumentLine_Item] FOREIGN KEY ([IdItem]) REFERENCES [Inventory].[Item] ([Id])
ALTER TABLE [Inventory].[StockDocumentLine]
    ADD CONSTRAINT [FK_StockDocumentLine_StockDocument] FOREIGN KEY ([IdStockDocument]) REFERENCES [Inventory].[StockDocument] ([Id]) ON DELETE CASCADE
ALTER TABLE [Inventory].[Item]
    ADD CONSTRAINT [FK_Item_DiscountGroupItem] FOREIGN KEY ([IdDiscountGroupItem]) REFERENCES [Inventory].[DiscountGroupItem] ([Id])
ALTER TABLE [Inventory].[Item]
    ADD CONSTRAINT [FK_Item_UnitType] FOREIGN KEY ([IdUnitSales]) REFERENCES [Stock].[MeasureUnit] ([Id])
ALTER TABLE [Inventory].[Item]
    ADD CONSTRAINT [FK_Item_UnitType1] FOREIGN KEY ([IdUnitStock]) REFERENCES [Stock].[MeasureUnit] ([Id])
ALTER TABLE [Inventory].[Item]
    ADD CONSTRAINT [FK_Item_Nature] FOREIGN KEY ([IdNature]) REFERENCES [Inventory].[Nature] ([Id])
ALTER TABLE [Stock].[StockCalculation]
    ADD CONSTRAINT [FK_STOCKCAL_ASSOCIATI_DOCUMENT] FOREIGN KEY ([IdDocument]) REFERENCES [Sales].[Document] ([Id])
ALTER TABLE [Shared].[ContactTypeDocument]
    ADD CONSTRAINT [FK_ContactTypeDocument_Contact] FOREIGN KEY ([IdContact]) REFERENCES [Shared].[Contact] ([Id]) ON DELETE CASCADE
ALTER TABLE [Shared].[Contact]
    ADD CONSTRAINT [FK_Contact_Tiers] FOREIGN KEY ([IdTiers]) REFERENCES [Sales].[Tiers] ([Id]) ON DELETE CASCADE
ALTER TABLE [ERPSettings].[BarCodeComponent]
    ADD CONSTRAINT [FK_BarCodeComponent_Component] FOREIGN KEY ([IdComponent]) REFERENCES [ERPSettings].[Component] ([IdComponent])
ALTER TABLE [ERPSettings].[BarCodeComponent]
    ADD CONSTRAINT [FK_BarCodeComponent_InputComponent] FOREIGN KEY ([IdInputComponent]) REFERENCES [ERPSettings].[InputComponent] ([IdComponent])

ALTER TABLE [ERPSettings].[DropDownListDataSource]
    ADD CONSTRAINT [FK_DropDownListDataSource_DropDownListOptions] FOREIGN KEY ([IdDropDownListOptions]) REFERENCES [ERPSettings].[DropDownListOptions] ([IdDropDownListOptions])
ALTER TABLE [ERPSettings].[DropDownListDataSource]
    ADD CONSTRAINT [FK_DropDownListDataSource_ServiceParameters] FOREIGN KEY ([IdServiceParameters]) REFERENCES [ERPSettings].[ServiceParameters] ([IdServiceParameters])
ALTER TABLE [Treasury].[DetailReconciliation]
    ADD CONSTRAINT [FK_DetailReconciliation2] FOREIGN KEY ([IdPayment]) REFERENCES [Payment].[Payment] ([Id])
ALTER TABLE [Treasury].[DetailReconciliation]
    ADD CONSTRAINT [FK_DetailReconciliation3] FOREIGN KEY ([IdDetailTimetable]) REFERENCES [Treasury].[DetailTimetable] ([Id])
ALTER TABLE [Treasury].[DetailReconciliation]
    ADD CONSTRAINT [FK_DetailReconciliation] FOREIGN KEY ([IdReconciliation]) REFERENCES [Treasury].[Reconciliation] ([Id])
ALTER TABLE [Treasury].[DetailTimetable]
    ADD CONSTRAINT [FK_DetailTimetable_Timetable] FOREIGN KEY ([IdTimetable]) REFERENCES [Treasury].[Timetable] ([Id])

ALTER TABLE [ERPSettings].[DropDownListOptions]
    ADD CONSTRAINT [FK_DropDownListOptions_DropDownListComponent] FOREIGN KEY ([IdDropDownListOptions]) REFERENCES [ERPSettings].[DropDownListComponent] ([IdComponent])
ALTER TABLE [ERPSettings].[DropDownListComponent]
    ADD CONSTRAINT [FK_DropDownListComponent_Component] FOREIGN KEY ([IdComponent]) REFERENCES [ERPSettings].[Component] ([IdComponent])
ALTER TABLE [ERPSettings].[LabelComponent]
    ADD CONSTRAINT [FK_LabelComponent_Component] FOREIGN KEY ([IdComponent]) REFERENCES [ERPSettings].[Component] ([IdComponent])
ALTER TABLE [ERPSettings].[InputComponent]
    ADD CONSTRAINT [FK_InputComponent_Component] FOREIGN KEY ([IdComponent]) REFERENCES [ERPSettings].[Component] ([IdComponent])
ALTER TABLE [ERPSettings].[DialogComponent]
    ADD CONSTRAINT [FK_DialogComponent_Component] FOREIGN KEY ([IdComponent]) REFERENCES [ERPSettings].[Component] ([IdComponent])
ALTER TABLE [Administration].[EntityAxisValues]
    ADD CONSTRAINT [FK_EntityAxisValues_AxisValue] FOREIGN KEY ([IdAxisValue]) REFERENCES [Administration].[AxisValue] ([Id])
ALTER TABLE [Administration].[AxisValue]
    ADD CONSTRAINT [FK__AxisValue__IdAxi__675524F5] FOREIGN KEY ([IdAxis]) REFERENCES [Administration].[Axis] ([Id]) ON DELETE CASCADE
ALTER TABLE [ERPSettings].[GridDataSource]
    ADD CONSTRAINT [FK_GridDataSource_GridOptions] FOREIGN KEY ([IdGridOptions]) REFERENCES [ERPSettings].[GridOptions] ([IdGridOptions])
ALTER TABLE [ERPSettings].[GridDataSource]
    ADD CONSTRAINT [FK_GridDataSource_ServiceParameters] FOREIGN KEY ([IdServiceParameters]) REFERENCES [ERPSettings].[ServiceParameters] ([IdServiceParameters])
ALTER TABLE [ERPSettings].[ServiceParameters]
    ADD CONSTRAINT [FK_ServiceParameters_PredicateFormat] FOREIGN KEY ([IdPredicateFormat]) REFERENCES [ERPSettings].[PredicateFormat] ([IdPredicateFormat])

ALTER TABLE [Treasury].[Timetable]
    ADD CONSTRAINT [FK_Timetable_Tiers] FOREIGN KEY ([IdTiers]) REFERENCES [Sales].[Tiers] ([Id])
ALTER TABLE [Sales].[Prices]
    ADD CONSTRAINT [FK_Prices_DiscountGroupTiers] FOREIGN KEY ([IdDiscountGroupTiers]) REFERENCES [Sales].[DiscountGroupTiers] ([Id])
ALTER TABLE [Sales].[Prices]
    ADD CONSTRAINT [FK_Prices_DiscountGroupItem] FOREIGN KEY ([IdDiscountGroupItem]) REFERENCES [Inventory].[DiscountGroupItem] ([Id])
ALTER TABLE [Sales].[Prices]
    ADD CONSTRAINT [FK_Prices_Item] FOREIGN KEY ([IdItem]) REFERENCES [Inventory].[Item] ([Id]) ON DELETE SET NULL
ALTER TABLE [Sales].[Prices]
    ADD CONSTRAINT [FK_Prices_Tiers] FOREIGN KEY ([IdTiers]) REFERENCES [Sales].[Tiers] ([Id])
ALTER TABLE [Sales].[Prices]
    ADD CONSTRAINT [FK_Prices_Currency] FOREIGN KEY ([IdUsedCurrency]) REFERENCES [Administration].[Currency] ([Id]) ON DELETE SET DEFAULT
ALTER TABLE [ERPSettings].[GridComponent]
    ADD CONSTRAINT [FK_GridComponent_Component] FOREIGN KEY ([IdComponent]) REFERENCES [ERPSettings].[Component] ([IdComponent])
ALTER TABLE [Payment].[SettlementCommitment]
    ADD CONSTRAINT [FK_SettlementCommitment_Settlement] FOREIGN KEY ([SettlementId]) REFERENCES [Payment].[Settlement] ([Id]) ON DELETE CASCADE
ALTER TABLE [Payment].[SettlementCommitment]
    ADD CONSTRAINT [FK_SettlementCommitment_FinancialCommitment] FOREIGN KEY ([CommitmentId]) REFERENCES [Sales].[FinancialCommitment] ([Id])
ALTER TABLE [Sales].[FinancialCommitment]
    ADD CONSTRAINT [FK_FinancialCommitment_DocumentStatus] FOREIGN KEY ([IdStatus]) REFERENCES [Sales].[DocumentStatus] ([Id])
ALTER TABLE [Sales].[FinancialCommitment]
    ADD CONSTRAINT [FK_FinancialCommitment_PaymentMethod] FOREIGN KEY ([IdPaymentMethod]) REFERENCES [Payment].[PaymentMethod] ([Id])
ALTER TABLE [Sales].[FinancialCommitment]
    ADD CONSTRAINT [FK_FinancialCommitment_Document] FOREIGN KEY ([IdDocument]) REFERENCES [Sales].[Document] ([Id]) ON DELETE CASCADE
ALTER TABLE [Stock].[Article]
    ADD CONSTRAINT [FK_Article_StockManagementMethod] FOREIGN KEY ([IdStockManagementMethod]) REFERENCES [Stock].[StockManagementMethod] ([Id])
ALTER TABLE [Stock].[Article]
    ADD CONSTRAINT [FK_Article_SaleManagementMethod] FOREIGN KEY ([IdSaleManagementMethod]) REFERENCES [Stock].[SaleManagementMethod] ([IdSaleManagementMethod])
ALTER TABLE [Stock].[Article]
    ADD CONSTRAINT [FK_Article_AccountingAccount] FOREIGN KEY ([IdAccountingAccount]) REFERENCES [accounting].[AccountingAccount] ([Id])
ALTER TABLE [ERPSettings].[FunctionnalityByUser]
    ADD CONSTRAINT [FK_FunctionnalityByUser_Functionality] FOREIGN KEY ([IdFunctionality]) REFERENCES [ERPSettings].[Functionality] ([IdFunctionality])
ALTER TABLE [ERPSettings].[FunctionnalityByUser]
    ADD CONSTRAINT [FK_FunctionnalityByUser_User] FOREIGN KEY ([IdUser]) REFERENCES [ERPSettings].[User] ([Id]) ON DELETE CASCADE
ALTER TABLE [Treasury].[ReceiptSpent]
    ADD CONSTRAINT [FK_ReceiptSpent_PaymentMethod] FOREIGN KEY ([IdPaymentMethod]) REFERENCES [Payment].[PaymentMethod] ([Id])
ALTER TABLE [Treasury].[ReceiptSpent]
    ADD CONSTRAINT [FK_RecipeSpent_PaymentDirection] FOREIGN KEY ([IdPaymentDirection]) REFERENCES [Treasury].[PaymentDirection] ([Id])
ALTER TABLE [Treasury].[ReceiptSpent]
    ADD CONSTRAINT [FK_RecipeSpent_Tiers] FOREIGN KEY ([IdTiers]) REFERENCES [Sales].[Tiers] ([Id])
ALTER TABLE [Sales].[TaxeGroupTiersConfig]
    ADD CONSTRAINT [FK_TaxeTiersConfig_TaxeGroupTiers] FOREIGN KEY ([IdTaxeGroupTiers]) REFERENCES [Sales].[TaxeGroupTiers] ([Id]) ON DELETE CASCADE
ALTER TABLE [Sales].[TaxeGroupTiersConfig]
    ADD CONSTRAINT [FK_TaxeTiersConfig_Taxe] FOREIGN KEY ([IdTaxe]) REFERENCES [Shared].[Taxe] ([Id])
ALTER TABLE [Shared].[Taxe]
    ADD CONSTRAINT [FK_Taxe_TaxeType] FOREIGN KEY ([IdTaxeType]) REFERENCES [Shared].[TaxeType] ([Id])
ALTER TABLE [Payment].[WithholdingTax]
    ADD CONSTRAINT [FK_WithholdingTax_Tiers] FOREIGN KEY ([IdTiers]) REFERENCES [Sales].[Tiers] ([Id])
ALTER TABLE [Payroll].[ConsultantsCustomerContract]
    ADD CONSTRAINT [FK_ConsultantsCustomerContract_Employee] FOREIGN KEY ([IdEmployee]) REFERENCES [Payroll].[Employee] ([Id])
ALTER TABLE [Payroll].[ConsultantsCustomerContract]
    ADD CONSTRAINT [FK_ConsultantsCustomerContract_Prices] FOREIGN KEY ([IdPrices]) REFERENCES [Sales].[Prices] ([Id]) ON DELETE CASCADE

ALTER TABLE [Payment].[Settlement]
    ADD CONSTRAINT [FK_Settlement_DocumentStatus] FOREIGN KEY ([IdStatus]) REFERENCES [Sales].[DocumentStatus] ([Id])
ALTER TABLE [Payment].[Settlement]
    ADD CONSTRAINT [FK_Settlement_Currency] FOREIGN KEY ([IdUsedCurrency]) REFERENCES [Administration].[Currency] ([Id])
ALTER TABLE [Payment].[Settlement]
    ADD CONSTRAINT [FK_Settlement_PaymentMethod] FOREIGN KEY ([PaymentMeans]) REFERENCES [Payment].[PaymentMethod] ([Id])
ALTER TABLE [Payment].[Settlement]
    ADD CONSTRAINT [FK_Settlement_Tiers] FOREIGN KEY ([IdTiers]) REFERENCES [Sales].[Tiers] ([Id])
ALTER TABLE [Sales].[Tiers]
    ADD CONSTRAINT [FK_Tiers_City] FOREIGN KEY ([IdCity]) REFERENCES [Shared].[City] ([Id])
ALTER TABLE [Sales].[Tiers]
    ADD CONSTRAINT [FK_Tiers_Currency] FOREIGN KEY ([IdCurrency]) REFERENCES [Administration].[Currency] ([Id])
ALTER TABLE [Sales].[Tiers]
    ADD CONSTRAINT [FK_TIERS_ASSOCIATI_PAYEMENT] FOREIGN KEY ([IdPaymentCondition]) REFERENCES [Payment].[PaymentCondition] ([Id])
ALTER TABLE [Sales].[Tiers]
    ADD CONSTRAINT [FK_TIERS_ASSOCIATI_TYPETIER] FOREIGN KEY ([IdTypeTiers]) REFERENCES [Sales].[TypeTiers] ([Id])
ALTER TABLE [Sales].[Tiers]
    ADD CONSTRAINT [FK_Tiers_Pays] FOREIGN KEY ([IdPays]) REFERENCES [Shared].[Country] ([Id])
ALTER TABLE [Sales].[Tiers]
    ADD CONSTRAINT [FK_Tiers_AccountingAccount] FOREIGN KEY ([IdAccountingAccount]) REFERENCES [accounting].[AccountingAccount] ([Id])
ALTER TABLE [Sales].[Tiers]
    ADD CONSTRAINT [FK_Tiers_TaxeGroupTiers] FOREIGN KEY ([IdTaxeGroupTiers]) REFERENCES [Sales].[TaxeGroupTiers] ([Id])
ALTER TABLE [Sales].[Tiers]
    ADD CONSTRAINT [FK_Tiers_DiscountGroupTiers] FOREIGN KEY ([IdDiscountGroupTiers]) REFERENCES [Sales].[DiscountGroupTiers] ([Id])
ALTER TABLE [Stock].[StockMovement]
    ADD CONSTRAINT [FK_StockMovement_StockDocumentLine] FOREIGN KEY ([IdStockDocumentLine]) REFERENCES [Inventory].[StockDocumentLine] ([Id]) ON DELETE CASCADE
ALTER TABLE [Stock].[StockMovement]
    ADD CONSTRAINT [FK_StockMovement_Warehouse] FOREIGN KEY ([IdWarehouse]) REFERENCES [Inventory].[Warehouse] ([Id])
ALTER TABLE [Stock].[StockMovement]
    ADD CONSTRAINT [FK_StockMovement_DocumentLine] FOREIGN KEY ([IdDocumentLine]) REFERENCES [Sales].[DocumentLine] ([Id])
ALTER TABLE [Stock].[StockMovement]
    ADD CONSTRAINT [FK_StockMovement_Item] FOREIGN KEY ([IdItem]) REFERENCES [Inventory].[Item] ([Id]) ON DELETE SET NULL
ALTER TABLE [Inventory].[Warehouse]
    ADD CONSTRAINT [FK_Warehouse_Warehouse] FOREIGN KEY ([IdWarehouseParent]) REFERENCES [Inventory].[Warehouse] ([Id])
ALTER TABLE [ERPSettings].[RadioButtonComponentDetails]
    ADD CONSTRAINT [FK_RadioButtonComponentDetails_Component] FOREIGN KEY ([IdComponent]) REFERENCES [ERPSettings].[Component] ([IdComponent])
ALTER TABLE [ERPSettings].[RadioButtonComponent]
    ADD CONSTRAINT [FK_RadioButtonComponent_Component] FOREIGN KEY ([IdComponent]) REFERENCES [ERPSettings].[Component] ([IdComponent])
ALTER TABLE [Payroll].[CommercialsCustomerContract]
    ADD CONSTRAINT [FK_CommercialsCustomerContract_Prices] FOREIGN KEY ([IdPrices]) REFERENCES [Sales].[Prices] ([Id]) ON DELETE CASCADE
ALTER TABLE [Payroll].[CommercialsCustomerContract]
    ADD CONSTRAINT [FK_CommercialsCustomerContract_Employee] FOREIGN KEY ([IdEmployee]) REFERENCES [Payroll].[Employee] ([Id])
ALTER TABLE [ERPSettings].[ComponentByUser]
    ADD CONSTRAINT [FK_ComponentByUser_User] FOREIGN KEY ([IdUser]) REFERENCES [ERPSettings].[User] ([Id]) ON DELETE CASCADE
ALTER TABLE [ERPSettings].[ComponentByUser]
    ADD CONSTRAINT [FK_ComponentByUser_Component] FOREIGN KEY ([IdComponent]) REFERENCES [ERPSettings].[Component] ([IdComponent]) ON DELETE CASCADE
ALTER TABLE [ERPSettings].[QrCodeComponent]
    ADD CONSTRAINT [FK_QrCodeComponent_Component] FOREIGN KEY ([IdComponent]) REFERENCES [ERPSettings].[Component] ([IdComponent])
ALTER TABLE [ERPSettings].[QrCodeComponent]
    ADD CONSTRAINT [FK_QrCodeComponent_InputComponent] FOREIGN KEY ([IdInputComponent]) REFERENCES [ERPSettings].[InputComponent] ([IdComponent])
ALTER TABLE [ERPSettings].[Component]
    ADD CONSTRAINT [FK_Component_Component1] FOREIGN KEY ([IdComponentChangedBy]) REFERENCES [ERPSettings].[Component] ([IdComponent])
ALTER TABLE [ERPSettings].[Component]
    ADD CONSTRAINT [FK_Component_Functionality] FOREIGN KEY ([IdFunctionality]) REFERENCES [ERPSettings].[Functionality] ([IdFunctionality])
ALTER TABLE [ERPSettings].[Component]
    ADD CONSTRAINT [FK_Component_Component] FOREIGN KEY ([IdComponentParent]) REFERENCES [ERPSettings].[Component] ([IdComponent])
ALTER TABLE [Shared].[Company]
    ADD CONSTRAINT [FK_Company_ZipCode] FOREIGN KEY ([IdZipCode]) REFERENCES [Shared].[ZipCode] ([Id])
ALTER TABLE [Shared].[Company]
    ADD CONSTRAINT [FK_Company_Currency] FOREIGN KEY ([IdCurrency]) REFERENCES [Administration].[Currency] ([Id])

ALTER TABLE [Shared].[ZipCode]
    ADD CONSTRAINT [FK_ZipCode_City] FOREIGN KEY ([IdCity]) REFERENCES [Shared].[City] ([Id])
ALTER TABLE [ERPSettings].[EntityCodification]
    ADD CONSTRAINT [FK_EntityCodification_Codification] FOREIGN KEY ([IdCodification]) REFERENCES [ERPSettings].[Codification] ([Id])
ALTER TABLE [ERPSettings].[EntityCodification]
    ADD CONSTRAINT [FK_EntityCodification_Entity] FOREIGN KEY ([IdEntity]) REFERENCES [ERPSettings].[Entity] ([Id])
ALTER TABLE [ERPSettings].[Entity]
    ADD CONSTRAINT [FK_Entity_Entity] FOREIGN KEY ([IdRelatedEntity]) REFERENCES [ERPSettings].[Entity] ([Id])
ALTER TABLE [ERPSettings].[UserRole]
    ADD CONSTRAINT [FK_UserRole_Role] FOREIGN KEY ([IdRole]) REFERENCES [ERPSettings].[Role] ([Id]) ON DELETE CASCADE
ALTER TABLE [ERPSettings].[UserRole]
    ADD CONSTRAINT [FK_UserRole_User] FOREIGN KEY ([IdUser]) REFERENCES [ERPSettings].[User] ([Id]) ON DELETE CASCADE
COMMIT TRANSACTION


BEGIN TRANSACTION
ALTER TABLE [ERPSettings].[Filter] DROP CONSTRAINT [FK_Filter_PredicateFormat]
ALTER TABLE [ERPSettings].[GridOptions] DROP CONSTRAINT [FK_GridOptions_GridComponent]
ALTER TABLE [ERPSettings].[FunctionalityByRole] DROP CONSTRAINT [FK_FunctionalityRole_Role]
ALTER TABLE [ERPSettings].[FunctionalityByRole] DROP CONSTRAINT [FK_FunctionalityRole_Functionality]
ALTER TABLE [ERPSettings].[Relation] DROP CONSTRAINT [FK_Relation_PredicateFormat]
ALTER TABLE [ERPSettings].[ButtonComponent] DROP CONSTRAINT [FK_ButtonComponent_Component]
ALTER TABLE [ERPSettings].[ButtonComponent] DROP CONSTRAINT [FK_ButtonComponent_ServiceParameters]
ALTER TABLE [ERPSettings].[FunctionnalityModule] DROP CONSTRAINT [FK_FunctionnalityModule_Functionality]
ALTER TABLE [ERPSettings].[FunctionnalityModule] DROP CONSTRAINT [FK_FunctionnalityModule_Module]
ALTER TABLE [ERPSettings].[Menu] DROP CONSTRAINT [FK_Menu_Functionality]
ALTER TABLE [ERPSettings].[GridDataSource] DROP CONSTRAINT [FK_GridDataSource_GridOptions]
ALTER TABLE [ERPSettings].[GridDataSource] DROP CONSTRAINT [FK_GridDataSource_ServiceParameters]
ALTER TABLE [ERPSettings].[DropDownListOptions] DROP CONSTRAINT [FK_DropDownListOptions_DropDownListComponent]
ALTER TABLE [ERPSettings].[GridComponent] DROP CONSTRAINT [FK_GridComponent_Component]
ALTER TABLE [ERPSettings].[ComponentByRole] DROP CONSTRAINT [FK_ViewConfigurationRole_ViewConfiguration]
ALTER TABLE [ERPSettings].[ComponentByRole] DROP CONSTRAINT [FK_ViewConfigurationRole_Role]
ALTER TABLE [ERPSettings].[Functionality] DROP CONSTRAINT [FK_Functionality_RequestType]
ALTER TABLE [ERPSettings].[ModuleByRole] DROP CONSTRAINT [FK_ModuleByRole_Module]
ALTER TABLE [ERPSettings].[ModuleByRole] DROP CONSTRAINT [FK_ModuleByRole_Role]
ALTER TABLE [ERPSettings].[Module] DROP CONSTRAINT [FK_Module_Module]
ALTER TABLE [ERPSettings].[GridColumnComponent] DROP CONSTRAINT [FK_GridColumnComponent_Component]
ALTER TABLE [ERPSettings].[FormComponent] DROP CONSTRAINT [FK_FormComponent_Component]
ALTER TABLE [ERPSettings].[FormComponent] DROP CONSTRAINT [FK_FormComponent_ServiceParameters]
ALTER TABLE [ERPSettings].[DropDownListDataSource] DROP CONSTRAINT [FK_DropDownListDataSource_DropDownListOptions]
ALTER TABLE [ERPSettings].[DropDownListDataSource] DROP CONSTRAINT [FK_DropDownListDataSource_ServiceParameters]
ALTER TABLE [ERPSettings].[ServiceParameters] DROP CONSTRAINT [FK_ServiceParameters_PredicateFormat]
ALTER TABLE [ERPSettings].[DropDownListComponent] DROP CONSTRAINT [FK_DropDownListComponent_Component]
ALTER TABLE [ERPSettings].[Component] DROP CONSTRAINT [FK_Component_Component1]
ALTER TABLE [ERPSettings].[Component] DROP CONSTRAINT [FK_Component_Functionality]
ALTER TABLE [ERPSettings].[Component] DROP CONSTRAINT [FK_Component_Component]
INSERT INTO [ERPSettings].[Component] ([IdComponent], [rank], [ComponentName], [IdComponentType], [IdFunctionality], [IdComponentParent], [FR], [EN], [AR], [DE], [CH], [ES], [IdButton], [classDiv], [classLabel], [class], [IsEncapsulated], [IdComponentChangedBy], [EntityName], [style], [ng_hide], [IsToInitialize], [IdFunctionalityForm], [IsFireChange]) VALUES (N'0aca7a66-1d90-4c1e-b5be-32f94f6b45c5', 2, N'CommitmentDate', 4, N'f40d9aec-9f39-4e4b-a73d-6fcec5f73c32', N'15922a07-a89f-49fb-a358-30cd18a51be4', N'Date d''échéance', N'Due date', N'Date d''écheance_AR', N'Date d''écheance_DE', N'Date d''écheance_CH', N'Date d''écheance_ES', NULL, N'col-lg-12 col-md-12 col-sm-12', N'col-lg-4 col-md-4 col-sm-4', N'', 0, NULL, N'FinancialCommitment', NULL, NULL, 1, N'f40d9aec-9f39-4e4b-a73d-6fcec5f73c32', NULL)
INSERT INTO [ERPSettings].[Component] ([IdComponent], [rank], [ComponentName], [IdComponentType], [IdFunctionality], [IdComponentParent], [FR], [EN], [AR], [DE], [CH], [ES], [IdButton], [classDiv], [classLabel], [class], [IsEncapsulated], [IdComponentChangedBy], [EntityName], [style], [ng_hide], [IsToInitialize], [IdFunctionalityForm], [IsFireChange]) VALUES (N'0cce2e20-6713-4039-b9dc-226586edc9d7', 1, N'IdTiers', 8, N'f40d9aec-9f39-4e4b-a73d-6fcec5f73c32', N'76e2e24d-1cb1-4a94-9436-d460a773a107', N'Client', N'Client', N'Client_AR', N'Client_DE', N'Client_CH', N'Client_ES', N'cab06eab-d0d9-467d-86e5-ba8694ac71d7', N'form-group col-lg-12 col-md-12 col-sm-12', N'col-lg-4 col-md-4 col-sm-4', N'', 0, NULL, N'FinancialCommitment', NULL, NULL, 1, N'f40d9aec-9f39-4e4b-a73d-6fcec5f73c32', NULL)
INSERT INTO [ERPSettings].[Component] ([IdComponent], [rank], [ComponentName], [IdComponentType], [IdFunctionality], [IdComponentParent], [FR], [EN], [AR], [DE], [CH], [ES], [IdButton], [classDiv], [classLabel], [class], [IsEncapsulated], [IdComponentChangedBy], [EntityName], [style], [ng_hide], [IsToInitialize], [IdFunctionalityForm], [IsFireChange]) VALUES (N'0efb122f-5ed9-4dd6-8cbb-90a5c476379a', 3, N'DIV3', 9, N'f40d9aec-9f39-4e4b-a73d-6fcec5f73c32', N'260a15d9-6ae5-4f5b-8372-e99bc5b43028', NULL, NULL, NULL, NULL, NULL, NULL, NULL, N'', N'', N'col-lg-12 col-md-12 col-sm-12', 0, NULL, N'FinancialCommitment', NULL, NULL, 1, N'f40d9aec-9f39-4e4b-a73d-6fcec5f73c32', NULL)
INSERT INTO [ERPSettings].[Component] ([IdComponent], [rank], [ComponentName], [IdComponentType], [IdFunctionality], [IdComponentParent], [FR], [EN], [AR], [DE], [CH], [ES], [IdButton], [classDiv], [classLabel], [class], [IsEncapsulated], [IdComponentChangedBy], [EntityName], [style], [ng_hide], [IsToInitialize], [IdFunctionalityForm], [IsFireChange]) VALUES (N'15922a07-a89f-49fb-a358-30cd18a51be4', 1, N'FinancialCommitment', 3, N'f40d9aec-9f39-4e4b-a73d-6fcec5f73c32', N'47a3faf5-c291-445f-93bb-95c8b0136153', N'Engagement de règlement', N'Settlement Commitment', N'SettlementCommitment_AR', N'SettlementCommitment_DE', N'SettlementCommitment_CH', N'SettlementCommitment_ES', N'cab06eab-d0d9-467d-86e5-ba8694ac71d7', N'col-lg-12 col-md-12 col-sm-12', N'col-lg-4 col-md-4 col-sm-4', N'', 0, N'0cce2e20-6713-4039-b9dc-226586edc9d7', N'FinancialCommitment', NULL, NULL, 1, N'f40d9aec-9f39-4e4b-a73d-6fcec5f73c32', NULL)
INSERT INTO [ERPSettings].[Component] ([IdComponent], [rank], [ComponentName], [IdComponentType], [IdFunctionality], [IdComponentParent], [FR], [EN], [AR], [DE], [CH], [ES], [IdButton], [classDiv], [classLabel], [class], [IsEncapsulated], [IdComponentChangedBy], [EntityName], [style], [ng_hide], [IsToInitialize], [IdFunctionalityForm], [IsFireChange]) VALUES (N'1d20eb11-b2b3-4575-ba4f-0b90c9fcdb07', 1, N'CHECKBOX', 4, N'f40d9aec-9f39-4e4b-a73d-6fcec5f73c32', N'15922a07-a89f-49fb-a358-30cd18a51be4', N'', N'', N'', N'', N'', N'', NULL, N'col-lg-12 col-md-12 col-sm-12', N'col-lg-4 col-md-4 col-sm-4', N'', 0, NULL, N'FinancialCommitment', NULL, NULL, 1, N'f40d9aec-9f39-4e4b-a73d-6fcec5f73c32', NULL)
INSERT INTO [ERPSettings].[Component] ([IdComponent], [rank], [ComponentName], [IdComponentType], [IdFunctionality], [IdComponentParent], [FR], [EN], [AR], [DE], [CH], [ES], [IdButton], [classDiv], [classLabel], [class], [IsEncapsulated], [IdComponentChangedBy], [EntityName], [style], [ng_hide], [IsToInitialize], [IdFunctionalityForm], [IsFireChange]) VALUES (N'260a15d9-6ae5-4f5b-8372-e99bc5b43028', 1, N'DIVCONTAINER1', 17, N'f40d9aec-9f39-4e4b-a73d-6fcec5f73c32', N'6549d287-c3ec-451f-83d3-81ad979911c5', N'Liste des échéances client', N'List of Financial commitment client', N'Liste des échéances client_AR', N'Liste des échéances client_DE', N'Liste des échéances client_CH', N'Liste des échéances client_ES', NULL, N'col-lg-12 col-md-12 col-sm-12', N'', N'', 0, NULL, N'FinancialCommitment', NULL, NULL, 1, N'f40d9aec-9f39-4e4b-a73d-6fcec5f73c32', NULL)
INSERT INTO [ERPSettings].[Component] ([IdComponent], [rank], [ComponentName], [IdComponentType], [IdFunctionality], [IdComponentParent], [FR], [EN], [AR], [DE], [CH], [ES], [IdButton], [classDiv], [classLabel], [class], [IsEncapsulated], [IdComponentChangedBy], [EntityName], [style], [ng_hide], [IsToInitialize], [IdFunctionalityForm], [IsFireChange]) VALUES (N'430616bb-5a44-4c3c-b626-dd03d8440dba', 8, N'AssignedAmountWithCurrency', 4, N'f40d9aec-9f39-4e4b-a73d-6fcec5f73c32', N'15922a07-a89f-49fb-a358-30cd18a51be4', N'Montant à affecter', N'Amount to affect', N'Montant affecter_AR', N'Montant affecter_DE', N'Montant affecter_CH', N'Montant affecter_ES', NULL, N'col-lg-12 col-md-12 col-sm-12', N'col-lg-4 col-md-4 col-sm-4', N'', 0, NULL, N'FinancialCommitment', NULL, NULL, 1, N'f40d9aec-9f39-4e4b-a73d-6fcec5f73c32', NULL)
INSERT INTO [ERPSettings].[Component] ([IdComponent], [rank], [ComponentName], [IdComponentType], [IdFunctionality], [IdComponentParent], [FR], [EN], [AR], [DE], [CH], [ES], [IdButton], [classDiv], [classLabel], [class], [IsEncapsulated], [IdComponentChangedBy], [EntityName], [style], [ng_hide], [IsToInitialize], [IdFunctionalityForm], [IsFireChange]) VALUES (N'47a3faf5-c291-445f-93bb-95c8b0136153', 2, N'DIV2', 9, N'f40d9aec-9f39-4e4b-a73d-6fcec5f73c32', N'260a15d9-6ae5-4f5b-8372-e99bc5b43028', N'DIV2', N'DIV2', N'DIV2_AR', N'DIV2_DE', N'DIV2_CH', N'DIV2_ES', NULL, N'', N'', N'form-group col-lg-12 col-md-12 col-sm-12', 0, NULL, N'FinancialCommitment', NULL, NULL, 1, N'f40d9aec-9f39-4e4b-a73d-6fcec5f73c32', NULL)
INSERT INTO [ERPSettings].[Component] ([IdComponent], [rank], [ComponentName], [IdComponentType], [IdFunctionality], [IdComponentParent], [FR], [EN], [AR], [DE], [CH], [ES], [IdButton], [classDiv], [classLabel], [class], [IsEncapsulated], [IdComponentChangedBy], [EntityName], [style], [ng_hide], [IsToInitialize], [IdFunctionalityForm], [IsFireChange]) VALUES (N'59ea38b8-fb87-4798-8f10-a9c878d3ce7a', 6, N'AllocatedAmountWithCurrency', 4, N'f40d9aec-9f39-4e4b-a73d-6fcec5f73c32', N'15922a07-a89f-49fb-a358-30cd18a51be4', N'Montant affecté', N'Affected amount', N'Montant_AR', N'Montant_DE', N'Montant_CH', N'Montant_ES', NULL, N'col-lg-12 col-md-12 col-sm-12', N'col-lg-4 col-md-4 col-sm-4', N'', 0, NULL, N'FinancialCommitment', NULL, NULL, 1, N'f40d9aec-9f39-4e4b-a73d-6fcec5f73c32', NULL)
INSERT INTO [ERPSettings].[Component] ([IdComponent], [rank], [ComponentName], [IdComponentType], [IdFunctionality], [IdComponentParent], [FR], [EN], [AR], [DE], [CH], [ES], [IdButton], [classDiv], [classLabel], [class], [IsEncapsulated], [IdComponentChangedBy], [EntityName], [style], [ng_hide], [IsToInitialize], [IdFunctionalityForm], [IsFireChange]) VALUES (N'6549d287-c3ec-451f-83d3-81ad979911c5', 1, N'FORM1', 6, N'f40d9aec-9f39-4e4b-a73d-6fcec5f73c32', NULL, N'FORM1', N'FORM1', N'FORM1_AR', N'FORM1_DE', N'FORM1_CH', N'FORM1_ES', NULL, N'col-lg-12 col-md-12 col-sm-12', N'col-lg-4 col-md-4 col-sm-4', N'', 0, NULL, N'FinancialCommitment', NULL, NULL, 1, N'f40d9aec-9f39-4e4b-a73d-6fcec5f73c32', NULL)
INSERT INTO [ERPSettings].[Component] ([IdComponent], [rank], [ComponentName], [IdComponentType], [IdFunctionality], [IdComponentParent], [FR], [EN], [AR], [DE], [CH], [ES], [IdButton], [classDiv], [classLabel], [class], [IsEncapsulated], [IdComponentChangedBy], [EntityName], [style], [ng_hide], [IsToInitialize], [IdFunctionalityForm], [IsFireChange]) VALUES (N'76e2e24d-1cb1-4a94-9436-d460a773a107', 1, N'DIV1', 9, N'f40d9aec-9f39-4e4b-a73d-6fcec5f73c32', N'260a15d9-6ae5-4f5b-8372-e99bc5b43028', N'DIV1', N'DIV1', N'DIV1_AR', N'DIV1_DE', N'DIV1_CH', N'DIV1_ES', NULL, N'', N'', N'', 0, NULL, N'FinancialCommitment', NULL, NULL, 1, N'f40d9aec-9f39-4e4b-a73d-6fcec5f73c32', NULL)
INSERT INTO [ERPSettings].[Component] ([IdComponent], [rank], [ComponentName], [IdComponentType], [IdFunctionality], [IdComponentParent], [FR], [EN], [AR], [DE], [CH], [ES], [IdButton], [classDiv], [classLabel], [class], [IsEncapsulated], [IdComponentChangedBy], [EntityName], [style], [ng_hide], [IsToInitialize], [IdFunctionalityForm], [IsFireChange]) VALUES (N'986695cf-f380-4384-8c30-3032f7b3fe8d', 4, N'Status', 4, N'f40d9aec-9f39-4e4b-a73d-6fcec5f73c32', N'15922a07-a89f-49fb-a358-30cd18a51be4', N'Statut', N'Status', NULL, NULL, NULL, NULL, NULL, N'col-lg-12 col-md-12 col-sm-12', N'col-lg-4 col-md-4 col-sm-4', N'', 0, NULL, N'FinancialCommitment', NULL, NULL, 1, N'f40d9aec-9f39-4e4b-a73d-6fcec5f73c32', NULL)
INSERT INTO [ERPSettings].[Component] ([IdComponent], [rank], [ComponentName], [IdComponentType], [IdFunctionality], [IdComponentParent], [FR], [EN], [AR], [DE], [CH], [ES], [IdButton], [classDiv], [classLabel], [class], [IsEncapsulated], [IdComponentChangedBy], [EntityName], [style], [ng_hide], [IsToInitialize], [IdFunctionalityForm], [IsFireChange]) VALUES (N'ad4f86ea-de7f-4d59-803b-2aac80b973bb', 7, N'RemainingAmountWithCurrency', 4, N'f40d9aec-9f39-4e4b-a73d-6fcec5f73c32', N'15922a07-a89f-49fb-a358-30cd18a51be4', N'Montant dûs', N'Amount due', N'Montant dûs_AR', N'Montant dûs_DE', N'Montant dûs_CH', N'Montant dûs_ES', NULL, N'col-lg-12 col-md-12 col-sm-12', N'col-lg-4 col-md-4 col-sm-4', N'', 0, NULL, N'FinancialCommitment', NULL, NULL, 1, N'f40d9aec-9f39-4e4b-a73d-6fcec5f73c32', NULL)
INSERT INTO [ERPSettings].[Component] ([IdComponent], [rank], [ComponentName], [IdComponentType], [IdFunctionality], [IdComponentParent], [FR], [EN], [AR], [DE], [CH], [ES], [IdButton], [classDiv], [classLabel], [class], [IsEncapsulated], [IdComponentChangedBy], [EntityName], [style], [ng_hide], [IsToInitialize], [IdFunctionalityForm], [IsFireChange]) VALUES (N'cab06eab-d0d9-467d-86e5-ba8694ac71d7', 1, N'Regler', 7, N'f40d9aec-9f39-4e4b-a73d-6fcec5f73c32', N'0efb122f-5ed9-4dd6-8cbb-90a5c476379a', N'Régler', N'adjust', NULL, NULL, NULL, NULL, NULL, N'form-group col-lg-12 col-md-12 col-sm-12', N'col-lg-4 col-md-4 col-sm-4', N'k-button', 0, NULL, N'FinancialCommitment', NULL, NULL, 1, N'f40d9aec-9f39-4e4b-a73d-6fcec5f73c32', NULL)
INSERT INTO [ERPSettings].[Component] ([IdComponent], [rank], [ComponentName], [IdComponentType], [IdFunctionality], [IdComponentParent], [FR], [EN], [AR], [DE], [CH], [ES], [IdButton], [classDiv], [classLabel], [class], [IsEncapsulated], [IdComponentChangedBy], [EntityName], [style], [ng_hide], [IsToInitialize], [IdFunctionalityForm], [IsFireChange]) VALUES (N'de6bdf2f-d004-4981-a303-7e2640cf51fd', 5, N'AmountWithCurrency', 4, N'f40d9aec-9f39-4e4b-a73d-6fcec5f73c32', N'15922a07-a89f-49fb-a358-30cd18a51be4', N'Montant', N'Amount', N'Montant_AR', N'Montant_DE', N'Montant_CH', N'Montant_ES', NULL, N'col-lg-12 col-md-12 col-sm-12', N'col-lg-4 col-md-4 col-sm-4', N'', 0, NULL, N'FinancialCommitment', NULL, NULL, 1, N'f40d9aec-9f39-4e4b-a73d-6fcec5f73c32', NULL)
INSERT INTO [ERPSettings].[Component] ([IdComponent], [rank], [ComponentName], [IdComponentType], [IdFunctionality], [IdComponentParent], [FR], [EN], [AR], [DE], [CH], [ES], [IdButton], [classDiv], [classLabel], [class], [IsEncapsulated], [IdComponentChangedBy], [EntityName], [style], [ng_hide], [IsToInitialize], [IdFunctionalityForm], [IsFireChange]) VALUES (N'e2bb97e0-9eee-4212-85dc-83e51a55e495', 3, N'IdDocument', 4, N'f40d9aec-9f39-4e4b-a73d-6fcec5f73c32', N'15922a07-a89f-49fb-a358-30cd18a51be4', N'Numéro Facture', N'Invoice number', N'Numéro Facture_AR', N'Numéro Facture_DE', N'Numéro Facture_CH', N'Numéro Facture_ES', NULL, N'col-lg-12 col-md-12 col-sm-12', N'col-lg-4 col-md-4 col-sm-4', N'', 0, NULL, N'FinancialCommitment', NULL, NULL, 1, N'f40d9aec-9f39-4e4b-a73d-6fcec5f73c32', NULL)
INSERT INTO [ERPSettings].[DropDownListComponent] ([IdComponent], [ng_model], [required], [ng_blur], [ng_bind], [k_on_change], [DropdownType], [DropdownIndex], [ng_disabled], [urlValueMapper]) VALUES (N'0cce2e20-6713-4039-b9dc-226586edc9d7', N'', 1, NULL, NULL, N'bController.baseService.actionService.onChangeDataSource(''0cce2e20-6713-4039-b9dc-226586edc9d7'')', 1, NULL, NULL, NULL)
INSERT INTO [ERPSettings].[ServiceParameters] ([IdServiceParameters], [Method], [URL], [TModel], [Module], [IdPredicateFormat], [TransactionUserId], [IsDeleted], [Deleted_Token]) VALUES (N'44fdcf87-63ef-4880-9f39-8e292cc4b1fc', NULL, NULL, NULL, NULL, NULL, NULL, 0, NULL)
INSERT INTO [ERPSettings].[ServiceParameters] ([IdServiceParameters], [Method], [URL], [TModel], [Module], [IdPredicateFormat], [TransactionUserId], [IsDeleted], [Deleted_Token]) VALUES (N'610290d9-d63a-4a72-9561-1bced1ba465a', N'POST', N'/api/Settlement/getCommitmentForAddOperation', N'SettlementCommitment', N'Payment', N'b8862e94-9af2-456b-bc22-7cec30b9e354', NULL, 0, NULL)
INSERT INTO [ERPSettings].[ServiceParameters] ([IdServiceParameters], [Method], [URL], [TModel], [Module], [IdPredicateFormat], [TransactionUserId], [IsDeleted], [Deleted_Token]) VALUES (N'9185e9ea-10ca-415f-bd6c-c455bd524c3f', N'POST', N'/api/base/getDataSourcePredicate', N'Tiers', N'Sales', N'df4fba37-b184-418a-be35-cd5152bc0808', NULL, 0, NULL)
INSERT INTO [ERPSettings].[DropDownListDataSource] ([IdDropDownListOptions], [IdServiceParameters], [error], [autoSync], [pageSize], [serverPaging], [serverSorting], [serverFiltering], [serverGrouping], [serverAggregates]) VALUES (N'0cce2e20-6713-4039-b9dc-226586edc9d7', N'9185e9ea-10ca-415f-bd6c-c455bd524c3f', NULL, 0, 32, 1, 0, 1, 0, 0)
INSERT INTO [ERPSettings].[FormComponent] ([IdComponent], [k_rules], [ng_controller], [ng_submit], [data_ng_init], [IdServiceParameter], [NameSpace]) VALUES (N'6549d287-c3ec-451f-83d3-81ad979911c5', NULL, N'BaseController as bController', NULL, N'bController.baseService.initService.initView()', N'44fdcf87-63ef-4880-9f39-8e292cc4b1fc', N'Payment.FinancialCommitment')
INSERT INTO [ERPSettings].[GridColumnComponent] ([IdComponent], [field], [title], [width], [format], [groupHeaderTemplate], [hidden], [template], [nullable], [type], [editable], [defaultValue], [menu]) VALUES (N'0aca7a66-1d90-4c1e-b5be-32f94f6b45c5', N'Commitment.CommitmentDate', N'{{''0aca7a66-1d90-4c1e-b5be-32f94f6b45c5'' | translate }}', NULL, N'{0:d}', N'#= value #', 0, N'#= kendo.toString(kendo.parseDate(Commitment.CommitmentDate), ''d'') #', 0, N'date', 0, NULL, NULL)
INSERT INTO [ERPSettings].[GridColumnComponent] ([IdComponent], [field], [title], [width], [format], [groupHeaderTemplate], [hidden], [template], [nullable], [type], [editable], [defaultValue], [menu]) VALUES (N'1d20eb11-b2b3-4575-ba4f-0b90c9fcdb07', N'IsChecked ', N'{{''1d20eb11-b2b3-4575-ba4f-0b90c9fcdb07'' | translate }}', N'50px', NULL, N'#= value #', 0, N'<input id=''#=CommitmentId#'' type=''checkbox'' class=''k-checkbox''  #= IsChecked ? checked=''checked'' : '''' # ng-click=''bController.baseService.actionService.selectRow(dataItem)'' ><label class=''k-checkbox-label'' for=''#=CommitmentId#''></label>', 0, NULL, 0, N'', NULL)
INSERT INTO [ERPSettings].[GridColumnComponent] ([IdComponent], [field], [title], [width], [format], [groupHeaderTemplate], [hidden], [template], [nullable], [type], [editable], [defaultValue], [menu]) VALUES (N'430616bb-5a44-4c3c-b626-dd03d8440dba', N'AssignedAmountWithCurrency', N'{{''430616bb-5a44-4c3c-b626-dd03d8440dba'' | translate }}', N'0', NULL, N'#= value #', 0, N'', 0, N'number', 1, NULL, NULL)
INSERT INTO [ERPSettings].[GridColumnComponent] ([IdComponent], [field], [title], [width], [format], [groupHeaderTemplate], [hidden], [template], [nullable], [type], [editable], [defaultValue], [menu]) VALUES (N'59ea38b8-fb87-4798-8f10-a9c878d3ce7a', N'Commitment.AllocatedAmountWithCurrency', N'{{''59ea38b8-fb87-4798-8f10-a9c878d3ce7a'' | translate }}', NULL, NULL, N'#= value #', 0, NULL, 0, N'number', 0, NULL, NULL)
INSERT INTO [ERPSettings].[GridColumnComponent] ([IdComponent], [field], [title], [width], [format], [groupHeaderTemplate], [hidden], [template], [nullable], [type], [editable], [defaultValue], [menu]) VALUES (N'986695cf-f380-4384-8c30-3032f7b3fe8d', N'Commitment.IdStatusNavigation.Label', N'{{''986695cf-f380-4384-8c30-3032f7b3fe8d'' | translate }}', NULL, NULL, N'#= value #', 0, NULL, 0, NULL, 0, NULL, NULL)
INSERT INTO [ERPSettings].[GridColumnComponent] ([IdComponent], [field], [title], [width], [format], [groupHeaderTemplate], [hidden], [template], [nullable], [type], [editable], [defaultValue], [menu]) VALUES (N'ad4f86ea-de7f-4d59-803b-2aac80b973bb', N'Commitment.RemainingAmountWithCurrency', N'{{''ad4f86ea-de7f-4d59-803b-2aac80b973bb'' | translate }}', NULL, NULL, N'#= value #', 0, N'', 0, N'number', 0, NULL, NULL)
INSERT INTO [ERPSettings].[GridColumnComponent] ([IdComponent], [field], [title], [width], [format], [groupHeaderTemplate], [hidden], [template], [nullable], [type], [editable], [defaultValue], [menu]) VALUES (N'de6bdf2f-d004-4981-a303-7e2640cf51fd', N'Commitment.AmountWithCurrency', N'{{''de6bdf2f-d004-4981-a303-7e2640cf51fd'' | translate }}', NULL, NULL, N'#= value #', 0, NULL, 0, N'number', 0, NULL, NULL)
INSERT INTO [ERPSettings].[GridColumnComponent] ([IdComponent], [field], [title], [width], [format], [groupHeaderTemplate], [hidden], [template], [nullable], [type], [editable], [defaultValue], [menu]) VALUES (N'e2bb97e0-9eee-4212-85dc-83e51a55e495', N'Commitment.IdDocumentNavigation.Code', N'{{''e2bb97e0-9eee-4212-85dc-83e51a55e495'' | translate }}', NULL, NULL, N'#= value #', 0, NULL, 0, NULL, 0, NULL, NULL)
INSERT INTO [ERPSettings].[Module] ([IdModule], [ModuleName], [IdModuleParent], [Rank], [FR], [EN], [AR], [DE], [CH], [ES], [class], [InMenuList]) VALUES (N'ab566211-44ce-44a8-a843-a6764f816249', N'ClientFinancialCommitment', N'0b5ab8e8-2434-4631-b03c-58bc146ac66b', 6, N'Echéance client', N'Client financial commitment', N'Echéance client', N'Echéance client', N'Echéance client', N'Echéance client', N'icon-note', 1)

INSERT INTO [ERPSettings].[ModuleByRole] ( [IdRole], [IdModule], [IsActive], [IsVisible]) VALUES ( 1, N'ab566211-44ce-44a8-a843-a6764f816249', 1, 1)

INSERT INTO [ERPSettings].[Functionality] ([IdFunctionality], [FunctionalityName], [IdRequestType], [FR], [EN], [AR], [DE], [CH], [ES]) VALUES (N'f40d9aec-9f39-4e4b-a73d-6fcec5f73c32', N'ClientFinancialCommitment-LIST', 4, N'Lister échéances client', N'list of financial commitment client', N'Lister échéances client', N'Lister échéances client', N'Lister échéances client', N'Lister échéances client')
INSERT INTO [ERPSettings].[ComponentByRole] ([IdRole], [IdComponent], [IsActive], [IsVisible], [ReadFunction], [WriteFunction], [TransactionUserId]) VALUES ( 1, N'6549d287-c3ec-451f-83d3-81ad979911c5', 1, 1, NULL, NULL, NULL)
INSERT INTO [ERPSettings].[ComponentByRole] ([IdRole], [IdComponent], [IsActive], [IsVisible], [ReadFunction], [WriteFunction], [TransactionUserId]) VALUES ( 1, N'260a15d9-6ae5-4f5b-8372-e99bc5b43028', 1, 1, NULL, NULL, NULL)
INSERT INTO [ERPSettings].[ComponentByRole] ([IdRole], [IdComponent], [IsActive], [IsVisible], [ReadFunction], [WriteFunction], [TransactionUserId]) VALUES ( 1, N'0efb122f-5ed9-4dd6-8cbb-90a5c476379a', 1, 1, NULL, NULL, NULL)
INSERT INTO [ERPSettings].[ComponentByRole] ([IdRole], [IdComponent], [IsActive], [IsVisible], [ReadFunction], [WriteFunction], [TransactionUserId]) VALUES ( 1, N'cab06eab-d0d9-467d-86e5-ba8694ac71d7', 1, 1, NULL, NULL, NULL)
INSERT INTO [ERPSettings].[ComponentByRole] ([IdRole], [IdComponent], [IsActive], [IsVisible], [ReadFunction], [WriteFunction], [TransactionUserId]) VALUES ( 1, N'76e2e24d-1cb1-4a94-9436-d460a773a107', 1, 1, NULL, NULL, NULL)
INSERT INTO [ERPSettings].[ComponentByRole] ([IdRole], [IdComponent], [IsActive], [IsVisible], [ReadFunction], [WriteFunction], [TransactionUserId]) VALUES ( 1, N'0cce2e20-6713-4039-b9dc-226586edc9d7', 1, 1, NULL, NULL, NULL)
INSERT INTO [ERPSettings].[ComponentByRole] ([IdRole], [IdComponent], [IsActive], [IsVisible], [ReadFunction], [WriteFunction], [TransactionUserId]) VALUES ( 1, N'47a3faf5-c291-445f-93bb-95c8b0136153', 1, 1, NULL, NULL, NULL)
INSERT INTO [ERPSettings].[ComponentByRole] ([IdRole], [IdComponent], [IsActive], [IsVisible], [ReadFunction], [WriteFunction], [TransactionUserId]) VALUES ( 1, N'15922a07-a89f-49fb-a358-30cd18a51be4', 1, 1, NULL, NULL, NULL)
INSERT INTO [ERPSettings].[ComponentByRole] ([IdRole], [IdComponent], [IsActive], [IsVisible], [ReadFunction], [WriteFunction], [TransactionUserId]) VALUES ( 1, N'de6bdf2f-d004-4981-a303-7e2640cf51fd', 1, 1, NULL, NULL, NULL)
INSERT INTO [ERPSettings].[ComponentByRole] ([IdRole], [IdComponent], [IsActive], [IsVisible], [ReadFunction], [WriteFunction], [TransactionUserId]) VALUES ( 1, N'e2bb97e0-9eee-4212-85dc-83e51a55e495', 1, 1, NULL, NULL, NULL)
INSERT INTO [ERPSettings].[ComponentByRole] ([IdRole], [IdComponent], [IsActive], [IsVisible], [ReadFunction], [WriteFunction], [TransactionUserId]) VALUES ( 1, N'430616bb-5a44-4c3c-b626-dd03d8440dba', 1, 1, NULL, NULL, NULL)
INSERT INTO [ERPSettings].[ComponentByRole] ([IdRole], [IdComponent], [IsActive], [IsVisible], [ReadFunction], [WriteFunction], [TransactionUserId]) VALUES ( 1, N'1d20eb11-b2b3-4575-ba4f-0b90c9fcdb07', 1, 1, NULL, NULL, NULL)
INSERT INTO [ERPSettings].[ComponentByRole] ([IdRole], [IdComponent], [IsActive], [IsVisible], [ReadFunction], [WriteFunction], [TransactionUserId]) VALUES ( 1, N'0aca7a66-1d90-4c1e-b5be-32f94f6b45c5', 1, 1, NULL, NULL, NULL)
INSERT INTO [ERPSettings].[ComponentByRole] ([IdRole], [IdComponent], [IsActive], [IsVisible], [ReadFunction], [WriteFunction], [TransactionUserId]) VALUES ( 1, N'59ea38b8-fb87-4798-8f10-a9c878d3ce7a', 1, 1, NULL, NULL, NULL)
INSERT INTO [ERPSettings].[ComponentByRole] ([IdRole], [IdComponent], [IsActive], [IsVisible], [ReadFunction], [WriteFunction], [TransactionUserId]) VALUES ( 1, N'986695cf-f380-4384-8c30-3032f7b3fe8d', 1, 1, NULL, NULL, NULL)
INSERT INTO [ERPSettings].[ComponentByRole] ([IdRole], [IdComponent], [IsActive], [IsVisible], [ReadFunction], [WriteFunction], [TransactionUserId]) VALUES ( 1, N'ad4f86ea-de7f-4d59-803b-2aac80b973bb', 1, 1, NULL, NULL, NULL)

INSERT INTO [ERPSettings].[GridComponent] ([IdComponent], [TreeType], [k_on_change]) VALUES (N'15922a07-a89f-49fb-a358-30cd18a51be4', 0, NULL)
INSERT INTO [ERPSettings].[DropDownListOptions] ([IdDropDownListOptions], [name], [autoBind], [dataTextField], [dataValueField], [delay], [enable], [filter], [fixedGroupTemplate], [groupTemplate], [height], [headerTemplate], [template], [valueTemplate], [footerTemplate], [close], [dataBound], [filtering], [open], [select], [cascadeFrom], [cascadeFromField]) VALUES (N'0cce2e20-6713-4039-b9dc-226586edc9d7', NULL, 1, N'CodeTiers', N'Id', NULL, 1, N'contains', NULL, NULL, 300, N'<div class="dropdown-header k-widget k-header"><span>{{''d3904a3f-485d-4d9b-9edf-729ed3edcc43 '' | translate }}</span><span>{{''f1411d5e-cc82-4a56-9fc3-dc4168c09358 '' | translate }}</span></div>', N'<table class="customDropDown sz-40-60"><tr><td>#:data.CodeTiers#</td><td>#if(data.Name != null){# #:data.Name ## }#</td></tr></table>', N'<span>#if(data.CodeTiers != null){# #: data.CodeTiers.length>9 ? data.CodeTiers.substring(0,7)+".." : data.CodeTiers # #}#</span>', N'Total #: instance.dataSource.total() #', NULL, NULL, NULL, NULL, NULL, NULL, NULL)
INSERT INTO [ERPSettings].[PredicateFormat] ([IdPredicateFormat], [PredicateName], [Operator], [TransactionUserId], [IsDeleted], [Deleted_Token]) VALUES (N'b8862e94-9af2-456b-bc22-7cec30b9e354', NULL, 0, NULL, 0, NULL)
INSERT INTO [ERPSettings].[PredicateFormat] ([IdPredicateFormat], [PredicateName], [Operator], [TransactionUserId], [IsDeleted], [Deleted_Token]) VALUES (N'df4fba37-b184-418a-be35-cd5152bc0808', NULL, NULL, NULL, 0, NULL)
INSERT INTO [ERPSettings].[GridDataSource] ([IdGridOptions], [IdServiceParameters], [error], [autoSync], [pageSize], [serverPaging], [serverSorting], [serverFiltering], [serverGrouping], [serverAggregates], [batch], [Id], [ParentId], [children], [hasChildrens], [expanded]) VALUES (N'15922a07-a89f-49fb-a358-30cd18a51be4', N'610290d9-d63a-4a72-9561-1bced1ba465a', NULL, 0, 5, 0, 0, 0, 0, 0, 1, NULL, NULL, NULL, NULL, NULL)
INSERT INTO [ERPSettings].[Menu] ([IdMenu], [IdFunctionnality], [DefaultRoute], [Picture], [Rank], [FR], [EN], [AR], [DE], [CH], [ES], [class], [IsVisible], [InMenuList]) VALUES (N'82e0c549-6025-4e66-875f-a7d690298e22', N'f40d9aec-9f39-4e4b-a73d-6fcec5f73c32', N'/sales/clientfinancialcommitment/list', NULL, 1, N'Lister échéances client', N'List of financial commitment client', N'Lister échéances client', N'Lister échéances client', N'Lister échéances client', N'Lister échéances client', N'fa fa-chevron-right', NULL, 1)
INSERT INTO [ERPSettings].[FunctionnalityModule] ([IdFunctionnalityModule], [IdFunctionnality], [IdModule]) VALUES (N'f28b4ad5-8091-45b3-95e7-8943835ab811', N'f40d9aec-9f39-4e4b-a73d-6fcec5f73c32', N'ab566211-44ce-44a8-a843-a6764f816249')
INSERT INTO [ERPSettings].[ButtonComponent] ([IdComponent], [ng_model], [ng_click], [type], [ButtonType], [IdServiceParameter], [ngDisabled]) VALUES (N'cab06eab-d0d9-467d-86e5-ba8694ac71d7', N'', N'bController.baseService.actionService.regler(''cab06eab-d0d9-467d-86e5-ba8694ac71d7'',''/payment/customersettlement/add'')', N'submit', 0, NULL, NULL)
INSERT INTO [ERPSettings].[Relation] ([IdRelation], [IdPredicateFormat], [Prop], [TransactionUserId], [IsDeleted], [Deleted_Token]) VALUES (N'010b1bcc-b805-4ac4-af1e-869c13ba8d3b', N'df4fba37-b184-418a-be35-cd5152bc0808', N'IdCurrencyNavigation', NULL, 0, NULL)
INSERT INTO [ERPSettings].[Relation] ([IdRelation], [IdPredicateFormat], [Prop], [TransactionUserId], [IsDeleted], [Deleted_Token]) VALUES (N'1cb041ef-d7f3-4a3d-86bd-fadaa9bb205a', N'b8862e94-9af2-456b-bc22-7cec30b9e354', N'IdStatusNavigation', NULL, 0, NULL)
INSERT INTO [ERPSettings].[Relation] ([IdRelation], [IdPredicateFormat], [Prop], [TransactionUserId], [IsDeleted], [Deleted_Token]) VALUES (N'266b1ab2-ee6e-4eb5-b5e3-41cc2638b40d', N'b8862e94-9af2-456b-bc22-7cec30b9e354', N'IdDocumentNavigation', NULL, 0, NULL)

INSERT INTO [ERPSettings].[FunctionalityByRole] ( [IdFunctionality], [IdRole], [IsActive], [IsVisible], [TransactionUserId]) VALUES ( N'f40d9aec-9f39-4e4b-a73d-6fcec5f73c32', 1, 1, 1, NULL)

INSERT INTO [ERPSettings].[GridOptions] ([IdGridOptions], [name], [allowCopy], [altRowTemplate], [autoBind], [dataBound], [columnResizeHandleWidth], [columnMenu], [detailTemplate], [editable], [filterable], [groupable], [height], [mobile], [navigatable], [noRecords], [pageable], [reorderable], [resizable], [rowTemplate], [scrollable], [selectable], [sortable], [excel], [pdf], [checkboxes], [dataTextField], [select], [check], [expand], [loadOnDemand]) VALUES (N'15922a07-a89f-49fb-a358-30cd18a51be4', NULL, 0, N'True', 1, NULL, NULL, 0, NULL, 1, 1, 1, NULL, 0, 0, 0, 1, 0, 1, NULL, 1, N'0', 1, 0, 0, NULL, NULL, NULL, NULL, NULL, NULL)
INSERT INTO [ERPSettings].[Filter] ([IdFilter], [IdPredicateFormat], [Prop], [Operation], [Value], [IsDynamicValue], [TransactionUserId], [IsDeleted], [IsSearchPredicate], [Deleted_Token], [Type]) VALUES (N'0acfc15b-f785-4dc9-baa1-be9dfe9da4b9', N'b8862e94-9af2-456b-bc22-7cec30b9e354', N'RemainingAmountWithCurrency', 6, N'0', 0, NULL, 0, NULL, NULL, NULL)
INSERT INTO [ERPSettings].[Filter] ([IdFilter], [IdPredicateFormat], [Prop], [Operation], [Value], [IsDynamicValue], [TransactionUserId], [IsDeleted], [IsSearchPredicate], [Deleted_Token], [Type]) VALUES (N'20700913-7eee-47a3-83a7-864085e299e6', N'b8862e94-9af2-456b-bc22-7cec30b9e354', N'IdStatus', 1, N'2', 0, NULL, 0, NULL, NULL, NULL)
INSERT INTO [ERPSettings].[Filter] ([IdFilter], [IdPredicateFormat], [Prop], [Operation], [Value], [IsDynamicValue], [TransactionUserId], [IsDeleted], [IsSearchPredicate], [Deleted_Token], [Type]) VALUES (N'46946d0d-0d5d-485c-94bd-ea95423feda0', N'b8862e94-9af2-456b-bc22-7cec30b9e354', N'IdDocumentNavigation.IdTiers', 1, NULL, 1, NULL, 0, NULL, NULL, NULL)
INSERT INTO [ERPSettings].[Filter] ([IdFilter], [IdPredicateFormat], [Prop], [Operation], [Value], [IsDynamicValue], [TransactionUserId], [IsDeleted], [IsSearchPredicate], [Deleted_Token], [Type]) VALUES (N'78afe5d7-49d4-4950-95df-68a99a996faa', N'df4fba37-b184-418a-be35-cd5152bc0808', N'Name', 2, NULL, 0, NULL, 0, 1, NULL, NULL)
INSERT INTO [ERPSettings].[Filter] ([IdFilter], [IdPredicateFormat], [Prop], [Operation], [Value], [IsDynamicValue], [TransactionUserId], [IsDeleted], [IsSearchPredicate], [Deleted_Token], [Type]) VALUES (N'92d4a0b6-1d26-433e-8234-a11ba2d4d91c', N'df4fba37-b184-418a-be35-cd5152bc0808', N'IdTypeTiers', 1, N'1', 0, NULL, 0, NULL, NULL, NULL)
INSERT INTO [ERPSettings].[Filter] ([IdFilter], [IdPredicateFormat], [Prop], [Operation], [Value], [IsDynamicValue], [TransactionUserId], [IsDeleted], [IsSearchPredicate], [Deleted_Token], [Type]) VALUES (N'f9f64867-98d0-4568-a55a-32bd778785b6', N'df4fba37-b184-418a-be35-cd5152bc0808', N'CodeTiers', 2, NULL, 0, NULL, 0, 1, NULL, NULL)
ALTER TABLE [ERPSettings].[Filter]
    ADD CONSTRAINT [FK_Filter_PredicateFormat] FOREIGN KEY ([IdPredicateFormat]) REFERENCES [ERPSettings].[PredicateFormat] ([IdPredicateFormat])
ALTER TABLE [ERPSettings].[GridOptions]
    ADD CONSTRAINT [FK_GridOptions_GridComponent] FOREIGN KEY ([IdGridOptions]) REFERENCES [ERPSettings].[GridComponent] ([IdComponent])
ALTER TABLE [ERPSettings].[FunctionalityByRole]
    ADD CONSTRAINT [FK_FunctionalityRole_Role] FOREIGN KEY ([IdRole]) REFERENCES [ERPSettings].[Role] ([Id]) ON DELETE CASCADE
ALTER TABLE [ERPSettings].[FunctionalityByRole]
    ADD CONSTRAINT [FK_FunctionalityRole_Functionality] FOREIGN KEY ([IdFunctionality]) REFERENCES [ERPSettings].[Functionality] ([IdFunctionality])
ALTER TABLE [ERPSettings].[Relation]
    ADD CONSTRAINT [FK_Relation_PredicateFormat] FOREIGN KEY ([IdPredicateFormat]) REFERENCES [ERPSettings].[PredicateFormat] ([IdPredicateFormat])
ALTER TABLE [ERPSettings].[ButtonComponent]
    ADD CONSTRAINT [FK_ButtonComponent_Component] FOREIGN KEY ([IdComponent]) REFERENCES [ERPSettings].[Component] ([IdComponent])
ALTER TABLE [ERPSettings].[ButtonComponent]
    ADD CONSTRAINT [FK_ButtonComponent_ServiceParameters] FOREIGN KEY ([IdServiceParameter]) REFERENCES [ERPSettings].[ServiceParameters] ([IdServiceParameters])
ALTER TABLE [ERPSettings].[FunctionnalityModule]
    ADD CONSTRAINT [FK_FunctionnalityModule_Functionality] FOREIGN KEY ([IdFunctionnality]) REFERENCES [ERPSettings].[Functionality] ([IdFunctionality])
ALTER TABLE [ERPSettings].[FunctionnalityModule]
    ADD CONSTRAINT [FK_FunctionnalityModule_Module] FOREIGN KEY ([IdModule]) REFERENCES [ERPSettings].[Module] ([IdModule])
ALTER TABLE [ERPSettings].[Menu]
    ADD CONSTRAINT [FK_Menu_Functionality] FOREIGN KEY ([IdFunctionnality]) REFERENCES [ERPSettings].[Functionality] ([IdFunctionality])
ALTER TABLE [ERPSettings].[GridDataSource]
    ADD CONSTRAINT [FK_GridDataSource_GridOptions] FOREIGN KEY ([IdGridOptions]) REFERENCES [ERPSettings].[GridOptions] ([IdGridOptions])
ALTER TABLE [ERPSettings].[GridDataSource]
    ADD CONSTRAINT [FK_GridDataSource_ServiceParameters] FOREIGN KEY ([IdServiceParameters]) REFERENCES [ERPSettings].[ServiceParameters] ([IdServiceParameters])
ALTER TABLE [ERPSettings].[DropDownListOptions]
    ADD CONSTRAINT [FK_DropDownListOptions_DropDownListComponent] FOREIGN KEY ([IdDropDownListOptions]) REFERENCES [ERPSettings].[DropDownListComponent] ([IdComponent])
ALTER TABLE [ERPSettings].[GridComponent]
    ADD CONSTRAINT [FK_GridComponent_Component] FOREIGN KEY ([IdComponent]) REFERENCES [ERPSettings].[Component] ([IdComponent])
ALTER TABLE [ERPSettings].[ComponentByRole]
    ADD CONSTRAINT [FK_ViewConfigurationRole_ViewConfiguration] FOREIGN KEY ([IdComponent]) REFERENCES [ERPSettings].[Component] ([IdComponent])
ALTER TABLE [ERPSettings].[ComponentByRole]
    ADD CONSTRAINT [FK_ViewConfigurationRole_Role] FOREIGN KEY ([IdRole]) REFERENCES [ERPSettings].[Role] ([Id]) ON DELETE CASCADE
ALTER TABLE [ERPSettings].[Functionality]
    ADD CONSTRAINT [FK_Functionality_RequestType] FOREIGN KEY ([IdRequestType]) REFERENCES [ERPSettings].[RequestType] ([Id])
ALTER TABLE [ERPSettings].[ModuleByRole]
    ADD CONSTRAINT [FK_ModuleByRole_Module] FOREIGN KEY ([IdModule]) REFERENCES [ERPSettings].[Module] ([IdModule])
ALTER TABLE [ERPSettings].[ModuleByRole]
    ADD CONSTRAINT [FK_ModuleByRole_Role] FOREIGN KEY ([IdRole]) REFERENCES [ERPSettings].[Role] ([Id]) ON DELETE CASCADE
ALTER TABLE [ERPSettings].[Module]
    ADD CONSTRAINT [FK_Module_Module] FOREIGN KEY ([IdModuleParent]) REFERENCES [ERPSettings].[Module] ([IdModule])
ALTER TABLE [ERPSettings].[GridColumnComponent]
    ADD CONSTRAINT [FK_GridColumnComponent_Component] FOREIGN KEY ([IdComponent]) REFERENCES [ERPSettings].[Component] ([IdComponent])
ALTER TABLE [ERPSettings].[FormComponent]
    ADD CONSTRAINT [FK_FormComponent_Component] FOREIGN KEY ([IdComponent]) REFERENCES [ERPSettings].[Component] ([IdComponent])
ALTER TABLE [ERPSettings].[FormComponent]
    ADD CONSTRAINT [FK_FormComponent_ServiceParameters] FOREIGN KEY ([IdServiceParameter]) REFERENCES [ERPSettings].[ServiceParameters] ([IdServiceParameters])
ALTER TABLE [ERPSettings].[DropDownListDataSource]
    ADD CONSTRAINT [FK_DropDownListDataSource_DropDownListOptions] FOREIGN KEY ([IdDropDownListOptions]) REFERENCES [ERPSettings].[DropDownListOptions] ([IdDropDownListOptions])
ALTER TABLE [ERPSettings].[DropDownListDataSource]
    ADD CONSTRAINT [FK_DropDownListDataSource_ServiceParameters] FOREIGN KEY ([IdServiceParameters]) REFERENCES [ERPSettings].[ServiceParameters] ([IdServiceParameters])
ALTER TABLE [ERPSettings].[ServiceParameters]
    ADD CONSTRAINT [FK_ServiceParameters_PredicateFormat] FOREIGN KEY ([IdPredicateFormat]) REFERENCES [ERPSettings].[PredicateFormat] ([IdPredicateFormat])
ALTER TABLE [ERPSettings].[DropDownListComponent]
    ADD CONSTRAINT [FK_DropDownListComponent_Component] FOREIGN KEY ([IdComponent]) REFERENCES [ERPSettings].[Component] ([IdComponent])
ALTER TABLE [ERPSettings].[Component]
    ADD CONSTRAINT [FK_Component_Component1] FOREIGN KEY ([IdComponentChangedBy]) REFERENCES [ERPSettings].[Component] ([IdComponent])
ALTER TABLE [ERPSettings].[Component]
    ADD CONSTRAINT [FK_Component_Functionality] FOREIGN KEY ([IdFunctionality]) REFERENCES [ERPSettings].[Functionality] ([IdFunctionality])
ALTER TABLE [ERPSettings].[Component]
    ADD CONSTRAINT [FK_Component_Component] FOREIGN KEY ([IdComponentParent]) REFERENCES [ERPSettings].[Component] ([IdComponent])
COMMIT TRANSACTION

----
BEGIN TRANSACTION
ALTER TABLE [ERPSettings].[Filter] DROP CONSTRAINT [FK_Filter_PredicateFormat]
ALTER TABLE [ERPSettings].[GridOptions] DROP CONSTRAINT [FK_GridOptions_GridComponent]
ALTER TABLE [ERPSettings].[OrderBy] DROP CONSTRAINT [FK_OrderBy_PredicateFormat]
ALTER TABLE [ERPSettings].[FunctionalityByRole] DROP CONSTRAINT [FK_FunctionalityRole_Role]
ALTER TABLE [ERPSettings].[FunctionalityByRole] DROP CONSTRAINT [FK_FunctionalityRole_Functionality]
ALTER TABLE [ERPSettings].[RadioButtonComponent] DROP CONSTRAINT [FK_RadioButtonComponent_Component]
ALTER TABLE [ERPSettings].[Relation] DROP CONSTRAINT [FK_Relation_PredicateFormat]
ALTER TABLE [ERPSettings].[RadioButtonComponentDetails] DROP CONSTRAINT [FK_RadioButtonComponentDetails_Component]
ALTER TABLE [ERPSettings].[ToolBarItem] DROP CONSTRAINT [FK_ToolBarItemToolBarOptions]
ALTER TABLE [ERPSettings].[ToolBarOptions] DROP CONSTRAINT [FK_ToolBarOptionsToolbarComponent]
ALTER TABLE [ERPSettings].[ButtonComponent] DROP CONSTRAINT [FK_ButtonComponent_Component]
ALTER TABLE [ERPSettings].[ButtonComponent] DROP CONSTRAINT [FK_ButtonComponent_ServiceParameters]
ALTER TABLE [ERPSettings].[CheckBoxComponentDetails] DROP CONSTRAINT [FK_CheckBoxDetailsComponent_Component]
ALTER TABLE [ERPSettings].[ColumnMenuComponent] DROP CONSTRAINT [FK_ComponentColumnMenu]
ALTER TABLE [ERPSettings].[FunctionnalityModule] DROP CONSTRAINT [FK_FunctionnalityModule_Functionality]
ALTER TABLE [ERPSettings].[FunctionnalityModule] DROP CONSTRAINT [FK_FunctionnalityModule_Module]
ALTER TABLE [ERPSettings].[Menu] DROP CONSTRAINT [FK_Menu_Functionality]
ALTER TABLE [ERPSettings].[InputDatePickerOptions] DROP CONSTRAINT [FK_InputDatePickerOptions_InputComponent]
ALTER TABLE [ERPSettings].[GridDataSource] DROP CONSTRAINT [FK_GridDataSource_GridOptions]
ALTER TABLE [ERPSettings].[GridDataSource] DROP CONSTRAINT [FK_GridDataSource_ServiceParameters]
ALTER TABLE [ERPSettings].[FunctionnalityByUser] DROP CONSTRAINT [FK_FunctionnalityByUser_Functionality]
ALTER TABLE [ERPSettings].[FunctionnalityByUser] DROP CONSTRAINT [FK_FunctionnalityByUser_User]
ALTER TABLE [ERPSettings].[RoleInfo] DROP CONSTRAINT [FK_Information_RoleInfo]
ALTER TABLE [ERPSettings].[RoleInfo] DROP CONSTRAINT [FK_Role_RoleInfo]
ALTER TABLE [ERPSettings].[BarCodeComponent] DROP CONSTRAINT [FK_BarCodeComponent_Component]
ALTER TABLE [ERPSettings].[BarCodeComponent] DROP CONSTRAINT [FK_BarCodeComponent_InputComponent]
ALTER TABLE [ERPSettings].[ComboBoxDataSourceItems] DROP CONSTRAINT [FK_ComboBoxDataSourceItems_ComboBoxDataSource]
ALTER TABLE [ERPSettings].[ReportParameters] DROP CONSTRAINT [FK_ReportViewerParameters_ReportViewerComponent]
ALTER TABLE [ERPSettings].[ReportComponent] DROP CONSTRAINT [FK_ReportViewerComponent_Component]
ALTER TABLE [ERPSettings].[UserRole] DROP CONSTRAINT [FK_UserRole_Role]
ALTER TABLE [ERPSettings].[UserRole] DROP CONSTRAINT [FK_UserRole_User]
ALTER TABLE [ERPSettings].[ComboBoxComponent] DROP CONSTRAINT [FK_ComboboxComponent_Component]
ALTER TABLE [ERPSettings].[DropDownListOptions] DROP CONSTRAINT [FK_DropDownListOptions_DropDownListComponent]
ALTER TABLE [ERPSettings].[ModuleByUser] DROP CONSTRAINT [FK_ModuleByUser_Module]
ALTER TABLE [ERPSettings].[ModuleByUser] DROP CONSTRAINT [FK_ModuleByUser_User]
ALTER TABLE [ERPSettings].[MsgNotification] DROP CONSTRAINT [FK_MsgNotification_Message]
ALTER TABLE [ERPSettings].[Message] DROP CONSTRAINT [FK_Information_Message]
ALTER TABLE [ERPSettings].[FieldSetComponent] DROP CONSTRAINT [FK_FieldSetComponent_Component]
ALTER TABLE [ERPSettings].[QrCodeComponent] DROP CONSTRAINT [FK_QrCodeComponent_Component]
ALTER TABLE [ERPSettings].[QrCodeComponent] DROP CONSTRAINT [FK_QrCodeComponent_InputComponent]
ALTER TABLE [ERPSettings].[GridComponent] DROP CONSTRAINT [FK_GridComponent_Component]
ALTER TABLE [ERPSettings].[ComponentByRole] DROP CONSTRAINT [FK_ViewConfigurationRole_ViewConfiguration]
ALTER TABLE [ERPSettings].[ComponentByRole] DROP CONSTRAINT [FK_ViewConfigurationRole_Role]
ALTER TABLE [ERPSettings].[ComboBoxDataSource] DROP CONSTRAINT [FK_ComboBoxDataSource_ComboBoxOptions]
ALTER TABLE [ERPSettings].[ComboBoxDataSource] DROP CONSTRAINT [FK_ComboBoxDataSource_ServiceParameters]
ALTER TABLE [ERPSettings].[ComboBoxOptions] DROP CONSTRAINT [FK_ComboBoxOptions_ComboBoxComponent]
ALTER TABLE [ERPSettings].[ImageComponent] DROP CONSTRAINT [FK_ImageComponent_Component]
ALTER TABLE [ERPSettings].[InputComponent] DROP CONSTRAINT [FK_InputComponent_Component]
ALTER TABLE [ERPSettings].[LabelComponent] DROP CONSTRAINT [FK_LabelComponent_Component]
ALTER TABLE [ERPSettings].[Functionality] DROP CONSTRAINT [FK_Functionality_RequestType]
ALTER TABLE [ERPSettings].[Codification] DROP CONSTRAINT [FK_Codification_Codification]
ALTER TABLE [ERPSettings].[ComponentByUser] DROP CONSTRAINT [FK_ComponentByUser_User]
ALTER TABLE [ERPSettings].[ComponentByUser] DROP CONSTRAINT [FK_ComponentByUser_Component]
ALTER TABLE [ERPSettings].[ModuleByRole] DROP CONSTRAINT [FK_ModuleByRole_Module]
ALTER TABLE [ERPSettings].[ModuleByRole] DROP CONSTRAINT [FK_ModuleByRole_Role]
ALTER TABLE [ERPSettings].[Module] DROP CONSTRAINT [FK_Module_Module]
ALTER TABLE [ERPSettings].[UserInfo] DROP CONSTRAINT [FK_Info_UserInfo]
ALTER TABLE [ERPSettings].[UserInfo] DROP CONSTRAINT [FK_User_UserInfo]
ALTER TABLE [ERPSettings].[Information] DROP CONSTRAINT [FK_Information_Functionality]
ALTER TABLE [ERPSettings].[GridButtonComponent] DROP CONSTRAINT [FK_GridButtonComponent_ServiceParameters]
ALTER TABLE [ERPSettings].[GridButtonComponent] DROP CONSTRAINT [FK_GridButtonComponent_Component]
ALTER TABLE [ERPSettings].[GridColumnComponent] DROP CONSTRAINT [FK_GridColumnComponent_Component]
ALTER TABLE [ERPSettings].[FormComponent] DROP CONSTRAINT [FK_FormComponent_Component]
ALTER TABLE [ERPSettings].[FormComponent] DROP CONSTRAINT [FK_FormComponent_ServiceParameters]
ALTER TABLE [ERPSettings].[EntityCodification] DROP CONSTRAINT [FK_EntityCodification_Codification]
ALTER TABLE [ERPSettings].[EntityCodification] DROP CONSTRAINT [FK_EntityCodification_Entity]
ALTER TABLE [ERPSettings].[Entity] DROP CONSTRAINT [FK_Entity_Entity]
ALTER TABLE [ERPSettings].[ToolBarComponent] DROP CONSTRAINT [FK_ComponentToolbarComponent]
ALTER TABLE [ERPSettings].[DropDownListDataSource] DROP CONSTRAINT [FK_DropDownListDataSource_DropDownListOptions]
ALTER TABLE [ERPSettings].[DropDownListDataSource] DROP CONSTRAINT [FK_DropDownListDataSource_ServiceParameters]
ALTER TABLE [ERPSettings].[ServiceParameters] DROP CONSTRAINT [FK_ServiceParameters_PredicateFormat]
ALTER TABLE [ERPSettings].[DialogComponent] DROP CONSTRAINT [FK_DialogComponent_Component]
ALTER TABLE [ERPSettings].[CheckBoxComponent] DROP CONSTRAINT [FK_CheckBoxComponent_Component]
ALTER TABLE [ERPSettings].[DropDownListComponent] DROP CONSTRAINT [FK_DropDownListComponent_Component]
ALTER TABLE [ERPSettings].[Component] DROP CONSTRAINT [FK_Component_Component1]
ALTER TABLE [ERPSettings].[Component] DROP CONSTRAINT [FK_Component_Functionality]
ALTER TABLE [ERPSettings].[Component] DROP CONSTRAINT [FK_Component_Component]

DELETE FROM [ERPSettings].[ComboBoxDataSourceItems] WHERE [IdComboBoxDataSourceItems]=N'8f48a1ee-9977-4aa0-94cc-fa0dc54f5677'
DELETE FROM [ERPSettings].[ComboBoxDataSourceItems] WHERE [IdComboBoxDataSourceItems]=N'd8312deb-a4ce-4c92-b631-411bedebddf1'

DELETE FROM [ERPSettings].[ComboBoxComponent] WHERE [IdComponent]=N'7521ccb2-8094-43b1-ba07-7c64cea9fe35'
DELETE FROM [ERPSettings].[ComboBoxComponent] WHERE [IdComponent]=N'afa4ee0c-70d0-4820-8886-c66aad23091a'
DELETE FROM [ERPSettings].[ComboBoxComponent] WHERE [IdComponent]=N'bb10c212-b3ee-4652-abb4-e45fac0e89ef'

DELETE FROM [ERPSettings].[ComponentByRole] WHERE [IdComponent]=N'7521ccb2-8094-43b1-ba07-7c64cea9fe35'
DELETE FROM [ERPSettings].[ComponentByRole] WHERE [IdComponent]=N'afa4ee0c-70d0-4820-8886-c66aad23091a'
DELETE FROM [ERPSettings].[ComponentByRole] WHERE [IdComponent]=N'bb10c212-b3ee-4652-abb4-e45fac0e89ef'

DELETE FROM [ERPSettings].[ComboBoxDataSource] WHERE [IdComponent]=N'7521ccb2-8094-43b1-ba07-7c64cea9fe35'
DELETE FROM [ERPSettings].[ComboBoxDataSource] WHERE [IdComponent]=N'afa4ee0c-70d0-4820-8886-c66aad23091a'
DELETE FROM [ERPSettings].[ComboBoxDataSource] WHERE [IdComponent]=N'bb10c212-b3ee-4652-abb4-e45fac0e89ef'

DELETE FROM [ERPSettings].[ComboBoxOptions] WHERE [IdComponent]=N'7521ccb2-8094-43b1-ba07-7c64cea9fe35'
DELETE FROM [ERPSettings].[ComboBoxOptions] WHERE [IdComponent]=N'afa4ee0c-70d0-4820-8886-c66aad23091a'
DELETE FROM [ERPSettings].[ComboBoxOptions] WHERE [IdComponent]=N'bb10c212-b3ee-4652-abb4-e45fac0e89ef'

DELETE FROM [ERPSettings].[ServiceParameters] WHERE [IdServiceParameters]=N'465ae845-7d63-4a1c-8cdb-6ba985e4961c'
DELETE FROM [ERPSettings].[ServiceParameters] WHERE [IdServiceParameters]=N'fb9f3dc4-5235-49b0-87bb-771e64dbf575'

DELETE FROM [ERPSettings].[Component] WHERE [IdComponent]=N'7521ccb2-8094-43b1-ba07-7c64cea9fe35'
DELETE FROM [ERPSettings].[Component] WHERE [IdComponent]=N'afa4ee0c-70d0-4820-8886-c66aad23091a'
DELETE FROM [ERPSettings].[Component] WHERE [IdComponent]=N'bb10c212-b3ee-4652-abb4-e45fac0e89ef'

UPDATE [ERPSettings].[Component] SET [rank]=5 WHERE [IdComponent]=N'198967d9-8f72-447d-9502-dedc53b00716'
UPDATE [ERPSettings].[Component] SET [rank]=3 WHERE [IdComponent]=N'216e3230-ccce-4608-a71d-12238685f602'
UPDATE [ERPSettings].[Component] SET [rank]=4 WHERE [IdComponent]=N'59c02776-0b24-4173-9472-c1905372593d'

UPDATE [ERPSettings].[Component] SET [ComponentName]=N'IdMaritalStatus' WHERE [IdComponent]=N'5a09706c-e7cf-4273-bb10-1448e9135bb4'
UPDATE [ERPSettings].[Component] SET [rank]=7 WHERE [IdComponent]=N'5eb68d73-b258-4b11-8b60-a5f71e612565'
UPDATE [ERPSettings].[Component] SET [rank]=6 WHERE [IdComponent]=N'82bfc601-ccae-46c9-aaca-db0fabc51fab'

INSERT INTO [ERPSettings].[Component] ([IdComponent], [rank], [ComponentName], [IdComponentType], [IdFunctionality], [IdComponentParent], [FR], [EN], [AR], [DE], [CH], [ES], [IdButton], [classDiv], [classLabel], [class], [IsEncapsulated], [IdComponentChangedBy], [EntityName], [style], [ng_hide], [IsToInitialize], [IdFunctionalityForm], [IsFireChange]) VALUES (N'012d7733-0973-455b-939d-b89510162438', 1, N'Classification', 17, N'4915c87a-4c0a-4635-beb4-6626d46415c2', N'fe682a96-0f49-4815-9f16-94db85852051', N'Classification', N'Classification', N'Classification', N'Classification', N'Classification', N'Classification', NULL, N'col-lg-6 col-md-6 col-sm-6', N'', N'col-lg-12 col-md-12 col-sm-12', 0, NULL, N'Employee', NULL, NULL, 1, N'4915c87a-4c0a-4635-beb4-6626d46415c2', NULL)
INSERT INTO [ERPSettings].[Component] ([IdComponent], [rank], [ComponentName], [IdComponentType], [IdFunctionality], [IdComponentParent], [FR], [EN], [AR], [DE], [CH], [ES], [IdButton], [classDiv], [classLabel], [class], [IsEncapsulated], [IdComponentChangedBy], [EntityName], [style], [ng_hide], [IsToInitialize], [IdFunctionalityForm], [IsFireChange]) VALUES (N'3fa7fc59-12be-4deb-a488-23776bfb9dd7', 2, N'Nationalité', 17, N'4915c87a-4c0a-4635-beb4-6626d46415c2', N'fe682a96-0f49-4815-9f16-94db85852051', N'Nationalité', N'Nationalité', N'Nationalité', N'Nationalité', N'Nationalité', N'Nationalité', NULL, N'col-lg-6 col-md-6 col-sm-6', N'', N'col-lg-12 col-md-12 col-sm-12', 0, NULL, N'Employee', NULL, NULL, 1, N'4915c87a-4c0a-4635-beb4-6626d46415c2', NULL)
INSERT INTO [ERPSettings].[Component] ([IdComponent], [rank], [ComponentName], [IdComponentType], [IdFunctionality], [IdComponentParent], [FR], [EN], [AR], [DE], [CH], [ES], [IdButton], [classDiv], [classLabel], [class], [IsEncapsulated], [IdComponentChangedBy], [EntityName], [style], [ng_hide], [IsToInitialize], [IdFunctionalityForm], [IsFireChange]) VALUES (N'4a4f7d8f-2363-4af4-9936-caeae892ab4e', 1, N'DIV3', 9, N'4915c87a-4c0a-4635-beb4-6626d46415c2', N'3fa7fc59-12be-4deb-a488-23776bfb9dd7', NULL, NULL, NULL, NULL, NULL, NULL, NULL, N'', N'', N'col-lg-12 col-md-12 col-sm-12', 0, NULL, N'Employee', N'padding-left: 0px; padding-right: 0px;', NULL, 1, N'4915c87a-4c0a-4635-beb4-6626d46415c2', NULL)
INSERT INTO [ERPSettings].[Component] ([IdComponent], [rank], [ComponentName], [IdComponentType], [IdFunctionality], [IdComponentParent], [FR], [EN], [AR], [DE], [CH], [ES], [IdButton], [classDiv], [classLabel], [class], [IsEncapsulated], [IdComponentChangedBy], [EntityName], [style], [ng_hide], [IsToInitialize], [IdFunctionalityForm], [IsFireChange]) VALUES (N'624b9a52-a3a9-480d-be89-0a49e978ee97', 2, N'IdNationalityCity', 8, N'4915c87a-4c0a-4635-beb4-6626d46415c2', N'4a4f7d8f-2363-4af4-9936-caeae892ab4e', N'Ville d''origine', N'Hometown', N'Ville_AR', N'Ville_DE', N'Ville_CH', N'Pays_ES', N'1301c855-d07e-480c-a003-749357444c4a', N'form-group col-lg-6 col-md-6 col-sm-6', N'col-lg-4 col-md-4 col-sm-4', N'', 0, NULL, N'City', NULL, NULL, 1, N'4915c87a-4c0a-4635-beb4-6626d46415c2', NULL)
INSERT INTO [ERPSettings].[Component] ([IdComponent], [rank], [ComponentName], [IdComponentType], [IdFunctionality], [IdComponentParent], [FR], [EN], [AR], [DE], [CH], [ES], [IdButton], [classDiv], [classLabel], [class], [IsEncapsulated], [IdComponentChangedBy], [EntityName], [style], [ng_hide], [IsToInitialize], [IdFunctionalityForm], [IsFireChange]) VALUES (N'7ca13915-9340-4296-a90f-4c4ea85abd54', 2, N'IdEchellon', 8, N'4915c87a-4c0a-4635-beb4-6626d46415c2', N'81839904-2652-439f-9a76-f73264eb3e28', N'Echellon', N'Echellon', NULL, NULL, NULL, NULL, N'1301c855-d07e-480c-a003-749357444c4a', N'form-group col-lg-6 col-md-6 col-sm-6', N'col-lg-4 col-md-4 col-sm-4', N'', 0, NULL, N'Employee', NULL, NULL, 1, N'4915c87a-4c0a-4635-beb4-6626d46415c2', NULL)
INSERT INTO [ERPSettings].[Component] ([IdComponent], [rank], [ComponentName], [IdComponentType], [IdFunctionality], [IdComponentParent], [FR], [EN], [AR], [DE], [CH], [ES], [IdButton], [classDiv], [classLabel], [class], [IsEncapsulated], [IdComponentChangedBy], [EntityName], [style], [ng_hide], [IsToInitialize], [IdFunctionalityForm], [IsFireChange]) VALUES (N'81839904-2652-439f-9a76-f73264eb3e28', 1, N'DIV3', 9, N'4915c87a-4c0a-4635-beb4-6626d46415c2', N'012d7733-0973-455b-939d-b89510162438', NULL, NULL, NULL, NULL, NULL, NULL, NULL, N'', N'', N'col-lg-12 col-md-12 col-sm-12', 0, NULL, N'Employee', N'padding-left: 0px; padding-right: 0px;', NULL, 1, N'4915c87a-4c0a-4635-beb4-6626d46415c2', NULL)
INSERT INTO [ERPSettings].[Component] ([IdComponent], [rank], [ComponentName], [IdComponentType], [IdFunctionality], [IdComponentParent], [FR], [EN], [AR], [DE], [CH], [ES], [IdButton], [classDiv], [classLabel], [class], [IsEncapsulated], [IdComponentChangedBy], [EntityName], [style], [ng_hide], [IsToInitialize], [IdFunctionalityForm], [IsFireChange]) VALUES (N'873d5198-232f-4fd4-b0c4-4e79d1800142', 1, N'IdGrade', 8, N'fafd6bad-7ac7-4f9b-8dbb-bb844117369f', N'96da3653-d0d9-4e36-a083-f37b863fb591', N'Grade', N'Grade', NULL, NULL, NULL, NULL, N'dd223655-4ec6-4514-b1d7-c20ba191e638', N'form-group col-lg-6 col-md-6 col-sm-6', N'col-lg-4 col-md-4 col-sm-4', N'', 0, NULL, N'Employee', NULL, NULL, 1, N'fafd6bad-7ac7-4f9b-8dbb-bb844117369f', NULL)
INSERT INTO [ERPSettings].[Component] ([IdComponent], [rank], [ComponentName], [IdComponentType], [IdFunctionality], [IdComponentParent], [FR], [EN], [AR], [DE], [CH], [ES], [IdButton], [classDiv], [classLabel], [class], [IsEncapsulated], [IdComponentChangedBy], [EntityName], [style], [ng_hide], [IsToInitialize], [IdFunctionalityForm], [IsFireChange]) VALUES (N'8b513bd8-e2af-41cd-9639-12cf5bf23ab8', 1, N'IdGrade', 8, N'4915c87a-4c0a-4635-beb4-6626d46415c2', N'81839904-2652-439f-9a76-f73264eb3e28', N'Grade', N'Grade', NULL, NULL, NULL, NULL, N'1301c855-d07e-480c-a003-749357444c4a', N'form-group col-lg-6 col-md-6 col-sm-6', N'col-lg-4 col-md-4 col-sm-4', N'', 0, NULL, N'Employee', NULL, NULL, 1, N'4915c87a-4c0a-4635-beb4-6626d46415c2', NULL)
INSERT INTO [ERPSettings].[Component] ([IdComponent], [rank], [ComponentName], [IdComponentType], [IdFunctionality], [IdComponentParent], [FR], [EN], [AR], [DE], [CH], [ES], [IdButton], [classDiv], [classLabel], [class], [IsEncapsulated], [IdComponentChangedBy], [EntityName], [style], [ng_hide], [IsToInitialize], [IdFunctionalityForm], [IsFireChange]) VALUES (N'a38b0a2a-0ad2-46a6-81d3-96eb5e3b526f', 1, N'IdNationalityCountry', 8, N'4915c87a-4c0a-4635-beb4-6626d46415c2', N'4a4f7d8f-2363-4af4-9936-caeae892ab4e', N'Pays d''origine', N'Native country', N'Pays_AR', N'Pays_DE', N'Pays_CH', N'Pays_ES', N'1301c855-d07e-480c-a003-749357444c4a', N'form-group col-lg-6 col-md-6 col-sm-6', N'col-lg-4 col-md-4 col-sm-4', N'', 0, NULL, N'Employee', NULL, NULL, 1, N'4915c87a-4c0a-4635-beb4-6626d46415c2', NULL)
INSERT INTO [ERPSettings].[Component] ([IdComponent], [rank], [ComponentName], [IdComponentType], [IdFunctionality], [IdComponentParent], [FR], [EN], [AR], [DE], [CH], [ES], [IdButton], [classDiv], [classLabel], [class], [IsEncapsulated], [IdComponentChangedBy], [EntityName], [style], [ng_hide], [IsToInitialize], [IdFunctionalityForm], [IsFireChange]) VALUES (N'fa3a4471-6c62-407b-adea-9c6b757c1f98', 4, N'IdMaritalStatus', 11, N'4915c87a-4c0a-4635-beb4-6626d46415c2', N'4f2d9fd5-ba44-4b6c-80ea-c80866bd239c', N'Etat civil', N'Marital status', NULL, NULL, NULL, NULL, N'1301c855-d07e-480c-a003-749357444c4a', N'form-group col-lg-12 col-md-12 col-sm-12', N'col-lg-4 col-md-4 col-sm-4', N'', 0, NULL, N'Employee', NULL, NULL, 1, N'4915c87a-4c0a-4635-beb4-6626d46415c2', 0)
INSERT INTO [ERPSettings].[Component] ([IdComponent], [rank], [ComponentName], [IdComponentType], [IdFunctionality], [IdComponentParent], [FR], [EN], [AR], [DE], [CH], [ES], [IdButton], [classDiv], [classLabel], [class], [IsEncapsulated], [IdComponentChangedBy], [EntityName], [style], [ng_hide], [IsToInitialize], [IdFunctionalityForm], [IsFireChange]) VALUES (N'fb55679b-135f-43e5-b8a9-8996394f37bf', 2, N'IdEchellon', 8, N'fafd6bad-7ac7-4f9b-8dbb-bb844117369f', N'96da3653-d0d9-4e36-a083-f37b863fb591', N'Echellon', N'Echellon', NULL, NULL, NULL, NULL, N'dd223655-4ec6-4514-b1d7-c20ba191e638', N'form-group col-lg-6 col-md-6 col-sm-6', N'col-lg-4 col-md-4 col-sm-4', N'', 0, NULL, N'Employee', NULL, NULL, 1, N'fafd6bad-7ac7-4f9b-8dbb-bb844117369f', NULL)
INSERT INTO [ERPSettings].[Component] ([IdComponent], [rank], [ComponentName], [IdComponentType], [IdFunctionality], [IdComponentParent], [FR], [EN], [AR], [DE], [CH], [ES], [IdButton], [classDiv], [classLabel], [class], [IsEncapsulated], [IdComponentChangedBy], [EntityName], [style], [ng_hide], [IsToInitialize], [IdFunctionalityForm], [IsFireChange]) VALUES (N'fe682a96-0f49-4815-9f16-94db85852051', 2, N'DIV8', 9, N'4915c87a-4c0a-4635-beb4-6626d46415c2', N'40684839-a8db-4895-96cc-fabece551aa0', NULL, NULL, NULL, NULL, NULL, NULL, NULL, N'', N'', N'row', 0, NULL, N'Employee', NULL, NULL, 1, N'4915c87a-4c0a-4635-beb4-6626d46415c2', NULL)
INSERT INTO [ERPSettings].[DropDownListComponent] ([IdComponent], [ng_model], [required], [ng_blur], [ng_bind], [k_on_change], [DropdownType], [DropdownIndex], [ng_disabled], [urlValueMapper]) VALUES (N'624b9a52-a3a9-480d-be89-0a49e978ee97', N'', 1, NULL, NULL, N'', 1, NULL, NULL, NULL)
INSERT INTO [ERPSettings].[DropDownListComponent] ([IdComponent], [ng_model], [required], [ng_blur], [ng_bind], [k_on_change], [DropdownType], [DropdownIndex], [ng_disabled], [urlValueMapper]) VALUES (N'7ca13915-9340-4296-a90f-4c4ea85abd54', N'', 1, NULL, NULL, N'bController.baseService.actionService.onChangeDataSource(''7ca13915-9340-4296-a90f-4c4ea85abd54'')', 1, NULL, NULL, NULL)
INSERT INTO [ERPSettings].[DropDownListComponent] ([IdComponent], [ng_model], [required], [ng_blur], [ng_bind], [k_on_change], [DropdownType], [DropdownIndex], [ng_disabled], [urlValueMapper]) VALUES (N'873d5198-232f-4fd4-b0c4-4e79d1800142', N'', 1, NULL, NULL, N'bController.baseService.actionService.onChangeDataSource(''873d5198-232f-4fd4-b0c4-4e79d1800142'')', 1, NULL, NULL, NULL)
INSERT INTO [ERPSettings].[DropDownListComponent] ([IdComponent], [ng_model], [required], [ng_blur], [ng_bind], [k_on_change], [DropdownType], [DropdownIndex], [ng_disabled], [urlValueMapper]) VALUES (N'8b513bd8-e2af-41cd-9639-12cf5bf23ab8', N'', 1, NULL, NULL, N'bController.baseService.actionService.onChangeDataSource(''8b513bd8-e2af-41cd-9639-12cf5bf23ab8'')', 1, NULL, NULL, NULL)
INSERT INTO [ERPSettings].[DropDownListComponent] ([IdComponent], [ng_model], [required], [ng_blur], [ng_bind], [k_on_change], [DropdownType], [DropdownIndex], [ng_disabled], [urlValueMapper]) VALUES (N'a38b0a2a-0ad2-46a6-81d3-96eb5e3b526f', N'', 1, NULL, NULL, N'bController.baseService.actionService.onChangeDataSource(''a38b0a2a-0ad2-46a6-81d3-96eb5e3b526f'')', 1, NULL, NULL, NULL)
INSERT INTO [ERPSettings].[DropDownListComponent] ([IdComponent], [ng_model], [required], [ng_blur], [ng_bind], [k_on_change], [DropdownType], [DropdownIndex], [ng_disabled], [urlValueMapper]) VALUES (N'fb55679b-135f-43e5-b8a9-8996394f37bf', N'', 1, NULL, NULL, N'bController.baseService.actionService.onChangeDataSource(''fb55679b-135f-43e5-b8a9-8996394f37bf'')', 1, NULL, NULL, NULL)
INSERT INTO [ERPSettings].[ServiceParameters] ([IdServiceParameters], [Method], [URL], [TModel], [Module], [IdPredicateFormat], [TransactionUserId], [IsDeleted], [Deleted_Token]) VALUES (N'30bcf95f-2d7e-45b5-8e08-13f31f8df902', N'POST', N'/api/base/getDataSourcePredicate', N'Country', N'Shared', N'4c322958-3960-4e2c-834f-b207d21af3e4', NULL, 0, NULL)
INSERT INTO [ERPSettings].[ServiceParameters] ([IdServiceParameters], [Method], [URL], [TModel], [Module], [IdPredicateFormat], [TransactionUserId], [IsDeleted], [Deleted_Token]) VALUES (N'38e4a9de-8514-4a69-a55d-b94f516e36bb', N'POST', N'/api/base/getDataSourcePredicate', N'Grade', N'PayRoll', NULL, NULL, 0, NULL)
INSERT INTO [ERPSettings].[ServiceParameters] ([IdServiceParameters], [Method], [URL], [TModel], [Module], [IdPredicateFormat], [TransactionUserId], [IsDeleted], [Deleted_Token]) VALUES (N'7bee8a28-6b88-45e2-bc42-00a14a5b6fa8', N'POST', N'/api/base/getDataSourcePredicate', N'Echellon', N'PayRoll', NULL, NULL, 0, NULL)
INSERT INTO [ERPSettings].[ServiceParameters] ([IdServiceParameters], [Method], [URL], [TModel], [Module], [IdPredicateFormat], [TransactionUserId], [IsDeleted], [Deleted_Token]) VALUES (N'd8f93c33-b5b8-46f1-9d23-765505ce48ea', N'POST', N'/api/base/getDataSourcePredicate', N'Echellon', N'PayRoll', NULL, NULL, 0, NULL)
INSERT INTO [ERPSettings].[ServiceParameters] ([IdServiceParameters], [Method], [URL], [TModel], [Module], [IdPredicateFormat], [TransactionUserId], [IsDeleted], [Deleted_Token]) VALUES (N'db8b65cc-c494-4d9d-90c7-d2edc340a012', N'POST', N'/api/base/getDataSourcePredicate', N'Grade', N'PayRoll', NULL, NULL, 0, NULL)
INSERT INTO [ERPSettings].[ServiceParameters] ([IdServiceParameters], [Method], [URL], [TModel], [Module], [IdPredicateFormat], [TransactionUserId], [IsDeleted], [Deleted_Token]) VALUES (N'f94dab09-dfa6-48a7-bb19-e741f74d18e6', N'POST', N'/api/base/getDataSourcePredicate', N'City', N'Shared', N'5a2180a8-c7b0-470f-99d9-267ba3fb0d4b', NULL, 0, NULL)
INSERT INTO [ERPSettings].[DropDownListDataSource] ([IdDropDownListOptions], [IdServiceParameters], [error], [autoSync], [pageSize], [serverPaging], [serverSorting], [serverFiltering], [serverGrouping], [serverAggregates]) VALUES (N'624b9a52-a3a9-480d-be89-0a49e978ee97', N'f94dab09-dfa6-48a7-bb19-e741f74d18e6', NULL, 0, 8, 1, 0, 1, 0, 0)
INSERT INTO [ERPSettings].[DropDownListDataSource] ([IdDropDownListOptions], [IdServiceParameters], [error], [autoSync], [pageSize], [serverPaging], [serverSorting], [serverFiltering], [serverGrouping], [serverAggregates]) VALUES (N'7ca13915-9340-4296-a90f-4c4ea85abd54', N'd8f93c33-b5b8-46f1-9d23-765505ce48ea', NULL, 0, 32, 1, 0, 1, 0, 0)
INSERT INTO [ERPSettings].[DropDownListDataSource] ([IdDropDownListOptions], [IdServiceParameters], [error], [autoSync], [pageSize], [serverPaging], [serverSorting], [serverFiltering], [serverGrouping], [serverAggregates]) VALUES (N'873d5198-232f-4fd4-b0c4-4e79d1800142', N'38e4a9de-8514-4a69-a55d-b94f516e36bb', NULL, 0, 32, 1, 0, 1, 0, 0)
INSERT INTO [ERPSettings].[DropDownListDataSource] ([IdDropDownListOptions], [IdServiceParameters], [error], [autoSync], [pageSize], [serverPaging], [serverSorting], [serverFiltering], [serverGrouping], [serverAggregates]) VALUES (N'8b513bd8-e2af-41cd-9639-12cf5bf23ab8', N'db8b65cc-c494-4d9d-90c7-d2edc340a012', NULL, 0, 32, 1, 0, 1, 0, 0)
INSERT INTO [ERPSettings].[DropDownListDataSource] ([IdDropDownListOptions], [IdServiceParameters], [error], [autoSync], [pageSize], [serverPaging], [serverSorting], [serverFiltering], [serverGrouping], [serverAggregates]) VALUES (N'a38b0a2a-0ad2-46a6-81d3-96eb5e3b526f', N'30bcf95f-2d7e-45b5-8e08-13f31f8df902', NULL, 0, 8, 1, 0, 1, 0, 0)
INSERT INTO [ERPSettings].[DropDownListDataSource] ([IdDropDownListOptions], [IdServiceParameters], [error], [autoSync], [pageSize], [serverPaging], [serverSorting], [serverFiltering], [serverGrouping], [serverAggregates]) VALUES (N'fb55679b-135f-43e5-b8a9-8996394f37bf', N'7bee8a28-6b88-45e2-bc42-00a14a5b6fa8', NULL, 0, 32, 1, 0, 1, 0, 0)
INSERT INTO [ERPSettings].[ComboBoxOptions] ([IdComponent], [autoBind], [dataTextField], [dataValueField], [delay], [enable], [filter], [fixedGroupTemplate], [groupTemplate], [height], [headerTemplate], [template], [valueTemplate], [footerTemplate], [change], [close], [dataBound], [filtering], [open], [select], [name]) VALUES (N'fa3a4471-6c62-407b-adea-9c6b757c1f98', 1, N'Text', N'Value', NULL, 1, N'contains', NULL, NULL, 300, NULL, NULL, NULL, NULL, NULL, NULL, NULL, NULL, NULL, NULL, NULL)
INSERT INTO [ERPSettings].[ComboBoxDataSource] ([IdComponent], [IdServiceParameters], [error], [autoSync], [pageSize], [serverPaging], [serverSorting], [serverFiltering], [serverGrouping], [serverAggregates], [IsStaticDataSource]) VALUES (N'fa3a4471-6c62-407b-adea-9c6b757c1f98', NULL, NULL, 0, NULL, 0, 0, 0, 0, 0, 1)

INSERT INTO [ERPSettings].[ComponentByRole] ( [IdRole], [IdComponent], [IsActive], [IsVisible], [ReadFunction], [WriteFunction], [TransactionUserId]) VALUES ( 1, N'873d5198-232f-4fd4-b0c4-4e79d1800142', 1, 1, NULL, NULL, NULL)
INSERT INTO [ERPSettings].[ComponentByRole] ( [IdRole], [IdComponent], [IsActive], [IsVisible], [ReadFunction], [WriteFunction], [TransactionUserId]) VALUES ( 1, N'fb55679b-135f-43e5-b8a9-8996394f37bf', 1, 1, NULL, NULL, NULL)
INSERT INTO [ERPSettings].[ComponentByRole] ( [IdRole], [IdComponent], [IsActive], [IsVisible], [ReadFunction], [WriteFunction], [TransactionUserId]) VALUES ( 1, N'fe682a96-0f49-4815-9f16-94db85852051', 1, 1, NULL, NULL, NULL)
INSERT INTO [ERPSettings].[ComponentByRole] ( [IdRole], [IdComponent], [IsActive], [IsVisible], [ReadFunction], [WriteFunction], [TransactionUserId]) VALUES ( 1, N'3fa7fc59-12be-4deb-a488-23776bfb9dd7', 1, 1, NULL, NULL, NULL)
INSERT INTO [ERPSettings].[ComponentByRole] ( [IdRole], [IdComponent], [IsActive], [IsVisible], [ReadFunction], [WriteFunction], [TransactionUserId]) VALUES ( 1, N'4a4f7d8f-2363-4af4-9936-caeae892ab4e', 1, 1, NULL, NULL, NULL)
INSERT INTO [ERPSettings].[ComponentByRole] ( [IdRole], [IdComponent], [IsActive], [IsVisible], [ReadFunction], [WriteFunction], [TransactionUserId]) VALUES ( 1, N'a38b0a2a-0ad2-46a6-81d3-96eb5e3b526f', 1, 1, NULL, NULL, NULL)
INSERT INTO [ERPSettings].[ComponentByRole] ( [IdRole], [IdComponent], [IsActive], [IsVisible], [ReadFunction], [WriteFunction], [TransactionUserId]) VALUES ( 1, N'624b9a52-a3a9-480d-be89-0a49e978ee97', 1, 1, NULL, NULL, NULL)
INSERT INTO [ERPSettings].[ComponentByRole] ( [IdRole], [IdComponent], [IsActive], [IsVisible], [ReadFunction], [WriteFunction], [TransactionUserId]) VALUES ( 1, N'012d7733-0973-455b-939d-b89510162438', 1, 1, NULL, NULL, NULL)
INSERT INTO [ERPSettings].[ComponentByRole] ( [IdRole], [IdComponent], [IsActive], [IsVisible], [ReadFunction], [WriteFunction], [TransactionUserId]) VALUES ( 1, N'81839904-2652-439f-9a76-f73264eb3e28', 1, 1, NULL, NULL, NULL)
INSERT INTO [ERPSettings].[ComponentByRole] ( [IdRole], [IdComponent], [IsActive], [IsVisible], [ReadFunction], [WriteFunction], [TransactionUserId]) VALUES ( 1, N'8b513bd8-e2af-41cd-9639-12cf5bf23ab8', 1, 1, NULL, NULL, NULL)
INSERT INTO [ERPSettings].[ComponentByRole] ( [IdRole], [IdComponent], [IsActive], [IsVisible], [ReadFunction], [WriteFunction], [TransactionUserId]) VALUES ( 1, N'7ca13915-9340-4296-a90f-4c4ea85abd54', 1, 1, NULL, NULL, NULL)
INSERT INTO [ERPSettings].[ComponentByRole] ( [IdRole], [IdComponent], [IsActive], [IsVisible], [ReadFunction], [WriteFunction], [TransactionUserId]) VALUES ( 1, N'fa3a4471-6c62-407b-adea-9c6b757c1f98', 1, 1, NULL, NULL, NULL)

INSERT INTO [ERPSettings].[DropDownListOptions] ([IdDropDownListOptions], [name], [autoBind], [dataTextField], [dataValueField], [delay], [enable], [filter], [fixedGroupTemplate], [groupTemplate], [height], [headerTemplate], [template], [valueTemplate], [footerTemplate], [close], [dataBound], [filtering], [open], [select], [cascadeFrom], [cascadeFromField]) VALUES (N'624b9a52-a3a9-480d-be89-0a49e978ee97', NULL, 1, N'Label', N'Id', NULL, 1, N'contains', NULL, NULL, 200, N'<div class="dropdown-header k-widget k-header"><span class="dropHeader">{{''0f408a32-2d1e-4c31-8795-13a5b8c90280 '' | translate }}</span><span class="dropHeader">{{''4811100d-72db-4a56-b47a-72f946a7e17a '' | translate }}</span></div>', N'<table class="customDropDown sz-40-60"><tr><td>#: data.Code#</td><td>#if(data.Label != null){# #:data.Label ## }#</td></tr></table>', N'<span>#: data.Label#</span>', N'Total #: instance.dataSource.total() #', NULL, NULL, NULL, NULL, NULL, NULL, NULL)
INSERT INTO [ERPSettings].[DropDownListOptions] ([IdDropDownListOptions], [name], [autoBind], [dataTextField], [dataValueField], [delay], [enable], [filter], [fixedGroupTemplate], [groupTemplate], [height], [headerTemplate], [template], [valueTemplate], [footerTemplate], [close], [dataBound], [filtering], [open], [select], [cascadeFrom], [cascadeFromField]) VALUES (N'7ca13915-9340-4296-a90f-4c4ea85abd54', N'IdEchellon', 1, N'Label', N'Id', NULL, 1, N'contains', NULL, NULL, 200, NULL, NULL, NULL, NULL, NULL, NULL, NULL, NULL, NULL, NULL, NULL)
INSERT INTO [ERPSettings].[DropDownListOptions] ([IdDropDownListOptions], [name], [autoBind], [dataTextField], [dataValueField], [delay], [enable], [filter], [fixedGroupTemplate], [groupTemplate], [height], [headerTemplate], [template], [valueTemplate], [footerTemplate], [close], [dataBound], [filtering], [open], [select], [cascadeFrom], [cascadeFromField]) VALUES (N'873d5198-232f-4fd4-b0c4-4e79d1800142', N'IdGrade', 1, N'Label', N'Id', NULL, 1, N'contains', NULL, NULL, 200, NULL, NULL, NULL, NULL, NULL, NULL, NULL, NULL, NULL, NULL, NULL)
INSERT INTO [ERPSettings].[DropDownListOptions] ([IdDropDownListOptions], [name], [autoBind], [dataTextField], [dataValueField], [delay], [enable], [filter], [fixedGroupTemplate], [groupTemplate], [height], [headerTemplate], [template], [valueTemplate], [footerTemplate], [close], [dataBound], [filtering], [open], [select], [cascadeFrom], [cascadeFromField]) VALUES (N'8b513bd8-e2af-41cd-9639-12cf5bf23ab8', N'IdGrade', 1, N'Label', N'Id', NULL, 1, N'contains', NULL, NULL, 200, NULL, NULL, NULL, NULL, NULL, NULL, NULL, NULL, NULL, NULL, NULL)
INSERT INTO [ERPSettings].[DropDownListOptions] ([IdDropDownListOptions], [name], [autoBind], [dataTextField], [dataValueField], [delay], [enable], [filter], [fixedGroupTemplate], [groupTemplate], [height], [headerTemplate], [template], [valueTemplate], [footerTemplate], [close], [dataBound], [filtering], [open], [select], [cascadeFrom], [cascadeFromField]) VALUES (N'a38b0a2a-0ad2-46a6-81d3-96eb5e3b526f', NULL, 1, N'Label', N'Id', NULL, 1, N'contains', NULL, NULL, 200, N'<div class="dropdown-header k-widget k-header"><span class="dropHeader">{{''0f408a32-2d1e-4c31-8795-13a5b8c90280 '' | translate }}</span><span class="dropHeader">{{''4811100d-72db-4a56-b47a-72f946a7e17a '' | translate }}</span></div>', N'<table class="customDropDown sz-40-60"><tr><td>#: data.Code#</td><td>#if(data.Label != null){# #:data.Label ## }#</td></tr></table>', N'<span>#: data.Label#</span>', N'Total #: instance.dataSource.total() #', NULL, NULL, NULL, NULL, NULL, NULL, NULL)
INSERT INTO [ERPSettings].[DropDownListOptions] ([IdDropDownListOptions], [name], [autoBind], [dataTextField], [dataValueField], [delay], [enable], [filter], [fixedGroupTemplate], [groupTemplate], [height], [headerTemplate], [template], [valueTemplate], [footerTemplate], [close], [dataBound], [filtering], [open], [select], [cascadeFrom], [cascadeFromField]) VALUES (N'fb55679b-135f-43e5-b8a9-8996394f37bf', N'IdEchellon', 1, N'Label', N'Id', NULL, 1, N'contains', NULL, NULL, 200, NULL, NULL, NULL, NULL, NULL, NULL, NULL, NULL, NULL, NULL, NULL)
INSERT INTO [ERPSettings].[ComboBoxComponent] ([IdComponent], [ng_model], [required], [ng_disabled], [ng_bind], [ng_blur], [placeholder], [k_option_label], [k_on_change], [k_data_text_field], [k_data_value_field], [k_filter], [k_autoBind], [k_data_source]) VALUES (N'fa3a4471-6c62-407b-adea-9c6b757c1f98', NULL, 1, NULL, NULL, NULL, NULL, NULL, NULL, NULL, NULL, NULL, NULL, NULL)
INSERT INTO [ERPSettings].[ComboBoxDataSourceItems] ([IdComboBoxDataSourceItems], [IdComboBoxDataSource], [Value], [Text]) VALUES (N'e0fe9495-dd47-4299-9785-c245ce8fe6c7', N'fa3a4471-6c62-407b-adea-9c6b757c1f98', N'2', N'Marié')
INSERT INTO [ERPSettings].[ComboBoxDataSourceItems] ([IdComboBoxDataSourceItems], [IdComboBoxDataSource], [Value], [Text]) VALUES (N'e8255017-c169-450f-8b89-d2872538a5e2', N'fa3a4471-6c62-407b-adea-9c6b757c1f98', N'1', N'Célibataire')
INSERT INTO [ERPSettings].[PredicateFormat] ([IdPredicateFormat], [PredicateName], [Operator], [TransactionUserId], [IsDeleted], [Deleted_Token]) VALUES (N'4c322958-3960-4e2c-834f-b207d21af3e4', NULL, NULL, NULL, 0, NULL)
INSERT INTO [ERPSettings].[PredicateFormat] ([IdPredicateFormat], [PredicateName], [Operator], [TransactionUserId], [IsDeleted], [Deleted_Token]) VALUES (N'5a2180a8-c7b0-470f-99d9-267ba3fb0d4b', NULL, NULL, NULL, 0, NULL)

INSERT INTO [ERPSettings].[Filter] ([IdFilter], [IdPredicateFormat], [Prop], [Operation], [Value], [IsDynamicValue], [TransactionUserId], [IsDeleted], [IsSearchPredicate], [Deleted_Token], [Type]) VALUES (N'2188cf12-59f1-4635-80aa-c2e0d764c430', N'5a2180a8-c7b0-470f-99d9-267ba3fb0d4b', N'IdNationalityCountry', 1, N'', 1, NULL, 0, NULL, NULL, NULL)
INSERT INTO [ERPSettings].[Filter] ([IdFilter], [IdPredicateFormat], [Prop], [Operation], [Value], [IsDynamicValue], [TransactionUserId], [IsDeleted], [IsSearchPredicate], [Deleted_Token], [Type]) VALUES (N'5446c0f2-69c0-4985-a576-f16b89595fd8', N'5a2180a8-c7b0-470f-99d9-267ba3fb0d4b', N'Label', 2, NULL, 0, NULL, 0, 1, NULL, NULL)
INSERT INTO [ERPSettings].[Filter] ([IdFilter], [IdPredicateFormat], [Prop], [Operation], [Value], [IsDynamicValue], [TransactionUserId], [IsDeleted], [IsSearchPredicate], [Deleted_Token], [Type]) VALUES (N'79b23059-2e1b-478f-b695-467f46a383b6', N'4c322958-3960-4e2c-834f-b207d21af3e4', N'Code', 2, NULL, 0, NULL, 0, 1, NULL, NULL)
INSERT INTO [ERPSettings].[Filter] ([IdFilter], [IdPredicateFormat], [Prop], [Operation], [Value], [IsDynamicValue], [TransactionUserId], [IsDeleted], [IsSearchPredicate], [Deleted_Token], [Type]) VALUES (N'bd8b24be-b234-4f9c-8761-0fc8feb94dfa', N'5a2180a8-c7b0-470f-99d9-267ba3fb0d4b', N'Code', 2, NULL, 0, NULL, 0, 1, NULL, NULL)
INSERT INTO [ERPSettings].[Filter] ([IdFilter], [IdPredicateFormat], [Prop], [Operation], [Value], [IsDynamicValue], [TransactionUserId], [IsDeleted], [IsSearchPredicate], [Deleted_Token], [Type]) VALUES (N'fea1fc26-7f67-4796-9258-818cf3cd3967', N'4c322958-3960-4e2c-834f-b207d21af3e4', N'Label', 2, NULL, 0, NULL, 0, 1, NULL, NULL)

ALTER TABLE [ERPSettings].[Filter]
    ADD CONSTRAINT [FK_Filter_PredicateFormat] FOREIGN KEY ([IdPredicateFormat]) REFERENCES [ERPSettings].[PredicateFormat] ([IdPredicateFormat])
ALTER TABLE [ERPSettings].[GridOptions]
    ADD CONSTRAINT [FK_GridOptions_GridComponent] FOREIGN KEY ([IdGridOptions]) REFERENCES [ERPSettings].[GridComponent] ([IdComponent])
ALTER TABLE [ERPSettings].[OrderBy]
    ADD CONSTRAINT [FK_OrderBy_PredicateFormat] FOREIGN KEY ([IdPredicateFormat]) REFERENCES [ERPSettings].[PredicateFormat] ([IdPredicateFormat])
ALTER TABLE [ERPSettings].[FunctionalityByRole]
    ADD CONSTRAINT [FK_FunctionalityRole_Role] FOREIGN KEY ([IdRole]) REFERENCES [ERPSettings].[Role] ([Id]) ON DELETE CASCADE
ALTER TABLE [ERPSettings].[FunctionalityByRole]
    ADD CONSTRAINT [FK_FunctionalityRole_Functionality] FOREIGN KEY ([IdFunctionality]) REFERENCES [ERPSettings].[Functionality] ([IdFunctionality])
ALTER TABLE [ERPSettings].[RadioButtonComponent]
    ADD CONSTRAINT [FK_RadioButtonComponent_Component] FOREIGN KEY ([IdComponent]) REFERENCES [ERPSettings].[Component] ([IdComponent])
ALTER TABLE [ERPSettings].[Relation]
    ADD CONSTRAINT [FK_Relation_PredicateFormat] FOREIGN KEY ([IdPredicateFormat]) REFERENCES [ERPSettings].[PredicateFormat] ([IdPredicateFormat])
ALTER TABLE [ERPSettings].[RadioButtonComponentDetails]
    ADD CONSTRAINT [FK_RadioButtonComponentDetails_Component] FOREIGN KEY ([IdComponent]) REFERENCES [ERPSettings].[Component] ([IdComponent])
ALTER TABLE [ERPSettings].[ToolBarItem]
    ADD CONSTRAINT [FK_ToolBarItemToolBarOptions] FOREIGN KEY ([IdToolBarOptions]) REFERENCES [ERPSettings].[ToolBarOptions] ([IdToolBarOptions])
ALTER TABLE [ERPSettings].[ToolBarOptions]
    ADD CONSTRAINT [FK_ToolBarOptionsToolbarComponent] FOREIGN KEY ([IdToolBarOptions]) REFERENCES [ERPSettings].[ToolBarComponent] ([IdComponent])
ALTER TABLE [ERPSettings].[ButtonComponent]
    ADD CONSTRAINT [FK_ButtonComponent_Component] FOREIGN KEY ([IdComponent]) REFERENCES [ERPSettings].[Component] ([IdComponent])
ALTER TABLE [ERPSettings].[ButtonComponent]
    ADD CONSTRAINT [FK_ButtonComponent_ServiceParameters] FOREIGN KEY ([IdServiceParameter]) REFERENCES [ERPSettings].[ServiceParameters] ([IdServiceParameters])
ALTER TABLE [ERPSettings].[CheckBoxComponentDetails]
    ADD CONSTRAINT [FK_CheckBoxDetailsComponent_Component] FOREIGN KEY ([IdComponent]) REFERENCES [ERPSettings].[Component] ([IdComponent])
ALTER TABLE [ERPSettings].[ColumnMenuComponent]
    ADD CONSTRAINT [FK_ComponentColumnMenu] FOREIGN KEY ([IdComponent]) REFERENCES [ERPSettings].[Component] ([IdComponent])
ALTER TABLE [ERPSettings].[FunctionnalityModule]
    ADD CONSTRAINT [FK_FunctionnalityModule_Functionality] FOREIGN KEY ([IdFunctionnality]) REFERENCES [ERPSettings].[Functionality] ([IdFunctionality])
ALTER TABLE [ERPSettings].[FunctionnalityModule]
    ADD CONSTRAINT [FK_FunctionnalityModule_Module] FOREIGN KEY ([IdModule]) REFERENCES [ERPSettings].[Module] ([IdModule])
ALTER TABLE [ERPSettings].[Menu]
    ADD CONSTRAINT [FK_Menu_Functionality] FOREIGN KEY ([IdFunctionnality]) REFERENCES [ERPSettings].[Functionality] ([IdFunctionality])
ALTER TABLE [ERPSettings].[InputDatePickerOptions]
    ADD CONSTRAINT [FK_InputDatePickerOptions_InputComponent] FOREIGN KEY ([IdDatePickerOptions]) REFERENCES [ERPSettings].[InputComponent] ([IdComponent])
ALTER TABLE [ERPSettings].[GridDataSource]
    ADD CONSTRAINT [FK_GridDataSource_GridOptions] FOREIGN KEY ([IdGridOptions]) REFERENCES [ERPSettings].[GridOptions] ([IdGridOptions])
ALTER TABLE [ERPSettings].[GridDataSource]
    ADD CONSTRAINT [FK_GridDataSource_ServiceParameters] FOREIGN KEY ([IdServiceParameters]) REFERENCES [ERPSettings].[ServiceParameters] ([IdServiceParameters])
ALTER TABLE [ERPSettings].[FunctionnalityByUser]
    ADD CONSTRAINT [FK_FunctionnalityByUser_Functionality] FOREIGN KEY ([IdFunctionality]) REFERENCES [ERPSettings].[Functionality] ([IdFunctionality])
ALTER TABLE [ERPSettings].[FunctionnalityByUser]
    ADD CONSTRAINT [FK_FunctionnalityByUser_User] FOREIGN KEY ([IdUser]) REFERENCES [ERPSettings].[User] ([Id]) ON DELETE CASCADE
ALTER TABLE [ERPSettings].[RoleInfo]
    ADD CONSTRAINT [FK_Information_RoleInfo] FOREIGN KEY ([IdInformation]) REFERENCES [ERPSettings].[Information] ([IdInfo])
ALTER TABLE [ERPSettings].[RoleInfo]
    ADD CONSTRAINT [FK_Role_RoleInfo] FOREIGN KEY ([IdRole]) REFERENCES [ERPSettings].[Role] ([Id])
ALTER TABLE [ERPSettings].[BarCodeComponent]
    ADD CONSTRAINT [FK_BarCodeComponent_Component] FOREIGN KEY ([IdComponent]) REFERENCES [ERPSettings].[Component] ([IdComponent])
ALTER TABLE [ERPSettings].[BarCodeComponent]
    ADD CONSTRAINT [FK_BarCodeComponent_InputComponent] FOREIGN KEY ([IdInputComponent]) REFERENCES [ERPSettings].[InputComponent] ([IdComponent])
ALTER TABLE [ERPSettings].[ComboBoxDataSourceItems]
    ADD CONSTRAINT [FK_ComboBoxDataSourceItems_ComboBoxDataSource] FOREIGN KEY ([IdComboBoxDataSource]) REFERENCES [ERPSettings].[ComboBoxDataSource] ([IdComponent])
ALTER TABLE [ERPSettings].[ReportParameters]
    ADD CONSTRAINT [FK_ReportViewerParameters_ReportViewerComponent] FOREIGN KEY ([IdComponent]) REFERENCES [ERPSettings].[ReportComponent] ([IdComponent])
ALTER TABLE [ERPSettings].[ReportComponent]
    ADD CONSTRAINT [FK_ReportViewerComponent_Component] FOREIGN KEY ([IdComponent]) REFERENCES [ERPSettings].[Component] ([IdComponent])
ALTER TABLE [ERPSettings].[UserRole]
    ADD CONSTRAINT [FK_UserRole_Role] FOREIGN KEY ([IdRole]) REFERENCES [ERPSettings].[Role] ([Id]) ON DELETE CASCADE
ALTER TABLE [ERPSettings].[UserRole]
    ADD CONSTRAINT [FK_UserRole_User] FOREIGN KEY ([IdUser]) REFERENCES [ERPSettings].[User] ([Id]) ON DELETE CASCADE
ALTER TABLE [ERPSettings].[ComboBoxComponent]
    ADD CONSTRAINT [FK_ComboboxComponent_Component] FOREIGN KEY ([IdComponent]) REFERENCES [ERPSettings].[Component] ([IdComponent])
ALTER TABLE [ERPSettings].[DropDownListOptions]
    ADD CONSTRAINT [FK_DropDownListOptions_DropDownListComponent] FOREIGN KEY ([IdDropDownListOptions]) REFERENCES [ERPSettings].[DropDownListComponent] ([IdComponent])
ALTER TABLE [ERPSettings].[ModuleByUser]
    ADD CONSTRAINT [FK_ModuleByUser_Module] FOREIGN KEY ([IdModule]) REFERENCES [ERPSettings].[Module] ([IdModule])
ALTER TABLE [ERPSettings].[ModuleByUser]
    ADD CONSTRAINT [FK_ModuleByUser_User] FOREIGN KEY ([IdUser]) REFERENCES [ERPSettings].[User] ([Id]) ON DELETE CASCADE
ALTER TABLE [ERPSettings].[MsgNotification]
    ADD CONSTRAINT [FK_MsgNotification_Message] FOREIGN KEY ([IdMsg]) REFERENCES [ERPSettings].[Message] ([Id])
ALTER TABLE [ERPSettings].[Message]
    ADD CONSTRAINT [FK_Information_Message] FOREIGN KEY ([IdInformation]) REFERENCES [ERPSettings].[Information] ([IdInfo])
ALTER TABLE [ERPSettings].[FieldSetComponent]
    ADD CONSTRAINT [FK_FieldSetComponent_Component] FOREIGN KEY ([IdComponent]) REFERENCES [ERPSettings].[Component] ([IdComponent])
ALTER TABLE [ERPSettings].[QrCodeComponent]
    ADD CONSTRAINT [FK_QrCodeComponent_Component] FOREIGN KEY ([IdComponent]) REFERENCES [ERPSettings].[Component] ([IdComponent])
ALTER TABLE [ERPSettings].[QrCodeComponent]
    ADD CONSTRAINT [FK_QrCodeComponent_InputComponent] FOREIGN KEY ([IdInputComponent]) REFERENCES [ERPSettings].[InputComponent] ([IdComponent])
ALTER TABLE [ERPSettings].[GridComponent]
    ADD CONSTRAINT [FK_GridComponent_Component] FOREIGN KEY ([IdComponent]) REFERENCES [ERPSettings].[Component] ([IdComponent])
ALTER TABLE [ERPSettings].[ComponentByRole]
    ADD CONSTRAINT [FK_ViewConfigurationRole_ViewConfiguration] FOREIGN KEY ([IdComponent]) REFERENCES [ERPSettings].[Component] ([IdComponent])
ALTER TABLE [ERPSettings].[ComponentByRole]
    ADD CONSTRAINT [FK_ViewConfigurationRole_Role] FOREIGN KEY ([IdRole]) REFERENCES [ERPSettings].[Role] ([Id]) ON DELETE CASCADE
ALTER TABLE [ERPSettings].[ComboBoxDataSource]
    ADD CONSTRAINT [FK_ComboBoxDataSource_ComboBoxOptions] FOREIGN KEY ([IdComponent]) REFERENCES [ERPSettings].[ComboBoxOptions] ([IdComponent])
ALTER TABLE [ERPSettings].[ComboBoxDataSource]
    ADD CONSTRAINT [FK_ComboBoxDataSource_ServiceParameters] FOREIGN KEY ([IdServiceParameters]) REFERENCES [ERPSettings].[ServiceParameters] ([IdServiceParameters])
ALTER TABLE [ERPSettings].[ComboBoxOptions]
    ADD CONSTRAINT [FK_ComboBoxOptions_ComboBoxComponent] FOREIGN KEY ([IdComponent]) REFERENCES [ERPSettings].[ComboBoxComponent] ([IdComponent])
ALTER TABLE [ERPSettings].[ImageComponent]
    ADD CONSTRAINT [FK_ImageComponent_Component] FOREIGN KEY ([IdComponent]) REFERENCES [ERPSettings].[Component] ([IdComponent])
ALTER TABLE [ERPSettings].[InputComponent]
    ADD CONSTRAINT [FK_InputComponent_Component] FOREIGN KEY ([IdComponent]) REFERENCES [ERPSettings].[Component] ([IdComponent])
ALTER TABLE [ERPSettings].[LabelComponent]
    ADD CONSTRAINT [FK_LabelComponent_Component] FOREIGN KEY ([IdComponent]) REFERENCES [ERPSettings].[Component] ([IdComponent])
ALTER TABLE [ERPSettings].[Functionality]
    ADD CONSTRAINT [FK_Functionality_RequestType] FOREIGN KEY ([IdRequestType]) REFERENCES [ERPSettings].[RequestType] ([Id])
ALTER TABLE [ERPSettings].[Codification]
    ADD CONSTRAINT [FK_Codification_Codification] FOREIGN KEY ([IdCodificationParent]) REFERENCES [ERPSettings].[Codification] ([Id])
ALTER TABLE [ERPSettings].[ComponentByUser]
    ADD CONSTRAINT [FK_ComponentByUser_User] FOREIGN KEY ([IdUser]) REFERENCES [ERPSettings].[User] ([Id]) ON DELETE CASCADE
ALTER TABLE [ERPSettings].[ComponentByUser]
    ADD CONSTRAINT [FK_ComponentByUser_Component] FOREIGN KEY ([IdComponent]) REFERENCES [ERPSettings].[Component] ([IdComponent]) ON DELETE CASCADE
ALTER TABLE [ERPSettings].[ModuleByRole]
    ADD CONSTRAINT [FK_ModuleByRole_Module] FOREIGN KEY ([IdModule]) REFERENCES [ERPSettings].[Module] ([IdModule])
ALTER TABLE [ERPSettings].[ModuleByRole]
    ADD CONSTRAINT [FK_ModuleByRole_Role] FOREIGN KEY ([IdRole]) REFERENCES [ERPSettings].[Role] ([Id]) ON DELETE CASCADE
ALTER TABLE [ERPSettings].[Module]
    ADD CONSTRAINT [FK_Module_Module] FOREIGN KEY ([IdModuleParent]) REFERENCES [ERPSettings].[Module] ([IdModule])
ALTER TABLE [ERPSettings].[UserInfo]
    ADD CONSTRAINT [FK_Info_UserInfo] FOREIGN KEY ([IdInformation]) REFERENCES [ERPSettings].[Information] ([IdInfo])
ALTER TABLE [ERPSettings].[UserInfo]
    ADD CONSTRAINT [FK_User_UserInfo] FOREIGN KEY ([IdUser]) REFERENCES [ERPSettings].[User] ([Id])
ALTER TABLE [ERPSettings].[Information]
    ADD CONSTRAINT [FK_Information_Functionality] FOREIGN KEY ([IdFunctionality]) REFERENCES [ERPSettings].[Functionality] ([IdFunctionality])
ALTER TABLE [ERPSettings].[GridButtonComponent]
    ADD CONSTRAINT [FK_GridButtonComponent_ServiceParameters] FOREIGN KEY ([IdServiceParameter]) REFERENCES [ERPSettings].[ServiceParameters] ([IdServiceParameters])
ALTER TABLE [ERPSettings].[GridButtonComponent]
    ADD CONSTRAINT [FK_GridButtonComponent_Component] FOREIGN KEY ([IdComponent]) REFERENCES [ERPSettings].[Component] ([IdComponent])
ALTER TABLE [ERPSettings].[GridColumnComponent]
    ADD CONSTRAINT [FK_GridColumnComponent_Component] FOREIGN KEY ([IdComponent]) REFERENCES [ERPSettings].[Component] ([IdComponent])
ALTER TABLE [ERPSettings].[FormComponent]
    ADD CONSTRAINT [FK_FormComponent_Component] FOREIGN KEY ([IdComponent]) REFERENCES [ERPSettings].[Component] ([IdComponent])
ALTER TABLE [ERPSettings].[FormComponent]
    ADD CONSTRAINT [FK_FormComponent_ServiceParameters] FOREIGN KEY ([IdServiceParameter]) REFERENCES [ERPSettings].[ServiceParameters] ([IdServiceParameters])
ALTER TABLE [ERPSettings].[EntityCodification]
    ADD CONSTRAINT [FK_EntityCodification_Codification] FOREIGN KEY ([IdCodification]) REFERENCES [ERPSettings].[Codification] ([Id])
ALTER TABLE [ERPSettings].[EntityCodification]
    ADD CONSTRAINT [FK_EntityCodification_Entity] FOREIGN KEY ([IdEntity]) REFERENCES [ERPSettings].[Entity] ([Id])
ALTER TABLE [ERPSettings].[Entity]
    ADD CONSTRAINT [FK_Entity_Entity] FOREIGN KEY ([IdRelatedEntity]) REFERENCES [ERPSettings].[Entity] ([Id])
ALTER TABLE [ERPSettings].[ToolBarComponent]
    ADD CONSTRAINT [FK_ComponentToolbarComponent] FOREIGN KEY ([IdComponent]) REFERENCES [ERPSettings].[Component] ([IdComponent])
ALTER TABLE [ERPSettings].[DropDownListDataSource]
    ADD CONSTRAINT [FK_DropDownListDataSource_DropDownListOptions] FOREIGN KEY ([IdDropDownListOptions]) REFERENCES [ERPSettings].[DropDownListOptions] ([IdDropDownListOptions])
ALTER TABLE [ERPSettings].[DropDownListDataSource]
    ADD CONSTRAINT [FK_DropDownListDataSource_ServiceParameters] FOREIGN KEY ([IdServiceParameters]) REFERENCES [ERPSettings].[ServiceParameters] ([IdServiceParameters])
ALTER TABLE [ERPSettings].[ServiceParameters]
    ADD CONSTRAINT [FK_ServiceParameters_PredicateFormat] FOREIGN KEY ([IdPredicateFormat]) REFERENCES [ERPSettings].[PredicateFormat] ([IdPredicateFormat])
ALTER TABLE [ERPSettings].[DialogComponent]
    ADD CONSTRAINT [FK_DialogComponent_Component] FOREIGN KEY ([IdComponent]) REFERENCES [ERPSettings].[Component] ([IdComponent])
ALTER TABLE [ERPSettings].[CheckBoxComponent]
    ADD CONSTRAINT [FK_CheckBoxComponent_Component] FOREIGN KEY ([IdComponent]) REFERENCES [ERPSettings].[Component] ([IdComponent])
ALTER TABLE [ERPSettings].[DropDownListComponent]
    ADD CONSTRAINT [FK_DropDownListComponent_Component] FOREIGN KEY ([IdComponent]) REFERENCES [ERPSettings].[Component] ([IdComponent])
ALTER TABLE [ERPSettings].[Component]
    ADD CONSTRAINT [FK_Component_Component1] FOREIGN KEY ([IdComponentChangedBy]) REFERENCES [ERPSettings].[Component] ([IdComponent])
ALTER TABLE [ERPSettings].[Component]
    ADD CONSTRAINT [FK_Component_Functionality] FOREIGN KEY ([IdFunctionality]) REFERENCES [ERPSettings].[Functionality] ([IdFunctionality])
ALTER TABLE [ERPSettings].[Component]
    ADD CONSTRAINT [FK_Component_Component] FOREIGN KEY ([IdComponentParent]) REFERENCES [ERPSettings].[Component] ([IdComponent])
COMMIT TRANSACTION



