


BEGIN TRANSACTION
ALTER TABLE [Payroll].[SalaryRuleValidityPeriod] DROP CONSTRAINT [FK_SalaryRuleValidityPeriod_SalaryRule]
ALTER TABLE [Payroll].[EmployeeTeam] DROP CONSTRAINT [FK_EmployeeTeam_Employee]
ALTER TABLE [Payroll].[EmployeeTeam] DROP CONSTRAINT [FK_EmployeeTeam_Team]
ALTER TABLE [Payroll].[Team] DROP CONSTRAINT [FK_Team_TeamType]
ALTER TABLE [Payroll].[Team] DROP CONSTRAINT [FK_Team_Department]
ALTER TABLE [Payroll].[Team] DROP CONSTRAINT [FK_Team_Employee]
ALTER TABLE [Payroll].[BenefitInKind] DROP CONSTRAINT [FK_BenefitInKind_Cnss]
ALTER TABLE [Payroll].[SalaryRule] DROP CONSTRAINT [FK_SalaryRule_RuleUniqueReference]
ALTER TABLE [Payroll].[SalaryRule] DROP CONSTRAINT [FK_SalaryRule_ContributionRegister]
ALTER TABLE [Immobilisation].[Active] DROP CONSTRAINT [FK_Active_DocumentLine1]
ALTER TABLE [Immobilisation].[Active] DROP CONSTRAINT [FK_Active_Warehouse]
ALTER TABLE [Immobilisation].[Active] DROP CONSTRAINT [FK_Active_Category1]
ALTER TABLE [Payroll].[ContractBonus] DROP CONSTRAINT [FK_Contract_Bonus_Contract]
ALTER TABLE [Payroll].[ContractBonus] DROP CONSTRAINT [FK_Contract_Bonus_Bonus]
ALTER TABLE [Payroll].[BaseSalary] DROP CONSTRAINT [FK_BaseSalary_Contract]
ALTER TABLE [Payroll].[Contract] DROP CONSTRAINT [FK_Contract_ContractType]
ALTER TABLE [Payroll].[Contract] DROP CONSTRAINT [FK_Contract_Employee]
ALTER TABLE [Payroll].[Contract] DROP CONSTRAINT [FK_Contract_Cnss]
ALTER TABLE [Payroll].[Contract] DROP CONSTRAINT [FK_Contract_SalaryStructure]
ALTER TABLE [Payroll].[SalaryStructureSalaryRule] DROP CONSTRAINT [FK_SalaryStructureRule_Rule]
ALTER TABLE [Payroll].[SalaryStructureSalaryRule] DROP CONSTRAINT [FK_SalaryStructureRule_Structure]
ALTER TABLE [Payroll].[Skills] DROP CONSTRAINT [FK_Family_Skills]
ALTER TABLE [Payroll].[Employee] DROP CONSTRAINT [FK_Employee_City]
ALTER TABLE [Payroll].[Employee] DROP CONSTRAINT [FK_Employee_Country]
ALTER TABLE [Payroll].[Employee] DROP CONSTRAINT [FK_Employee_Grade]
ALTER TABLE [Payroll].[Employee] DROP CONSTRAINT [FK_Employee_UpperHierarchy]
ALTER TABLE [Payroll].[Employee] DROP CONSTRAINT [FK_Employee_Team]
ALTER TABLE [Payroll].[Employee] DROP CONSTRAINT [FK_Employee_Citizenship]
ALTER TABLE [Payroll].[Employee] DROP CONSTRAINT [FK_Employee_PaymentType]
ALTER TABLE [Payroll].[Employee] DROP CONSTRAINT [FK_Employee_Office]
UPDATE [Payroll].[Grade] SET [Designation]=N'Développeur ' WHERE [Id]=1
UPDATE [Payroll].[Grade] SET [Designation]=N'Scrum Master   ' WHERE [Id]=2
GO
SET IDENTITY_INSERT [Payroll].[Employee] ON
INSERT INTO [Payroll].[Employee] ([Id], [Sex], [FirstName], [LastName], [Email], [Matricule], [AddressLine1], [AddressLine2], [AddressLine3], [AddressLine4], [AddressLine5], [PersonalEmail], [IdCountry], [IdCity], [ZipCode], [PersonalPhone], [ProfessionalPhone], [BirthDate], [BirthPlace], [PseudoSkype], [Facebook], [Linkedin], [SocialSecurityNumber], [ChildrenNumber], [IsDeleted], [TransactionUserId], [Deleted_Token], [IdGrade], [IdTeam], [IdUpperHierarchy], [WorkingLicenseNumber], [HiringDate], [Category], [CIN], [FamilyLeader], [Echelon], [CinAttached], [HomeLoan], [ChildrenNoScholar], [ChildrenDisabled], [IsForeign], [DependentParent], [Picture], [Rib], [Bank], [ResignationDate], [ResignationDepositDate], [IdCitizenship], [IdPaymentType], [SharedDocumentsPassword], [IdOffice], [Status], [HierarchyLevel], [MaritalStatus]) VALUES (7, 1, N'Mohamed', N'MZID', N'demo@spark-it.fr', N'106', N'.', N'', N'', N'', N'', NULL, 235, NULL, N'1000', N'(+33 ) 610772553', N'21658123625', '19820920', N'', N'', N'', N'', N'12345678', 0, 0, 1, NULL, 1, 3, NULL, NULL, '20180423', NULL, NULL, NULL, NULL, NULL, NULL, NULL, NULL, 0, NULL, N'', NULL, NULL, NULL, NULL, 235, NULL, NULL, NULL, NULL, NULL, NULL)
INSERT INTO [Payroll].[Employee] ([Id], [Sex], [FirstName], [LastName], [Email], [Matricule], [AddressLine1], [AddressLine2], [AddressLine3], [AddressLine4], [AddressLine5], [PersonalEmail], [IdCountry], [IdCity], [ZipCode], [PersonalPhone], [ProfessionalPhone], [BirthDate], [BirthPlace], [PseudoSkype], [Facebook], [Linkedin], [SocialSecurityNumber], [ChildrenNumber], [IsDeleted], [TransactionUserId], [Deleted_Token], [IdGrade], [IdTeam], [IdUpperHierarchy], [WorkingLicenseNumber], [HiringDate], [Category], [CIN], [FamilyLeader], [Echelon], [CinAttached], [HomeLoan], [ChildrenNoScholar], [ChildrenDisabled], [IsForeign], [DependentParent], [Picture], [Rib], [Bank], [ResignationDate], [ResignationDepositDate], [IdCitizenship], [IdPaymentType], [SharedDocumentsPassword], [IdOffice], [Status], [HierarchyLevel], [MaritalStatus]) VALUES (1, 2, N'Fatma', N'ABDELHEDI', N'fabdelhedi@spark-it.fr', N'100', N'.', N'', N'', N'', NULL, NULL, 235, NULL, N'3011', N'', N'(+216)  74 123 456', '19700101', N'', N'', NULL, N'', N'S01234568-02', 0, 0, 0, NULL, 1, 1, NULL, NULL, '20180101', NULL, NULL, NULL, NULL, NULL, NULL, NULL, NULL, 0, NULL, NULL, NULL, NULL, NULL, NULL, 235, NULL, NULL, NULL, NULL, 7, NULL)
INSERT INTO [Payroll].[Employee] ([Id], [Sex], [FirstName], [LastName], [Email], [Matricule], [AddressLine1], [AddressLine2], [AddressLine3], [AddressLine4], [AddressLine5], [PersonalEmail], [IdCountry], [IdCity], [ZipCode], [PersonalPhone], [ProfessionalPhone], [BirthDate], [BirthPlace], [PseudoSkype], [Facebook], [Linkedin], [SocialSecurityNumber], [ChildrenNumber], [IsDeleted], [TransactionUserId], [Deleted_Token], [IdGrade], [IdTeam], [IdUpperHierarchy], [WorkingLicenseNumber], [HiringDate], [Category], [CIN], [FamilyLeader], [Echelon], [CinAttached], [HomeLoan], [ChildrenNoScholar], [ChildrenDisabled], [IsForeign], [DependentParent], [Picture], [Rib], [Bank], [ResignationDate], [ResignationDepositDate], [IdCitizenship], [IdPaymentType], [SharedDocumentsPassword], [IdOffice], [Status], [HierarchyLevel], [MaritalStatus]) VALUES (2, 1, N'Wael', N'BEN AMAR', N'wbenamar@spark-it.fr', N'101', N'Route Mahdia Saquiet Eddeyer Klm 7,5', N'', N'', N'', NULL, NULL, 235, NULL, N'3011', N'(+216)   54 177 945', N'(+216)   762813239', '19900129', N'', N'', NULL, N'', N'16899898-02', 0, 0, 0, NULL, 1, 3, NULL, NULL, '20180123', NULL, NULL, NULL, NULL, NULL, NULL, NULL, NULL, 0, NULL, NULL, NULL, NULL, NULL, NULL, 235, NULL, NULL, NULL, NULL, 7, NULL)
INSERT INTO [Payroll].[Employee] ([Id], [Sex], [FirstName], [LastName], [Email], [Matricule], [AddressLine1], [AddressLine2], [AddressLine3], [AddressLine4], [AddressLine5], [PersonalEmail], [IdCountry], [IdCity], [ZipCode], [PersonalPhone], [ProfessionalPhone], [BirthDate], [BirthPlace], [PseudoSkype], [Facebook], [Linkedin], [SocialSecurityNumber], [ChildrenNumber], [IsDeleted], [TransactionUserId], [Deleted_Token], [IdGrade], [IdTeam], [IdUpperHierarchy], [WorkingLicenseNumber], [HiringDate], [Category], [CIN], [FamilyLeader], [Echelon], [CinAttached], [HomeLoan], [ChildrenNoScholar], [ChildrenDisabled], [IsForeign], [DependentParent], [Picture], [Rib], [Bank], [ResignationDate], [ResignationDepositDate], [IdCitizenship], [IdPaymentType], [SharedDocumentsPassword], [IdOffice], [Status], [HierarchyLevel], [MaritalStatus]) VALUES (3, 1, N'Hamdi', N'AFRIT', N'hafrit@spark-it.fr', N'102', N'Rue Chneni résidence Yamama bloc 3 Apprt 01, 2074 Mourouj 5', N'', N'', N'', NULL, NULL, 235, NULL, N'1000', N'(+216)  23 043 703', N'(+216)   785035759', '19850220', N'', N'', N'', N'', N'16709465-06', 0, 0, 0, NULL, 1, 3, NULL, NULL, '20180202', NULL, NULL, NULL, NULL, NULL, NULL, NULL, NULL, 0, NULL, NULL, NULL, NULL, NULL, NULL, 235, NULL, NULL, NULL, NULL, 7, NULL)
INSERT INTO [Payroll].[Employee] ([Id], [Sex], [FirstName], [LastName], [Email], [Matricule], [AddressLine1], [AddressLine2], [AddressLine3], [AddressLine4], [AddressLine5], [PersonalEmail], [IdCountry], [IdCity], [ZipCode], [PersonalPhone], [ProfessionalPhone], [BirthDate], [BirthPlace], [PseudoSkype], [Facebook], [Linkedin], [SocialSecurityNumber], [ChildrenNumber], [IsDeleted], [TransactionUserId], [Deleted_Token], [IdGrade], [IdTeam], [IdUpperHierarchy], [WorkingLicenseNumber], [HiringDate], [Category], [CIN], [FamilyLeader], [Echelon], [CinAttached], [HomeLoan], [ChildrenNoScholar], [ChildrenDisabled], [IsForeign], [DependentParent], [Picture], [Rib], [Bank], [ResignationDate], [ResignationDepositDate], [IdCitizenship], [IdPaymentType], [SharedDocumentsPassword], [IdOffice], [Status], [HierarchyLevel], [MaritalStatus]) VALUES (4, 1, N'Jihed', N'HAJ ALI', N'jhajali@spark-it.fr', N'103', N'Route de Gabes, km8, cité El Moez, N°568, Sfax', N'', N'', N'', NULL, NULL, 235, NULL, N'1000', N'(+216)  26 078 111', N'(+216)  75 1986831', '19910412', N'', N'', N'', N'', N'17016071-01', 0, 0, 0, NULL, 1, 3, NULL, NULL, '20180202', NULL, NULL, NULL, NULL, NULL, NULL, NULL, NULL, 0, NULL, NULL, NULL, NULL, NULL, NULL, 235, NULL, NULL, NULL, NULL, 7, NULL)
INSERT INTO [Payroll].[Employee] ([Id], [Sex], [FirstName], [LastName], [Email], [Matricule], [AddressLine1], [AddressLine2], [AddressLine3], [AddressLine4], [AddressLine5], [PersonalEmail], [IdCountry], [IdCity], [ZipCode], [PersonalPhone], [ProfessionalPhone], [BirthDate], [BirthPlace], [PseudoSkype], [Facebook], [Linkedin], [SocialSecurityNumber], [ChildrenNumber], [IsDeleted], [TransactionUserId], [Deleted_Token], [IdGrade], [IdTeam], [IdUpperHierarchy], [WorkingLicenseNumber], [HiringDate], [Category], [CIN], [FamilyLeader], [Echelon], [CinAttached], [HomeLoan], [ChildrenNoScholar], [ChildrenDisabled], [IsForeign], [DependentParent], [Picture], [Rib], [Bank], [ResignationDate], [ResignationDepositDate], [IdCitizenship], [IdPaymentType], [SharedDocumentsPassword], [IdOffice], [Status], [HierarchyLevel], [MaritalStatus]) VALUES (5, 1, N'Foued', N'TOMZINI', N'ftomzini@spark-it.fr', N'104', N'111 Rue Lamartine 78500 SARTROUVILLE', N'', N'', N'', N'', NULL, 235, NULL, N'1000', N'(+216)  29 404 967', N'783824455', '19840321', N'', N'', N'', N'', N'1,84E+14', 0, 0, 1, NULL, 1, 3, NULL, NULL, '20180323', NULL, NULL, NULL, NULL, NULL, NULL, NULL, NULL, 0, NULL, N'', NULL, NULL, NULL, NULL, 235, NULL, NULL, NULL, NULL, 7, NULL)
INSERT INTO [Payroll].[Employee] ([Id], [Sex], [FirstName], [LastName], [Email], [Matricule], [AddressLine1], [AddressLine2], [AddressLine3], [AddressLine4], [AddressLine5], [PersonalEmail], [IdCountry], [IdCity], [ZipCode], [PersonalPhone], [ProfessionalPhone], [BirthDate], [BirthPlace], [PseudoSkype], [Facebook], [Linkedin], [SocialSecurityNumber], [ChildrenNumber], [IsDeleted], [TransactionUserId], [Deleted_Token], [IdGrade], [IdTeam], [IdUpperHierarchy], [WorkingLicenseNumber], [HiringDate], [Category], [CIN], [FamilyLeader], [Echelon], [CinAttached], [HomeLoan], [ChildrenNoScholar], [ChildrenDisabled], [IsForeign], [DependentParent], [Picture], [Rib], [Bank], [ResignationDate], [ResignationDepositDate], [IdCitizenship], [IdPaymentType], [SharedDocumentsPassword], [IdOffice], [Status], [HierarchyLevel], [MaritalStatus]) VALUES (6, 1, N'Hammadi', N'CHAABANI', N'hchaabani@spark-it.fr', N'105', N'12 Avenue Général de Gaulle BA A1 A1002, 95100 Argenteuil', N'', N'', N'', N'', NULL, 235, NULL, N'1000', N'(+216)  50 825 615', N'758556916', '19880518', N'', N'', N'', N'', N'0', 0, 0, 1, NULL, 1, 3, NULL, NULL, '20180304', NULL, NULL, NULL, NULL, NULL, NULL, NULL, NULL, 0, NULL, N'', NULL, NULL, NULL, NULL, 235, NULL, NULL, NULL, NULL, 7, NULL)
INSERT INTO [Payroll].[Employee] ([Id], [Sex], [FirstName], [LastName], [Email], [Matricule], [AddressLine1], [AddressLine2], [AddressLine3], [AddressLine4], [AddressLine5], [PersonalEmail], [IdCountry], [IdCity], [ZipCode], [PersonalPhone], [ProfessionalPhone], [BirthDate], [BirthPlace], [PseudoSkype], [Facebook], [Linkedin], [SocialSecurityNumber], [ChildrenNumber], [IsDeleted], [TransactionUserId], [Deleted_Token], [IdGrade], [IdTeam], [IdUpperHierarchy], [WorkingLicenseNumber], [HiringDate], [Category], [CIN], [FamilyLeader], [Echelon], [CinAttached], [HomeLoan], [ChildrenNoScholar], [ChildrenDisabled], [IsForeign], [DependentParent], [Picture], [Rib], [Bank], [ResignationDate], [ResignationDepositDate], [IdCitizenship], [IdPaymentType], [SharedDocumentsPassword], [IdOffice], [Status], [HierarchyLevel], [MaritalStatus]) VALUES (8, 1, N'Narcisse', N'GAGOBA', N'ngagoba@spark-it.fr', N'107', N'Tunisie', N'Sfax', N'Mharza', N'52516661', NULL, NULL, 235, NULL, N'2910', N'52516661', N'52516661', '19931029', N'Lomé', N'ngagoba', NULL, NULL, N'BK4692', NULL, 0, 0, NULL, 1, 1, 32, NULL, '20180402', NULL, NULL, 1, NULL, NULL, NULL, NULL, NULL, 0, NULL, NULL, NULL, NULL, NULL, NULL, 235, NULL, NULL, NULL, NULL, 7, NULL)
INSERT INTO [Payroll].[Employee] ([Id], [Sex], [FirstName], [LastName], [Email], [Matricule], [AddressLine1], [AddressLine2], [AddressLine3], [AddressLine4], [AddressLine5], [PersonalEmail], [IdCountry], [IdCity], [ZipCode], [PersonalPhone], [ProfessionalPhone], [BirthDate], [BirthPlace], [PseudoSkype], [Facebook], [Linkedin], [SocialSecurityNumber], [ChildrenNumber], [IsDeleted], [TransactionUserId], [Deleted_Token], [IdGrade], [IdTeam], [IdUpperHierarchy], [WorkingLicenseNumber], [HiringDate], [Category], [CIN], [FamilyLeader], [Echelon], [CinAttached], [HomeLoan], [ChildrenNoScholar], [ChildrenDisabled], [IsForeign], [DependentParent], [Picture], [Rib], [Bank], [ResignationDate], [ResignationDepositDate], [IdCitizenship], [IdPaymentType], [SharedDocumentsPassword], [IdOffice], [Status], [HierarchyLevel], [MaritalStatus]) VALUES (10, 1, N'Anis', N'JRIBI', N'ajribi@spark-it.fr', N'109', N'Avenue Rached N°236 , Gremda , Sfax', N'', N'', N'', N'', NULL, 235, NULL, N'1000', N'(+216)  40 836 050', N'603152762', '19920118', N'', N'', N'', N'', N'17015466-06', 0, 0, 1, NULL, 1, 3, NULL, NULL, '20180523', NULL, NULL, NULL, NULL, NULL, NULL, NULL, NULL, 0, NULL, N'', NULL, NULL, NULL, NULL, 235, NULL, NULL, NULL, NULL, 7, NULL)
INSERT INTO [Payroll].[Employee] ([Id], [Sex], [FirstName], [LastName], [Email], [Matricule], [AddressLine1], [AddressLine2], [AddressLine3], [AddressLine4], [AddressLine5], [PersonalEmail], [IdCountry], [IdCity], [ZipCode], [PersonalPhone], [ProfessionalPhone], [BirthDate], [BirthPlace], [PseudoSkype], [Facebook], [Linkedin], [SocialSecurityNumber], [ChildrenNumber], [IsDeleted], [TransactionUserId], [Deleted_Token], [IdGrade], [IdTeam], [IdUpperHierarchy], [WorkingLicenseNumber], [HiringDate], [Category], [CIN], [FamilyLeader], [Echelon], [CinAttached], [HomeLoan], [ChildrenNoScholar], [ChildrenDisabled], [IsForeign], [DependentParent], [Picture], [Rib], [Bank], [ResignationDate], [ResignationDepositDate], [IdCitizenship], [IdPaymentType], [SharedDocumentsPassword], [IdOffice], [Status], [HierarchyLevel], [MaritalStatus]) VALUES (11, 1, N'Mohamed', N'KHARRAT', N'mkharrat@spark-it.fr', N'110', N'8 Avenue Hedi Chaker, rue 2 , El Ain , Sfax', N'', N'', N'', N'', NULL, 235, NULL, N'1000', N'(+216)  55 634 238', N'785429158', '19830228', N'', N'', N'', N'', N'16639692-00', 0, 0, 1, NULL, 1, 2, NULL, NULL, '20180502', NULL, NULL, NULL, NULL, NULL, NULL, NULL, NULL, 0, NULL, N'', NULL, NULL, NULL, NULL, 235, NULL, NULL, NULL, NULL, 7, NULL)
INSERT INTO [Payroll].[Employee] ([Id], [Sex], [FirstName], [LastName], [Email], [Matricule], [AddressLine1], [AddressLine2], [AddressLine3], [AddressLine4], [AddressLine5], [PersonalEmail], [IdCountry], [IdCity], [ZipCode], [PersonalPhone], [ProfessionalPhone], [BirthDate], [BirthPlace], [PseudoSkype], [Facebook], [Linkedin], [SocialSecurityNumber], [ChildrenNumber], [IsDeleted], [TransactionUserId], [Deleted_Token], [IdGrade], [IdTeam], [IdUpperHierarchy], [WorkingLicenseNumber], [HiringDate], [Category], [CIN], [FamilyLeader], [Echelon], [CinAttached], [HomeLoan], [ChildrenNoScholar], [ChildrenDisabled], [IsForeign], [DependentParent], [Picture], [Rib], [Bank], [ResignationDate], [ResignationDepositDate], [IdCitizenship], [IdPaymentType], [SharedDocumentsPassword], [IdOffice], [Status], [HierarchyLevel], [MaritalStatus]) VALUES (12, 1, N'Mokhtar', N'GHOZZI', N'mghozzi@spark-it.fr', N'111', N'1 Avenue Bourguiba , rue Aboubaker Seddik , El Ain , Sfax', N'', N'', N'', N'', NULL, 235, NULL, N'1000', N'(+216)  96 431 031', N'685854511', '19890112', N'', N'', N'', N'', N'16880087-03', 0, 0, 1, NULL, 1, 2, NULL, NULL, '20180623', NULL, NULL, NULL, NULL, NULL, NULL, NULL, NULL, 0, NULL, N'', NULL, NULL, NULL, NULL, 235, NULL, NULL, NULL, NULL, 7, NULL)
INSERT INTO [Payroll].[Employee] ([Id], [Sex], [FirstName], [LastName], [Email], [Matricule], [AddressLine1], [AddressLine2], [AddressLine3], [AddressLine4], [AddressLine5], [PersonalEmail], [IdCountry], [IdCity], [ZipCode], [PersonalPhone], [ProfessionalPhone], [BirthDate], [BirthPlace], [PseudoSkype], [Facebook], [Linkedin], [SocialSecurityNumber], [ChildrenNumber], [IsDeleted], [TransactionUserId], [Deleted_Token], [IdGrade], [IdTeam], [IdUpperHierarchy], [WorkingLicenseNumber], [HiringDate], [Category], [CIN], [FamilyLeader], [Echelon], [CinAttached], [HomeLoan], [ChildrenNoScholar], [ChildrenDisabled], [IsForeign], [DependentParent], [Picture], [Rib], [Bank], [ResignationDate], [ResignationDepositDate], [IdCitizenship], [IdPaymentType], [SharedDocumentsPassword], [IdOffice], [Status], [HierarchyLevel], [MaritalStatus]) VALUES (13, 1, N'Abdellatif', N'ELLOUZE', N'aellouze@spark-it.fr', N'112', N'Avenue Fatimiin N°70 , Gremda , Sfax', N'', N'', N'', N'', NULL, 235, NULL, N'1000', N'(+216)  54 263 435', N'622420293', '19850314', N'', N'', N'', N'', N'16696613-06', 0, 0, 1, NULL, 1, 2, NULL, NULL, '20180602', NULL, NULL, NULL, NULL, NULL, NULL, NULL, NULL, 0, NULL, N'', NULL, NULL, NULL, NULL, 235, NULL, NULL, NULL, NULL, 7, NULL)
INSERT INTO [Payroll].[Employee] ([Id], [Sex], [FirstName], [LastName], [Email], [Matricule], [AddressLine1], [AddressLine2], [AddressLine3], [AddressLine4], [AddressLine5], [PersonalEmail], [IdCountry], [IdCity], [ZipCode], [PersonalPhone], [ProfessionalPhone], [BirthDate], [BirthPlace], [PseudoSkype], [Facebook], [Linkedin], [SocialSecurityNumber], [ChildrenNumber], [IsDeleted], [TransactionUserId], [Deleted_Token], [IdGrade], [IdTeam], [IdUpperHierarchy], [WorkingLicenseNumber], [HiringDate], [Category], [CIN], [FamilyLeader], [Echelon], [CinAttached], [HomeLoan], [ChildrenNoScholar], [ChildrenDisabled], [IsForeign], [DependentParent], [Picture], [Rib], [Bank], [ResignationDate], [ResignationDepositDate], [IdCitizenship], [IdPaymentType], [SharedDocumentsPassword], [IdOffice], [Status], [HierarchyLevel], [MaritalStatus]) VALUES (14, 1, N'Brahim', N'MAHJOUB', N'bmahjoub@spark-it.fr', N'113', N'Fatenassa Souk Lahad, kebili', N'', N'', N'', N'', NULL, 235, NULL, N'1000', N'(+216)  94 097 376', N'617318206', '19890506', N'', N'', N'', N'', N'16903395-00', 0, 0, 1, NULL, 1, 2, NULL, NULL, '20180723', NULL, NULL, NULL, NULL, NULL, NULL, NULL, NULL, 0, NULL, N'', NULL, NULL, NULL, NULL, 235, NULL, NULL, NULL, NULL, 7, NULL)
INSERT INTO [Payroll].[Employee] ([Id], [Sex], [FirstName], [LastName], [Email], [Matricule], [AddressLine1], [AddressLine2], [AddressLine3], [AddressLine4], [AddressLine5], [PersonalEmail], [IdCountry], [IdCity], [ZipCode], [PersonalPhone], [ProfessionalPhone], [BirthDate], [BirthPlace], [PseudoSkype], [Facebook], [Linkedin], [SocialSecurityNumber], [ChildrenNumber], [IsDeleted], [TransactionUserId], [Deleted_Token], [IdGrade], [IdTeam], [IdUpperHierarchy], [WorkingLicenseNumber], [HiringDate], [Category], [CIN], [FamilyLeader], [Echelon], [CinAttached], [HomeLoan], [ChildrenNoScholar], [ChildrenDisabled], [IsForeign], [DependentParent], [Picture], [Rib], [Bank], [ResignationDate], [ResignationDepositDate], [IdCitizenship], [IdPaymentType], [SharedDocumentsPassword], [IdOffice], [Status], [HierarchyLevel], [MaritalStatus]) VALUES (15, 1, N'Jaber', N'NASRI', N'jnasri@spark-it.fr', N'114', N'Ain Jaloula Kairouan', N'', N'', N'', N'', NULL, 235, NULL, N'1000', N'(+216)  54 192 459', N'626667599', '19880430', N'', N'', N'', N'', N'17016191-06', 0, 0, 1, NULL, 1, 2, NULL, NULL, '20180702', NULL, NULL, NULL, NULL, NULL, NULL, NULL, NULL, 0, NULL, N'', NULL, NULL, NULL, NULL, 235, NULL, NULL, NULL, NULL, 7, NULL)
INSERT INTO [Payroll].[Employee] ([Id], [Sex], [FirstName], [LastName], [Email], [Matricule], [AddressLine1], [AddressLine2], [AddressLine3], [AddressLine4], [AddressLine5], [PersonalEmail], [IdCountry], [IdCity], [ZipCode], [PersonalPhone], [ProfessionalPhone], [BirthDate], [BirthPlace], [PseudoSkype], [Facebook], [Linkedin], [SocialSecurityNumber], [ChildrenNumber], [IsDeleted], [TransactionUserId], [Deleted_Token], [IdGrade], [IdTeam], [IdUpperHierarchy], [WorkingLicenseNumber], [HiringDate], [Category], [CIN], [FamilyLeader], [Echelon], [CinAttached], [HomeLoan], [ChildrenNoScholar], [ChildrenDisabled], [IsForeign], [DependentParent], [Picture], [Rib], [Bank], [ResignationDate], [ResignationDepositDate], [IdCitizenship], [IdPaymentType], [SharedDocumentsPassword], [IdOffice], [Status], [HierarchyLevel], [MaritalStatus]) VALUES (16, 1, N'Ibrahim', N'BEN MUSTAPHA', N'ibenmustapha@spark-it.fr', N'115', N'Avenue Narcisse Kalaate Al Andalos Ariana', N'', N'', N'', N'', NULL, 235, NULL, N'1000', N'(+216)  21 601 004', N'634120591', '19890703', N'', N'', N'', N'', N'16778786-03', 0, 0, 1, NULL, 1, NULL, NULL, NULL, '20180823', NULL, NULL, NULL, NULL, NULL, NULL, NULL, NULL, 0, NULL, N'', NULL, NULL, NULL, NULL, 235, NULL, NULL, NULL, NULL, 7, NULL)
INSERT INTO [Payroll].[Employee] ([Id], [Sex], [FirstName], [LastName], [Email], [Matricule], [AddressLine1], [AddressLine2], [AddressLine3], [AddressLine4], [AddressLine5], [PersonalEmail], [IdCountry], [IdCity], [ZipCode], [PersonalPhone], [ProfessionalPhone], [BirthDate], [BirthPlace], [PseudoSkype], [Facebook], [Linkedin], [SocialSecurityNumber], [ChildrenNumber], [IsDeleted], [TransactionUserId], [Deleted_Token], [IdGrade], [IdTeam], [IdUpperHierarchy], [WorkingLicenseNumber], [HiringDate], [Category], [CIN], [FamilyLeader], [Echelon], [CinAttached], [HomeLoan], [ChildrenNoScholar], [ChildrenDisabled], [IsForeign], [DependentParent], [Picture], [Rib], [Bank], [ResignationDate], [ResignationDepositDate], [IdCitizenship], [IdPaymentType], [SharedDocumentsPassword], [IdOffice], [Status], [HierarchyLevel], [MaritalStatus]) VALUES (17, 1, N'Ibrahim', N'SALAH', N'bsalah@spark-it.fr', N'116', N'kliaa souk lahad, Kebili', N'', N'', N'', N'', NULL, 235, NULL, N'1000', N'(+216)  22 450 374', N'753381675', '19901123', N'', N'', N'', N'', N'17016413-08', 0, 0, 1, NULL, 1, NULL, NULL, NULL, '20180802', NULL, NULL, NULL, NULL, NULL, NULL, NULL, NULL, 0, NULL, N'', NULL, NULL, NULL, NULL, 235, NULL, NULL, NULL, NULL, 7, NULL)
INSERT INTO [Payroll].[Employee] ([Id], [Sex], [FirstName], [LastName], [Email], [Matricule], [AddressLine1], [AddressLine2], [AddressLine3], [AddressLine4], [AddressLine5], [PersonalEmail], [IdCountry], [IdCity], [ZipCode], [PersonalPhone], [ProfessionalPhone], [BirthDate], [BirthPlace], [PseudoSkype], [Facebook], [Linkedin], [SocialSecurityNumber], [ChildrenNumber], [IsDeleted], [TransactionUserId], [Deleted_Token], [IdGrade], [IdTeam], [IdUpperHierarchy], [WorkingLicenseNumber], [HiringDate], [Category], [CIN], [FamilyLeader], [Echelon], [CinAttached], [HomeLoan], [ChildrenNoScholar], [ChildrenDisabled], [IsForeign], [DependentParent], [Picture], [Rib], [Bank], [ResignationDate], [ResignationDepositDate], [IdCitizenship], [IdPaymentType], [SharedDocumentsPassword], [IdOffice], [Status], [HierarchyLevel], [MaritalStatus]) VALUES (18, 1, N'Mohamed', N'OMRI', N'momri@spark-it.fr', N'117', N'Cité Fraijia Sidi Bouzid', N'', N'', N'', N'', NULL, 235, NULL, N'1000', N'(+216)  21 597 180', N'671850154', '19910106', N'', N'', N'', N'', N'17017102-02', 0, 0, 1, NULL, 1, NULL, NULL, NULL, '20180923', NULL, NULL, NULL, NULL, NULL, NULL, NULL, NULL, 0, NULL, N'', NULL, NULL, NULL, NULL, 235, NULL, NULL, NULL, NULL, 7, NULL)
INSERT INTO [Payroll].[Employee] ([Id], [Sex], [FirstName], [LastName], [Email], [Matricule], [AddressLine1], [AddressLine2], [AddressLine3], [AddressLine4], [AddressLine5], [PersonalEmail], [IdCountry], [IdCity], [ZipCode], [PersonalPhone], [ProfessionalPhone], [BirthDate], [BirthPlace], [PseudoSkype], [Facebook], [Linkedin], [SocialSecurityNumber], [ChildrenNumber], [IsDeleted], [TransactionUserId], [Deleted_Token], [IdGrade], [IdTeam], [IdUpperHierarchy], [WorkingLicenseNumber], [HiringDate], [Category], [CIN], [FamilyLeader], [Echelon], [CinAttached], [HomeLoan], [ChildrenNoScholar], [ChildrenDisabled], [IsForeign], [DependentParent], [Picture], [Rib], [Bank], [ResignationDate], [ResignationDepositDate], [IdCitizenship], [IdPaymentType], [SharedDocumentsPassword], [IdOffice], [Status], [HierarchyLevel], [MaritalStatus]) VALUES (19, 1, N'Sleh Eddine', N'ABD ELKEFI', N'sabdelkefi@spark-it.fr', N'118', N'Route Elain Km 1.5 Zanket Kriaa Sfax', N'', N'', N'', N'', NULL, 235, NULL, N'1000', N'(+216)  50 357 669', N'634278540', '19910704', N'', N'', N'', N'', N'17017012-01', 0, 0, 1, NULL, 1, NULL, NULL, NULL, '20180902', NULL, NULL, NULL, NULL, NULL, NULL, NULL, NULL, 0, NULL, N'', NULL, NULL, NULL, NULL, 235, NULL, NULL, NULL, NULL, 7, NULL)
INSERT INTO [Payroll].[Employee] ([Id], [Sex], [FirstName], [LastName], [Email], [Matricule], [AddressLine1], [AddressLine2], [AddressLine3], [AddressLine4], [AddressLine5], [PersonalEmail], [IdCountry], [IdCity], [ZipCode], [PersonalPhone], [ProfessionalPhone], [BirthDate], [BirthPlace], [PseudoSkype], [Facebook], [Linkedin], [SocialSecurityNumber], [ChildrenNumber], [IsDeleted], [TransactionUserId], [Deleted_Token], [IdGrade], [IdTeam], [IdUpperHierarchy], [WorkingLicenseNumber], [HiringDate], [Category], [CIN], [FamilyLeader], [Echelon], [CinAttached], [HomeLoan], [ChildrenNoScholar], [ChildrenDisabled], [IsForeign], [DependentParent], [Picture], [Rib], [Bank], [ResignationDate], [ResignationDepositDate], [IdCitizenship], [IdPaymentType], [SharedDocumentsPassword], [IdOffice], [Status], [HierarchyLevel], [MaritalStatus]) VALUES (20, 1, N'Amin', N'AROUS', N'aarous@spark-it.fr', N'119', N'6 Rue Elma Route Rawad Ariana Chameliya, Ariana', N'', N'', N'', N'', NULL, 235, NULL, N'1000', N'(+216)  54 723 619', N'758919829', '19840118', N'', N'', N'', N'', N'16462889-00', 0, 0, 1, NULL, 1, NULL, NULL, NULL, '20181023', NULL, NULL, NULL, NULL, NULL, NULL, NULL, NULL, 0, NULL, N'', NULL, NULL, NULL, NULL, 235, NULL, NULL, NULL, NULL, 7, NULL)
INSERT INTO [Payroll].[Employee] ([Id], [Sex], [FirstName], [LastName], [Email], [Matricule], [AddressLine1], [AddressLine2], [AddressLine3], [AddressLine4], [AddressLine5], [PersonalEmail], [IdCountry], [IdCity], [ZipCode], [PersonalPhone], [ProfessionalPhone], [BirthDate], [BirthPlace], [PseudoSkype], [Facebook], [Linkedin], [SocialSecurityNumber], [ChildrenNumber], [IsDeleted], [TransactionUserId], [Deleted_Token], [IdGrade], [IdTeam], [IdUpperHierarchy], [WorkingLicenseNumber], [HiringDate], [Category], [CIN], [FamilyLeader], [Echelon], [CinAttached], [HomeLoan], [ChildrenNoScholar], [ChildrenDisabled], [IsForeign], [DependentParent], [Picture], [Rib], [Bank], [ResignationDate], [ResignationDepositDate], [IdCitizenship], [IdPaymentType], [SharedDocumentsPassword], [IdOffice], [Status], [HierarchyLevel], [MaritalStatus]) VALUES (21, 1, N'Belgacem', N'MUSTAPHA', N'bmustapha@spark-it.fr', N'120', N'5 rue Pasteur, 94220 Charenton le Pont', N'', N'', N'', N'', NULL, 235, NULL, N'1000', N'(+216)  75 540 213', NULL, '19840523', N'', N'', N'', N'', N'1,84E+14', 0, 0, 1, NULL, 1, NULL, NULL, NULL, '20181002', NULL, NULL, NULL, NULL, NULL, NULL, NULL, NULL, 0, NULL, N'', NULL, NULL, NULL, NULL, 235, NULL, NULL, NULL, NULL, 7, NULL)
INSERT INTO [Payroll].[Employee] ([Id], [Sex], [FirstName], [LastName], [Email], [Matricule], [AddressLine1], [AddressLine2], [AddressLine3], [AddressLine4], [AddressLine5], [PersonalEmail], [IdCountry], [IdCity], [ZipCode], [PersonalPhone], [ProfessionalPhone], [BirthDate], [BirthPlace], [PseudoSkype], [Facebook], [Linkedin], [SocialSecurityNumber], [ChildrenNumber], [IsDeleted], [TransactionUserId], [Deleted_Token], [IdGrade], [IdTeam], [IdUpperHierarchy], [WorkingLicenseNumber], [HiringDate], [Category], [CIN], [FamilyLeader], [Echelon], [CinAttached], [HomeLoan], [ChildrenNoScholar], [ChildrenDisabled], [IsForeign], [DependentParent], [Picture], [Rib], [Bank], [ResignationDate], [ResignationDepositDate], [IdCitizenship], [IdPaymentType], [SharedDocumentsPassword], [IdOffice], [Status], [HierarchyLevel], [MaritalStatus]) VALUES (22, 1, N'Hassen', N'MEKKI', N'hmekki@spark-it.fr', N'121', N'18 avenue Montesquieu 93190 Livry Gargan', N'', N'', N'', N'', NULL, 235, NULL, N'1000', N'(+216)  92 930 274', N'753398389', '19831127', N'', N'', N'', N'', N'7,19E+14', 0, 0, 1, NULL, 1, NULL, NULL, NULL, '20181123', NULL, NULL, NULL, NULL, NULL, NULL, NULL, NULL, 0, NULL, N'', NULL, NULL, NULL, NULL, 235, NULL, NULL, NULL, NULL, 7, NULL)
INSERT INTO [Payroll].[Employee] ([Id], [Sex], [FirstName], [LastName], [Email], [Matricule], [AddressLine1], [AddressLine2], [AddressLine3], [AddressLine4], [AddressLine5], [PersonalEmail], [IdCountry], [IdCity], [ZipCode], [PersonalPhone], [ProfessionalPhone], [BirthDate], [BirthPlace], [PseudoSkype], [Facebook], [Linkedin], [SocialSecurityNumber], [ChildrenNumber], [IsDeleted], [TransactionUserId], [Deleted_Token], [IdGrade], [IdTeam], [IdUpperHierarchy], [WorkingLicenseNumber], [HiringDate], [Category], [CIN], [FamilyLeader], [Echelon], [CinAttached], [HomeLoan], [ChildrenNoScholar], [ChildrenDisabled], [IsForeign], [DependentParent], [Picture], [Rib], [Bank], [ResignationDate], [ResignationDepositDate], [IdCitizenship], [IdPaymentType], [SharedDocumentsPassword], [IdOffice], [Status], [HierarchyLevel], [MaritalStatus]) VALUES (23, 1, N'Abdelmalek', N'TROUDI', N'amtroudi@spark-it.fr', N'122', N'50 rue des vignes 92000 Nanterre', N'', N'', N'', N'', NULL, 235, NULL, N'1000', N'(+216)  615817260', NULL, '19870829', N'', N'', N'', N'', N'1,87E+14', 0, 0, 1, NULL, 1, NULL, NULL, NULL, '20181102', NULL, NULL, NULL, NULL, NULL, NULL, NULL, NULL, 0, NULL, N'', NULL, NULL, NULL, NULL, 235, NULL, NULL, NULL, NULL, 7, NULL)
INSERT INTO [Payroll].[Employee] ([Id], [Sex], [FirstName], [LastName], [Email], [Matricule], [AddressLine1], [AddressLine2], [AddressLine3], [AddressLine4], [AddressLine5], [PersonalEmail], [IdCountry], [IdCity], [ZipCode], [PersonalPhone], [ProfessionalPhone], [BirthDate], [BirthPlace], [PseudoSkype], [Facebook], [Linkedin], [SocialSecurityNumber], [ChildrenNumber], [IsDeleted], [TransactionUserId], [Deleted_Token], [IdGrade], [IdTeam], [IdUpperHierarchy], [WorkingLicenseNumber], [HiringDate], [Category], [CIN], [FamilyLeader], [Echelon], [CinAttached], [HomeLoan], [ChildrenNoScholar], [ChildrenDisabled], [IsForeign], [DependentParent], [Picture], [Rib], [Bank], [ResignationDate], [ResignationDepositDate], [IdCitizenship], [IdPaymentType], [SharedDocumentsPassword], [IdOffice], [Status], [HierarchyLevel], [MaritalStatus]) VALUES (24, 1, N'Abdessatar', N'BOUCHELLIGA', N'abouchelliga@spark-it.fr', N'124', N'.', N'', N'', N'', N'', NULL, 235, NULL, N'1000', N'0', N'0', '19900101', N'', N'', N'', N'', N'A00000000', 0, 0, 1, NULL, 1, NULL, NULL, NULL, '20181223', NULL, NULL, NULL, NULL, NULL, NULL, NULL, NULL, 0, NULL, N'', NULL, NULL, NULL, NULL, 235, NULL, NULL, NULL, NULL, 7, NULL)
INSERT INTO [Payroll].[Employee] ([Id], [Sex], [FirstName], [LastName], [Email], [Matricule], [AddressLine1], [AddressLine2], [AddressLine3], [AddressLine4], [AddressLine5], [PersonalEmail], [IdCountry], [IdCity], [ZipCode], [PersonalPhone], [ProfessionalPhone], [BirthDate], [BirthPlace], [PseudoSkype], [Facebook], [Linkedin], [SocialSecurityNumber], [ChildrenNumber], [IsDeleted], [TransactionUserId], [Deleted_Token], [IdGrade], [IdTeam], [IdUpperHierarchy], [WorkingLicenseNumber], [HiringDate], [Category], [CIN], [FamilyLeader], [Echelon], [CinAttached], [HomeLoan], [ChildrenNoScholar], [ChildrenDisabled], [IsForeign], [DependentParent], [Picture], [Rib], [Bank], [ResignationDate], [ResignationDepositDate], [IdCitizenship], [IdPaymentType], [SharedDocumentsPassword], [IdOffice], [Status], [HierarchyLevel], [MaritalStatus]) VALUES (25, 1, N'Ahmed', N'CHEBBI', N'achebbi@spark-it.fr', N'125', N'.', N'', N'', N'', N'', NULL, 235, NULL, N'1000', N'0', N'0', '19900101', N'', N'', N'', N'', N'0', 0, 0, 1, NULL, 1, NULL, NULL, NULL, '20181202', NULL, NULL, NULL, NULL, NULL, NULL, NULL, NULL, 0, NULL, N'', NULL, NULL, NULL, NULL, 235, NULL, NULL, NULL, NULL, 7, NULL)
INSERT INTO [Payroll].[Employee] ([Id], [Sex], [FirstName], [LastName], [Email], [Matricule], [AddressLine1], [AddressLine2], [AddressLine3], [AddressLine4], [AddressLine5], [PersonalEmail], [IdCountry], [IdCity], [ZipCode], [PersonalPhone], [ProfessionalPhone], [BirthDate], [BirthPlace], [PseudoSkype], [Facebook], [Linkedin], [SocialSecurityNumber], [ChildrenNumber], [IsDeleted], [TransactionUserId], [Deleted_Token], [IdGrade], [IdTeam], [IdUpperHierarchy], [WorkingLicenseNumber], [HiringDate], [Category], [CIN], [FamilyLeader], [Echelon], [CinAttached], [HomeLoan], [ChildrenNoScholar], [ChildrenDisabled], [IsForeign], [DependentParent], [Picture], [Rib], [Bank], [ResignationDate], [ResignationDepositDate], [IdCitizenship], [IdPaymentType], [SharedDocumentsPassword], [IdOffice], [Status], [HierarchyLevel], [MaritalStatus]) VALUES (26, 1, N'Boubker', N'ECHIEB', N'bechieb@spark-it.fr', N'126', N'.', N'', N'', N'', N'', NULL, 235, NULL, N'1000', N'(+216)  53 679 057', N'0', '19900101', N'', N'', N'', N'', N'0', 0, 0, 1, NULL, 1, NULL, NULL, NULL, '20181023', NULL, NULL, NULL, NULL, NULL, NULL, NULL, NULL, 0, NULL, N'', NULL, NULL, NULL, NULL, 235, NULL, NULL, NULL, NULL, 7, NULL)
INSERT INTO [Payroll].[Employee] ([Id], [Sex], [FirstName], [LastName], [Email], [Matricule], [AddressLine1], [AddressLine2], [AddressLine3], [AddressLine4], [AddressLine5], [PersonalEmail], [IdCountry], [IdCity], [ZipCode], [PersonalPhone], [ProfessionalPhone], [BirthDate], [BirthPlace], [PseudoSkype], [Facebook], [Linkedin], [SocialSecurityNumber], [ChildrenNumber], [IsDeleted], [TransactionUserId], [Deleted_Token], [IdGrade], [IdTeam], [IdUpperHierarchy], [WorkingLicenseNumber], [HiringDate], [Category], [CIN], [FamilyLeader], [Echelon], [CinAttached], [HomeLoan], [ChildrenNoScholar], [ChildrenDisabled], [IsForeign], [DependentParent], [Picture], [Rib], [Bank], [ResignationDate], [ResignationDepositDate], [IdCitizenship], [IdPaymentType], [SharedDocumentsPassword], [IdOffice], [Status], [HierarchyLevel], [MaritalStatus]) VALUES (27, 1, N'Hassana', N'DIALLO', N'hdiallo@spark-it.fr', N'127', N'.', N'', N'', N'', N'', NULL, 235, NULL, N'1000', N'0', N'0', '19900101', N'', N'', N'', N'', N'0', 0, 0, 1, NULL, 1, NULL, NULL, NULL, '20181023', NULL, NULL, NULL, NULL, NULL, NULL, NULL, NULL, 0, NULL, N'', NULL, NULL, NULL, NULL, 235, NULL, NULL, NULL, NULL, 7, NULL)
INSERT INTO [Payroll].[Employee] ([Id], [Sex], [FirstName], [LastName], [Email], [Matricule], [AddressLine1], [AddressLine2], [AddressLine3], [AddressLine4], [AddressLine5], [PersonalEmail], [IdCountry], [IdCity], [ZipCode], [PersonalPhone], [ProfessionalPhone], [BirthDate], [BirthPlace], [PseudoSkype], [Facebook], [Linkedin], [SocialSecurityNumber], [ChildrenNumber], [IsDeleted], [TransactionUserId], [Deleted_Token], [IdGrade], [IdTeam], [IdUpperHierarchy], [WorkingLicenseNumber], [HiringDate], [Category], [CIN], [FamilyLeader], [Echelon], [CinAttached], [HomeLoan], [ChildrenNoScholar], [ChildrenDisabled], [IsForeign], [DependentParent], [Picture], [Rib], [Bank], [ResignationDate], [ResignationDepositDate], [IdCitizenship], [IdPaymentType], [SharedDocumentsPassword], [IdOffice], [Status], [HierarchyLevel], [MaritalStatus]) VALUES (28, 1, N'Douraid', N'TLILI', N'dtlili@spark-it.fr', N'128', N'.', N'', N'', N'', N'', NULL, 235, NULL, N'1000', N'0', N'0', '19900101', N'', N'', N'', N'', N'0', 0, 0, 1, NULL, 1, NULL, NULL, NULL, '20181023', NULL, NULL, NULL, NULL, NULL, NULL, NULL, NULL, 0, NULL, N'', NULL, NULL, NULL, NULL, 235, NULL, NULL, NULL, NULL, 7, NULL)
INSERT INTO [Payroll].[Employee] ([Id], [Sex], [FirstName], [LastName], [Email], [Matricule], [AddressLine1], [AddressLine2], [AddressLine3], [AddressLine4], [AddressLine5], [PersonalEmail], [IdCountry], [IdCity], [ZipCode], [PersonalPhone], [ProfessionalPhone], [BirthDate], [BirthPlace], [PseudoSkype], [Facebook], [Linkedin], [SocialSecurityNumber], [ChildrenNumber], [IsDeleted], [TransactionUserId], [Deleted_Token], [IdGrade], [IdTeam], [IdUpperHierarchy], [WorkingLicenseNumber], [HiringDate], [Category], [CIN], [FamilyLeader], [Echelon], [CinAttached], [HomeLoan], [ChildrenNoScholar], [ChildrenDisabled], [IsForeign], [DependentParent], [Picture], [Rib], [Bank], [ResignationDate], [ResignationDepositDate], [IdCitizenship], [IdPaymentType], [SharedDocumentsPassword], [IdOffice], [Status], [HierarchyLevel], [MaritalStatus]) VALUES (29, 2, N'Ghada', N'GHRIBI', N'gghribi@spark-it.fr', N'129', N'.', N'', N'', N'', N'', NULL, 235, NULL, N'1000', N'0', N'0', '19900101', N'', N'', N'', N'', N'0', 0, 0, 1, NULL, 1, NULL, NULL, NULL, '20181023', NULL, NULL, NULL, NULL, NULL, NULL, NULL, NULL, 0, NULL, N'', NULL, NULL, NULL, NULL, 235, NULL, NULL, NULL, NULL, 7, NULL)
INSERT INTO [Payroll].[Employee] ([Id], [Sex], [FirstName], [LastName], [Email], [Matricule], [AddressLine1], [AddressLine2], [AddressLine3], [AddressLine4], [AddressLine5], [PersonalEmail], [IdCountry], [IdCity], [ZipCode], [PersonalPhone], [ProfessionalPhone], [BirthDate], [BirthPlace], [PseudoSkype], [Facebook], [Linkedin], [SocialSecurityNumber], [ChildrenNumber], [IsDeleted], [TransactionUserId], [Deleted_Token], [IdGrade], [IdTeam], [IdUpperHierarchy], [WorkingLicenseNumber], [HiringDate], [Category], [CIN], [FamilyLeader], [Echelon], [CinAttached], [HomeLoan], [ChildrenNoScholar], [ChildrenDisabled], [IsForeign], [DependentParent], [Picture], [Rib], [Bank], [ResignationDate], [ResignationDepositDate], [IdCitizenship], [IdPaymentType], [SharedDocumentsPassword], [IdOffice], [Status], [HierarchyLevel], [MaritalStatus]) VALUES (30, 1, N'Haitham', N'ABID', N'habid@spark-it.fr', N'130', N'.', N'', N'', N'', N'', NULL, 235, NULL, N'1000', N'0', N'0', '19900101', N'', N'', N'', N'', N'0', 0, 0, 1, NULL, 1, NULL, NULL, NULL, '20181023', NULL, NULL, NULL, NULL, NULL, NULL, NULL, NULL, 0, NULL, N'', NULL, NULL, NULL, NULL, 235, NULL, NULL, NULL, NULL, 7, NULL)
INSERT INTO [Payroll].[Employee] ([Id], [Sex], [FirstName], [LastName], [Email], [Matricule], [AddressLine1], [AddressLine2], [AddressLine3], [AddressLine4], [AddressLine5], [PersonalEmail], [IdCountry], [IdCity], [ZipCode], [PersonalPhone], [ProfessionalPhone], [BirthDate], [BirthPlace], [PseudoSkype], [Facebook], [Linkedin], [SocialSecurityNumber], [ChildrenNumber], [IsDeleted], [TransactionUserId], [Deleted_Token], [IdGrade], [IdTeam], [IdUpperHierarchy], [WorkingLicenseNumber], [HiringDate], [Category], [CIN], [FamilyLeader], [Echelon], [CinAttached], [HomeLoan], [ChildrenNoScholar], [ChildrenDisabled], [IsForeign], [DependentParent], [Picture], [Rib], [Bank], [ResignationDate], [ResignationDepositDate], [IdCitizenship], [IdPaymentType], [SharedDocumentsPassword], [IdOffice], [Status], [HierarchyLevel], [MaritalStatus]) VALUES (31, 1, N'Hamdy', N'SDIRI', N'hsdiri@spark-it.fr', N'131', N'.', N'', N'', N'', N'', NULL, 235, NULL, N'1000', N'0', N'0', '19901231', N'', N'', N'', N'', N'0', 0, 0, 1, NULL, 1, NULL, NULL, NULL, '20181023', NULL, NULL, NULL, NULL, NULL, NULL, NULL, NULL, 0, NULL, N'', NULL, NULL, NULL, NULL, 235, NULL, NULL, NULL, NULL, 7, NULL)
INSERT INTO [Payroll].[Employee] ([Id], [Sex], [FirstName], [LastName], [Email], [Matricule], [AddressLine1], [AddressLine2], [AddressLine3], [AddressLine4], [AddressLine5], [PersonalEmail], [IdCountry], [IdCity], [ZipCode], [PersonalPhone], [ProfessionalPhone], [BirthDate], [BirthPlace], [PseudoSkype], [Facebook], [Linkedin], [SocialSecurityNumber], [ChildrenNumber], [IsDeleted], [TransactionUserId], [Deleted_Token], [IdGrade], [IdTeam], [IdUpperHierarchy], [WorkingLicenseNumber], [HiringDate], [Category], [CIN], [FamilyLeader], [Echelon], [CinAttached], [HomeLoan], [ChildrenNoScholar], [ChildrenDisabled], [IsForeign], [DependentParent], [Picture], [Rib], [Bank], [ResignationDate], [ResignationDepositDate], [IdCitizenship], [IdPaymentType], [SharedDocumentsPassword], [IdOffice], [Status], [HierarchyLevel], [MaritalStatus]) VALUES (32, 1, N'Houssem', N'REGAIEG', N'hregaieg@spark-it.fr', N'132', N'.', N'', N'', N'', N'', NULL, 235, NULL, N'1000', N'(+216)  20 989 360', N'0', '19900101', N'', N'', N'', N'', N'0', 0, 0, 1, NULL, 1, NULL, 7, NULL, '20171023', NULL, NULL, NULL, NULL, NULL, NULL, NULL, NULL, 0, NULL, N'', NULL, NULL, NULL, NULL, 235, NULL, NULL, NULL, NULL, 7, NULL)
INSERT INTO [Payroll].[Employee] ([Id], [Sex], [FirstName], [LastName], [Email], [Matricule], [AddressLine1], [AddressLine2], [AddressLine3], [AddressLine4], [AddressLine5], [PersonalEmail], [IdCountry], [IdCity], [ZipCode], [PersonalPhone], [ProfessionalPhone], [BirthDate], [BirthPlace], [PseudoSkype], [Facebook], [Linkedin], [SocialSecurityNumber], [ChildrenNumber], [IsDeleted], [TransactionUserId], [Deleted_Token], [IdGrade], [IdTeam], [IdUpperHierarchy], [WorkingLicenseNumber], [HiringDate], [Category], [CIN], [FamilyLeader], [Echelon], [CinAttached], [HomeLoan], [ChildrenNoScholar], [ChildrenDisabled], [IsForeign], [DependentParent], [Picture], [Rib], [Bank], [ResignationDate], [ResignationDepositDate], [IdCitizenship], [IdPaymentType], [SharedDocumentsPassword], [IdOffice], [Status], [HierarchyLevel], [MaritalStatus]) VALUES (33, 1, N'Karim', N'SOUISSI', N'ksouissi@spark-it.fr', N'133', N'.', N'', N'', N'', N'', NULL, 235, NULL, N'1000', N'0', N'0', '19900101', N'', N'', N'', N'', N'0', 0, 0, 1, NULL, 1, NULL, NULL, NULL, '20181023', NULL, NULL, NULL, NULL, NULL, NULL, NULL, NULL, 0, NULL, N'', NULL, NULL, NULL, NULL, 235, NULL, NULL, NULL, NULL, 7, NULL)
INSERT INTO [Payroll].[Employee] ([Id], [Sex], [FirstName], [LastName], [Email], [Matricule], [AddressLine1], [AddressLine2], [AddressLine3], [AddressLine4], [AddressLine5], [PersonalEmail], [IdCountry], [IdCity], [ZipCode], [PersonalPhone], [ProfessionalPhone], [BirthDate], [BirthPlace], [PseudoSkype], [Facebook], [Linkedin], [SocialSecurityNumber], [ChildrenNumber], [IsDeleted], [TransactionUserId], [Deleted_Token], [IdGrade], [IdTeam], [IdUpperHierarchy], [WorkingLicenseNumber], [HiringDate], [Category], [CIN], [FamilyLeader], [Echelon], [CinAttached], [HomeLoan], [ChildrenNoScholar], [ChildrenDisabled], [IsForeign], [DependentParent], [Picture], [Rib], [Bank], [ResignationDate], [ResignationDepositDate], [IdCitizenship], [IdPaymentType], [SharedDocumentsPassword], [IdOffice], [Status], [HierarchyLevel], [MaritalStatus]) VALUES (34, 1, N'Mohamed Ali', N'BRADAI', N'mabradai@spark-it.fr', N'134', N'.', N'', N'', N'', N'', NULL, 235, NULL, N'1000', N'0', N'0', '19900101', N'', N'', N'', N'', N'0', 0, 0, 1, NULL, 1, NULL, NULL, NULL, '20181023', NULL, NULL, NULL, NULL, NULL, NULL, NULL, NULL, 0, NULL, N'', NULL, NULL, NULL, NULL, 235, NULL, NULL, NULL, NULL, 7, NULL)
INSERT INTO [Payroll].[Employee] ([Id], [Sex], [FirstName], [LastName], [Email], [Matricule], [AddressLine1], [AddressLine2], [AddressLine3], [AddressLine4], [AddressLine5], [PersonalEmail], [IdCountry], [IdCity], [ZipCode], [PersonalPhone], [ProfessionalPhone], [BirthDate], [BirthPlace], [PseudoSkype], [Facebook], [Linkedin], [SocialSecurityNumber], [ChildrenNumber], [IsDeleted], [TransactionUserId], [Deleted_Token], [IdGrade], [IdTeam], [IdUpperHierarchy], [WorkingLicenseNumber], [HiringDate], [Category], [CIN], [FamilyLeader], [Echelon], [CinAttached], [HomeLoan], [ChildrenNoScholar], [ChildrenDisabled], [IsForeign], [DependentParent], [Picture], [Rib], [Bank], [ResignationDate], [ResignationDepositDate], [IdCitizenship], [IdPaymentType], [SharedDocumentsPassword], [IdOffice], [Status], [HierarchyLevel], [MaritalStatus]) VALUES (35, 1, N'Melek', N'BENABDALLAH', N'mbenabdallah@spark-it.fr', N'135', N'.', N'', N'', N'', N'', NULL, 235, NULL, N'1000', N'0', N'0', '19900101', N'', N'', N'', N'', N'0', 0, 0, 1, NULL, 1, NULL, NULL, NULL, '20181023', NULL, NULL, NULL, NULL, NULL, NULL, NULL, NULL, 0, NULL, N'', NULL, NULL, NULL, NULL, 235, NULL, NULL, NULL, NULL, 7, NULL)
INSERT INTO [Payroll].[Employee] ([Id], [Sex], [FirstName], [LastName], [Email], [Matricule], [AddressLine1], [AddressLine2], [AddressLine3], [AddressLine4], [AddressLine5], [PersonalEmail], [IdCountry], [IdCity], [ZipCode], [PersonalPhone], [ProfessionalPhone], [BirthDate], [BirthPlace], [PseudoSkype], [Facebook], [Linkedin], [SocialSecurityNumber], [ChildrenNumber], [IsDeleted], [TransactionUserId], [Deleted_Token], [IdGrade], [IdTeam], [IdUpperHierarchy], [WorkingLicenseNumber], [HiringDate], [Category], [CIN], [FamilyLeader], [Echelon], [CinAttached], [HomeLoan], [ChildrenNoScholar], [ChildrenDisabled], [IsForeign], [DependentParent], [Picture], [Rib], [Bank], [ResignationDate], [ResignationDepositDate], [IdCitizenship], [IdPaymentType], [SharedDocumentsPassword], [IdOffice], [Status], [HierarchyLevel], [MaritalStatus]) VALUES (36, 2, N'Marwa', N'KSENTINI', N'mksentini@spark-it.fr', N'136', N'.', N'', N'', N'', N'', NULL, 235, NULL, N'1000', N'0', N'0', '19900101', N'', N'', N'', N'', N'0', 0, 0, 1, NULL, 1, NULL, NULL, NULL, '20181023', NULL, NULL, NULL, NULL, NULL, NULL, NULL, NULL, 0, NULL, N'', NULL, NULL, NULL, NULL, 235, NULL, NULL, NULL, NULL, 7, NULL)
INSERT INTO [Payroll].[Employee] ([Id], [Sex], [FirstName], [LastName], [Email], [Matricule], [AddressLine1], [AddressLine2], [AddressLine3], [AddressLine4], [AddressLine5], [PersonalEmail], [IdCountry], [IdCity], [ZipCode], [PersonalPhone], [ProfessionalPhone], [BirthDate], [BirthPlace], [PseudoSkype], [Facebook], [Linkedin], [SocialSecurityNumber], [ChildrenNumber], [IsDeleted], [TransactionUserId], [Deleted_Token], [IdGrade], [IdTeam], [IdUpperHierarchy], [WorkingLicenseNumber], [HiringDate], [Category], [CIN], [FamilyLeader], [Echelon], [CinAttached], [HomeLoan], [ChildrenNoScholar], [ChildrenDisabled], [IsForeign], [DependentParent], [Picture], [Rib], [Bank], [ResignationDate], [ResignationDepositDate], [IdCitizenship], [IdPaymentType], [SharedDocumentsPassword], [IdOffice], [Status], [HierarchyLevel], [MaritalStatus]) VALUES (37, 2, N'Imen', N'EZZINE', N'iezzine@spark-it.fr', N'137', N'.', N'', N'', N'', N'', NULL, 235, NULL, N'1000', N'0', N'0', '20200110', N'', N'', N'', N'', N'0', 0, 0, 1, NULL, 1, NULL, NULL, NULL, '20181023', NULL, NULL, NULL, NULL, NULL, NULL, NULL, NULL, 0, NULL, N'', NULL, NULL, NULL, NULL, 235, NULL, NULL, NULL, NULL, 7, NULL)
INSERT INTO [Payroll].[Employee] ([Id], [Sex], [FirstName], [LastName], [Email], [Matricule], [AddressLine1], [AddressLine2], [AddressLine3], [AddressLine4], [AddressLine5], [PersonalEmail], [IdCountry], [IdCity], [ZipCode], [PersonalPhone], [ProfessionalPhone], [BirthDate], [BirthPlace], [PseudoSkype], [Facebook], [Linkedin], [SocialSecurityNumber], [ChildrenNumber], [IsDeleted], [TransactionUserId], [Deleted_Token], [IdGrade], [IdTeam], [IdUpperHierarchy], [WorkingLicenseNumber], [HiringDate], [Category], [CIN], [FamilyLeader], [Echelon], [CinAttached], [HomeLoan], [ChildrenNoScholar], [ChildrenDisabled], [IsForeign], [DependentParent], [Picture], [Rib], [Bank], [ResignationDate], [ResignationDepositDate], [IdCitizenship], [IdPaymentType], [SharedDocumentsPassword], [IdOffice], [Status], [HierarchyLevel], [MaritalStatus]) VALUES (39, 1, N'Mohamed', N'BOUZIDI', N'mbouzidi@spark-it.fr', N'138', N'Route tunis km4', NULL, NULL, NULL, NULL, NULL, 235, NULL, N'2003', NULL, N'(+216)508421080000', '19900722', NULL, NULL, NULL, NULL, NULL, NULL, 0, 0, NULL, 1, 1, NULL, NULL, '20181023', NULL, NULL, NULL, NULL, NULL, NULL, NULL, NULL, 0, NULL, NULL, NULL, NULL, NULL, NULL, 235, NULL, NULL, NULL, NULL, 7, NULL)
INSERT INTO [Payroll].[Employee] ([Id], [Sex], [FirstName], [LastName], [Email], [Matricule], [AddressLine1], [AddressLine2], [AddressLine3], [AddressLine4], [AddressLine5], [PersonalEmail], [IdCountry], [IdCity], [ZipCode], [PersonalPhone], [ProfessionalPhone], [BirthDate], [BirthPlace], [PseudoSkype], [Facebook], [Linkedin], [SocialSecurityNumber], [ChildrenNumber], [IsDeleted], [TransactionUserId], [Deleted_Token], [IdGrade], [IdTeam], [IdUpperHierarchy], [WorkingLicenseNumber], [HiringDate], [Category], [CIN], [FamilyLeader], [Echelon], [CinAttached], [HomeLoan], [ChildrenNoScholar], [ChildrenDisabled], [IsForeign], [DependentParent], [Picture], [Rib], [Bank], [ResignationDate], [ResignationDepositDate], [IdCitizenship], [IdPaymentType], [SharedDocumentsPassword], [IdOffice], [Status], [HierarchyLevel], [MaritalStatus]) VALUES (42, 2, N'Imen', N'Chaaben', N'ichaaben@spark-it.fr', N'139', N'', NULL, NULL, NULL, NULL, NULL, 235, NULL, N'2003', NULL, N'(+216)508421080000', '19900722', NULL, NULL, NULL, NULL, NULL, NULL, 0, 0, NULL, 1, 1, 32, NULL, '20181023', NULL, NULL, NULL, NULL, NULL, NULL, NULL, NULL, 0, NULL, NULL, NULL, NULL, NULL, NULL, 235, NULL, NULL, NULL, NULL, 7, NULL)
INSERT INTO [Payroll].[Employee] ([Id], [Sex], [FirstName], [LastName], [Email], [Matricule], [AddressLine1], [AddressLine2], [AddressLine3], [AddressLine4], [AddressLine5], [PersonalEmail], [IdCountry], [IdCity], [ZipCode], [PersonalPhone], [ProfessionalPhone], [BirthDate], [BirthPlace], [PseudoSkype], [Facebook], [Linkedin], [SocialSecurityNumber], [ChildrenNumber], [IsDeleted], [TransactionUserId], [Deleted_Token], [IdGrade], [IdTeam], [IdUpperHierarchy], [WorkingLicenseNumber], [HiringDate], [Category], [CIN], [FamilyLeader], [Echelon], [CinAttached], [HomeLoan], [ChildrenNoScholar], [ChildrenDisabled], [IsForeign], [DependentParent], [Picture], [Rib], [Bank], [ResignationDate], [ResignationDepositDate], [IdCitizenship], [IdPaymentType], [SharedDocumentsPassword], [IdOffice], [Status], [HierarchyLevel], [MaritalStatus]) VALUES (43, 2, N'Nihel', N'Ksontini', N'nksontini@spark-it.fr', N'140', N'sfax', NULL, NULL, NULL, NULL, NULL, 235, NULL, N'2003', N'(+216) 55223344', N'(+216) 70223344', '19900722', NULL, NULL, NULL, NULL, NULL, NULL, 0, 0, NULL, 1, 1, 7, NULL, '20170210', NULL, NULL, NULL, NULL, NULL, NULL, NULL, NULL, 0, NULL, NULL, NULL, NULL, NULL, NULL, 235, NULL, NULL, NULL, NULL, 7, NULL)
INSERT INTO [Payroll].[Employee] ([Id], [Sex], [FirstName], [LastName], [Email], [Matricule], [AddressLine1], [AddressLine2], [AddressLine3], [AddressLine4], [AddressLine5], [PersonalEmail], [IdCountry], [IdCity], [ZipCode], [PersonalPhone], [ProfessionalPhone], [BirthDate], [BirthPlace], [PseudoSkype], [Facebook], [Linkedin], [SocialSecurityNumber], [ChildrenNumber], [IsDeleted], [TransactionUserId], [Deleted_Token], [IdGrade], [IdTeam], [IdUpperHierarchy], [WorkingLicenseNumber], [HiringDate], [Category], [CIN], [FamilyLeader], [Echelon], [CinAttached], [HomeLoan], [ChildrenNoScholar], [ChildrenDisabled], [IsForeign], [DependentParent], [Picture], [Rib], [Bank], [ResignationDate], [ResignationDepositDate], [IdCitizenship], [IdPaymentType], [SharedDocumentsPassword], [IdOffice], [Status], [HierarchyLevel], [MaritalStatus]) VALUES (48, 2, N'Houda', N'Atallah', N'hatallah@spark-it.fr', N'141', N'tunis', NULL, NULL, NULL, NULL, NULL, 235, NULL, N'2003', N'(+216) 55555555', N'(+216) 55555555', '19930101', NULL, NULL, NULL, NULL, NULL, NULL, 0, 0, NULL, 1, 1, 1, NULL, '20170306', NULL, NULL, NULL, NULL, NULL, NULL, NULL, NULL, 0, NULL, NULL, NULL, NULL, NULL, NULL, 235, NULL, NULL, NULL, NULL, 7, NULL)
INSERT INTO [Payroll].[Employee] ([Id], [Sex], [FirstName], [LastName], [Email], [Matricule], [AddressLine1], [AddressLine2], [AddressLine3], [AddressLine4], [AddressLine5], [PersonalEmail], [IdCountry], [IdCity], [ZipCode], [PersonalPhone], [ProfessionalPhone], [BirthDate], [BirthPlace], [PseudoSkype], [Facebook], [Linkedin], [SocialSecurityNumber], [ChildrenNumber], [IsDeleted], [TransactionUserId], [Deleted_Token], [IdGrade], [IdTeam], [IdUpperHierarchy], [WorkingLicenseNumber], [HiringDate], [Category], [CIN], [FamilyLeader], [Echelon], [CinAttached], [HomeLoan], [ChildrenNoScholar], [ChildrenDisabled], [IsForeign], [DependentParent], [Picture], [Rib], [Bank], [ResignationDate], [ResignationDepositDate], [IdCitizenship], [IdPaymentType], [SharedDocumentsPassword], [IdOffice], [Status], [HierarchyLevel], [MaritalStatus]) VALUES (49, 1, N'Fadi', N'Idoudi', N'fidoudi@spark-it.fr', N'142', N'tunis', NULL, NULL, NULL, NULL, NULL, 235, NULL, N'2003', N'(+216) 55555555', N'(+216) 55555555', '19920101', NULL, NULL, NULL, NULL, NULL, NULL, 0, 0, NULL, 1, 1, 1, NULL, '20170306', NULL, NULL, NULL, NULL, NULL, NULL, NULL, NULL, 0, NULL, NULL, NULL, NULL, NULL, NULL, 235, NULL, NULL, NULL, NULL, 7, NULL)
SET IDENTITY_INSERT [Payroll].[Employee] OFF
GO
SET IDENTITY_INSERT [Payroll].[Skills] ON
INSERT INTO [Payroll].[Skills] ([Id], [Label], [IsDeleted], [TransactionUserId], [Deleted_Token], [Code], [Description], [Id_Family]) VALUES (9, N'BI', 0, 0, NULL, N'SK', N'BI', NULL)
SET IDENTITY_INSERT [Payroll].[Skills] OFF

GO
SET IDENTITY_INSERT [Payroll].[Contract] ON
INSERT INTO [Payroll].[Contract] ([Id], [ContractReference], [StartDate], [EndDate], [WorkingTime], [IsDeleted], [TransactionUserId], [Deleted_Token], [IdEmployee], [IdSalaryStructure], [IdCnss], [ContractAttached], [IdContractType], [State]) VALUES (1, N'Contract-001', '20180101', NULL, 40, 0, NULL, NULL, 8, 5, 1, NULL, 1, NULL)
INSERT INTO [Payroll].[Contract] ([Id], [ContractReference], [StartDate], [EndDate], [WorkingTime], [IsDeleted], [TransactionUserId], [Deleted_Token], [IdEmployee], [IdSalaryStructure], [IdCnss], [ContractAttached], [IdContractType], [State]) VALUES (4, N'Contract-002', '20180101', NULL, 40, 0, NULL, NULL, 1, 5, 1, NULL, 1, NULL)
INSERT INTO [Payroll].[Contract] ([Id], [ContractReference], [StartDate], [EndDate], [WorkingTime], [IsDeleted], [TransactionUserId], [Deleted_Token], [IdEmployee], [IdSalaryStructure], [IdCnss], [ContractAttached], [IdContractType], [State]) VALUES (7, N'Contract-003', '20180101', NULL, 32, 0, NULL, NULL, 4, 5, 1, NULL, 1, NULL)
INSERT INTO [Payroll].[Contract] ([Id], [ContractReference], [StartDate], [EndDate], [WorkingTime], [IsDeleted], [TransactionUserId], [Deleted_Token], [IdEmployee], [IdSalaryStructure], [IdCnss], [ContractAttached], [IdContractType], [State]) VALUES (8, N'Contract-004', '20180101', NULL, 24, 0, NULL, NULL, 11, 5, 1, NULL, 1, NULL)
INSERT INTO [Payroll].[Contract] ([Id], [ContractReference], [StartDate], [EndDate], [WorkingTime], [IsDeleted], [TransactionUserId], [Deleted_Token], [IdEmployee], [IdSalaryStructure], [IdCnss], [ContractAttached], [IdContractType], [State]) VALUES (9, N'Contract-005', '20180101', NULL, 40, 0, NULL, NULL, 4, 5, 1, NULL, 1, NULL)
INSERT INTO [Payroll].[Contract] ([Id], [ContractReference], [StartDate], [EndDate], [WorkingTime], [IsDeleted], [TransactionUserId], [Deleted_Token], [IdEmployee], [IdSalaryStructure], [IdCnss], [ContractAttached], [IdContractType], [State]) VALUES (10, N'Contract-006', '20180101', NULL, 40, 0, NULL, NULL, 10, 8, 1, NULL, 1, NULL)
INSERT INTO [Payroll].[Contract] ([Id], [ContractReference], [StartDate], [EndDate], [WorkingTime], [IsDeleted], [TransactionUserId], [Deleted_Token], [IdEmployee], [IdSalaryStructure], [IdCnss], [ContractAttached], [IdContractType], [State]) VALUES (11, N'Contract-007', '20180101', NULL, 20, 0, NULL, NULL, 13, 9, 1, NULL, 1, NULL)
INSERT INTO [Payroll].[Contract] ([Id], [ContractReference], [StartDate], [EndDate], [WorkingTime], [IsDeleted], [TransactionUserId], [Deleted_Token], [IdEmployee], [IdSalaryStructure], [IdCnss], [ContractAttached], [IdContractType], [State]) VALUES (12, N'Contract-008', '20180101', NULL, 25, 0, NULL, NULL, 13, 7, 1, NULL, 1, NULL)
INSERT INTO [Payroll].[Contract] ([Id], [ContractReference], [StartDate], [EndDate], [WorkingTime], [IsDeleted], [TransactionUserId], [Deleted_Token], [IdEmployee], [IdSalaryStructure], [IdCnss], [ContractAttached], [IdContractType], [State]) VALUES (15, N'Contract-0011', '20181104', NULL, NULL, 0, 0, NULL, 42, 5, 1, NULL, 1, 2)
SET IDENTITY_INSERT [Payroll].[Contract] OFF
GO
SET IDENTITY_INSERT [Payroll].[BaseSalary] ON
INSERT INTO [Payroll].[BaseSalary] ([Id], [IdContract], [IsDeleted], [TransactionUserId], [Deleted_Token], [Value], [StartDate]) VALUES (1, 1, 0, NULL, NULL, 2500, '20180101')
INSERT INTO [Payroll].[BaseSalary] ([Id], [IdContract], [IsDeleted], [TransactionUserId], [Deleted_Token], [Value], [StartDate]) VALUES (2, 4, 0, NULL, NULL, 1200, '20180101')
INSERT INTO [Payroll].[BaseSalary] ([Id], [IdContract], [IsDeleted], [TransactionUserId], [Deleted_Token], [Value], [StartDate]) VALUES (3, 7, 0, NULL, NULL, 5000, '20180101')
INSERT INTO [Payroll].[BaseSalary] ([Id], [IdContract], [IsDeleted], [TransactionUserId], [Deleted_Token], [Value], [StartDate]) VALUES (4, 8, 0, NULL, NULL, 400, '20180101')
INSERT INTO [Payroll].[BaseSalary] ([Id], [IdContract], [IsDeleted], [TransactionUserId], [Deleted_Token], [Value], [StartDate]) VALUES (5, 9, 0, NULL, NULL, 7000, '20180101')
INSERT INTO [Payroll].[BaseSalary] ([Id], [IdContract], [IsDeleted], [TransactionUserId], [Deleted_Token], [Value], [StartDate]) VALUES (6, 10, 0, NULL, NULL, 100, '20180101')
INSERT INTO [Payroll].[BaseSalary] ([Id], [IdContract], [IsDeleted], [TransactionUserId], [Deleted_Token], [Value], [StartDate]) VALUES (7, 11, 0, NULL, NULL, 1800, '20180101')
INSERT INTO [Payroll].[BaseSalary] ([Id], [IdContract], [IsDeleted], [TransactionUserId], [Deleted_Token], [Value], [StartDate]) VALUES (8, 12, 0, NULL, NULL, 3300, '20180101')
INSERT INTO [Payroll].[BaseSalary] ([Id], [IdContract], [IsDeleted], [TransactionUserId], [Deleted_Token], [Value], [StartDate]) VALUES (13, 15, 0, NULL, NULL, 1200, '20180101')
SET IDENTITY_INSERT [Payroll].[BaseSalary] OFF
GO
SET IDENTITY_INSERT [Payroll].[ContractBonus] ON
INSERT INTO [Payroll].[ContractBonus] ([Id], [IdBonus], [IdContract], [IsDeleted], [TransactionUserId], [Deleted_Token], [Value], [ValidityStartDate], [ValidityEndDate]) VALUES (1, 1, 1, 0, NULL, NULL, 200, '20181001', NULL)
INSERT INTO [Payroll].[ContractBonus] ([Id], [IdBonus], [IdContract], [IsDeleted], [TransactionUserId], [Deleted_Token], [Value], [ValidityStartDate], [ValidityEndDate]) VALUES (2, 2, 1, 0, NULL, NULL, NULL, '20181001', NULL)
INSERT INTO [Payroll].[ContractBonus] ([Id], [IdBonus], [IdContract], [IsDeleted], [TransactionUserId], [Deleted_Token], [Value], [ValidityStartDate], [ValidityEndDate]) VALUES (3, 1, 4, 0, NULL, NULL, NULL, '20181001', NULL)
INSERT INTO [Payroll].[ContractBonus] ([Id], [IdBonus], [IdContract], [IsDeleted], [TransactionUserId], [Deleted_Token], [Value], [ValidityStartDate], [ValidityEndDate]) VALUES (4, 2, 4, 0, NULL, NULL, NULL, '20181001', NULL)
INSERT INTO [Payroll].[ContractBonus] ([Id], [IdBonus], [IdContract], [IsDeleted], [TransactionUserId], [Deleted_Token], [Value], [ValidityStartDate], [ValidityEndDate]) VALUES (5, 1, 7, 0, NULL, NULL, NULL, '20181001', NULL)
INSERT INTO [Payroll].[ContractBonus] ([Id], [IdBonus], [IdContract], [IsDeleted], [TransactionUserId], [Deleted_Token], [Value], [ValidityStartDate], [ValidityEndDate]) VALUES (6, 2, 7, 0, NULL, NULL, NULL, '20181001', NULL)
INSERT INTO [Payroll].[ContractBonus] ([Id], [IdBonus], [IdContract], [IsDeleted], [TransactionUserId], [Deleted_Token], [Value], [ValidityStartDate], [ValidityEndDate]) VALUES (7, 1, 8, 0, NULL, NULL, NULL, '20181001', NULL)
INSERT INTO [Payroll].[ContractBonus] ([Id], [IdBonus], [IdContract], [IsDeleted], [TransactionUserId], [Deleted_Token], [Value], [ValidityStartDate], [ValidityEndDate]) VALUES (8, 2, 8, 0, NULL, NULL, NULL, '20181001', NULL)
INSERT INTO [Payroll].[ContractBonus] ([Id], [IdBonus], [IdContract], [IsDeleted], [TransactionUserId], [Deleted_Token], [Value], [ValidityStartDate], [ValidityEndDate]) VALUES (9, 1, 9, 0, NULL, NULL, NULL, '20181001', NULL)
INSERT INTO [Payroll].[ContractBonus] ([Id], [IdBonus], [IdContract], [IsDeleted], [TransactionUserId], [Deleted_Token], [Value], [ValidityStartDate], [ValidityEndDate]) VALUES (10, 2, 9, 0, NULL, NULL, NULL, '20181001', NULL)
INSERT INTO [Payroll].[ContractBonus] ([Id], [IdBonus], [IdContract], [IsDeleted], [TransactionUserId], [Deleted_Token], [Value], [ValidityStartDate], [ValidityEndDate]) VALUES (11, 1, 10, 0, NULL, NULL, NULL, '20181001', NULL)
INSERT INTO [Payroll].[ContractBonus] ([Id], [IdBonus], [IdContract], [IsDeleted], [TransactionUserId], [Deleted_Token], [Value], [ValidityStartDate], [ValidityEndDate]) VALUES (12, 2, 10, 0, NULL, NULL, NULL, '20181001', NULL)
INSERT INTO [Payroll].[ContractBonus] ([Id], [IdBonus], [IdContract], [IsDeleted], [TransactionUserId], [Deleted_Token], [Value], [ValidityStartDate], [ValidityEndDate]) VALUES (13, 1, 11, 0, NULL, NULL, NULL, '20181001', NULL)
INSERT INTO [Payroll].[ContractBonus] ([Id], [IdBonus], [IdContract], [IsDeleted], [TransactionUserId], [Deleted_Token], [Value], [ValidityStartDate], [ValidityEndDate]) VALUES (14, 2, 11, 0, NULL, NULL, NULL, '20181001', NULL)
INSERT INTO [Payroll].[ContractBonus] ([Id], [IdBonus], [IdContract], [IsDeleted], [TransactionUserId], [Deleted_Token], [Value], [ValidityStartDate], [ValidityEndDate]) VALUES (15, 1, 12, 0, NULL, NULL, NULL, '20181001', NULL)
INSERT INTO [Payroll].[ContractBonus] ([Id], [IdBonus], [IdContract], [IsDeleted], [TransactionUserId], [Deleted_Token], [Value], [ValidityStartDate], [ValidityEndDate]) VALUES (16, 2, 12, 0, NULL, NULL, NULL, '20181001', NULL)
SET IDENTITY_INSERT [Payroll].[ContractBonus] OFF
GO
SET IDENTITY_INSERT [Immobilisation].[Active] ON
INSERT INTO [Immobilisation].[Active] ([Id], [Label], [DepreciationPeriod], [AcquisationDate], [ServiceDate], [Status], [IdDocumentLine], [Value], [IdCategory], [Code], [Deleted_Token], [IsDeleted], [TransactionUserId], [NumSerie], [Description], [IdWarehouse], [IPAddress], [MACAddress], [HostName], [PhoneNumber]) VALUES (1, N'Dell Inspiron', NULL, '20181121', NULL, 1, NULL, 1259.33, 2, N'AC-0001', NULL, 0, 0, N'6JM53P2', NULL, NULL, NULL, NULL, NULL, NULL)
SET IDENTITY_INSERT [Immobilisation].[Active] OFF
GO
SET IDENTITY_INSERT [Payroll].[RuleUniqueReference] ON
INSERT INTO [Payroll].[RuleUniqueReference] ([Id], [Reference], [Type], [IsDeleted], [TransactionUserId], [DeletedToken]) VALUES (99, N'SMIG', 2, 0, 0, NULL)
SET IDENTITY_INSERT [Payroll].[RuleUniqueReference] OFF
GO
SET IDENTITY_INSERT [Immobilisation].[Category] ON
INSERT INTO [Immobilisation].[Category] ([Id], [MinPeriod], [MaxPeriod], [ImmobilisationType], [Label], [Deleted_Token], [IsDeleted], [TransactionUserId], [Code]) VALUES (1, NULL, NULL, 2, N'PC fixe', NULL, 0, 0, N'PC fixe')
INSERT INTO [Immobilisation].[Category] ([Id], [MinPeriod], [MaxPeriod], [ImmobilisationType], [Label], [Deleted_Token], [IsDeleted], [TransactionUserId], [Code]) VALUES (2, NULL, NULL, 2, N'PC portable', NULL, 0, 0, N'PC portable')
INSERT INTO [Immobilisation].[Category] ([Id], [MinPeriod], [MaxPeriod], [ImmobilisationType], [Label], [Deleted_Token], [IsDeleted], [TransactionUserId], [Code]) VALUES (3, NULL, NULL, 2, N'Tél mobile', NULL, 0, 0, N'Tél mobile')
INSERT INTO [Immobilisation].[Category] ([Id], [MinPeriod], [MaxPeriod], [ImmobilisationType], [Label], [Deleted_Token], [IsDeleted], [TransactionUserId], [Code]) VALUES (4, NULL, NULL, 2, N'Tél fixe', NULL, 0, 0, N'Tél fixe')
INSERT INTO [Immobilisation].[Category] ([Id], [MinPeriod], [MaxPeriod], [ImmobilisationType], [Label], [Deleted_Token], [IsDeleted], [TransactionUserId], [Code]) VALUES (5, NULL, NULL, 2, N'Souris', NULL, 0, 0, N'Souris')
INSERT INTO [Immobilisation].[Category] ([Id], [MinPeriod], [MaxPeriod], [ImmobilisationType], [Label], [Deleted_Token], [IsDeleted], [TransactionUserId], [Code]) VALUES (6, NULL, NULL, 2, N'Clavier', NULL, 0, 0, N'Clavier')
INSERT INTO [Immobilisation].[Category] ([Id], [MinPeriod], [MaxPeriod], [ImmobilisationType], [Label], [Deleted_Token], [IsDeleted], [TransactionUserId], [Code]) VALUES (7, NULL, NULL, 2, N'Casque', NULL, 0, 0, N'Casque')
INSERT INTO [Immobilisation].[Category] ([Id], [MinPeriod], [MaxPeriod], [ImmobilisationType], [Label], [Deleted_Token], [IsDeleted], [TransactionUserId], [Code]) VALUES (8, NULL, NULL, 2, N'Vidéo projecteur', NULL, 0, 0, N'Vidéo projecteur')
INSERT INTO [Immobilisation].[Category] ([Id], [MinPeriod], [MaxPeriod], [ImmobilisationType], [Label], [Deleted_Token], [IsDeleted], [TransactionUserId], [Code]) VALUES (9, NULL, NULL, 2, N'Ecran', NULL, 0, 0, N'Ecran')
INSERT INTO [Immobilisation].[Category] ([Id], [MinPeriod], [MaxPeriod], [ImmobilisationType], [Label], [Deleted_Token], [IsDeleted], [TransactionUserId], [Code]) VALUES (10, NULL, NULL, 2, N'Switch', NULL, 0, 0, N'Switch')
INSERT INTO [Immobilisation].[Category] ([Id], [MinPeriod], [MaxPeriod], [ImmobilisationType], [Label], [Deleted_Token], [IsDeleted], [TransactionUserId], [Code]) VALUES (11, NULL, NULL, 2, N'Routeur', NULL, 0, 0, N'Routeur')
INSERT INTO [Immobilisation].[Category] ([Id], [MinPeriod], [MaxPeriod], [ImmobilisationType], [Label], [Deleted_Token], [IsDeleted], [TransactionUserId], [Code]) VALUES (12, NULL, NULL, 2, N'Modem', NULL, 0, 0, N'Modem')
INSERT INTO [Immobilisation].[Category] ([Id], [MinPeriod], [MaxPeriod], [ImmobilisationType], [Label], [Deleted_Token], [IsDeleted], [TransactionUserId], [Code]) VALUES (13, NULL, NULL, 2, N'Serveur', NULL, 0, 0, N'Serveur')
INSERT INTO [Immobilisation].[Category] ([Id], [MinPeriod], [MaxPeriod], [ImmobilisationType], [Label], [Deleted_Token], [IsDeleted], [TransactionUserId], [Code]) VALUES (14, NULL, NULL, 2, N'Firewall', NULL, 0, 0, N'Firewall')
INSERT INTO [Immobilisation].[Category] ([Id], [MinPeriod], [MaxPeriod], [ImmobilisationType], [Label], [Deleted_Token], [IsDeleted], [TransactionUserId], [Code]) VALUES (15, NULL, NULL, 2, N'Onduleur', NULL, 0, 0, N'Onduleur')
INSERT INTO [Immobilisation].[Category] ([Id], [MinPeriod], [MaxPeriod], [ImmobilisationType], [Label], [Deleted_Token], [IsDeleted], [TransactionUserId], [Code]) VALUES (16, NULL, NULL, 2, N'Imprimante', NULL, 0, 0, N'Imprimante')
INSERT INTO [Immobilisation].[Category] ([Id], [MinPeriod], [MaxPeriod], [ImmobilisationType], [Label], [Deleted_Token], [IsDeleted], [TransactionUserId], [Code]) VALUES (17, NULL, NULL, 1, N'Compte Utilisateur', NULL, 0, 0, N'Compte Utilisateur')
SET IDENTITY_INSERT [Immobilisation].[Category] OFF
GO
SET IDENTITY_INSERT [Payroll].[BenefitInKind] ON
INSERT INTO [Payroll].[BenefitInKind] ([Id], [Name], [IdCnss], [Description], [IsDeleted], [TransactionUserId], [Deleted_Token], [Code]) VALUES (3, N'Voiture', 1, N'Voiture à disposition', 0, 0, NULL, N'Voiture')
INSERT INTO [Payroll].[BenefitInKind] ([Id], [Name], [IdCnss], [Description], [IsDeleted], [TransactionUserId], [Deleted_Token], [Code]) VALUES (4, N'Maison', 1, N'Voiture à disposition', 0, 0, NULL, N'Maison')
INSERT INTO [Payroll].[BenefitInKind] ([Id], [Name], [IdCnss], [Description], [IsDeleted], [TransactionUserId], [Deleted_Token], [Code]) VALUES (5, N'Ticket resto', 3, N'', 0, 0, NULL, N'Ticket resto')
INSERT INTO [Payroll].[BenefitInKind] ([Id], [Name], [IdCnss], [Description], [IsDeleted], [TransactionUserId], [Deleted_Token], [Code]) VALUES (6, N'Commission', 1, N'', 0, 0, NULL, N'Commission')
SET IDENTITY_INSERT [Payroll].[BenefitInKind] OFF
GO
SET IDENTITY_INSERT [Payroll].[ContractType] ON
INSERT INTO [Payroll].[ContractType] ([Id], [Description], [IsDeleted], [TransactionUserId], [Deleted_Token], [Code], [MinNoticePeriod], [MaxNoticePeriod], [Label], [CalendarNoticeDays]) VALUES (1, N'Contract à durée déterminée', 0, 1, NULL, N'CDD', 1, 5, N'CDD', 0)
SET IDENTITY_INSERT [Payroll].[ContractType] OFF
GO
SET IDENTITY_INSERT [Payroll].[TeamType] ON
INSERT INTO [Payroll].[TeamType] ([Id], [Code], [Label], [IsDeleted], [TransactionUserId], [Deleted_Token], [Description]) VALUES (1, N'QA', N'QA', 0, 0, NULL, NULL)
INSERT INTO [Payroll].[TeamType] ([Id], [Code], [Label], [IsDeleted], [TransactionUserId], [Deleted_Token], [Description]) VALUES (2, N'RH', N'RH', 0, 0, NULL, NULL)
INSERT INTO [Payroll].[TeamType] ([Id], [Code], [Label], [IsDeleted], [TransactionUserId], [Deleted_Token], [Description]) VALUES (3, N'DEV', N'DEV', 0, 0, NULL, NULL)
INSERT INTO [Payroll].[TeamType] ([Id], [Code], [Label], [IsDeleted], [TransactionUserId], [Deleted_Token], [Description]) VALUES (4, NULL, N'IT', 0, 0, NULL, N'IT')
SET IDENTITY_INSERT [Payroll].[TeamType] OFF
GO
SET IDENTITY_INSERT [Payroll].[Team] ON
INSERT INTO [Payroll].[Team] ([Id], [TeamCode], [Name], [CreationDate], [IsDeleted], [TransactionUserId], [Deleted_Token], [IdDepartment], [IdManager], [State], [NumberOfAffected], [IdTeamType]) VALUES (1, NULL, N'STARK', '20181207', 0, 0, NULL, NULL, 32, 1, 1, 1)
INSERT INTO [Payroll].[Team] ([Id], [TeamCode], [Name], [CreationDate], [IsDeleted], [TransactionUserId], [Deleted_Token], [IdDepartment], [IdManager], [State], [NumberOfAffected], [IdTeamType]) VALUES (2, NULL, N'ADMIN', '20181207', 0, 0, NULL, NULL, 7, 1, 1, 2)
INSERT INTO [Payroll].[Team] ([Id], [TeamCode], [Name], [CreationDate], [IsDeleted], [TransactionUserId], [Deleted_Token], [IdDepartment], [IdManager], [State], [NumberOfAffected], [IdTeamType]) VALUES (3, NULL, N'JAVA', '20181207', 0, 0, NULL, NULL, 39, 1, 1, 3)
SET IDENTITY_INSERT [Payroll].[Team] OFF
GO
SET IDENTITY_INSERT [Payroll].[EmployeeTeam] ON
INSERT INTO [Payroll].[EmployeeTeam] ([Id], [AssignmentDate], [UnassignmentDate], [IdEmployee], [IdTeam], [IsDeleted], [TransactionUserId], [Deleted_Token], [AssignmentPercentage]) VALUES (1, '20181207', NULL, 32, 1, 0, NULL, NULL, 0)
INSERT INTO [Payroll].[EmployeeTeam] ([Id], [AssignmentDate], [UnassignmentDate], [IdEmployee], [IdTeam], [IsDeleted], [TransactionUserId], [Deleted_Token], [AssignmentPercentage]) VALUES (2, '20181207', NULL, 7, 2, 0, NULL, NULL, 0)
INSERT INTO [Payroll].[EmployeeTeam] ([Id], [AssignmentDate], [UnassignmentDate], [IdEmployee], [IdTeam], [IsDeleted], [TransactionUserId], [Deleted_Token], [AssignmentPercentage]) VALUES (3, '20181207', NULL, 39, 3, 0, NULL, NULL, 0)
SET IDENTITY_INSERT [Payroll].[EmployeeTeam] OFF
GO
SET IDENTITY_INSERT [Payroll].[Grade] ON
INSERT INTO [Payroll].[Grade] ([Id], [Designation], [IsDeleted], [TransactionUserId], [Deleted_Token], [Description]) VALUES (3, N'PO', 0, 0, NULL, NULL)
INSERT INTO [Payroll].[Grade] ([Id], [Designation], [IsDeleted], [TransactionUserId], [Deleted_Token], [Description]) VALUES (4, N'Testeur', 0, 0, NULL, NULL)
INSERT INTO [Payroll].[Grade] ([Id], [Designation], [IsDeleted], [TransactionUserId], [Deleted_Token], [Description]) VALUES (5, N'Responsable QA', 0, 0, NULL, NULL)
INSERT INTO [Payroll].[Grade] ([Id], [Designation], [IsDeleted], [TransactionUserId], [Deleted_Token], [Description]) VALUES (6, N'Architecte', 0, 0, NULL, NULL)
INSERT INTO [Payroll].[Grade] ([Id], [Designation], [IsDeleted], [TransactionUserId], [Deleted_Token], [Description]) VALUES (7, N'Directeur', 0, 0, NULL, NULL)
SET IDENTITY_INSERT [Payroll].[Grade] OFF

ALTER TABLE [Payroll].[SalaryRuleValidityPeriod]
    ADD CONSTRAINT [FK_SalaryRuleValidityPeriod_SalaryRule] FOREIGN KEY ([IdSalaryRule]) REFERENCES [Payroll].[SalaryRule] ([Id])
ALTER TABLE [Payroll].[EmployeeTeam]
    ADD CONSTRAINT [FK_EmployeeTeam_Employee] FOREIGN KEY ([IdEmployee]) REFERENCES [Payroll].[Employee] ([Id])
ALTER TABLE [Payroll].[EmployeeTeam]
    ADD CONSTRAINT [FK_EmployeeTeam_Team] FOREIGN KEY ([IdTeam]) REFERENCES [Payroll].[Team] ([Id]) ON DELETE CASCADE
ALTER TABLE [Payroll].[Team]
    ADD CONSTRAINT [FK_Team_TeamType] FOREIGN KEY ([IdTeamType]) REFERENCES [Payroll].[TeamType] ([Id]) ON DELETE CASCADE
ALTER TABLE [Payroll].[Team]
    ADD CONSTRAINT [FK_Team_Department] FOREIGN KEY ([IdDepartment]) REFERENCES [Payroll].[Department] ([Id])
ALTER TABLE [Payroll].[Team]
    ADD CONSTRAINT [FK_Team_Employee] FOREIGN KEY ([IdManager]) REFERENCES [Payroll].[Employee] ([Id])
ALTER TABLE [Payroll].[BenefitInKind]
    ADD CONSTRAINT [FK_BenefitInKind_Cnss] FOREIGN KEY ([IdCnss]) REFERENCES [Payroll].[Cnss] ([Id])
ALTER TABLE [Payroll].[SalaryRule]
    ADD CONSTRAINT [FK_SalaryRule_RuleUniqueReference] FOREIGN KEY ([IdRuleUniqueReference]) REFERENCES [Payroll].[RuleUniqueReference] ([Id])
ALTER TABLE [Payroll].[SalaryRule]
    ADD CONSTRAINT [FK_SalaryRule_ContributionRegister] FOREIGN KEY ([IdContributionRegister]) REFERENCES [Payroll].[ContributionRegister] ([Id])
ALTER TABLE [Immobilisation].[Active]
    ADD CONSTRAINT [FK_Active_DocumentLine1] FOREIGN KEY ([IdDocumentLine]) REFERENCES [Sales].[DocumentLine] ([Id]) ON DELETE CASCADE ON UPDATE CASCADE
ALTER TABLE [Immobilisation].[Active]
    ADD CONSTRAINT [FK_Active_Warehouse] FOREIGN KEY ([IdWarehouse]) REFERENCES [Inventory].[Warehouse] ([Id])
ALTER TABLE [Immobilisation].[Active]
    ADD CONSTRAINT [FK_Active_Category1] FOREIGN KEY ([IdCategory]) REFERENCES [Immobilisation].[Category] ([Id])
ALTER TABLE [Payroll].[ContractBonus]
    ADD CONSTRAINT [FK_Contract_Bonus_Contract] FOREIGN KEY ([IdContract]) REFERENCES [Payroll].[Contract] ([Id]) ON DELETE CASCADE ON UPDATE CASCADE
ALTER TABLE [Payroll].[ContractBonus]
    ADD CONSTRAINT [FK_Contract_Bonus_Bonus] FOREIGN KEY ([IdBonus]) REFERENCES [Payroll].[Bonus] ([Id]) ON DELETE CASCADE ON UPDATE CASCADE
ALTER TABLE [Payroll].[BaseSalary]
    ADD CONSTRAINT [FK_BaseSalary_Contract] FOREIGN KEY ([IdContract]) REFERENCES [Payroll].[Contract] ([Id]) ON DELETE CASCADE
ALTER TABLE [Payroll].[Contract]
    ADD CONSTRAINT [FK_Contract_ContractType] FOREIGN KEY ([IdContractType]) REFERENCES [Payroll].[ContractType] ([Id])
ALTER TABLE [Payroll].[Contract]
    ADD CONSTRAINT [FK_Contract_Employee] FOREIGN KEY ([IdEmployee]) REFERENCES [Payroll].[Employee] ([Id]) ON DELETE CASCADE
ALTER TABLE [Payroll].[Contract]
    ADD CONSTRAINT [FK_Contract_Cnss] FOREIGN KEY ([IdCnss]) REFERENCES [Payroll].[Cnss] ([Id])
ALTER TABLE [Payroll].[Contract]
    ADD CONSTRAINT [FK_Contract_SalaryStructure] FOREIGN KEY ([IdSalaryStructure]) REFERENCES [Payroll].[SalaryStructure] ([Id])
ALTER TABLE [Payroll].[SalaryStructureSalaryRule]
    ADD CONSTRAINT [FK_SalaryStructureRule_Rule] FOREIGN KEY ([IdSalaryRule]) REFERENCES [Payroll].[SalaryRule] ([Id])
ALTER TABLE [Payroll].[SalaryStructureSalaryRule]
    ADD CONSTRAINT [FK_SalaryStructureRule_Structure] FOREIGN KEY ([IdSalaryStructure]) REFERENCES [Payroll].[SalaryStructure] ([Id])
ALTER TABLE [Payroll].[Skills]
    ADD CONSTRAINT [FK_Family_Skills] FOREIGN KEY ([Id_Family]) REFERENCES [Payroll].[SkillsFamily] ([Id])
ALTER TABLE [Payroll].[Employee]
    ADD CONSTRAINT [FK_Employee_City] FOREIGN KEY ([IdCity]) REFERENCES [Shared].[City] ([Id])
ALTER TABLE [Payroll].[Employee]
    ADD CONSTRAINT [FK_Employee_Country] FOREIGN KEY ([IdCountry]) REFERENCES [Shared].[Country] ([Id])
ALTER TABLE [Payroll].[Employee]
    ADD CONSTRAINT [FK_Employee_Grade] FOREIGN KEY ([IdGrade]) REFERENCES [Payroll].[Grade] ([Id])
ALTER TABLE [Payroll].[Employee]
    ADD CONSTRAINT [FK_Employee_UpperHierarchy] FOREIGN KEY ([IdUpperHierarchy]) REFERENCES [Payroll].[Employee] ([Id])
ALTER TABLE [Payroll].[Employee]
    ADD CONSTRAINT [FK_Employee_Team] FOREIGN KEY ([IdTeam]) REFERENCES [Payroll].[Team] ([Id])
ALTER TABLE [Payroll].[Employee]
    ADD CONSTRAINT [FK_Employee_Citizenship] FOREIGN KEY ([IdCitizenship]) REFERENCES [Shared].[Country] ([Id])
ALTER TABLE [Payroll].[Employee]
    ADD CONSTRAINT [FK_Employee_PaymentType] FOREIGN KEY ([IdPaymentType]) REFERENCES [Payment].[PaymentType] ([Id])
ALTER TABLE [Payroll].[Employee]
    ADD CONSTRAINT [FK_Employee_Office] FOREIGN KEY ([IdOffice]) REFERENCES [Shared].[Office] ([Id])
COMMIT TRANSACTION

BEGIN TRANSACTION
GO
INSERT INTO [Shared].[GeneralSettings] ([Id], [Keys], [Field], [Value], [Description], [IsDeleted], [Deleted_Token]) VALUES (1, N'ReviewManagerSetting', N'Administration', N'1', NULL, 0, NULL)
INSERT INTO [Shared].[GeneralSettings] ([Id], [Keys], [Field], [Value], [Description], [IsDeleted], [Deleted_Token]) VALUES (2, N'ReviewManagerSetting', N'TeamManager', N'2', NULL, 0, NULL)
INSERT INTO [Shared].[GeneralSettings] ([Id], [Keys], [Field], [Value], [Description], [IsDeleted], [Deleted_Token]) VALUES (3, N'ReviewManagerSetting', N'Superior', N'3', NULL, 0, NULL)
INSERT INTO [Shared].[GeneralSettings] ([Id], [Keys], [Field], [Value], [Description], [IsDeleted], [Deleted_Token]) VALUES (4, N'ReviewManagerSetting', N'SuperiorLevel', N'1', NULL, 0, NULL)
COMMIT TRANSACTION

--- adding missing users and employees
UPDATE [ERPSettings].[User] SET [IdEmployee]=43 WHERE [Id]=5
UPDATE [ERPSettings].[User] SET [FirstName]=N'sleh', [LastName]=N'eddine', [Email]=N'seddine@spark-it.fr', [IdEmployee]=19 WHERE [Id]=7
UPDATE [Payroll].[Employee] SET [HiringDate]='20180101' WHERE [Id]=1
UPDATE [Payroll].[Employee] SET [HiringDate]='20180123' WHERE [Id]=2
UPDATE [Payroll].[Employee] SET [HiringDate]='20180202' WHERE [Id]=3
UPDATE [Payroll].[Employee] SET [HiringDate]='20180202' WHERE [Id]=4
UPDATE [Payroll].[Employee] SET [HiringDate]='20180323' WHERE [Id]=5
UPDATE [Payroll].[Employee] SET [HiringDate]='20180304' WHERE [Id]=6
UPDATE [Payroll].[Employee] SET [HiringDate]='20180423' WHERE [Id]=7
UPDATE [Payroll].[Employee] SET [HiringDate]='20180402' WHERE [Id]=8
UPDATE [Payroll].[Employee] SET [HiringDate]='20180523' WHERE [Id]=10
UPDATE [Payroll].[Employee] SET [HiringDate]='20180502' WHERE [Id]=11
UPDATE [Payroll].[Employee] SET [HiringDate]='20180623' WHERE [Id]=12
UPDATE [Payroll].[Employee] SET [HiringDate]='20180602' WHERE [Id]=13
UPDATE [Payroll].[Employee] SET [HiringDate]='20180723' WHERE [Id]=14
UPDATE [Payroll].[Employee] SET [HiringDate]='20180702' WHERE [Id]=15
UPDATE [Payroll].[Employee] SET [HiringDate]='20180823' WHERE [Id]=16
UPDATE [Payroll].[Employee] SET [HiringDate]='20180802' WHERE [Id]=17
UPDATE [Payroll].[Employee] SET [HiringDate]='20180923' WHERE [Id]=18
UPDATE [Payroll].[Employee] SET [HiringDate]='20180902' WHERE [Id]=19
UPDATE [Payroll].[Employee] SET [HiringDate]='20181002' WHERE [Id]=21
UPDATE [Payroll].[Employee] SET [HiringDate]='20181123' WHERE [Id]=22
UPDATE [Payroll].[Employee] SET [HiringDate]='20181102' WHERE [Id]=23
UPDATE [Payroll].[Employee] SET [HiringDate]='20181223' WHERE [Id]=24
UPDATE [Payroll].[Employee] SET [HiringDate]='20181202' WHERE [Id]=25
SET IDENTITY_INSERT [ERPSettings].[User] ON
INSERT INTO [ERPSettings].[User] ([Id], [FirstName], [LastName], [Login], [Password], [Token], [Phone], [WorkPhone], [MobilePhone], [Email], [Birthday], [Picture], [IsDeleted], [TransactionUserId], [Deleted_Token], [IdUserParent], [Lang], [IdEmployee], [IsBToB], [IdTiers], [Role]) VALUES (10, N'Hamdi', N'Afrit', NULL, N'9fd3ce560c85f097b2be8784844ad05da15132cfe1f1696e3e220f4a79cde33c9972dbe2aa750775b053ed12c723969f13e880ac66199a02e4d368b38cbdaeb8', NULL, NULL, NULL, NULL, N'hafrit@spark-it.fr', NULL, NULL, 0, 0, NULL, NULL, N'en', 3, NULL, NULL, NULL)
INSERT INTO [ERPSettings].[User] ([Id], [FirstName], [LastName], [Login], [Password], [Token], [Phone], [WorkPhone], [MobilePhone], [Email], [Birthday], [Picture], [IsDeleted], [TransactionUserId], [Deleted_Token], [IdUserParent], [Lang], [IdEmployee], [IsBToB], [IdTiers], [Role]) VALUES (11, N'Jihed', N'Haj Ali', NULL, N'9fd3ce560c85f097b2be8784844ad05da15132cfe1f1696e3e220f4a79cde33c9972dbe2aa750775b053ed12c723969f13e880ac66199a02e4d368b38cbdaeb8', NULL, NULL, NULL, NULL, N'jhajali@spark-it.fr', NULL, NULL, 0, 0, NULL, NULL, N'fr', 4, NULL, NULL, NULL)
INSERT INTO [ERPSettings].[User] ([Id], [FirstName], [LastName], [Login], [Password], [Token], [Phone], [WorkPhone], [MobilePhone], [Email], [Birthday], [Picture], [IsDeleted], [TransactionUserId], [Deleted_Token], [IdUserParent], [Lang], [IdEmployee], [IsBToB], [IdTiers], [Role]) VALUES (12, N'Fatma', N'Abdelhedi', NULL, N'9fd3ce560c85f097b2be8784844ad05da15132cfe1f1696e3e220f4a79cde33c9972dbe2aa750775b053ed12c723969f13e880ac66199a02e4d368b38cbdaeb8', NULL, NULL, NULL, NULL, N'fabdelhedi@spark-it.fr', NULL, NULL, 0, 0, NULL, NULL, N'fr', 1, NULL, NULL, NULL)
INSERT INTO [ERPSettings].[User] ([Id], [FirstName], [LastName], [Login], [Password], [Token], [Phone], [WorkPhone], [MobilePhone], [Email], [Birthday], [Picture], [IsDeleted], [TransactionUserId], [Deleted_Token], [IdUserParent], [Lang], [IdEmployee], [IsBToB], [IdTiers], [Role]) VALUES (13, N'Wael', N'Ben amar', NULL, N'9fd3ce560c85f097b2be8784844ad05da15132cfe1f1696e3e220f4a79cde33c9972dbe2aa750775b053ed12c723969f13e880ac66199a02e4d368b38cbdaeb8', NULL, NULL, NULL, NULL, N'wbenamar@spark-it.fr', NULL, NULL, 0, 0, NULL, NULL, N'fr', 2, NULL, NULL, NULL)
INSERT INTO [ERPSettings].[User] ([Id], [FirstName], [LastName], [Login], [Password], [Token], [Phone], [WorkPhone], [MobilePhone], [Email], [Birthday], [Picture], [IsDeleted], [TransactionUserId], [Deleted_Token], [IdUserParent], [Lang], [IdEmployee], [IsBToB], [IdTiers], [Role]) VALUES (14, N'Fadi', N'Idoudi', NULL, N'9fd3ce560c85f097b2be8784844ad05da15132cfe1f1696e3e220f4a79cde33c9972dbe2aa750775b053ed12c723969f13e880ac66199a02e4d368b38cbdaeb8', NULL, NULL, NULL, NULL, N'fidoudi@spark-it.fr', NULL, NULL, 0, 0, NULL, NULL, N'en', 49, NULL, NULL, NULL)
INSERT INTO [ERPSettings].[User] ([Id], [FirstName], [LastName], [Login], [Password], [Token], [Phone], [WorkPhone], [MobilePhone], [Email], [Birthday], [Picture], [IsDeleted], [TransactionUserId], [Deleted_Token], [IdUserParent], [Lang], [IdEmployee], [IsBToB], [IdTiers], [Role]) VALUES (16, N'Houda', N'Atallah', NULL, N'9fd3ce560c85f097b2be8784844ad05da15132cfe1f1696e3e220f4a79cde33c9972dbe2aa750775b053ed12c723969f13e880ac66199a02e4d368b38cbdaeb8', NULL, NULL, NULL, NULL, N'hatallah@spark-it.fr', NULL, NULL, 0, 0, NULL, NULL, N'en', 48, NULL, NULL, NULL)
INSERT INTO [ERPSettings].[User] ([Id], [FirstName], [LastName], [Login], [Password], [Token], [Phone], [WorkPhone], [MobilePhone], [Email], [Birthday], [Picture], [IsDeleted], [TransactionUserId], [Deleted_Token], [IdUserParent], [Lang], [IdEmployee], [IsBToB], [IdTiers], [Role]) VALUES (17, N'Foued', N'Tomzini', NULL, N'9fd3ce560c85f097b2be8784844ad05da15132cfe1f1696e3e220f4a79cde33c9972dbe2aa750775b053ed12c723969f13e880ac66199a02e4d368b38cbdaeb8', NULL, NULL, NULL, NULL, N'ftomzini@spark-it.fr', NULL, NULL, 0, 0, NULL, NULL, N'en', 5, NULL, NULL, NULL)
INSERT INTO [ERPSettings].[User] ([Id], [FirstName], [LastName], [Login], [Password], [Token], [Phone], [WorkPhone], [MobilePhone], [Email], [Birthday], [Picture], [IsDeleted], [TransactionUserId], [Deleted_Token], [IdUserParent], [Lang], [IdEmployee], [IsBToB], [IdTiers], [Role]) VALUES (19, N'Hammadi', N'Chaabani', NULL, N'9fd3ce560c85f097b2be8784844ad05da15132cfe1f1696e3e220f4a79cde33c9972dbe2aa750775b053ed12c723969f13e880ac66199a02e4d368b38cbdaeb8', NULL, NULL, NULL, NULL, N'hchaabani@spark-it.fr', NULL, NULL, 0, 0, NULL, NULL, N'en', 6, NULL, NULL, NULL)
INSERT INTO [ERPSettings].[User] ([Id], [FirstName], [LastName], [Login], [Password], [Token], [Phone], [WorkPhone], [MobilePhone], [Email], [Birthday], [Picture], [IsDeleted], [TransactionUserId], [Deleted_Token], [IdUserParent], [Lang], [IdEmployee], [IsBToB], [IdTiers], [Role]) VALUES (23, N'Narcisse', N'GAGOBA', NULL, N'9fd3ce560c85f097b2be8784844ad05da15132cfe1f1696e3e220f4a79cde33c9972dbe2aa750775b053ed12c723969f13e880ac66199a02e4d368b38cbdaeb8', NULL, NULL, NULL, NULL, N'ngagoba@spark-it.fr', NULL, NULL, 0, NULL, NULL, NULL, NULL, 8, NULL, NULL, NULL)
INSERT INTO [ERPSettings].[User] ([Id], [FirstName], [LastName], [Login], [Password], [Token], [Phone], [WorkPhone], [MobilePhone], [Email], [Birthday], [Picture], [IsDeleted], [TransactionUserId], [Deleted_Token], [IdUserParent], [Lang], [IdEmployee], [IsBToB], [IdTiers], [Role]) VALUES (24, N'Anis', N'JRIBI', NULL, N'9fd3ce560c85f097b2be8784844ad05da15132cfe1f1696e3e220f4a79cde33c9972dbe2aa750775b053ed12c723969f13e880ac66199a02e4d368b38cbdaeb8', NULL, NULL, NULL, NULL, N'ajribi@spark-it.fr', NULL, NULL, 0, NULL, NULL, NULL, NULL, 10, NULL, NULL, NULL)
INSERT INTO [ERPSettings].[User] ([Id], [FirstName], [LastName], [Login], [Password], [Token], [Phone], [WorkPhone], [MobilePhone], [Email], [Birthday], [Picture], [IsDeleted], [TransactionUserId], [Deleted_Token], [IdUserParent], [Lang], [IdEmployee], [IsBToB], [IdTiers], [Role]) VALUES (25, N'Mohamed', N'KHARRAT', NULL, N'9fd3ce560c85f097b2be8784844ad05da15132cfe1f1696e3e220f4a79cde33c9972dbe2aa750775b053ed12c723969f13e880ac66199a02e4d368b38cbdaeb8', NULL, NULL, NULL, NULL, N'mkharrat@spark-it.fr', NULL, NULL, 0, NULL, NULL, NULL, NULL, 11, NULL, NULL, NULL)
INSERT INTO [ERPSettings].[User] ([Id], [FirstName], [LastName], [Login], [Password], [Token], [Phone], [WorkPhone], [MobilePhone], [Email], [Birthday], [Picture], [IsDeleted], [TransactionUserId], [Deleted_Token], [IdUserParent], [Lang], [IdEmployee], [IsBToB], [IdTiers], [Role]) VALUES (26, N'Mokhtar', N'GHOZZI', NULL, N'9fd3ce560c85f097b2be8784844ad05da15132cfe1f1696e3e220f4a79cde33c9972dbe2aa750775b053ed12c723969f13e880ac66199a02e4d368b38cbdaeb8', NULL, NULL, NULL, NULL, N'mghozzi@spark-it.fr', NULL, NULL, 0, NULL, NULL, NULL, NULL, 12, NULL, NULL, NULL)
INSERT INTO [ERPSettings].[User] ([Id], [FirstName], [LastName], [Login], [Password], [Token], [Phone], [WorkPhone], [MobilePhone], [Email], [Birthday], [Picture], [IsDeleted], [TransactionUserId], [Deleted_Token], [IdUserParent], [Lang], [IdEmployee], [IsBToB], [IdTiers], [Role]) VALUES (27, N'Abdellatif', N'ELLOUZE', NULL, N'9fd3ce560c85f097b2be8784844ad05da15132cfe1f1696e3e220f4a79cde33c9972dbe2aa750775b053ed12c723969f13e880ac66199a02e4d368b38cbdaeb8', NULL, NULL, NULL, NULL, N'aellouze@spark-it.fr', NULL, NULL, 0, NULL, NULL, NULL, NULL, 13, NULL, NULL, NULL)
INSERT INTO [ERPSettings].[User] ([Id], [FirstName], [LastName], [Login], [Password], [Token], [Phone], [WorkPhone], [MobilePhone], [Email], [Birthday], [Picture], [IsDeleted], [TransactionUserId], [Deleted_Token], [IdUserParent], [Lang], [IdEmployee], [IsBToB], [IdTiers], [Role]) VALUES (28, N'Brahim', N'MAHJOUB', NULL, N'9fd3ce560c85f097b2be8784844ad05da15132cfe1f1696e3e220f4a79cde33c9972dbe2aa750775b053ed12c723969f13e880ac66199a02e4d368b38cbdaeb8', NULL, NULL, NULL, NULL, N'bmahjoub@spark-it.fr', NULL, NULL, 0, NULL, NULL, NULL, NULL, 14, NULL, NULL, NULL)
INSERT INTO [ERPSettings].[User] ([Id], [FirstName], [LastName], [Login], [Password], [Token], [Phone], [WorkPhone], [MobilePhone], [Email], [Birthday], [Picture], [IsDeleted], [TransactionUserId], [Deleted_Token], [IdUserParent], [Lang], [IdEmployee], [IsBToB], [IdTiers], [Role]) VALUES (29, N'Jaber', N'NASRI', NULL, N'9fd3ce560c85f097b2be8784844ad05da15132cfe1f1696e3e220f4a79cde33c9972dbe2aa750775b053ed12c723969f13e880ac66199a02e4d368b38cbdaeb8', NULL, NULL, NULL, NULL, N'jnasri@spark-it.fr', NULL, NULL, 0, NULL, NULL, NULL, NULL, 15, NULL, NULL, NULL)
INSERT INTO [ERPSettings].[User] ([Id], [FirstName], [LastName], [Login], [Password], [Token], [Phone], [WorkPhone], [MobilePhone], [Email], [Birthday], [Picture], [IsDeleted], [TransactionUserId], [Deleted_Token], [IdUserParent], [Lang], [IdEmployee], [IsBToB], [IdTiers], [Role]) VALUES (30, N'Ibrahim', N'BEN MUSTAPHA', NULL, N'9fd3ce560c85f097b2be8784844ad05da15132cfe1f1696e3e220f4a79cde33c9972dbe2aa750775b053ed12c723969f13e880ac66199a02e4d368b38cbdaeb8', NULL, NULL, NULL, NULL, N'ibenmustapha@spark-it.fr', NULL, NULL, 0, NULL, NULL, NULL, NULL, 16, NULL, NULL, NULL)
INSERT INTO [ERPSettings].[User] ([Id], [FirstName], [LastName], [Login], [Password], [Token], [Phone], [WorkPhone], [MobilePhone], [Email], [Birthday], [Picture], [IsDeleted], [TransactionUserId], [Deleted_Token], [IdUserParent], [Lang], [IdEmployee], [IsBToB], [IdTiers], [Role]) VALUES (31, N'Ibrahim', N'SALAH', NULL, N'9fd3ce560c85f097b2be8784844ad05da15132cfe1f1696e3e220f4a79cde33c9972dbe2aa750775b053ed12c723969f13e880ac66199a02e4d368b38cbdaeb8', NULL, NULL, NULL, NULL, N'bsalah@spark-it.fr', NULL, NULL, 0, NULL, NULL, NULL, NULL, 17, NULL, NULL, NULL)
INSERT INTO [ERPSettings].[User] ([Id], [FirstName], [LastName], [Login], [Password], [Token], [Phone], [WorkPhone], [MobilePhone], [Email], [Birthday], [Picture], [IsDeleted], [TransactionUserId], [Deleted_Token], [IdUserParent], [Lang], [IdEmployee], [IsBToB], [IdTiers], [Role]) VALUES (32, N'Mohamed', N'OMRI', NULL, N'9fd3ce560c85f097b2be8784844ad05da15132cfe1f1696e3e220f4a79cde33c9972dbe2aa750775b053ed12c723969f13e880ac66199a02e4d368b38cbdaeb8', NULL, NULL, NULL, NULL, N'momri@spark-it.fr', NULL, NULL, 0, NULL, NULL, NULL, NULL, 18, NULL, NULL, NULL)
INSERT INTO [ERPSettings].[User] ([Id], [FirstName], [LastName], [Login], [Password], [Token], [Phone], [WorkPhone], [MobilePhone], [Email], [Birthday], [Picture], [IsDeleted], [TransactionUserId], [Deleted_Token], [IdUserParent], [Lang], [IdEmployee], [IsBToB], [IdTiers], [Role]) VALUES (33, N'Sleh Eddine', N'ABD ELKEFI', NULL, N'9fd3ce560c85f097b2be8784844ad05da15132cfe1f1696e3e220f4a79cde33c9972dbe2aa750775b053ed12c723969f13e880ac66199a02e4d368b38cbdaeb8', NULL, NULL, NULL, NULL, N'sabdelkefi@spark-it.fr', NULL, NULL, 0, NULL, NULL, NULL, NULL, 19, NULL, NULL, NULL)
INSERT INTO [ERPSettings].[User] ([Id], [FirstName], [LastName], [Login], [Password], [Token], [Phone], [WorkPhone], [MobilePhone], [Email], [Birthday], [Picture], [IsDeleted], [TransactionUserId], [Deleted_Token], [IdUserParent], [Lang], [IdEmployee], [IsBToB], [IdTiers], [Role]) VALUES (34, N'Amin', N'AROUS', NULL, N'9fd3ce560c85f097b2be8784844ad05da15132cfe1f1696e3e220f4a79cde33c9972dbe2aa750775b053ed12c723969f13e880ac66199a02e4d368b38cbdaeb8', NULL, NULL, NULL, NULL, N'aarous@spark-it.fr', NULL, NULL, 0, NULL, NULL, NULL, NULL, 20, NULL, NULL, NULL)
INSERT INTO [ERPSettings].[User] ([Id], [FirstName], [LastName], [Login], [Password], [Token], [Phone], [WorkPhone], [MobilePhone], [Email], [Birthday], [Picture], [IsDeleted], [TransactionUserId], [Deleted_Token], [IdUserParent], [Lang], [IdEmployee], [IsBToB], [IdTiers], [Role]) VALUES (35, N'Belgacem', N'MUSTAPHA', NULL, N'9fd3ce560c85f097b2be8784844ad05da15132cfe1f1696e3e220f4a79cde33c9972dbe2aa750775b053ed12c723969f13e880ac66199a02e4d368b38cbdaeb8', NULL, NULL, NULL, NULL, N'bmustapha@spark-it.fr', NULL, NULL, 0, NULL, NULL, NULL, NULL, 21, NULL, NULL, NULL)
INSERT INTO [ERPSettings].[User] ([Id], [FirstName], [LastName], [Login], [Password], [Token], [Phone], [WorkPhone], [MobilePhone], [Email], [Birthday], [Picture], [IsDeleted], [TransactionUserId], [Deleted_Token], [IdUserParent], [Lang], [IdEmployee], [IsBToB], [IdTiers], [Role]) VALUES (36, N'Hassen', N'MEKKI', NULL, N'9fd3ce560c85f097b2be8784844ad05da15132cfe1f1696e3e220f4a79cde33c9972dbe2aa750775b053ed12c723969f13e880ac66199a02e4d368b38cbdaeb8', NULL, NULL, NULL, NULL, N'hmekki@spark-it.fr', NULL, NULL, 0, NULL, NULL, NULL, NULL, 22, NULL, NULL, NULL)
INSERT INTO [ERPSettings].[User] ([Id], [FirstName], [LastName], [Login], [Password], [Token], [Phone], [WorkPhone], [MobilePhone], [Email], [Birthday], [Picture], [IsDeleted], [TransactionUserId], [Deleted_Token], [IdUserParent], [Lang], [IdEmployee], [IsBToB], [IdTiers], [Role]) VALUES (37, N'Abdelmalek', N'TROUDI', NULL, N'9fd3ce560c85f097b2be8784844ad05da15132cfe1f1696e3e220f4a79cde33c9972dbe2aa750775b053ed12c723969f13e880ac66199a02e4d368b38cbdaeb8', NULL, NULL, NULL, NULL, N'amtroudi@spark-it.fr', NULL, NULL, 0, NULL, NULL, NULL, NULL, 23, NULL, NULL, NULL)
INSERT INTO [ERPSettings].[User] ([Id], [FirstName], [LastName], [Login], [Password], [Token], [Phone], [WorkPhone], [MobilePhone], [Email], [Birthday], [Picture], [IsDeleted], [TransactionUserId], [Deleted_Token], [IdUserParent], [Lang], [IdEmployee], [IsBToB], [IdTiers], [Role]) VALUES (38, N'Abdessatar', N'BOUCHELLIGA', NULL, N'9fd3ce560c85f097b2be8784844ad05da15132cfe1f1696e3e220f4a79cde33c9972dbe2aa750775b053ed12c723969f13e880ac66199a02e4d368b38cbdaeb8', NULL, NULL, NULL, NULL, N'abouchelliga@spark-it.fr', NULL, NULL, 0, NULL, NULL, NULL, NULL, 24, NULL, NULL, NULL)
INSERT INTO [ERPSettings].[User] ([Id], [FirstName], [LastName], [Login], [Password], [Token], [Phone], [WorkPhone], [MobilePhone], [Email], [Birthday], [Picture], [IsDeleted], [TransactionUserId], [Deleted_Token], [IdUserParent], [Lang], [IdEmployee], [IsBToB], [IdTiers], [Role]) VALUES (39, N'Ahmed', N'CHEBBI', NULL, N'9fd3ce560c85f097b2be8784844ad05da15132cfe1f1696e3e220f4a79cde33c9972dbe2aa750775b053ed12c723969f13e880ac66199a02e4d368b38cbdaeb8', NULL, NULL, NULL, NULL, N'achebbi@spark-it.fr', NULL, NULL, 0, NULL, NULL, NULL, NULL, 25, NULL, NULL, NULL)
INSERT INTO [ERPSettings].[User] ([Id], [FirstName], [LastName], [Login], [Password], [Token], [Phone], [WorkPhone], [MobilePhone], [Email], [Birthday], [Picture], [IsDeleted], [TransactionUserId], [Deleted_Token], [IdUserParent], [Lang], [IdEmployee], [IsBToB], [IdTiers], [Role]) VALUES (40, N'Boubker', N'ECHIEB', NULL, N'9fd3ce560c85f097b2be8784844ad05da15132cfe1f1696e3e220f4a79cde33c9972dbe2aa750775b053ed12c723969f13e880ac66199a02e4d368b38cbdaeb8', NULL, NULL, NULL, NULL, N'bechieb@spark-it.fr', NULL, NULL, 0, NULL, NULL, NULL, NULL, 26, NULL, NULL, NULL)
INSERT INTO [ERPSettings].[User] ([Id], [FirstName], [LastName], [Login], [Password], [Token], [Phone], [WorkPhone], [MobilePhone], [Email], [Birthday], [Picture], [IsDeleted], [TransactionUserId], [Deleted_Token], [IdUserParent], [Lang], [IdEmployee], [IsBToB], [IdTiers], [Role]) VALUES (41, N'Hassana', N'DIALLO', NULL, N'9fd3ce560c85f097b2be8784844ad05da15132cfe1f1696e3e220f4a79cde33c9972dbe2aa750775b053ed12c723969f13e880ac66199a02e4d368b38cbdaeb8', NULL, NULL, NULL, NULL, N'hdiallo@spark-it.fr', NULL, NULL, 0, NULL, NULL, NULL, NULL, 27, NULL, NULL, NULL)
INSERT INTO [ERPSettings].[User] ([Id], [FirstName], [LastName], [Login], [Password], [Token], [Phone], [WorkPhone], [MobilePhone], [Email], [Birthday], [Picture], [IsDeleted], [TransactionUserId], [Deleted_Token], [IdUserParent], [Lang], [IdEmployee], [IsBToB], [IdTiers], [Role]) VALUES (42, N'Douraid', N'TLILI', NULL, N'9fd3ce560c85f097b2be8784844ad05da15132cfe1f1696e3e220f4a79cde33c9972dbe2aa750775b053ed12c723969f13e880ac66199a02e4d368b38cbdaeb8', NULL, NULL, NULL, NULL, N'dtlili@spark-it.fr', NULL, NULL, 0, NULL, NULL, NULL, NULL, 28, NULL, NULL, NULL)
INSERT INTO [ERPSettings].[User] ([Id], [FirstName], [LastName], [Login], [Password], [Token], [Phone], [WorkPhone], [MobilePhone], [Email], [Birthday], [Picture], [IsDeleted], [TransactionUserId], [Deleted_Token], [IdUserParent], [Lang], [IdEmployee], [IsBToB], [IdTiers], [Role]) VALUES (43, N'Ghada', N'GHRIBI', NULL, N'9fd3ce560c85f097b2be8784844ad05da15132cfe1f1696e3e220f4a79cde33c9972dbe2aa750775b053ed12c723969f13e880ac66199a02e4d368b38cbdaeb8', NULL, NULL, NULL, NULL, N'gghribi@spark-it.fr', NULL, NULL, 0, NULL, NULL, NULL, NULL, 29, NULL, NULL, NULL)
INSERT INTO [ERPSettings].[User] ([Id], [FirstName], [LastName], [Login], [Password], [Token], [Phone], [WorkPhone], [MobilePhone], [Email], [Birthday], [Picture], [IsDeleted], [TransactionUserId], [Deleted_Token], [IdUserParent], [Lang], [IdEmployee], [IsBToB], [IdTiers], [Role]) VALUES (44, N'Haitham', N'ABID', NULL, N'9fd3ce560c85f097b2be8784844ad05da15132cfe1f1696e3e220f4a79cde33c9972dbe2aa750775b053ed12c723969f13e880ac66199a02e4d368b38cbdaeb8', NULL, NULL, NULL, NULL, N'habid@spark-it.fr', NULL, NULL, 0, NULL, NULL, NULL, NULL, 30, NULL, NULL, NULL)
INSERT INTO [ERPSettings].[User] ([Id], [FirstName], [LastName], [Login], [Password], [Token], [Phone], [WorkPhone], [MobilePhone], [Email], [Birthday], [Picture], [IsDeleted], [TransactionUserId], [Deleted_Token], [IdUserParent], [Lang], [IdEmployee], [IsBToB], [IdTiers], [Role]) VALUES (45, N'Hamdy', N'SDIRI', NULL, N'9fd3ce560c85f097b2be8784844ad05da15132cfe1f1696e3e220f4a79cde33c9972dbe2aa750775b053ed12c723969f13e880ac66199a02e4d368b38cbdaeb8', NULL, NULL, NULL, NULL, N'hsdiri@spark-it.fr', NULL, NULL, 0, NULL, NULL, NULL, NULL, 31, NULL, NULL, NULL)
INSERT INTO [ERPSettings].[User] ([Id], [FirstName], [LastName], [Login], [Password], [Token], [Phone], [WorkPhone], [MobilePhone], [Email], [Birthday], [Picture], [IsDeleted], [TransactionUserId], [Deleted_Token], [IdUserParent], [Lang], [IdEmployee], [IsBToB], [IdTiers], [Role]) VALUES (46, N'Karim', N'SOUISSI', NULL, N'9fd3ce560c85f097b2be8784844ad05da15132cfe1f1696e3e220f4a79cde33c9972dbe2aa750775b053ed12c723969f13e880ac66199a02e4d368b38cbdaeb8', NULL, NULL, NULL, NULL, N'ksouissi@spark-it.fr', NULL, NULL, 0, NULL, NULL, NULL, NULL, 33, NULL, NULL, NULL)
INSERT INTO [ERPSettings].[User] ([Id], [FirstName], [LastName], [Login], [Password], [Token], [Phone], [WorkPhone], [MobilePhone], [Email], [Birthday], [Picture], [IsDeleted], [TransactionUserId], [Deleted_Token], [IdUserParent], [Lang], [IdEmployee], [IsBToB], [IdTiers], [Role]) VALUES (47, N'Mohamed Ali', N'BRADAI', NULL, N'9fd3ce560c85f097b2be8784844ad05da15132cfe1f1696e3e220f4a79cde33c9972dbe2aa750775b053ed12c723969f13e880ac66199a02e4d368b38cbdaeb8', NULL, NULL, NULL, NULL, N'mabradai@spark-it.fr', NULL, NULL, 0, NULL, NULL, NULL, NULL, 34, NULL, NULL, NULL)
INSERT INTO [ERPSettings].[User] ([Id], [FirstName], [LastName], [Login], [Password], [Token], [Phone], [WorkPhone], [MobilePhone], [Email], [Birthday], [Picture], [IsDeleted], [TransactionUserId], [Deleted_Token], [IdUserParent], [Lang], [IdEmployee], [IsBToB], [IdTiers], [Role]) VALUES (48, N'Melek', N'BENABDALLAH', NULL, N'9fd3ce560c85f097b2be8784844ad05da15132cfe1f1696e3e220f4a79cde33c9972dbe2aa750775b053ed12c723969f13e880ac66199a02e4d368b38cbdaeb8', NULL, NULL, NULL, NULL, N'mbenabdallah@spark-it.fr', NULL, NULL, 0, NULL, NULL, NULL, NULL, 35, NULL, NULL, NULL)
INSERT INTO [ERPSettings].[User] ([Id], [FirstName], [LastName], [Login], [Password], [Token], [Phone], [WorkPhone], [MobilePhone], [Email], [Birthday], [Picture], [IsDeleted], [TransactionUserId], [Deleted_Token], [IdUserParent], [Lang], [IdEmployee], [IsBToB], [IdTiers], [Role]) VALUES (49, N'Imen', N'EZZINE', NULL, N'9fd3ce560c85f097b2be8784844ad05da15132cfe1f1696e3e220f4a79cde33c9972dbe2aa750775b053ed12c723969f13e880ac66199a02e4d368b38cbdaeb8', NULL, NULL, NULL, NULL, N'iezzine@spark-it.fr', NULL, NULL, 0, NULL, NULL, NULL, NULL, 37, NULL, NULL, NULL)
INSERT INTO [ERPSettings].[User] ([Id], [FirstName], [LastName], [Login], [Password], [Token], [Phone], [WorkPhone], [MobilePhone], [Email], [Birthday], [Picture], [IsDeleted], [TransactionUserId], [Deleted_Token], [IdUserParent], [Lang], [IdEmployee], [IsBToB], [IdTiers], [Role]) VALUES (50, N'Mohamed', N'BOUZIDI', NULL, N'9fd3ce560c85f097b2be8784844ad05da15132cfe1f1696e3e220f4a79cde33c9972dbe2aa750775b053ed12c723969f13e880ac66199a02e4d368b38cbdaeb8', NULL, NULL, NULL, NULL, N'mbouzidi@spark-it.fr', NULL, NULL, 0, NULL, NULL, NULL, NULL, 39, NULL, NULL, NULL)
SET IDENTITY_INSERT [ERPSettings].[User] OFF

--- Fix user id employee

BEGIN TRANSACTION
ALTER TABLE [ERPSettings].[User] DROP CONSTRAINT [FK_User_Employee]
ALTER TABLE [ERPSettings].[User] DROP CONSTRAINT [FK_User_User]
ALTER TABLE [ERPSettings].[User] DROP CONSTRAINT [FK_User_Tiers]
UPDATE [ERPSettings].[User] SET [IdEmployee]=7 WHERE [Id]=2
ALTER TABLE [ERPSettings].[User]
    ADD CONSTRAINT [FK_User_Employee] FOREIGN KEY ([IdEmployee]) REFERENCES [Payroll].[Employee] ([Id])
ALTER TABLE [ERPSettings].[User]
    ADD CONSTRAINT [FK_User_User] FOREIGN KEY ([IdUserParent]) REFERENCES [ERPSettings].[User] ([Id])
ALTER TABLE [ERPSettings].[User]
    ADD CONSTRAINT [FK_User_Tiers] FOREIGN KEY ([IdTiers]) REFERENCES [Sales].[Tiers] ([Id])
COMMIT TRANSACTION

--- Donia add privileges
BEGIN TRANSACTION
GO
SET IDENTITY_INSERT [ERPSettings].[Privilege] ON
INSERT INTO [ERPSettings].[Privilege] ([Id], [Label], [Description], [IsDeleted], [TransactionUserId], [Deleted_Token], [Reference]) VALUES (1, N'Employé', N'Employé', 0, 0, NULL, N'EMPLOYEE')
INSERT INTO [ERPSettings].[Privilege] ([Id], [Label], [Description], [IsDeleted], [TransactionUserId], [Deleted_Token], [Reference]) VALUES (2, N'Paie', N'Paie', 0, 0, NULL, N'PAY')
INSERT INTO [ERPSettings].[Privilege] ([Id], [Label], [Description], [IsDeleted], [TransactionUserId], [Deleted_Token], [Reference]) VALUES (3, N'Contrat', N'Contrat', 0, 0, NULL, N'CONTRACT')
INSERT INTO [ERPSettings].[Privilege] ([Id], [Label], [Description], [IsDeleted], [TransactionUserId], [Deleted_Token], [Reference]) VALUES (4, N'Poste', N'Poste', 0, 0, NULL, N'JOB')
SET IDENTITY_INSERT [ERPSettings].[Privilege] OFF
COMMIT TRANSACTION


-- Rabeb : add privileges to demo user : 09/06/2020
SET IDENTITY_INSERT [ERPSettings].[UserPrivilege] ON
INSERT INTO [ERPSettings].[UserPrivilege] ([Id], [IdUser], [IdPrivilege], [IsDeleted], [TransactionUserId], [Deleted_Token], [SameLevelWithHierarchy], [SameLevelWithoutHierarchy], [SubLevel], [SuperiorLevelWithHierarchy], [SuperiorLevelWithoutHierarchy], [Management]) VALUES (25, 2, 3, 0, 0, NULL, 1, 0, 1, 1, 0, 1)
INSERT INTO [ERPSettings].[UserPrivilege] ([Id], [IdUser], [IdPrivilege], [IsDeleted], [TransactionUserId], [Deleted_Token], [SameLevelWithHierarchy], [SameLevelWithoutHierarchy], [SubLevel], [SuperiorLevelWithHierarchy], [SuperiorLevelWithoutHierarchy], [Management]) VALUES (26, 2, 1, 0, 0, NULL, 1, 0, 1, 1, 0, 1)
INSERT INTO [ERPSettings].[UserPrivilege] ([Id], [IdUser], [IdPrivilege], [IsDeleted], [TransactionUserId], [Deleted_Token], [SameLevelWithHierarchy], [SameLevelWithoutHierarchy], [SubLevel], [SuperiorLevelWithHierarchy], [SuperiorLevelWithoutHierarchy], [Management]) VALUES (27, 2, 2, 0, 0, NULL, 1, 0, 1, 1, 0, 1)
INSERT INTO [ERPSettings].[UserPrivilege] ([Id], [IdUser], [IdPrivilege], [IsDeleted], [TransactionUserId], [Deleted_Token], [SameLevelWithHierarchy], [SameLevelWithoutHierarchy], [SubLevel], [SuperiorLevelWithHierarchy], [SuperiorLevelWithoutHierarchy], [Management]) VALUES (28, 2, 4, 0, 0, NULL, 1, 0, 1, 1, 0, 1)
SET IDENTITY_INSERT [ERPSettings].[UserPrivilege] OFF

-- Nesrin : add LoanType data 11/06/2020 
BEGIN TRANSACTION
GO
SET IDENTITY_INSERT [Payroll].[LoanType] ON
INSERT INTO [Payroll].[LoanType] ([Id], [IsDeleted], [TransactionUserId], [Deleted_Token], [Code], [Description], [Label], [InterestRate]) VALUES (2, 0, 0, NULL, N'PL', N'Personal Loan', N'Personal Loan', 2.1)
INSERT INTO [Payroll].[LoanType] ([Id], [IsDeleted], [TransactionUserId], [Deleted_Token], [Code], [Description], [Label], [InterestRate]) VALUES (3, 0, 0, NULL, N'HL', N'Home Loan', N'Home Loan', 2.5)
INSERT INTO [Payroll].[LoanType] ([Id], [IsDeleted], [TransactionUserId], [Deleted_Token], [Code], [Description], [Label], [InterestRate]) VALUES (4, 0, 0, NULL, N'CL', N'Car Loan', N'Car Loan', 1.3)
SET IDENTITY_INSERT [Payroll].[LoanType] OFF
COMMIT TRANSACTION

-- Narcisse: Add Houssem Ben Mustapha CRM user 16/06/2020
BEGIN TRANSACTION
SET IDENTITY_INSERT [ERPSettings].[User] ON
INSERT INTO [ERPSettings].[User] ([Id], [FirstName], [LastName], [Login], [Password], [Token], [Phone], [WorkPhone], [MobilePhone], [Email], [Birthday], [Picture], [IsDeleted], [TransactionUserId], [Deleted_Token], [IdUserParent], [Lang], [IdEmployee], [IsBToB], [IdTiers], [Role]) VALUES (51, N'Houssem', N'Ben Mustapha', NULL, N'9fd3ce560c85f097b2be8784844ad05da15132cfe1f1696e3e220f4a79cde33c9972dbe2aa750775b053ed12c723969f13e880ac66199a02e4d368b38cbdaeb8', NULL, N'', N'', N'', N'houssem.benmustapha@spark-it.tn', NULL, NULL, 0, 0, NULL, NULL, N'fr', NULL, NULL, NULL, NULL)
SET IDENTITY_INSERT [ERPSettings].[User] OFF
SET IDENTITY_INSERT [ERPSettings].[UserRole] ON
INSERT INTO [ERPSettings].[UserRole] ([Id], [IdRole], [IdUser], [TransactionUserId], [IsDeleted], [Deleted_Token]) VALUES (24, 100007, 51, 0, 0, NULL)
SET IDENTITY_INSERT [ERPSettings].[UserRole] OFF
COMMIT TRANSACTION
